ISO-10303-21;
HEADER;
/* Generated by software containing ST-Developer
 * from STEP Tools, Inc. (www.steptools.com) 
 */

FILE_DESCRIPTION(
/* description */ (''),
/* implementation_level */ '2;1');

FILE_NAME(
/* name */ 'bottom.step',
/* time_stamp */ '2026-09-17T14:44:06-04:00',
/* author */ (''),
/* organization */ (''),
/* preprocessor_version */ 'ST-DEVELOPER v20.1',
/* originating_system */ 'Autodesk Translation Framework v15.8.0.0',
/* authorisation */ '');

FILE_SCHEMA (('AUTOMOTIVE_DESIGN { 1 0 10303 214 3 1 1 }'));
ENDSEC;

DATA;
#10=MECHANICAL_DESIGN_GEOMETRIC_PRESENTATION_REPRESENTATION('',(#14,#15,
#16,#17,#18,#19),#13380);
#11=SHAPE_REPRESENTATION_RELATIONSHIP('SRR','None',#13387,#12);
#12=ADVANCED_BREP_SHAPE_REPRESENTATION('',(#13),#13379);
#13=MANIFOLD_SOLID_BREP('Body1',#6840);
#14=STYLED_ITEM('',(#13398),#6767);
#15=STYLED_ITEM('',(#13398),#6768);
#16=STYLED_ITEM('',(#13398),#6772);
#17=STYLED_ITEM('',(#13399),#6781);
#18=STYLED_ITEM('',(#13398),#6839);
#19=STYLED_ITEM('',(#13397),#13);
#20=CONICAL_SURFACE('',#6948,0.5,1.02974425867665);
#21=CONICAL_SURFACE('',#6952,0.5,1.02974425867665);
#22=CONICAL_SURFACE('',#6956,0.5,1.02974425867665);
#23=CONICAL_SURFACE('',#6960,0.5,1.02974425867665);
#24=CONICAL_SURFACE('',#6994,0.75,1.02974425867665);
#25=CONICAL_SURFACE('',#7006,0.75,1.02974425867665);
#26=CONICAL_SURFACE('',#7009,0.75,1.02974425867665);
#27=CONICAL_SURFACE('',#7012,0.75,1.02974425867665);
#28=CIRCLE('',#6928,5.);
#29=CIRCLE('',#6929,5.);
#30=CIRCLE('',#6932,5.);
#31=CIRCLE('',#6933,5.);
#32=CIRCLE('',#6934,5.);
#33=CIRCLE('',#6936,5.);
#34=CIRCLE('',#6939,5.);
#35=CIRCLE('',#6940,5.);
#36=CIRCLE('',#6941,1.5);
#37=CIRCLE('',#6942,1.5);
#38=CIRCLE('',#6943,1.5);
#39=CIRCLE('',#6944,1.5);
#40=CIRCLE('',#6949,1.);
#41=CIRCLE('',#6951,1.);
#42=CIRCLE('',#6953,1.);
#43=CIRCLE('',#6955,1.);
#44=CIRCLE('',#6957,1.);
#45=CIRCLE('',#6959,1.);
#46=CIRCLE('',#6961,1.);
#47=CIRCLE('',#6963,1.);
#48=CIRCLE('',#6969,2.);
#49=CIRCLE('',#6970,2.);
#50=CIRCLE('',#6989,2.);
#51=CIRCLE('',#6991,2.);
#52=CIRCLE('',#6995,1.5);
#53=CIRCLE('',#7007,1.5);
#54=CIRCLE('',#7010,1.5);
#55=CIRCLE('',#7013,1.5);
#56=CYLINDRICAL_SURFACE('',#6927,5.);
#57=CYLINDRICAL_SURFACE('',#6935,5.);
#58=CYLINDRICAL_SURFACE('',#6945,5.);
#59=CYLINDRICAL_SURFACE('',#6947,5.);
#60=CYLINDRICAL_SURFACE('',#6950,1.);
#61=CYLINDRICAL_SURFACE('',#6954,1.);
#62=CYLINDRICAL_SURFACE('',#6958,1.);
#63=CYLINDRICAL_SURFACE('',#6962,1.);
#64=CYLINDRICAL_SURFACE('',#6988,2.);
#65=CYLINDRICAL_SURFACE('',#6990,2.);
#66=CYLINDRICAL_SURFACE('',#6996,1.5);
#67=CYLINDRICAL_SURFACE('',#7008,1.5);
#68=CYLINDRICAL_SURFACE('',#7011,1.5);
#69=CYLINDRICAL_SURFACE('',#7014,1.5);
#70=FACE_BOUND('',#666,.T.);
#71=FACE_BOUND('',#716,.T.);
#72=FACE_BOUND('',#794,.T.);
#73=FACE_BOUND('',#827,.T.);
#74=FACE_BOUND('',#892,.T.);
#75=FACE_BOUND('',#893,.T.);
#76=FACE_BOUND('',#902,.T.);
#77=FACE_BOUND('',#906,.T.);
#78=FACE_BOUND('',#907,.T.);
#79=FACE_BOUND('',#908,.T.);
#80=FACE_BOUND('',#909,.T.);
#81=FACE_BOUND('',#910,.T.);
#82=FACE_BOUND('',#911,.T.);
#83=FACE_BOUND('',#912,.T.);
#84=FACE_BOUND('',#913,.T.);
#85=FACE_BOUND('',#914,.T.);
#86=FACE_BOUND('',#915,.T.);
#87=FACE_BOUND('',#916,.T.);
#88=FACE_BOUND('',#917,.T.);
#89=FACE_BOUND('',#919,.T.);
#90=FACE_BOUND('',#920,.T.);
#91=FACE_BOUND('',#921,.T.);
#92=FACE_BOUND('',#922,.T.);
#93=FACE_BOUND('',#923,.T.);
#94=FACE_BOUND('',#926,.T.);
#95=FACE_BOUND('',#927,.T.);
#96=FACE_BOUND('',#928,.T.);
#97=FACE_BOUND('',#929,.T.);
#98=FACE_BOUND('',#930,.T.);
#99=FACE_BOUND('',#931,.T.);
#100=FACE_BOUND('',#932,.T.);
#101=FACE_BOUND('',#933,.T.);
#102=FACE_BOUND('',#945,.T.);
#103=FACE_BOUND('',#948,.T.);
#104=FACE_BOUND('',#949,.T.);
#105=FACE_BOUND('',#950,.T.);
#106=FACE_BOUND('',#951,.T.);
#107=FACE_BOUND('',#952,.T.);
#108=FACE_BOUND('',#953,.T.);
#109=FACE_BOUND('',#954,.T.);
#110=FACE_BOUND('',#955,.T.);
#111=FACE_BOUND('',#957,.T.);
#112=FACE_BOUND('',#958,.T.);
#113=FACE_BOUND('',#962,.T.);
#114=FACE_BOUND('',#969,.T.);
#115=FACE_BOUND('',#971,.T.);
#116=FACE_BOUND('',#975,.T.);
#117=FACE_BOUND('',#983,.T.);
#118=FACE_BOUND('',#984,.T.);
#119=FACE_BOUND('',#991,.T.);
#120=FACE_BOUND('',#1037,.T.);
#121=PLANE('',#6854);
#122=PLANE('',#6855);
#123=PLANE('',#6856);
#124=PLANE('',#6857);
#125=PLANE('',#6858);
#126=PLANE('',#6859);
#127=PLANE('',#6860);
#128=PLANE('',#6861);
#129=PLANE('',#6862);
#130=PLANE('',#6863);
#131=PLANE('',#6864);
#132=PLANE('',#6865);
#133=PLANE('',#6866);
#134=PLANE('',#6867);
#135=PLANE('',#6868);
#136=PLANE('',#6869);
#137=PLANE('',#6870);
#138=PLANE('',#6871);
#139=PLANE('',#6872);
#140=PLANE('',#6873);
#141=PLANE('',#6874);
#142=PLANE('',#6875);
#143=PLANE('',#6876);
#144=PLANE('',#6877);
#145=PLANE('',#6878);
#146=PLANE('',#6879);
#147=PLANE('',#6880);
#148=PLANE('',#6881);
#149=PLANE('',#6882);
#150=PLANE('',#6883);
#151=PLANE('',#6884);
#152=PLANE('',#6885);
#153=PLANE('',#6886);
#154=PLANE('',#6887);
#155=PLANE('',#6888);
#156=PLANE('',#6889);
#157=PLANE('',#6890);
#158=PLANE('',#6891);
#159=PLANE('',#6892);
#160=PLANE('',#6893);
#161=PLANE('',#6894);
#162=PLANE('',#6895);
#163=PLANE('',#6896);
#164=PLANE('',#6897);
#165=PLANE('',#6898);
#166=PLANE('',#6899);
#167=PLANE('',#6900);
#168=PLANE('',#6901);
#169=PLANE('',#6902);
#170=PLANE('',#6903);
#171=PLANE('',#6904);
#172=PLANE('',#6905);
#173=PLANE('',#6906);
#174=PLANE('',#6907);
#175=PLANE('',#6908);
#176=PLANE('',#6909);
#177=PLANE('',#6910);
#178=PLANE('',#6911);
#179=PLANE('',#6912);
#180=PLANE('',#6913);
#181=PLANE('',#6914);
#182=PLANE('',#6915);
#183=PLANE('',#6916);
#184=PLANE('',#6917);
#185=PLANE('',#6918);
#186=PLANE('',#6919);
#187=PLANE('',#6920);
#188=PLANE('',#6921);
#189=PLANE('',#6922);
#190=PLANE('',#6923);
#191=PLANE('',#6924);
#192=PLANE('',#6925);
#193=PLANE('',#6926);
#194=PLANE('',#6930);
#195=PLANE('',#6931);
#196=PLANE('',#6937);
#197=PLANE('',#6938);
#198=PLANE('',#6946);
#199=PLANE('',#6964);
#200=PLANE('',#6965);
#201=PLANE('',#6966);
#202=PLANE('',#6967);
#203=PLANE('',#6968);
#204=PLANE('',#6971);
#205=PLANE('',#6972);
#206=PLANE('',#6973);
#207=PLANE('',#6974);
#208=PLANE('',#6975);
#209=PLANE('',#6976);
#210=PLANE('',#6977);
#211=PLANE('',#6978);
#212=PLANE('',#6979);
#213=PLANE('',#6980);
#214=PLANE('',#6981);
#215=PLANE('',#6982);
#216=PLANE('',#6983);
#217=PLANE('',#6984);
#218=PLANE('',#6985);
#219=PLANE('',#6986);
#220=PLANE('',#6987);
#221=PLANE('',#6992);
#222=PLANE('',#6993);
#223=PLANE('',#6997);
#224=PLANE('',#6998);
#225=PLANE('',#6999);
#226=PLANE('',#7000);
#227=PLANE('',#7001);
#228=PLANE('',#7002);
#229=PLANE('',#7003);
#230=PLANE('',#7004);
#231=PLANE('',#7005);
#232=PLANE('',#7015);
#233=PLANE('',#7016);
#234=PLANE('',#7017);
#235=PLANE('',#7018);
#236=PLANE('',#7019);
#237=PLANE('',#7020);
#238=PLANE('',#7021);
#239=PLANE('',#7022);
#240=PLANE('',#7023);
#241=PLANE('',#7024);
#242=PLANE('',#7025);
#243=PLANE('',#7026);
#244=PLANE('',#7027);
#245=PLANE('',#7028);
#246=PLANE('',#7029);
#247=PLANE('',#7030);
#248=PLANE('',#7031);
#249=PLANE('',#7032);
#250=PLANE('',#7033);
#251=PLANE('',#7034);
#252=PLANE('',#7035);
#253=PLANE('',#7036);
#254=PLANE('',#7037);
#255=PLANE('',#7038);
#256=PLANE('',#7039);
#257=PLANE('',#7040);
#258=PLANE('',#7041);
#259=PLANE('',#7042);
#260=PLANE('',#7043);
#261=PLANE('',#7044);
#262=PLANE('',#7045);
#263=PLANE('',#7046);
#264=PLANE('',#7047);
#265=FACE_OUTER_BOUND('',#626,.T.);
#266=FACE_OUTER_BOUND('',#627,.T.);
#267=FACE_OUTER_BOUND('',#628,.T.);
#268=FACE_OUTER_BOUND('',#629,.T.);
#269=FACE_OUTER_BOUND('',#630,.T.);
#270=FACE_OUTER_BOUND('',#631,.T.);
#271=FACE_OUTER_BOUND('',#632,.T.);
#272=FACE_OUTER_BOUND('',#633,.T.);
#273=FACE_OUTER_BOUND('',#634,.T.);
#274=FACE_OUTER_BOUND('',#635,.T.);
#275=FACE_OUTER_BOUND('',#636,.T.);
#276=FACE_OUTER_BOUND('',#637,.T.);
#277=FACE_OUTER_BOUND('',#638,.T.);
#278=FACE_OUTER_BOUND('',#639,.T.);
#279=FACE_OUTER_BOUND('',#640,.T.);
#280=FACE_OUTER_BOUND('',#641,.T.);
#281=FACE_OUTER_BOUND('',#642,.T.);
#282=FACE_OUTER_BOUND('',#643,.T.);
#283=FACE_OUTER_BOUND('',#644,.T.);
#284=FACE_OUTER_BOUND('',#645,.T.);
#285=FACE_OUTER_BOUND('',#646,.T.);
#286=FACE_OUTER_BOUND('',#647,.T.);
#287=FACE_OUTER_BOUND('',#648,.T.);
#288=FACE_OUTER_BOUND('',#649,.T.);
#289=FACE_OUTER_BOUND('',#650,.T.);
#290=FACE_OUTER_BOUND('',#651,.T.);
#291=FACE_OUTER_BOUND('',#652,.T.);
#292=FACE_OUTER_BOUND('',#653,.T.);
#293=FACE_OUTER_BOUND('',#654,.T.);
#294=FACE_OUTER_BOUND('',#655,.T.);
#295=FACE_OUTER_BOUND('',#656,.T.);
#296=FACE_OUTER_BOUND('',#657,.T.);
#297=FACE_OUTER_BOUND('',#658,.T.);
#298=FACE_OUTER_BOUND('',#659,.T.);
#299=FACE_OUTER_BOUND('',#660,.T.);
#300=FACE_OUTER_BOUND('',#661,.T.);
#301=FACE_OUTER_BOUND('',#662,.T.);
#302=FACE_OUTER_BOUND('',#663,.T.);
#303=FACE_OUTER_BOUND('',#664,.T.);
#304=FACE_OUTER_BOUND('',#665,.T.);
#305=FACE_OUTER_BOUND('',#667,.T.);
#306=FACE_OUTER_BOUND('',#668,.T.);
#307=FACE_OUTER_BOUND('',#669,.T.);
#308=FACE_OUTER_BOUND('',#670,.T.);
#309=FACE_OUTER_BOUND('',#671,.T.);
#310=FACE_OUTER_BOUND('',#672,.T.);
#311=FACE_OUTER_BOUND('',#673,.T.);
#312=FACE_OUTER_BOUND('',#674,.T.);
#313=FACE_OUTER_BOUND('',#675,.T.);
#314=FACE_OUTER_BOUND('',#676,.T.);
#315=FACE_OUTER_BOUND('',#677,.T.);
#316=FACE_OUTER_BOUND('',#678,.T.);
#317=FACE_OUTER_BOUND('',#679,.T.);
#318=FACE_OUTER_BOUND('',#680,.T.);
#319=FACE_OUTER_BOUND('',#681,.T.);
#320=FACE_OUTER_BOUND('',#682,.T.);
#321=FACE_OUTER_BOUND('',#683,.T.);
#322=FACE_OUTER_BOUND('',#684,.T.);
#323=FACE_OUTER_BOUND('',#685,.T.);
#324=FACE_OUTER_BOUND('',#686,.T.);
#325=FACE_OUTER_BOUND('',#687,.T.);
#326=FACE_OUTER_BOUND('',#688,.T.);
#327=FACE_OUTER_BOUND('',#689,.T.);
#328=FACE_OUTER_BOUND('',#690,.T.);
#329=FACE_OUTER_BOUND('',#691,.T.);
#330=FACE_OUTER_BOUND('',#692,.T.);
#331=FACE_OUTER_BOUND('',#693,.T.);
#332=FACE_OUTER_BOUND('',#694,.T.);
#333=FACE_OUTER_BOUND('',#695,.T.);
#334=FACE_OUTER_BOUND('',#696,.T.);
#335=FACE_OUTER_BOUND('',#697,.T.);
#336=FACE_OUTER_BOUND('',#698,.T.);
#337=FACE_OUTER_BOUND('',#699,.T.);
#338=FACE_OUTER_BOUND('',#700,.T.);
#339=FACE_OUTER_BOUND('',#701,.T.);
#340=FACE_OUTER_BOUND('',#702,.T.);
#341=FACE_OUTER_BOUND('',#703,.T.);
#342=FACE_OUTER_BOUND('',#704,.T.);
#343=FACE_OUTER_BOUND('',#705,.T.);
#344=FACE_OUTER_BOUND('',#706,.T.);
#345=FACE_OUTER_BOUND('',#707,.T.);
#346=FACE_OUTER_BOUND('',#708,.T.);
#347=FACE_OUTER_BOUND('',#709,.T.);
#348=FACE_OUTER_BOUND('',#710,.T.);
#349=FACE_OUTER_BOUND('',#711,.T.);
#350=FACE_OUTER_BOUND('',#712,.T.);
#351=FACE_OUTER_BOUND('',#713,.T.);
#352=FACE_OUTER_BOUND('',#714,.T.);
#353=FACE_OUTER_BOUND('',#715,.T.);
#354=FACE_OUTER_BOUND('',#717,.T.);
#355=FACE_OUTER_BOUND('',#718,.T.);
#356=FACE_OUTER_BOUND('',#719,.T.);
#357=FACE_OUTER_BOUND('',#720,.T.);
#358=FACE_OUTER_BOUND('',#721,.T.);
#359=FACE_OUTER_BOUND('',#722,.T.);
#360=FACE_OUTER_BOUND('',#723,.T.);
#361=FACE_OUTER_BOUND('',#724,.T.);
#362=FACE_OUTER_BOUND('',#725,.T.);
#363=FACE_OUTER_BOUND('',#726,.T.);
#364=FACE_OUTER_BOUND('',#727,.T.);
#365=FACE_OUTER_BOUND('',#728,.T.);
#366=FACE_OUTER_BOUND('',#729,.T.);
#367=FACE_OUTER_BOUND('',#730,.T.);
#368=FACE_OUTER_BOUND('',#731,.T.);
#369=FACE_OUTER_BOUND('',#732,.T.);
#370=FACE_OUTER_BOUND('',#733,.T.);
#371=FACE_OUTER_BOUND('',#734,.T.);
#372=FACE_OUTER_BOUND('',#735,.T.);
#373=FACE_OUTER_BOUND('',#736,.T.);
#374=FACE_OUTER_BOUND('',#737,.T.);
#375=FACE_OUTER_BOUND('',#738,.T.);
#376=FACE_OUTER_BOUND('',#739,.T.);
#377=FACE_OUTER_BOUND('',#740,.T.);
#378=FACE_OUTER_BOUND('',#741,.T.);
#379=FACE_OUTER_BOUND('',#742,.T.);
#380=FACE_OUTER_BOUND('',#743,.T.);
#381=FACE_OUTER_BOUND('',#744,.T.);
#382=FACE_OUTER_BOUND('',#745,.T.);
#383=FACE_OUTER_BOUND('',#746,.T.);
#384=FACE_OUTER_BOUND('',#747,.T.);
#385=FACE_OUTER_BOUND('',#748,.T.);
#386=FACE_OUTER_BOUND('',#749,.T.);
#387=FACE_OUTER_BOUND('',#750,.T.);
#388=FACE_OUTER_BOUND('',#751,.T.);
#389=FACE_OUTER_BOUND('',#752,.T.);
#390=FACE_OUTER_BOUND('',#753,.T.);
#391=FACE_OUTER_BOUND('',#754,.T.);
#392=FACE_OUTER_BOUND('',#755,.T.);
#393=FACE_OUTER_BOUND('',#756,.T.);
#394=FACE_OUTER_BOUND('',#757,.T.);
#395=FACE_OUTER_BOUND('',#758,.T.);
#396=FACE_OUTER_BOUND('',#759,.T.);
#397=FACE_OUTER_BOUND('',#760,.T.);
#398=FACE_OUTER_BOUND('',#761,.T.);
#399=FACE_OUTER_BOUND('',#762,.T.);
#400=FACE_OUTER_BOUND('',#763,.T.);
#401=FACE_OUTER_BOUND('',#764,.T.);
#402=FACE_OUTER_BOUND('',#765,.T.);
#403=FACE_OUTER_BOUND('',#766,.T.);
#404=FACE_OUTER_BOUND('',#767,.T.);
#405=FACE_OUTER_BOUND('',#768,.T.);
#406=FACE_OUTER_BOUND('',#769,.T.);
#407=FACE_OUTER_BOUND('',#770,.T.);
#408=FACE_OUTER_BOUND('',#771,.T.);
#409=FACE_OUTER_BOUND('',#772,.T.);
#410=FACE_OUTER_BOUND('',#773,.T.);
#411=FACE_OUTER_BOUND('',#774,.T.);
#412=FACE_OUTER_BOUND('',#775,.T.);
#413=FACE_OUTER_BOUND('',#776,.T.);
#414=FACE_OUTER_BOUND('',#777,.T.);
#415=FACE_OUTER_BOUND('',#778,.T.);
#416=FACE_OUTER_BOUND('',#779,.T.);
#417=FACE_OUTER_BOUND('',#780,.T.);
#418=FACE_OUTER_BOUND('',#781,.T.);
#419=FACE_OUTER_BOUND('',#782,.T.);
#420=FACE_OUTER_BOUND('',#783,.T.);
#421=FACE_OUTER_BOUND('',#784,.T.);
#422=FACE_OUTER_BOUND('',#785,.T.);
#423=FACE_OUTER_BOUND('',#786,.T.);
#424=FACE_OUTER_BOUND('',#787,.T.);
#425=FACE_OUTER_BOUND('',#788,.T.);
#426=FACE_OUTER_BOUND('',#789,.T.);
#427=FACE_OUTER_BOUND('',#790,.T.);
#428=FACE_OUTER_BOUND('',#791,.T.);
#429=FACE_OUTER_BOUND('',#792,.T.);
#430=FACE_OUTER_BOUND('',#793,.T.);
#431=FACE_OUTER_BOUND('',#795,.T.);
#432=FACE_OUTER_BOUND('',#796,.T.);
#433=FACE_OUTER_BOUND('',#797,.T.);
#434=FACE_OUTER_BOUND('',#798,.T.);
#435=FACE_OUTER_BOUND('',#799,.T.);
#436=FACE_OUTER_BOUND('',#800,.T.);
#437=FACE_OUTER_BOUND('',#801,.T.);
#438=FACE_OUTER_BOUND('',#802,.T.);
#439=FACE_OUTER_BOUND('',#803,.T.);
#440=FACE_OUTER_BOUND('',#804,.T.);
#441=FACE_OUTER_BOUND('',#805,.T.);
#442=FACE_OUTER_BOUND('',#806,.T.);
#443=FACE_OUTER_BOUND('',#807,.T.);
#444=FACE_OUTER_BOUND('',#808,.T.);
#445=FACE_OUTER_BOUND('',#809,.T.);
#446=FACE_OUTER_BOUND('',#810,.T.);
#447=FACE_OUTER_BOUND('',#811,.T.);
#448=FACE_OUTER_BOUND('',#812,.T.);
#449=FACE_OUTER_BOUND('',#813,.T.);
#450=FACE_OUTER_BOUND('',#814,.T.);
#451=FACE_OUTER_BOUND('',#815,.T.);
#452=FACE_OUTER_BOUND('',#816,.T.);
#453=FACE_OUTER_BOUND('',#817,.T.);
#454=FACE_OUTER_BOUND('',#818,.T.);
#455=FACE_OUTER_BOUND('',#819,.T.);
#456=FACE_OUTER_BOUND('',#820,.T.);
#457=FACE_OUTER_BOUND('',#821,.T.);
#458=FACE_OUTER_BOUND('',#822,.T.);
#459=FACE_OUTER_BOUND('',#823,.T.);
#460=FACE_OUTER_BOUND('',#824,.T.);
#461=FACE_OUTER_BOUND('',#825,.T.);
#462=FACE_OUTER_BOUND('',#826,.T.);
#463=FACE_OUTER_BOUND('',#828,.T.);
#464=FACE_OUTER_BOUND('',#829,.T.);
#465=FACE_OUTER_BOUND('',#830,.T.);
#466=FACE_OUTER_BOUND('',#831,.T.);
#467=FACE_OUTER_BOUND('',#832,.T.);
#468=FACE_OUTER_BOUND('',#833,.T.);
#469=FACE_OUTER_BOUND('',#834,.T.);
#470=FACE_OUTER_BOUND('',#835,.T.);
#471=FACE_OUTER_BOUND('',#836,.T.);
#472=FACE_OUTER_BOUND('',#837,.T.);
#473=FACE_OUTER_BOUND('',#838,.T.);
#474=FACE_OUTER_BOUND('',#839,.T.);
#475=FACE_OUTER_BOUND('',#840,.T.);
#476=FACE_OUTER_BOUND('',#841,.T.);
#477=FACE_OUTER_BOUND('',#842,.T.);
#478=FACE_OUTER_BOUND('',#843,.T.);
#479=FACE_OUTER_BOUND('',#844,.T.);
#480=FACE_OUTER_BOUND('',#845,.T.);
#481=FACE_OUTER_BOUND('',#846,.T.);
#482=FACE_OUTER_BOUND('',#847,.T.);
#483=FACE_OUTER_BOUND('',#848,.T.);
#484=FACE_OUTER_BOUND('',#849,.T.);
#485=FACE_OUTER_BOUND('',#850,.T.);
#486=FACE_OUTER_BOUND('',#851,.T.);
#487=FACE_OUTER_BOUND('',#852,.T.);
#488=FACE_OUTER_BOUND('',#853,.T.);
#489=FACE_OUTER_BOUND('',#854,.T.);
#490=FACE_OUTER_BOUND('',#855,.T.);
#491=FACE_OUTER_BOUND('',#856,.T.);
#492=FACE_OUTER_BOUND('',#857,.T.);
#493=FACE_OUTER_BOUND('',#858,.T.);
#494=FACE_OUTER_BOUND('',#859,.T.);
#495=FACE_OUTER_BOUND('',#860,.T.);
#496=FACE_OUTER_BOUND('',#861,.T.);
#497=FACE_OUTER_BOUND('',#862,.T.);
#498=FACE_OUTER_BOUND('',#863,.T.);
#499=FACE_OUTER_BOUND('',#864,.T.);
#500=FACE_OUTER_BOUND('',#865,.T.);
#501=FACE_OUTER_BOUND('',#866,.T.);
#502=FACE_OUTER_BOUND('',#867,.T.);
#503=FACE_OUTER_BOUND('',#868,.T.);
#504=FACE_OUTER_BOUND('',#869,.T.);
#505=FACE_OUTER_BOUND('',#870,.T.);
#506=FACE_OUTER_BOUND('',#871,.T.);
#507=FACE_OUTER_BOUND('',#872,.T.);
#508=FACE_OUTER_BOUND('',#873,.T.);
#509=FACE_OUTER_BOUND('',#874,.T.);
#510=FACE_OUTER_BOUND('',#875,.T.);
#511=FACE_OUTER_BOUND('',#876,.T.);
#512=FACE_OUTER_BOUND('',#877,.T.);
#513=FACE_OUTER_BOUND('',#878,.T.);
#514=FACE_OUTER_BOUND('',#879,.T.);
#515=FACE_OUTER_BOUND('',#880,.T.);
#516=FACE_OUTER_BOUND('',#881,.T.);
#517=FACE_OUTER_BOUND('',#882,.T.);
#518=FACE_OUTER_BOUND('',#883,.T.);
#519=FACE_OUTER_BOUND('',#884,.T.);
#520=FACE_OUTER_BOUND('',#885,.T.);
#521=FACE_OUTER_BOUND('',#886,.T.);
#522=FACE_OUTER_BOUND('',#887,.T.);
#523=FACE_OUTER_BOUND('',#888,.T.);
#524=FACE_OUTER_BOUND('',#889,.T.);
#525=FACE_OUTER_BOUND('',#890,.T.);
#526=FACE_OUTER_BOUND('',#891,.T.);
#527=FACE_OUTER_BOUND('',#894,.T.);
#528=FACE_OUTER_BOUND('',#895,.T.);
#529=FACE_OUTER_BOUND('',#896,.T.);
#530=FACE_OUTER_BOUND('',#897,.T.);
#531=FACE_OUTER_BOUND('',#898,.T.);
#532=FACE_OUTER_BOUND('',#899,.T.);
#533=FACE_OUTER_BOUND('',#900,.T.);
#534=FACE_OUTER_BOUND('',#901,.T.);
#535=FACE_OUTER_BOUND('',#903,.T.);
#536=FACE_OUTER_BOUND('',#904,.T.);
#537=FACE_OUTER_BOUND('',#905,.T.);
#538=FACE_OUTER_BOUND('',#918,.T.);
#539=FACE_OUTER_BOUND('',#924,.T.);
#540=FACE_OUTER_BOUND('',#925,.T.);
#541=FACE_OUTER_BOUND('',#934,.T.);
#542=FACE_OUTER_BOUND('',#935,.T.);
#543=FACE_OUTER_BOUND('',#936,.T.);
#544=FACE_OUTER_BOUND('',#937,.T.);
#545=FACE_OUTER_BOUND('',#938,.T.);
#546=FACE_OUTER_BOUND('',#939,.T.);
#547=FACE_OUTER_BOUND('',#940,.T.);
#548=FACE_OUTER_BOUND('',#941,.T.);
#549=FACE_OUTER_BOUND('',#942,.T.);
#550=FACE_OUTER_BOUND('',#943,.T.);
#551=FACE_OUTER_BOUND('',#944,.T.);
#552=FACE_OUTER_BOUND('',#946,.T.);
#553=FACE_OUTER_BOUND('',#947,.T.);
#554=FACE_OUTER_BOUND('',#956,.T.);
#555=FACE_OUTER_BOUND('',#959,.T.);
#556=FACE_OUTER_BOUND('',#960,.T.);
#557=FACE_OUTER_BOUND('',#961,.T.);
#558=FACE_OUTER_BOUND('',#963,.T.);
#559=FACE_OUTER_BOUND('',#964,.T.);
#560=FACE_OUTER_BOUND('',#965,.T.);
#561=FACE_OUTER_BOUND('',#966,.T.);
#562=FACE_OUTER_BOUND('',#967,.T.);
#563=FACE_OUTER_BOUND('',#968,.T.);
#564=FACE_OUTER_BOUND('',#970,.T.);
#565=FACE_OUTER_BOUND('',#972,.T.);
#566=FACE_OUTER_BOUND('',#973,.T.);
#567=FACE_OUTER_BOUND('',#974,.T.);
#568=FACE_OUTER_BOUND('',#976,.T.);
#569=FACE_OUTER_BOUND('',#977,.T.);
#570=FACE_OUTER_BOUND('',#978,.T.);
#571=FACE_OUTER_BOUND('',#979,.T.);
#572=FACE_OUTER_BOUND('',#980,.T.);
#573=FACE_OUTER_BOUND('',#981,.T.);
#574=FACE_OUTER_BOUND('',#982,.T.);
#575=FACE_OUTER_BOUND('',#985,.T.);
#576=FACE_OUTER_BOUND('',#986,.T.);
#577=FACE_OUTER_BOUND('',#987,.T.);
#578=FACE_OUTER_BOUND('',#988,.T.);
#579=FACE_OUTER_BOUND('',#989,.T.);
#580=FACE_OUTER_BOUND('',#990,.T.);
#581=FACE_OUTER_BOUND('',#992,.T.);
#582=FACE_OUTER_BOUND('',#993,.T.);
#583=FACE_OUTER_BOUND('',#994,.T.);
#584=FACE_OUTER_BOUND('',#995,.T.);
#585=FACE_OUTER_BOUND('',#996,.T.);
#586=FACE_OUTER_BOUND('',#997,.T.);
#587=FACE_OUTER_BOUND('',#998,.T.);
#588=FACE_OUTER_BOUND('',#999,.T.);
#589=FACE_OUTER_BOUND('',#1000,.T.);
#590=FACE_OUTER_BOUND('',#1001,.T.);
#591=FACE_OUTER_BOUND('',#1002,.T.);
#592=FACE_OUTER_BOUND('',#1003,.T.);
#593=FACE_OUTER_BOUND('',#1004,.T.);
#594=FACE_OUTER_BOUND('',#1005,.T.);
#595=FACE_OUTER_BOUND('',#1006,.T.);
#596=FACE_OUTER_BOUND('',#1007,.T.);
#597=FACE_OUTER_BOUND('',#1008,.T.);
#598=FACE_OUTER_BOUND('',#1009,.T.);
#599=FACE_OUTER_BOUND('',#1010,.T.);
#600=FACE_OUTER_BOUND('',#1011,.T.);
#601=FACE_OUTER_BOUND('',#1012,.T.);
#602=FACE_OUTER_BOUND('',#1013,.T.);
#603=FACE_OUTER_BOUND('',#1014,.T.);
#604=FACE_OUTER_BOUND('',#1015,.T.);
#605=FACE_OUTER_BOUND('',#1016,.T.);
#606=FACE_OUTER_BOUND('',#1017,.T.);
#607=FACE_OUTER_BOUND('',#1018,.T.);
#608=FACE_OUTER_BOUND('',#1019,.T.);
#609=FACE_OUTER_BOUND('',#1020,.T.);
#610=FACE_OUTER_BOUND('',#1021,.T.);
#611=FACE_OUTER_BOUND('',#1022,.T.);
#612=FACE_OUTER_BOUND('',#1023,.T.);
#613=FACE_OUTER_BOUND('',#1024,.T.);
#614=FACE_OUTER_BOUND('',#1025,.T.);
#615=FACE_OUTER_BOUND('',#1026,.T.);
#616=FACE_OUTER_BOUND('',#1027,.T.);
#617=FACE_OUTER_BOUND('',#1028,.T.);
#618=FACE_OUTER_BOUND('',#1029,.T.);
#619=FACE_OUTER_BOUND('',#1030,.T.);
#620=FACE_OUTER_BOUND('',#1031,.T.);
#621=FACE_OUTER_BOUND('',#1032,.T.);
#622=FACE_OUTER_BOUND('',#1033,.T.);
#623=FACE_OUTER_BOUND('',#1034,.T.);
#624=FACE_OUTER_BOUND('',#1035,.T.);
#625=FACE_OUTER_BOUND('',#1036,.T.);
#626=EDGE_LOOP('',(#4276,#4277,#4278,#4279));
#627=EDGE_LOOP('',(#4280,#4281,#4282,#4283));
#628=EDGE_LOOP('',(#4284,#4285,#4286,#4287));
#629=EDGE_LOOP('',(#4288,#4289,#4290,#4291));
#630=EDGE_LOOP('',(#4292,#4293,#4294,#4295));
#631=EDGE_LOOP('',(#4296,#4297,#4298,#4299));
#632=EDGE_LOOP('',(#4300,#4301,#4302,#4303));
#633=EDGE_LOOP('',(#4304,#4305,#4306,#4307));
#634=EDGE_LOOP('',(#4308,#4309,#4310,#4311));
#635=EDGE_LOOP('',(#4312,#4313,#4314,#4315));
#636=EDGE_LOOP('',(#4316,#4317,#4318,#4319));
#637=EDGE_LOOP('',(#4320,#4321,#4322,#4323));
#638=EDGE_LOOP('',(#4324,#4325,#4326,#4327));
#639=EDGE_LOOP('',(#4328,#4329,#4330,#4331));
#640=EDGE_LOOP('',(#4332,#4333,#4334,#4335));
#641=EDGE_LOOP('',(#4336,#4337,#4338,#4339));
#642=EDGE_LOOP('',(#4340,#4341,#4342,#4343));
#643=EDGE_LOOP('',(#4344,#4345,#4346,#4347));
#644=EDGE_LOOP('',(#4348,#4349,#4350,#4351,#4352,#4353,#4354,#4355,#4356,
#4357,#4358,#4359,#4360,#4361,#4362,#4363,#4364,#4365));
#645=EDGE_LOOP('',(#4366,#4367,#4368,#4369));
#646=EDGE_LOOP('',(#4370,#4371,#4372,#4373));
#647=EDGE_LOOP('',(#4374,#4375,#4376,#4377));
#648=EDGE_LOOP('',(#4378,#4379,#4380,#4381));
#649=EDGE_LOOP('',(#4382,#4383,#4384,#4385));
#650=EDGE_LOOP('',(#4386,#4387,#4388,#4389));
#651=EDGE_LOOP('',(#4390,#4391,#4392,#4393));
#652=EDGE_LOOP('',(#4394,#4395,#4396,#4397));
#653=EDGE_LOOP('',(#4398,#4399,#4400,#4401));
#654=EDGE_LOOP('',(#4402,#4403,#4404,#4405));
#655=EDGE_LOOP('',(#4406,#4407,#4408,#4409));
#656=EDGE_LOOP('',(#4410,#4411,#4412,#4413));
#657=EDGE_LOOP('',(#4414,#4415,#4416,#4417));
#658=EDGE_LOOP('',(#4418,#4419,#4420,#4421));
#659=EDGE_LOOP('',(#4422,#4423,#4424,#4425));
#660=EDGE_LOOP('',(#4426,#4427,#4428,#4429));
#661=EDGE_LOOP('',(#4430,#4431,#4432,#4433));
#662=EDGE_LOOP('',(#4434,#4435,#4436,#4437));
#663=EDGE_LOOP('',(#4438,#4439,#4440,#4441));
#664=EDGE_LOOP('',(#4442,#4443,#4444,#4445));
#665=EDGE_LOOP('',(#4446,#4447,#4448,#4449,#4450,#4451,#4452,#4453,#4454,
#4455,#4456,#4457,#4458,#4459,#4460));
#666=EDGE_LOOP('',(#4461,#4462,#4463,#4464,#4465));
#667=EDGE_LOOP('',(#4466,#4467,#4468,#4469));
#668=EDGE_LOOP('',(#4470,#4471,#4472,#4473));
#669=EDGE_LOOP('',(#4474,#4475,#4476,#4477));
#670=EDGE_LOOP('',(#4478,#4479,#4480,#4481));
#671=EDGE_LOOP('',(#4482,#4483,#4484,#4485));
#672=EDGE_LOOP('',(#4486,#4487,#4488,#4489));
#673=EDGE_LOOP('',(#4490,#4491,#4492,#4493));
#674=EDGE_LOOP('',(#4494,#4495,#4496,#4497));
#675=EDGE_LOOP('',(#4498,#4499,#4500,#4501));
#676=EDGE_LOOP('',(#4502,#4503,#4504,#4505));
#677=EDGE_LOOP('',(#4506,#4507,#4508,#4509));
#678=EDGE_LOOP('',(#4510,#4511,#4512,#4513));
#679=EDGE_LOOP('',(#4514,#4515,#4516,#4517));
#680=EDGE_LOOP('',(#4518,#4519,#4520,#4521));
#681=EDGE_LOOP('',(#4522,#4523,#4524,#4525));
#682=EDGE_LOOP('',(#4526,#4527,#4528,#4529));
#683=EDGE_LOOP('',(#4530,#4531,#4532,#4533));
#684=EDGE_LOOP('',(#4534,#4535,#4536,#4537));
#685=EDGE_LOOP('',(#4538,#4539,#4540,#4541,#4542,#4543,#4544,#4545,#4546,
#4547,#4548,#4549,#4550,#4551,#4552,#4553,#4554,#4555));
#686=EDGE_LOOP('',(#4556,#4557,#4558,#4559));
#687=EDGE_LOOP('',(#4560,#4561,#4562,#4563));
#688=EDGE_LOOP('',(#4564,#4565,#4566,#4567));
#689=EDGE_LOOP('',(#4568,#4569,#4570,#4571));
#690=EDGE_LOOP('',(#4572,#4573,#4574,#4575));
#691=EDGE_LOOP('',(#4576,#4577,#4578,#4579));
#692=EDGE_LOOP('',(#4580,#4581,#4582,#4583));
#693=EDGE_LOOP('',(#4584,#4585,#4586,#4587));
#694=EDGE_LOOP('',(#4588,#4589,#4590,#4591));
#695=EDGE_LOOP('',(#4592,#4593,#4594,#4595));
#696=EDGE_LOOP('',(#4596,#4597,#4598,#4599));
#697=EDGE_LOOP('',(#4600,#4601,#4602,#4603));
#698=EDGE_LOOP('',(#4604,#4605,#4606,#4607));
#699=EDGE_LOOP('',(#4608,#4609,#4610,#4611));
#700=EDGE_LOOP('',(#4612,#4613,#4614,#4615));
#701=EDGE_LOOP('',(#4616,#4617,#4618,#4619));
#702=EDGE_LOOP('',(#4620,#4621,#4622,#4623));
#703=EDGE_LOOP('',(#4624,#4625,#4626,#4627));
#704=EDGE_LOOP('',(#4628,#4629,#4630,#4631));
#705=EDGE_LOOP('',(#4632,#4633,#4634,#4635));
#706=EDGE_LOOP('',(#4636,#4637,#4638,#4639));
#707=EDGE_LOOP('',(#4640,#4641,#4642,#4643));
#708=EDGE_LOOP('',(#4644,#4645,#4646,#4647));
#709=EDGE_LOOP('',(#4648,#4649,#4650,#4651));
#710=EDGE_LOOP('',(#4652,#4653,#4654,#4655));
#711=EDGE_LOOP('',(#4656,#4657,#4658,#4659));
#712=EDGE_LOOP('',(#4660,#4661,#4662,#4663));
#713=EDGE_LOOP('',(#4664,#4665,#4666,#4667));
#714=EDGE_LOOP('',(#4668,#4669,#4670,#4671));
#715=EDGE_LOOP('',(#4672,#4673,#4674,#4675,#4676,#4677,#4678,#4679,#4680,
#4681,#4682,#4683,#4684,#4685,#4686,#4687,#4688,#4689,#4690,#4691,#4692));
#716=EDGE_LOOP('',(#4693,#4694,#4695,#4696,#4697,#4698,#4699,#4700));
#717=EDGE_LOOP('',(#4701,#4702,#4703,#4704));
#718=EDGE_LOOP('',(#4705,#4706,#4707,#4708));
#719=EDGE_LOOP('',(#4709,#4710,#4711,#4712));
#720=EDGE_LOOP('',(#4713,#4714,#4715,#4716));
#721=EDGE_LOOP('',(#4717,#4718,#4719,#4720));
#722=EDGE_LOOP('',(#4721,#4722,#4723,#4724));
#723=EDGE_LOOP('',(#4725,#4726,#4727,#4728));
#724=EDGE_LOOP('',(#4729,#4730,#4731,#4732));
#725=EDGE_LOOP('',(#4733,#4734,#4735,#4736));
#726=EDGE_LOOP('',(#4737,#4738,#4739,#4740));
#727=EDGE_LOOP('',(#4741,#4742,#4743,#4744));
#728=EDGE_LOOP('',(#4745,#4746,#4747,#4748));
#729=EDGE_LOOP('',(#4749,#4750,#4751,#4752));
#730=EDGE_LOOP('',(#4753,#4754,#4755,#4756));
#731=EDGE_LOOP('',(#4757,#4758,#4759,#4760));
#732=EDGE_LOOP('',(#4761,#4762,#4763,#4764));
#733=EDGE_LOOP('',(#4765,#4766,#4767,#4768));
#734=EDGE_LOOP('',(#4769,#4770,#4771,#4772));
#735=EDGE_LOOP('',(#4773,#4774,#4775,#4776));
#736=EDGE_LOOP('',(#4777,#4778,#4779,#4780));
#737=EDGE_LOOP('',(#4781,#4782,#4783,#4784));
#738=EDGE_LOOP('',(#4785,#4786,#4787,#4788));
#739=EDGE_LOOP('',(#4789,#4790,#4791,#4792));
#740=EDGE_LOOP('',(#4793,#4794,#4795,#4796));
#741=EDGE_LOOP('',(#4797,#4798,#4799,#4800));
#742=EDGE_LOOP('',(#4801,#4802,#4803,#4804));
#743=EDGE_LOOP('',(#4805,#4806,#4807,#4808));
#744=EDGE_LOOP('',(#4809,#4810,#4811,#4812));
#745=EDGE_LOOP('',(#4813,#4814,#4815,#4816));
#746=EDGE_LOOP('',(#4817,#4818,#4819,#4820));
#747=EDGE_LOOP('',(#4821,#4822,#4823,#4824));
#748=EDGE_LOOP('',(#4825,#4826,#4827,#4828));
#749=EDGE_LOOP('',(#4829,#4830,#4831,#4832));
#750=EDGE_LOOP('',(#4833,#4834,#4835,#4836));
#751=EDGE_LOOP('',(#4837,#4838,#4839,#4840));
#752=EDGE_LOOP('',(#4841,#4842,#4843,#4844,#4845,#4846,#4847,#4848,#4849,
#4850,#4851,#4852,#4853,#4854,#4855,#4856,#4857,#4858,#4859,#4860,#4861,
#4862,#4863,#4864,#4865,#4866,#4867,#4868,#4869,#4870,#4871,#4872,#4873,
#4874,#4875));
#753=EDGE_LOOP('',(#4876,#4877,#4878,#4879));
#754=EDGE_LOOP('',(#4880,#4881,#4882,#4883));
#755=EDGE_LOOP('',(#4884,#4885,#4886,#4887));
#756=EDGE_LOOP('',(#4888,#4889,#4890,#4891));
#757=EDGE_LOOP('',(#4892,#4893,#4894,#4895));
#758=EDGE_LOOP('',(#4896,#4897,#4898,#4899));
#759=EDGE_LOOP('',(#4900,#4901,#4902,#4903));
#760=EDGE_LOOP('',(#4904,#4905,#4906,#4907));
#761=EDGE_LOOP('',(#4908,#4909,#4910,#4911));
#762=EDGE_LOOP('',(#4912,#4913,#4914,#4915));
#763=EDGE_LOOP('',(#4916,#4917,#4918,#4919));
#764=EDGE_LOOP('',(#4920,#4921,#4922,#4923));
#765=EDGE_LOOP('',(#4924,#4925,#4926,#4927));
#766=EDGE_LOOP('',(#4928,#4929,#4930,#4931));
#767=EDGE_LOOP('',(#4932,#4933,#4934,#4935));
#768=EDGE_LOOP('',(#4936,#4937,#4938,#4939));
#769=EDGE_LOOP('',(#4940,#4941,#4942,#4943));
#770=EDGE_LOOP('',(#4944,#4945,#4946,#4947));
#771=EDGE_LOOP('',(#4948,#4949,#4950,#4951));
#772=EDGE_LOOP('',(#4952,#4953,#4954,#4955,#4956,#4957,#4958,#4959,#4960,
#4961,#4962,#4963,#4964,#4965,#4966,#4967,#4968,#4969,#4970));
#773=EDGE_LOOP('',(#4971,#4972,#4973,#4974));
#774=EDGE_LOOP('',(#4975,#4976,#4977,#4978));
#775=EDGE_LOOP('',(#4979,#4980,#4981,#4982));
#776=EDGE_LOOP('',(#4983,#4984,#4985,#4986));
#777=EDGE_LOOP('',(#4987,#4988,#4989,#4990));
#778=EDGE_LOOP('',(#4991,#4992,#4993,#4994));
#779=EDGE_LOOP('',(#4995,#4996,#4997,#4998));
#780=EDGE_LOOP('',(#4999,#5000,#5001,#5002));
#781=EDGE_LOOP('',(#5003,#5004,#5005,#5006));
#782=EDGE_LOOP('',(#5007,#5008,#5009,#5010));
#783=EDGE_LOOP('',(#5011,#5012,#5013,#5014));
#784=EDGE_LOOP('',(#5015,#5016,#5017,#5018));
#785=EDGE_LOOP('',(#5019,#5020,#5021,#5022));
#786=EDGE_LOOP('',(#5023,#5024,#5025,#5026));
#787=EDGE_LOOP('',(#5027,#5028,#5029,#5030));
#788=EDGE_LOOP('',(#5031,#5032,#5033,#5034));
#789=EDGE_LOOP('',(#5035,#5036,#5037,#5038));
#790=EDGE_LOOP('',(#5039,#5040,#5041,#5042));
#791=EDGE_LOOP('',(#5043,#5044,#5045,#5046));
#792=EDGE_LOOP('',(#5047,#5048,#5049,#5050));
#793=EDGE_LOOP('',(#5051,#5052,#5053,#5054,#5055,#5056,#5057,#5058,#5059,
#5060,#5061,#5062,#5063,#5064,#5065));
#794=EDGE_LOOP('',(#5066,#5067,#5068,#5069,#5070));
#795=EDGE_LOOP('',(#5071,#5072,#5073,#5074));
#796=EDGE_LOOP('',(#5075,#5076,#5077,#5078));
#797=EDGE_LOOP('',(#5079,#5080,#5081,#5082));
#798=EDGE_LOOP('',(#5083,#5084,#5085,#5086));
#799=EDGE_LOOP('',(#5087,#5088,#5089,#5090));
#800=EDGE_LOOP('',(#5091,#5092,#5093,#5094));
#801=EDGE_LOOP('',(#5095,#5096,#5097,#5098));
#802=EDGE_LOOP('',(#5099,#5100,#5101,#5102));
#803=EDGE_LOOP('',(#5103,#5104,#5105,#5106));
#804=EDGE_LOOP('',(#5107,#5108,#5109,#5110));
#805=EDGE_LOOP('',(#5111,#5112,#5113,#5114));
#806=EDGE_LOOP('',(#5115,#5116,#5117,#5118));
#807=EDGE_LOOP('',(#5119,#5120,#5121,#5122));
#808=EDGE_LOOP('',(#5123,#5124,#5125,#5126,#5127,#5128,#5129,#5130,#5131,
#5132,#5133,#5134,#5135));
#809=EDGE_LOOP('',(#5136,#5137,#5138,#5139));
#810=EDGE_LOOP('',(#5140,#5141,#5142,#5143));
#811=EDGE_LOOP('',(#5144,#5145,#5146,#5147));
#812=EDGE_LOOP('',(#5148,#5149,#5150,#5151));
#813=EDGE_LOOP('',(#5152,#5153,#5154,#5155));
#814=EDGE_LOOP('',(#5156,#5157,#5158,#5159));
#815=EDGE_LOOP('',(#5160,#5161,#5162,#5163));
#816=EDGE_LOOP('',(#5164,#5165,#5166,#5167));
#817=EDGE_LOOP('',(#5168,#5169,#5170,#5171));
#818=EDGE_LOOP('',(#5172,#5173,#5174,#5175));
#819=EDGE_LOOP('',(#5176,#5177,#5178,#5179));
#820=EDGE_LOOP('',(#5180,#5181,#5182,#5183));
#821=EDGE_LOOP('',(#5184,#5185,#5186,#5187));
#822=EDGE_LOOP('',(#5188,#5189,#5190,#5191));
#823=EDGE_LOOP('',(#5192,#5193,#5194,#5195));
#824=EDGE_LOOP('',(#5196,#5197,#5198,#5199));
#825=EDGE_LOOP('',(#5200,#5201,#5202,#5203));
#826=EDGE_LOOP('',(#5204,#5205,#5206,#5207,#5208,#5209,#5210,#5211,#5212));
#827=EDGE_LOOP('',(#5213,#5214,#5215,#5216,#5217,#5218,#5219,#5220));
#828=EDGE_LOOP('',(#5221,#5222,#5223,#5224));
#829=EDGE_LOOP('',(#5225,#5226,#5227,#5228));
#830=EDGE_LOOP('',(#5229,#5230,#5231,#5232));
#831=EDGE_LOOP('',(#5233,#5234,#5235,#5236));
#832=EDGE_LOOP('',(#5237,#5238,#5239,#5240));
#833=EDGE_LOOP('',(#5241,#5242,#5243,#5244));
#834=EDGE_LOOP('',(#5245,#5246,#5247,#5248));
#835=EDGE_LOOP('',(#5249,#5250,#5251,#5252));
#836=EDGE_LOOP('',(#5253,#5254,#5255,#5256));
#837=EDGE_LOOP('',(#5257,#5258,#5259,#5260));
#838=EDGE_LOOP('',(#5261,#5262,#5263,#5264));
#839=EDGE_LOOP('',(#5265,#5266,#5267,#5268));
#840=EDGE_LOOP('',(#5269,#5270,#5271,#5272));
#841=EDGE_LOOP('',(#5273,#5274,#5275,#5276));
#842=EDGE_LOOP('',(#5277,#5278,#5279,#5280));
#843=EDGE_LOOP('',(#5281,#5282,#5283,#5284));
#844=EDGE_LOOP('',(#5285,#5286,#5287,#5288));
#845=EDGE_LOOP('',(#5289,#5290,#5291,#5292));
#846=EDGE_LOOP('',(#5293,#5294,#5295,#5296));
#847=EDGE_LOOP('',(#5297,#5298,#5299,#5300));
#848=EDGE_LOOP('',(#5301,#5302,#5303,#5304));
#849=EDGE_LOOP('',(#5305,#5306,#5307,#5308));
#850=EDGE_LOOP('',(#5309,#5310,#5311,#5312));
#851=EDGE_LOOP('',(#5313,#5314,#5315,#5316));
#852=EDGE_LOOP('',(#5317,#5318,#5319,#5320));
#853=EDGE_LOOP('',(#5321,#5322,#5323,#5324));
#854=EDGE_LOOP('',(#5325,#5326,#5327,#5328));
#855=EDGE_LOOP('',(#5329,#5330,#5331,#5332));
#856=EDGE_LOOP('',(#5333,#5334,#5335,#5336));
#857=EDGE_LOOP('',(#5337,#5338,#5339,#5340,#5341,#5342,#5343,#5344,#5345,
#5346,#5347,#5348,#5349,#5350,#5351,#5352,#5353,#5354,#5355,#5356,#5357,
#5358,#5359,#5360,#5361,#5362,#5363,#5364,#5365));
#858=EDGE_LOOP('',(#5366,#5367,#5368,#5369));
#859=EDGE_LOOP('',(#5370,#5371,#5372,#5373));
#860=EDGE_LOOP('',(#5374,#5375,#5376,#5377));
#861=EDGE_LOOP('',(#5378,#5379,#5380,#5381));
#862=EDGE_LOOP('',(#5382,#5383,#5384,#5385));
#863=EDGE_LOOP('',(#5386,#5387,#5388,#5389));
#864=EDGE_LOOP('',(#5390,#5391,#5392,#5393));
#865=EDGE_LOOP('',(#5394,#5395,#5396,#5397));
#866=EDGE_LOOP('',(#5398,#5399,#5400,#5401));
#867=EDGE_LOOP('',(#5402,#5403,#5404,#5405));
#868=EDGE_LOOP('',(#5406,#5407,#5408,#5409));
#869=EDGE_LOOP('',(#5410,#5411,#5412,#5413));
#870=EDGE_LOOP('',(#5414,#5415,#5416,#5417));
#871=EDGE_LOOP('',(#5418,#5419,#5420,#5421));
#872=EDGE_LOOP('',(#5422,#5423,#5424,#5425));
#873=EDGE_LOOP('',(#5426,#5427,#5428,#5429));
#874=EDGE_LOOP('',(#5430,#5431,#5432,#5433));
#875=EDGE_LOOP('',(#5434,#5435,#5436,#5437));
#876=EDGE_LOOP('',(#5438,#5439,#5440,#5441));
#877=EDGE_LOOP('',(#5442,#5443,#5444,#5445));
#878=EDGE_LOOP('',(#5446,#5447,#5448,#5449));
#879=EDGE_LOOP('',(#5450,#5451,#5452,#5453));
#880=EDGE_LOOP('',(#5454,#5455,#5456,#5457));
#881=EDGE_LOOP('',(#5458,#5459,#5460,#5461));
#882=EDGE_LOOP('',(#5462,#5463,#5464,#5465));
#883=EDGE_LOOP('',(#5466,#5467,#5468,#5469));
#884=EDGE_LOOP('',(#5470,#5471,#5472,#5473));
#885=EDGE_LOOP('',(#5474,#5475,#5476,#5477));
#886=EDGE_LOOP('',(#5478,#5479,#5480,#5481));
#887=EDGE_LOOP('',(#5482,#5483,#5484,#5485));
#888=EDGE_LOOP('',(#5486,#5487,#5488,#5489));
#889=EDGE_LOOP('',(#5490,#5491,#5492,#5493));
#890=EDGE_LOOP('',(#5494,#5495,#5496,#5497));
#891=EDGE_LOOP('',(#5498,#5499,#5500,#5501,#5502,#5503,#5504,#5505,#5506,
#5507,#5508,#5509,#5510,#5511));
#892=EDGE_LOOP('',(#5512,#5513,#5514,#5515,#5516,#5517,#5518,#5519,#5520,
#5521));
#893=EDGE_LOOP('',(#5522,#5523,#5524,#5525,#5526,#5527,#5528,#5529,#5530));
#894=EDGE_LOOP('',(#5531,#5532,#5533,#5534,#5535,#5536,#5537,#5538,#5539,
#5540));
#895=EDGE_LOOP('',(#5541,#5542,#5543,#5544,#5545,#5546,#5547,#5548,#5549));
#896=EDGE_LOOP('',(#5550,#5551,#5552,#5553,#5554,#5555,#5556,#5557));
#897=EDGE_LOOP('',(#5558,#5559,#5560,#5561,#5562));
#898=EDGE_LOOP('',(#5563,#5564,#5565,#5566,#5567,#5568,#5569,#5570));
#899=EDGE_LOOP('',(#5571,#5572,#5573,#5574,#5575));
#900=EDGE_LOOP('',(#5576,#5577,#5578,#5579));
#901=EDGE_LOOP('',(#5580,#5581,#5582,#5583));
#902=EDGE_LOOP('',(#5584,#5585,#5586,#5587));
#903=EDGE_LOOP('',(#5588,#5589,#5590,#5591,#5592,#5593,#5594,#5595));
#904=EDGE_LOOP('',(#5596,#5597,#5598,#5599));
#905=EDGE_LOOP('',(#5600,#5601,#5602,#5603));
#906=EDGE_LOOP('',(#5604,#5605,#5606,#5607));
#907=EDGE_LOOP('',(#5608,#5609,#5610,#5611,#5612,#5613,#5614,#5615,#5616,
#5617,#5618,#5619,#5620,#5621));
#908=EDGE_LOOP('',(#5622,#5623,#5624,#5625,#5626,#5627,#5628,#5629,#5630,
#5631,#5632,#5633,#5634,#5635,#5636,#5637,#5638,#5639,#5640,#5641,#5642,
#5643,#5644,#5645,#5646,#5647,#5648,#5649,#5650));
#909=EDGE_LOOP('',(#5651,#5652,#5653,#5654,#5655,#5656,#5657,#5658,#5659));
#910=EDGE_LOOP('',(#5660,#5661,#5662,#5663,#5664,#5665,#5666,#5667,#5668,
#5669,#5670,#5671,#5672));
#911=EDGE_LOOP('',(#5673,#5674,#5675,#5676,#5677,#5678,#5679,#5680,#5681,
#5682,#5683,#5684,#5685,#5686,#5687));
#912=EDGE_LOOP('',(#5688,#5689,#5690,#5691,#5692,#5693,#5694,#5695,#5696,
#5697,#5698,#5699,#5700,#5701,#5702,#5703,#5704,#5705,#5706));
#913=EDGE_LOOP('',(#5707,#5708,#5709,#5710,#5711,#5712,#5713,#5714,#5715,
#5716,#5717,#5718,#5719,#5720,#5721,#5722,#5723,#5724,#5725,#5726,#5727,
#5728,#5729,#5730,#5731,#5732,#5733,#5734,#5735,#5736,#5737,#5738,#5739,
#5740,#5741));
#914=EDGE_LOOP('',(#5742,#5743,#5744,#5745,#5746,#5747,#5748,#5749,#5750,
#5751,#5752,#5753,#5754,#5755,#5756,#5757,#5758,#5759,#5760,#5761,#5762));
#915=EDGE_LOOP('',(#5763,#5764,#5765,#5766,#5767,#5768,#5769,#5770,#5771,
#5772,#5773,#5774,#5775,#5776,#5777,#5778,#5779,#5780));
#916=EDGE_LOOP('',(#5781,#5782,#5783,#5784,#5785,#5786,#5787,#5788,#5789,
#5790,#5791,#5792,#5793,#5794,#5795));
#917=EDGE_LOOP('',(#5796,#5797,#5798,#5799,#5800,#5801,#5802,#5803,#5804,
#5805,#5806,#5807,#5808,#5809,#5810,#5811,#5812,#5813));
#918=EDGE_LOOP('',(#5814,#5815,#5816,#5817,#5818,#5819,#5820,#5821));
#919=EDGE_LOOP('',(#5822));
#920=EDGE_LOOP('',(#5823));
#921=EDGE_LOOP('',(#5824));
#922=EDGE_LOOP('',(#5825,#5826,#5827,#5828,#5829,#5830,#5831,#5832,#5833,
#5834));
#923=EDGE_LOOP('',(#5835));
#924=EDGE_LOOP('',(#5836,#5837,#5838,#5839));
#925=EDGE_LOOP('',(#5840,#5841,#5842,#5843));
#926=EDGE_LOOP('',(#5844,#5845,#5846,#5847));
#927=EDGE_LOOP('',(#5848,#5849,#5850,#5851));
#928=EDGE_LOOP('',(#5852,#5853,#5854,#5855));
#929=EDGE_LOOP('',(#5856,#5857,#5858,#5859));
#930=EDGE_LOOP('',(#5860,#5861,#5862,#5863));
#931=EDGE_LOOP('',(#5864,#5865,#5866,#5867));
#932=EDGE_LOOP('',(#5868,#5869,#5870,#5871));
#933=EDGE_LOOP('',(#5872,#5873,#5874,#5875));
#934=EDGE_LOOP('',(#5876,#5877,#5878,#5879));
#935=EDGE_LOOP('',(#5880,#5881,#5882));
#936=EDGE_LOOP('',(#5883,#5884,#5885,#5886));
#937=EDGE_LOOP('',(#5887,#5888,#5889));
#938=EDGE_LOOP('',(#5890,#5891,#5892,#5893));
#939=EDGE_LOOP('',(#5894,#5895,#5896));
#940=EDGE_LOOP('',(#5897,#5898,#5899,#5900));
#941=EDGE_LOOP('',(#5901,#5902,#5903));
#942=EDGE_LOOP('',(#5904,#5905,#5906,#5907));
#943=EDGE_LOOP('',(#5908,#5909,#5910,#5911));
#944=EDGE_LOOP('',(#5912,#5913,#5914,#5915));
#945=EDGE_LOOP('',(#5916));
#946=EDGE_LOOP('',(#5917,#5918,#5919,#5920));
#947=EDGE_LOOP('',(#5921,#5922,#5923,#5924,#5925,#5926));
#948=EDGE_LOOP('',(#5927,#5928,#5929,#5930));
#949=EDGE_LOOP('',(#5931,#5932,#5933,#5934));
#950=EDGE_LOOP('',(#5935,#5936,#5937,#5938));
#951=EDGE_LOOP('',(#5939,#5940,#5941,#5942));
#952=EDGE_LOOP('',(#5943,#5944,#5945,#5946));
#953=EDGE_LOOP('',(#5947,#5948,#5949,#5950));
#954=EDGE_LOOP('',(#5951,#5952,#5953,#5954));
#955=EDGE_LOOP('',(#5955,#5956,#5957,#5958));
#956=EDGE_LOOP('',(#5959,#5960,#5961,#5962,#5963,#5964,#5965,#5966,#5967,
#5968,#5969,#5970));
#957=EDGE_LOOP('',(#5971));
#958=EDGE_LOOP('',(#5972));
#959=EDGE_LOOP('',(#5973,#5974,#5975,#5976));
#960=EDGE_LOOP('',(#5977,#5978,#5979,#5980));
#961=EDGE_LOOP('',(#5981,#5982,#5983,#5984));
#962=EDGE_LOOP('',(#5985));
#963=EDGE_LOOP('',(#5986,#5987,#5988,#5989,#5990,#5991,#5992,#5993));
#964=EDGE_LOOP('',(#5994,#5995,#5996,#5997));
#965=EDGE_LOOP('',(#5998,#5999,#6000,#6001));
#966=EDGE_LOOP('',(#6002,#6003,#6004,#6005));
#967=EDGE_LOOP('',(#6006,#6007,#6008,#6009));
#968=EDGE_LOOP('',(#6010,#6011,#6012,#6013));
#969=EDGE_LOOP('',(#6014));
#970=EDGE_LOOP('',(#6015,#6016,#6017,#6018));
#971=EDGE_LOOP('',(#6019));
#972=EDGE_LOOP('',(#6020,#6021,#6022,#6023));
#973=EDGE_LOOP('',(#6024,#6025,#6026,#6027));
#974=EDGE_LOOP('',(#6028,#6029,#6030,#6031,#6032,#6033,#6034,#6035,#6036,
#6037));
#975=EDGE_LOOP('',(#6038,#6039,#6040,#6041));
#976=EDGE_LOOP('',(#6042,#6043,#6044,#6045));
#977=EDGE_LOOP('',(#6046,#6047,#6048,#6049));
#978=EDGE_LOOP('',(#6050,#6051,#6052,#6053));
#979=EDGE_LOOP('',(#6054,#6055,#6056,#6057));
#980=EDGE_LOOP('',(#6058,#6059,#6060,#6061));
#981=EDGE_LOOP('',(#6062,#6063,#6064,#6065));
#982=EDGE_LOOP('',(#6066,#6067,#6068,#6069));
#983=EDGE_LOOP('',(#6070));
#984=EDGE_LOOP('',(#6071));
#985=EDGE_LOOP('',(#6072,#6073,#6074,#6075));
#986=EDGE_LOOP('',(#6076,#6077,#6078));
#987=EDGE_LOOP('',(#6079,#6080,#6081,#6082));
#988=EDGE_LOOP('',(#6083,#6084,#6085,#6086));
#989=EDGE_LOOP('',(#6087,#6088,#6089,#6090,#6091,#6092));
#990=EDGE_LOOP('',(#6093,#6094,#6095,#6096));
#991=EDGE_LOOP('',(#6097,#6098,#6099,#6100));
#992=EDGE_LOOP('',(#6101,#6102,#6103,#6104));
#993=EDGE_LOOP('',(#6105,#6106,#6107,#6108));
#994=EDGE_LOOP('',(#6109,#6110,#6111,#6112));
#995=EDGE_LOOP('',(#6113,#6114,#6115,#6116));
#996=EDGE_LOOP('',(#6117,#6118,#6119,#6120));
#997=EDGE_LOOP('',(#6121,#6122,#6123,#6124));
#998=EDGE_LOOP('',(#6125,#6126,#6127));
#999=EDGE_LOOP('',(#6128,#6129,#6130,#6131));
#1000=EDGE_LOOP('',(#6132,#6133,#6134));
#1001=EDGE_LOOP('',(#6135,#6136,#6137,#6138));
#1002=EDGE_LOOP('',(#6139,#6140,#6141));
#1003=EDGE_LOOP('',(#6142,#6143,#6144,#6145));
#1004=EDGE_LOOP('',(#6146,#6147,#6148,#6149));
#1005=EDGE_LOOP('',(#6150,#6151,#6152,#6153));
#1006=EDGE_LOOP('',(#6154,#6155,#6156,#6157));
#1007=EDGE_LOOP('',(#6158,#6159,#6160,#6161));
#1008=EDGE_LOOP('',(#6162,#6163,#6164,#6165));
#1009=EDGE_LOOP('',(#6166,#6167,#6168,#6169));
#1010=EDGE_LOOP('',(#6170,#6171,#6172,#6173));
#1011=EDGE_LOOP('',(#6174,#6175,#6176,#6177));
#1012=EDGE_LOOP('',(#6178,#6179,#6180,#6181));
#1013=EDGE_LOOP('',(#6182,#6183,#6184,#6185));
#1014=EDGE_LOOP('',(#6186,#6187,#6188,#6189));
#1015=EDGE_LOOP('',(#6190,#6191,#6192,#6193));
#1016=EDGE_LOOP('',(#6194,#6195,#6196,#6197));
#1017=EDGE_LOOP('',(#6198,#6199,#6200,#6201));
#1018=EDGE_LOOP('',(#6202,#6203,#6204,#6205));
#1019=EDGE_LOOP('',(#6206,#6207,#6208,#6209));
#1020=EDGE_LOOP('',(#6210,#6211,#6212,#6213));
#1021=EDGE_LOOP('',(#6214,#6215,#6216,#6217));
#1022=EDGE_LOOP('',(#6218,#6219,#6220,#6221));
#1023=EDGE_LOOP('',(#6222,#6223,#6224,#6225));
#1024=EDGE_LOOP('',(#6226,#6227,#6228,#6229));
#1025=EDGE_LOOP('',(#6230,#6231,#6232,#6233));
#1026=EDGE_LOOP('',(#6234,#6235,#6236,#6237));
#1027=EDGE_LOOP('',(#6238,#6239,#6240,#6241));
#1028=EDGE_LOOP('',(#6242,#6243,#6244,#6245));
#1029=EDGE_LOOP('',(#6246,#6247,#6248,#6249));
#1030=EDGE_LOOP('',(#6250,#6251,#6252,#6253));
#1031=EDGE_LOOP('',(#6254,#6255,#6256,#6257));
#1032=EDGE_LOOP('',(#6258,#6259,#6260,#6261));
#1033=EDGE_LOOP('',(#6262,#6263,#6264,#6265));
#1034=EDGE_LOOP('',(#6266,#6267,#6268,#6269));
#1035=EDGE_LOOP('',(#6270,#6271,#6272,#6273));
#1036=EDGE_LOOP('',(#6274,#6275,#6276,#6277,#6278,#6279));
#1037=EDGE_LOOP('',(#6280,#6281,#6282,#6283));
#1038=LINE('',#8043,#1624);
#1039=LINE('',#8050,#1625);
#1040=LINE('',#8068,#1626);
#1041=LINE('',#8091,#1627);
#1042=LINE('',#8099,#1628);
#1043=LINE('',#8101,#1629);
#1044=LINE('',#8102,#1630);
#1045=LINE('',#8105,#1631);
#1046=LINE('',#8107,#1632);
#1047=LINE('',#8108,#1633);
#1048=LINE('',#8111,#1634);
#1049=LINE('',#8113,#1635);
#1050=LINE('',#8114,#1636);
#1051=LINE('',#8132,#1637);
#1052=LINE('',#8155,#1638);
#1053=LINE('',#8163,#1639);
#1054=LINE('',#8165,#1640);
#1055=LINE('',#8166,#1641);
#1056=LINE('',#8169,#1642);
#1057=LINE('',#8171,#1643);
#1058=LINE('',#8172,#1644);
#1059=LINE('',#8175,#1645);
#1060=LINE('',#8177,#1646);
#1061=LINE('',#8178,#1647);
#1062=LINE('',#8196,#1648);
#1063=LINE('',#8219,#1649);
#1064=LINE('',#8242,#1650);
#1065=LINE('',#8265,#1651);
#1066=LINE('',#8288,#1652);
#1067=LINE('',#8296,#1653);
#1068=LINE('',#8298,#1654);
#1069=LINE('',#8299,#1655);
#1070=LINE('',#8339,#1656);
#1071=LINE('',#8346,#1657);
#1072=LINE('',#8364,#1658);
#1073=LINE('',#8387,#1659);
#1074=LINE('',#8395,#1660);
#1075=LINE('',#8397,#1661);
#1076=LINE('',#8398,#1662);
#1077=LINE('',#8437,#1663);
#1078=LINE('',#8444,#1664);
#1079=LINE('',#8462,#1665);
#1080=LINE('',#8485,#1666);
#1081=LINE('',#8493,#1667);
#1082=LINE('',#8495,#1668);
#1083=LINE('',#8496,#1669);
#1084=LINE('',#8514,#1670);
#1085=LINE('',#8537,#1671);
#1086=LINE('',#8560,#1672);
#1087=LINE('',#8583,#1673);
#1088=LINE('',#8606,#1674);
#1089=LINE('',#8629,#1675);
#1090=LINE('',#8652,#1676);
#1091=LINE('',#8675,#1677);
#1092=LINE('',#8698,#1678);
#1093=LINE('',#8706,#1679);
#1094=LINE('',#8708,#1680);
#1095=LINE('',#8709,#1681);
#1096=LINE('',#8734,#1682);
#1097=LINE('',#8736,#1683);
#1098=LINE('',#8738,#1684);
#1099=LINE('',#8739,#1685);
#1100=LINE('',#8757,#1686);
#1101=LINE('',#8780,#1687);
#1102=LINE('',#8803,#1688);
#1103=LINE('',#8826,#1689);
#1104=LINE('',#8849,#1690);
#1105=LINE('',#8857,#1691);
#1106=LINE('',#8859,#1692);
#1107=LINE('',#8860,#1693);
#1108=LINE('',#8863,#1694);
#1109=LINE('',#8865,#1695);
#1110=LINE('',#8866,#1696);
#1111=LINE('',#8869,#1697);
#1112=LINE('',#8871,#1698);
#1113=LINE('',#8872,#1699);
#1114=LINE('',#8890,#1700);
#1115=LINE('',#8913,#1701);
#1116=LINE('',#8936,#1702);
#1117=LINE('',#8959,#1703);
#1118=LINE('',#8982,#1704);
#1119=LINE('',#8990,#1705);
#1120=LINE('',#8992,#1706);
#1121=LINE('',#8993,#1707);
#1122=LINE('',#8996,#1708);
#1123=LINE('',#8998,#1709);
#1124=LINE('',#8999,#1710);
#1125=LINE('',#9002,#1711);
#1126=LINE('',#9004,#1712);
#1127=LINE('',#9005,#1713);
#1128=LINE('',#9007,#1714);
#1129=LINE('',#9008,#1715);
#1130=LINE('',#9028,#1716);
#1131=LINE('',#9035,#1717);
#1132=LINE('',#9053,#1718);
#1133=LINE('',#9076,#1719);
#1134=LINE('',#9099,#1720);
#1135=LINE('',#9122,#1721);
#1136=LINE('',#9145,#1722);
#1137=LINE('',#9168,#1723);
#1138=LINE('',#9212,#1724);
#1139=LINE('',#9219,#1725);
#1140=LINE('',#9237,#1726);
#1141=LINE('',#9260,#1727);
#1142=LINE('',#9283,#1728);
#1143=LINE('',#9291,#1729);
#1144=LINE('',#9293,#1730);
#1145=LINE('',#9294,#1731);
#1146=LINE('',#9297,#1732);
#1147=LINE('',#9299,#1733);
#1148=LINE('',#9300,#1734);
#1149=LINE('',#9303,#1735);
#1150=LINE('',#9305,#1736);
#1151=LINE('',#9306,#1737);
#1152=LINE('',#9324,#1738);
#1153=LINE('',#9347,#1739);
#1154=LINE('',#9370,#1740);
#1155=LINE('',#9393,#1741);
#1156=LINE('',#9416,#1742);
#1157=LINE('',#9439,#1743);
#1158=LINE('',#9462,#1744);
#1159=LINE('',#9485,#1745);
#1160=LINE('',#9508,#1746);
#1161=LINE('',#9531,#1747);
#1162=LINE('',#9554,#1748);
#1163=LINE('',#9577,#1749);
#1164=LINE('',#9585,#1750);
#1165=LINE('',#9587,#1751);
#1166=LINE('',#9588,#1752);
#1167=LINE('',#9628,#1753);
#1168=LINE('',#9635,#1754);
#1169=LINE('',#9653,#1755);
#1170=LINE('',#9676,#1756);
#1171=LINE('',#9699,#1757);
#1172=LINE('',#9722,#1758);
#1173=LINE('',#9745,#1759);
#1174=LINE('',#9768,#1760);
#1175=LINE('',#9791,#1761);
#1176=LINE('',#9814,#1762);
#1177=LINE('',#9837,#1763);
#1178=LINE('',#9860,#1764);
#1179=LINE('',#9883,#1765);
#1180=LINE('',#9906,#1766);
#1181=LINE('',#9929,#1767);
#1182=LINE('',#9937,#1768);
#1183=LINE('',#9939,#1769);
#1184=LINE('',#9940,#1770);
#1185=LINE('',#9958,#1771);
#1186=LINE('',#9981,#1772);
#1187=LINE('',#10004,#1773);
#1188=LINE('',#10027,#1774);
#1189=LINE('',#10050,#1775);
#1190=LINE('',#10073,#1776);
#1191=LINE('',#10096,#1777);
#1192=LINE('',#10119,#1778);
#1193=LINE('',#10142,#1779);
#1194=LINE('',#10165,#1780);
#1195=LINE('',#10188,#1781);
#1196=LINE('',#10211,#1782);
#1197=LINE('',#10234,#1783);
#1198=LINE('',#10257,#1784);
#1199=LINE('',#10280,#1785);
#1200=LINE('',#10303,#1786);
#1201=LINE('',#10326,#1787);
#1202=LINE('',#10349,#1788);
#1203=LINE('',#10357,#1789);
#1204=LINE('',#10359,#1790);
#1205=LINE('',#10360,#1791);
#1206=LINE('',#10385,#1792);
#1207=LINE('',#10387,#1793);
#1208=LINE('',#10389,#1794);
#1209=LINE('',#10390,#1795);
#1210=LINE('',#10393,#1796);
#1211=LINE('',#10395,#1797);
#1212=LINE('',#10396,#1798);
#1213=LINE('',#10399,#1799);
#1214=LINE('',#10401,#1800);
#1215=LINE('',#10402,#1801);
#1216=LINE('',#10420,#1802);
#1217=LINE('',#10443,#1803);
#1218=LINE('',#10466,#1804);
#1219=LINE('',#10489,#1805);
#1220=LINE('',#10512,#1806);
#1221=LINE('',#10535,#1807);
#1222=LINE('',#10543,#1808);
#1223=LINE('',#10545,#1809);
#1224=LINE('',#10546,#1810);
#1225=LINE('',#10549,#1811);
#1226=LINE('',#10551,#1812);
#1227=LINE('',#10552,#1813);
#1228=LINE('',#10555,#1814);
#1229=LINE('',#10557,#1815);
#1230=LINE('',#10558,#1816);
#1231=LINE('',#10576,#1817);
#1232=LINE('',#10599,#1818);
#1233=LINE('',#10622,#1819);
#1234=LINE('',#10645,#1820);
#1235=LINE('',#10668,#1821);
#1236=LINE('',#10676,#1822);
#1237=LINE('',#10678,#1823);
#1238=LINE('',#10679,#1824);
#1239=LINE('',#10681,#1825);
#1240=LINE('',#10682,#1826);
#1241=LINE('',#10702,#1827);
#1242=LINE('',#10709,#1828);
#1243=LINE('',#10727,#1829);
#1244=LINE('',#10750,#1830);
#1245=LINE('',#10758,#1831);
#1246=LINE('',#10760,#1832);
#1247=LINE('',#10761,#1833);
#1248=LINE('',#10800,#1834);
#1249=LINE('',#10807,#1835);
#1250=LINE('',#10825,#1836);
#1251=LINE('',#10848,#1837);
#1252=LINE('',#10856,#1838);
#1253=LINE('',#10858,#1839);
#1254=LINE('',#10859,#1840);
#1255=LINE('',#10877,#1841);
#1256=LINE('',#10900,#1842);
#1257=LINE('',#10923,#1843);
#1258=LINE('',#10946,#1844);
#1259=LINE('',#10969,#1845);
#1260=LINE('',#10992,#1846);
#1261=LINE('',#11015,#1847);
#1262=LINE('',#11038,#1848);
#1263=LINE('',#11061,#1849);
#1264=LINE('',#11069,#1850);
#1265=LINE('',#11071,#1851);
#1266=LINE('',#11072,#1852);
#1267=LINE('',#11097,#1853);
#1268=LINE('',#11099,#1854);
#1269=LINE('',#11101,#1855);
#1270=LINE('',#11102,#1856);
#1271=LINE('',#11120,#1857);
#1272=LINE('',#11143,#1858);
#1273=LINE('',#11166,#1859);
#1274=LINE('',#11189,#1860);
#1275=LINE('',#11197,#1861);
#1276=LINE('',#11199,#1862);
#1277=LINE('',#11200,#1863);
#1278=LINE('',#11218,#1864);
#1279=LINE('',#11241,#1865);
#1280=LINE('',#11264,#1866);
#1281=LINE('',#11272,#1867);
#1282=LINE('',#11274,#1868);
#1283=LINE('',#11275,#1869);
#1284=LINE('',#11278,#1870);
#1285=LINE('',#11280,#1871);
#1286=LINE('',#11281,#1872);
#1287=LINE('',#11284,#1873);
#1288=LINE('',#11286,#1874);
#1289=LINE('',#11287,#1875);
#1290=LINE('',#11289,#1876);
#1291=LINE('',#11290,#1877);
#1292=LINE('',#11310,#1878);
#1293=LINE('',#11317,#1879);
#1294=LINE('',#11335,#1880);
#1295=LINE('',#11358,#1881);
#1296=LINE('',#11381,#1882);
#1297=LINE('',#11404,#1883);
#1298=LINE('',#11427,#1884);
#1299=LINE('',#11450,#1885);
#1300=LINE('',#11494,#1886);
#1301=LINE('',#11501,#1887);
#1302=LINE('',#11519,#1888);
#1303=LINE('',#11542,#1889);
#1304=LINE('',#11565,#1890);
#1305=LINE('',#11588,#1891);
#1306=LINE('',#11611,#1892);
#1307=LINE('',#11634,#1893);
#1308=LINE('',#11657,#1894);
#1309=LINE('',#11687,#1895);
#1310=LINE('',#11689,#1896);
#1311=LINE('',#11691,#1897);
#1312=LINE('',#11692,#1898);
#1313=LINE('',#11710,#1899);
#1314=LINE('',#11733,#1900);
#1315=LINE('',#11756,#1901);
#1316=LINE('',#11779,#1902);
#1317=LINE('',#11802,#1903);
#1318=LINE('',#11825,#1904);
#1319=LINE('',#11848,#1905);
#1320=LINE('',#11871,#1906);
#1321=LINE('',#11894,#1907);
#1322=LINE('',#11917,#1908);
#1323=LINE('',#11940,#1909);
#1324=LINE('',#11963,#1910);
#1325=LINE('',#11971,#1911);
#1326=LINE('',#11973,#1912);
#1327=LINE('',#11974,#1913);
#1328=LINE('',#11992,#1914);
#1329=LINE('',#12015,#1915);
#1330=LINE('',#12038,#1916);
#1331=LINE('',#12061,#1917);
#1332=LINE('',#12084,#1918);
#1333=LINE('',#12107,#1919);
#1334=LINE('',#12130,#1920);
#1335=LINE('',#12153,#1921);
#1336=LINE('',#12176,#1922);
#1337=LINE('',#12199,#1923);
#1338=LINE('',#12222,#1924);
#1339=LINE('',#12230,#1925);
#1340=LINE('',#12232,#1926);
#1341=LINE('',#12233,#1927);
#1342=LINE('',#12236,#1928);
#1343=LINE('',#12238,#1929);
#1344=LINE('',#12239,#1930);
#1345=LINE('',#12242,#1931);
#1346=LINE('',#12244,#1932);
#1347=LINE('',#12245,#1933);
#1348=LINE('',#12247,#1934);
#1349=LINE('',#12248,#1935);
#1350=LINE('',#12253,#1936);
#1351=LINE('',#12255,#1937);
#1352=LINE('',#12257,#1938);
#1353=LINE('',#12258,#1939);
#1354=LINE('',#12276,#1940);
#1355=LINE('',#12299,#1941);
#1356=LINE('',#12322,#1942);
#1357=LINE('',#12345,#1943);
#1358=LINE('',#12368,#1944);
#1359=LINE('',#12391,#1945);
#1360=LINE('',#12399,#1946);
#1361=LINE('',#12401,#1947);
#1362=LINE('',#12402,#1948);
#1363=LINE('',#12404,#1949);
#1364=LINE('',#12405,#1950);
#1365=LINE('',#12409,#1951);
#1366=LINE('',#12411,#1952);
#1367=LINE('',#12413,#1953);
#1368=LINE('',#12414,#1954);
#1369=LINE('',#12432,#1955);
#1370=LINE('',#12455,#1956);
#1371=LINE('',#12478,#1957);
#1372=LINE('',#12501,#1958);
#1373=LINE('',#12524,#1959);
#1374=LINE('',#12547,#1960);
#1375=LINE('',#12570,#1961);
#1376=LINE('',#12578,#1962);
#1377=LINE('',#12580,#1963);
#1378=LINE('',#12581,#1964);
#1379=LINE('',#12583,#1965);
#1380=LINE('',#12584,#1966);
#1381=LINE('',#12603,#1967);
#1382=LINE('',#12610,#1968);
#1383=LINE('',#12628,#1969);
#1384=LINE('',#12651,#1970);
#1385=LINE('',#12674,#1971);
#1386=LINE('',#12697,#1972);
#1387=LINE('',#12720,#1973);
#1388=LINE('',#12743,#1974);
#1389=LINE('',#12766,#1975);
#1390=LINE('',#12789,#1976);
#1391=LINE('',#12812,#1977);
#1392=LINE('',#12835,#1978);
#1393=LINE('',#12843,#1979);
#1394=LINE('',#12845,#1980);
#1395=LINE('',#12846,#1981);
#1396=LINE('',#12849,#1982);
#1397=LINE('',#12851,#1983);
#1398=LINE('',#12852,#1984);
#1399=LINE('',#12854,#1985);
#1400=LINE('',#12855,#1986);
#1401=LINE('',#12868,#1987);
#1402=LINE('',#12871,#1988);
#1403=LINE('',#12874,#1989);
#1404=LINE('',#12876,#1990);
#1405=LINE('',#12877,#1991);
#1406=LINE('',#12880,#1992);
#1407=LINE('',#12882,#1993);
#1408=LINE('',#12884,#1994);
#1409=LINE('',#12885,#1995);
#1410=LINE('',#12888,#1996);
#1411=LINE('',#12892,#1997);
#1412=LINE('',#12896,#1998);
#1413=LINE('',#12902,#1999);
#1414=LINE('',#12903,#2000);
#1415=LINE('',#12906,#2001);
#1416=LINE('',#12907,#2002);
#1417=LINE('',#12910,#2003);
#1418=LINE('',#12912,#2004);
#1419=LINE('',#12914,#2005);
#1420=LINE('',#12915,#2006);
#1421=LINE('',#12920,#2007);
#1422=LINE('',#12922,#2008);
#1423=LINE('',#12931,#2009);
#1424=LINE('',#12933,#2010);
#1425=LINE('',#12935,#2011);
#1426=LINE('',#12937,#2012);
#1427=LINE('',#12939,#2013);
#1428=LINE('',#12941,#2014);
#1429=LINE('',#12943,#2015);
#1430=LINE('',#12945,#2016);
#1431=LINE('',#12947,#2017);
#1432=LINE('',#12948,#2018);
#1433=LINE('',#12952,#2019);
#1434=LINE('',#12954,#2020);
#1435=LINE('',#12957,#2021);
#1436=LINE('',#12959,#2022);
#1437=LINE('',#12961,#2023);
#1438=LINE('',#12962,#2024);
#1439=LINE('',#12965,#2025);
#1440=LINE('',#12967,#2026);
#1441=LINE('',#12969,#2027);
#1442=LINE('',#12970,#2028);
#1443=LINE('',#12973,#2029);
#1444=LINE('',#12975,#2030);
#1445=LINE('',#12977,#2031);
#1446=LINE('',#12978,#2032);
#1447=LINE('',#12981,#2033);
#1448=LINE('',#12983,#2034);
#1449=LINE('',#12985,#2035);
#1450=LINE('',#12986,#2036);
#1451=LINE('',#12989,#2037);
#1452=LINE('',#12991,#2038);
#1453=LINE('',#12993,#2039);
#1454=LINE('',#12994,#2040);
#1455=LINE('',#12997,#2041);
#1456=LINE('',#12999,#2042);
#1457=LINE('',#13001,#2043);
#1458=LINE('',#13002,#2044);
#1459=LINE('',#13005,#2045);
#1460=LINE('',#13007,#2046);
#1461=LINE('',#13009,#2047);
#1462=LINE('',#13010,#2048);
#1463=LINE('',#13013,#2049);
#1464=LINE('',#13015,#2050);
#1465=LINE('',#13017,#2051);
#1466=LINE('',#13018,#2052);
#1467=LINE('',#13023,#2053);
#1468=LINE('',#13028,#2054);
#1469=LINE('',#13032,#2055);
#1470=LINE('',#13037,#2056);
#1471=LINE('',#13041,#2057);
#1472=LINE('',#13046,#2058);
#1473=LINE('',#13050,#2059);
#1474=LINE('',#13055,#2060);
#1475=LINE('',#13059,#2061);
#1476=LINE('',#13061,#2062);
#1477=LINE('',#13063,#2063);
#1478=LINE('',#13064,#2064);
#1479=LINE('',#13067,#2065);
#1480=LINE('',#13069,#2066);
#1481=LINE('',#13070,#2067);
#1482=LINE('',#13073,#2068);
#1483=LINE('',#13074,#2069);
#1484=LINE('',#13076,#2070);
#1485=LINE('',#13078,#2071);
#1486=LINE('',#13079,#2072);
#1487=LINE('',#13082,#2073);
#1488=LINE('',#13084,#2074);
#1489=LINE('',#13086,#2075);
#1490=LINE('',#13087,#2076);
#1491=LINE('',#13090,#2077);
#1492=LINE('',#13092,#2078);
#1493=LINE('',#13094,#2079);
#1494=LINE('',#13095,#2080);
#1495=LINE('',#13098,#2081);
#1496=LINE('',#13100,#2082);
#1497=LINE('',#13102,#2083);
#1498=LINE('',#13103,#2084);
#1499=LINE('',#13106,#2085);
#1500=LINE('',#13108,#2086);
#1501=LINE('',#13110,#2087);
#1502=LINE('',#13111,#2088);
#1503=LINE('',#13114,#2089);
#1504=LINE('',#13116,#2090);
#1505=LINE('',#13118,#2091);
#1506=LINE('',#13119,#2092);
#1507=LINE('',#13122,#2093);
#1508=LINE('',#13124,#2094);
#1509=LINE('',#13126,#2095);
#1510=LINE('',#13127,#2096);
#1511=LINE('',#13130,#2097);
#1512=LINE('',#13132,#2098);
#1513=LINE('',#13134,#2099);
#1514=LINE('',#13135,#2100);
#1515=LINE('',#13138,#2101);
#1516=LINE('',#13140,#2102);
#1517=LINE('',#13142,#2103);
#1518=LINE('',#13143,#2104);
#1519=LINE('',#13146,#2105);
#1520=LINE('',#13148,#2106);
#1521=LINE('',#13150,#2107);
#1522=LINE('',#13151,#2108);
#1523=LINE('',#13153,#2109);
#1524=LINE('',#13155,#2110);
#1525=LINE('',#13156,#2111);
#1526=LINE('',#13164,#2112);
#1527=LINE('',#13166,#2113);
#1528=LINE('',#13168,#2114);
#1529=LINE('',#13169,#2115);
#1530=LINE('',#13171,#2116);
#1531=LINE('',#13172,#2117);
#1532=LINE('',#13174,#2118);
#1533=LINE('',#13177,#2119);
#1534=LINE('',#13179,#2120);
#1535=LINE('',#13181,#2121);
#1536=LINE('',#13182,#2122);
#1537=LINE('',#13186,#2123);
#1538=LINE('',#13188,#2124);
#1539=LINE('',#13190,#2125);
#1540=LINE('',#13191,#2126);
#1541=LINE('',#13194,#2127);
#1542=LINE('',#13196,#2128);
#1543=LINE('',#13197,#2129);
#1544=LINE('',#13200,#2130);
#1545=LINE('',#13202,#2131);
#1546=LINE('',#13203,#2132);
#1547=LINE('',#13205,#2133);
#1548=LINE('',#13206,#2134);
#1549=LINE('',#13210,#2135);
#1550=LINE('',#13212,#2136);
#1551=LINE('',#13213,#2137);
#1552=LINE('',#13216,#2138);
#1553=LINE('',#13218,#2139);
#1554=LINE('',#13219,#2140);
#1555=LINE('',#13221,#2141);
#1556=LINE('',#13223,#2142);
#1557=LINE('',#13226,#2143);
#1558=LINE('',#13228,#2144);
#1559=LINE('',#13229,#2145);
#1560=LINE('',#13232,#2146);
#1561=LINE('',#13233,#2147);
#1562=LINE('',#13236,#2148);
#1563=LINE('',#13237,#2149);
#1564=LINE('',#13239,#2150);
#1565=LINE('',#13243,#2151);
#1566=LINE('',#13247,#2152);
#1567=LINE('',#13250,#2153);
#1568=LINE('',#13252,#2154);
#1569=LINE('',#13253,#2155);
#1570=LINE('',#13255,#2156);
#1571=LINE('',#13259,#2157);
#1572=LINE('',#13262,#2158);
#1573=LINE('',#13267,#2159);
#1574=LINE('',#13268,#2160);
#1575=LINE('',#13269,#2161);
#1576=LINE('',#13271,#2162);
#1577=LINE('',#13272,#2163);
#1578=LINE('',#13275,#2164);
#1579=LINE('',#13277,#2165);
#1580=LINE('',#13278,#2166);
#1581=LINE('',#13281,#2167);
#1582=LINE('',#13282,#2168);
#1583=LINE('',#13285,#2169);
#1584=LINE('',#13286,#2170);
#1585=LINE('',#13288,#2171);
#1586=LINE('',#13294,#2172);
#1587=LINE('',#13297,#2173);
#1588=LINE('',#13301,#2174);
#1589=LINE('',#13304,#2175);
#1590=LINE('',#13308,#2176);
#1591=LINE('',#13311,#2177);
#1592=LINE('',#13313,#2178);
#1593=LINE('',#13314,#2179);
#1594=LINE('',#13316,#2180);
#1595=LINE('',#13318,#2181);
#1596=LINE('',#13321,#2182);
#1597=LINE('',#13322,#2183);
#1598=LINE('',#13324,#2184);
#1599=LINE('',#13326,#2185);
#1600=LINE('',#13329,#2186);
#1601=LINE('',#13330,#2187);
#1602=LINE('',#13332,#2188);
#1603=LINE('',#13334,#2189);
#1604=LINE('',#13337,#2190);
#1605=LINE('',#13338,#2191);
#1606=LINE('',#13340,#2192);
#1607=LINE('',#13342,#2193);
#1608=LINE('',#13345,#2194);
#1609=LINE('',#13346,#2195);
#1610=LINE('',#13348,#2196);
#1611=LINE('',#13350,#2197);
#1612=LINE('',#13353,#2198);
#1613=LINE('',#13354,#2199);
#1614=LINE('',#13356,#2200);
#1615=LINE('',#13358,#2201);
#1616=LINE('',#13361,#2202);
#1617=LINE('',#13362,#2203);
#1618=LINE('',#13364,#2204);
#1619=LINE('',#13366,#2205);
#1620=LINE('',#13369,#2206);
#1621=LINE('',#13370,#2207);
#1622=LINE('',#13372,#2208);
#1623=LINE('',#13374,#2209);
#1624=VECTOR('',#7050,10.);
#1625=VECTOR('',#7051,10.);
#1626=VECTOR('',#7052,10.);
#1627=VECTOR('',#7053,10.);
#1628=VECTOR('',#7056,10.);
#1629=VECTOR('',#7057,10.);
#1630=VECTOR('',#7058,10.);
#1631=VECTOR('',#7061,10.);
#1632=VECTOR('',#7062,10.);
#1633=VECTOR('',#7063,10.);
#1634=VECTOR('',#7066,10.);
#1635=VECTOR('',#7067,10.);
#1636=VECTOR('',#7068,10.);
#1637=VECTOR('',#7069,10.);
#1638=VECTOR('',#7070,10.);
#1639=VECTOR('',#7073,10.);
#1640=VECTOR('',#7074,10.);
#1641=VECTOR('',#7075,10.);
#1642=VECTOR('',#7078,10.);
#1643=VECTOR('',#7079,10.);
#1644=VECTOR('',#7080,10.);
#1645=VECTOR('',#7083,10.);
#1646=VECTOR('',#7084,10.);
#1647=VECTOR('',#7085,10.);
#1648=VECTOR('',#7086,10.);
#1649=VECTOR('',#7087,10.);
#1650=VECTOR('',#7088,10.);
#1651=VECTOR('',#7089,10.);
#1652=VECTOR('',#7090,10.);
#1653=VECTOR('',#7093,10.);
#1654=VECTOR('',#7094,10.);
#1655=VECTOR('',#7095,10.);
#1656=VECTOR('',#7098,10.);
#1657=VECTOR('',#7099,10.);
#1658=VECTOR('',#7100,10.);
#1659=VECTOR('',#7101,10.);
#1660=VECTOR('',#7104,10.);
#1661=VECTOR('',#7105,10.);
#1662=VECTOR('',#7106,10.);
#1663=VECTOR('',#7107,10.);
#1664=VECTOR('',#7108,10.);
#1665=VECTOR('',#7109,10.);
#1666=VECTOR('',#7110,10.);
#1667=VECTOR('',#7113,10.);
#1668=VECTOR('',#7114,10.);
#1669=VECTOR('',#7115,10.);
#1670=VECTOR('',#7116,10.);
#1671=VECTOR('',#7117,10.);
#1672=VECTOR('',#7118,10.);
#1673=VECTOR('',#7119,10.);
#1674=VECTOR('',#7120,10.);
#1675=VECTOR('',#7121,10.);
#1676=VECTOR('',#7122,10.);
#1677=VECTOR('',#7123,10.);
#1678=VECTOR('',#7124,10.);
#1679=VECTOR('',#7127,10.);
#1680=VECTOR('',#7128,10.);
#1681=VECTOR('',#7129,10.);
#1682=VECTOR('',#7134,10.);
#1683=VECTOR('',#7135,10.);
#1684=VECTOR('',#7136,10.);
#1685=VECTOR('',#7137,10.);
#1686=VECTOR('',#7138,10.);
#1687=VECTOR('',#7139,10.);
#1688=VECTOR('',#7140,10.);
#1689=VECTOR('',#7141,10.);
#1690=VECTOR('',#7142,10.);
#1691=VECTOR('',#7145,10.);
#1692=VECTOR('',#7146,10.);
#1693=VECTOR('',#7147,10.);
#1694=VECTOR('',#7150,10.);
#1695=VECTOR('',#7151,10.);
#1696=VECTOR('',#7152,10.);
#1697=VECTOR('',#7155,10.);
#1698=VECTOR('',#7156,10.);
#1699=VECTOR('',#7157,10.);
#1700=VECTOR('',#7158,10.);
#1701=VECTOR('',#7159,10.);
#1702=VECTOR('',#7160,10.);
#1703=VECTOR('',#7161,10.);
#1704=VECTOR('',#7162,10.);
#1705=VECTOR('',#7165,10.);
#1706=VECTOR('',#7166,10.);
#1707=VECTOR('',#7167,10.);
#1708=VECTOR('',#7170,10.);
#1709=VECTOR('',#7171,10.);
#1710=VECTOR('',#7172,10.);
#1711=VECTOR('',#7175,10.);
#1712=VECTOR('',#7176,10.);
#1713=VECTOR('',#7177,10.);
#1714=VECTOR('',#7180,10.);
#1715=VECTOR('',#7181,10.);
#1716=VECTOR('',#7184,10.);
#1717=VECTOR('',#7185,10.);
#1718=VECTOR('',#7186,10.);
#1719=VECTOR('',#7187,10.);
#1720=VECTOR('',#7188,10.);
#1721=VECTOR('',#7189,10.);
#1722=VECTOR('',#7190,10.);
#1723=VECTOR('',#7191,10.);
#1724=VECTOR('',#7192,10.);
#1725=VECTOR('',#7193,10.);
#1726=VECTOR('',#7194,10.);
#1727=VECTOR('',#7195,10.);
#1728=VECTOR('',#7196,10.);
#1729=VECTOR('',#7199,10.);
#1730=VECTOR('',#7200,10.);
#1731=VECTOR('',#7201,10.);
#1732=VECTOR('',#7204,10.);
#1733=VECTOR('',#7205,10.);
#1734=VECTOR('',#7206,10.);
#1735=VECTOR('',#7209,10.);
#1736=VECTOR('',#7210,10.);
#1737=VECTOR('',#7211,10.);
#1738=VECTOR('',#7212,10.);
#1739=VECTOR('',#7213,10.);
#1740=VECTOR('',#7214,10.);
#1741=VECTOR('',#7215,10.);
#1742=VECTOR('',#7216,10.);
#1743=VECTOR('',#7217,10.);
#1744=VECTOR('',#7218,10.);
#1745=VECTOR('',#7219,10.);
#1746=VECTOR('',#7220,10.);
#1747=VECTOR('',#7221,10.);
#1748=VECTOR('',#7222,10.);
#1749=VECTOR('',#7223,10.);
#1750=VECTOR('',#7226,10.);
#1751=VECTOR('',#7227,10.);
#1752=VECTOR('',#7228,10.);
#1753=VECTOR('',#7231,10.);
#1754=VECTOR('',#7232,10.);
#1755=VECTOR('',#7233,10.);
#1756=VECTOR('',#7234,10.);
#1757=VECTOR('',#7235,10.);
#1758=VECTOR('',#7236,10.);
#1759=VECTOR('',#7237,10.);
#1760=VECTOR('',#7238,10.);
#1761=VECTOR('',#7239,10.);
#1762=VECTOR('',#7240,10.);
#1763=VECTOR('',#7241,10.);
#1764=VECTOR('',#7242,10.);
#1765=VECTOR('',#7243,10.);
#1766=VECTOR('',#7244,10.);
#1767=VECTOR('',#7245,10.);
#1768=VECTOR('',#7248,10.);
#1769=VECTOR('',#7249,10.);
#1770=VECTOR('',#7250,10.);
#1771=VECTOR('',#7251,10.);
#1772=VECTOR('',#7252,10.);
#1773=VECTOR('',#7253,10.);
#1774=VECTOR('',#7254,10.);
#1775=VECTOR('',#7255,10.);
#1776=VECTOR('',#7256,10.);
#1777=VECTOR('',#7257,10.);
#1778=VECTOR('',#7258,10.);
#1779=VECTOR('',#7259,10.);
#1780=VECTOR('',#7260,10.);
#1781=VECTOR('',#7261,10.);
#1782=VECTOR('',#7262,10.);
#1783=VECTOR('',#7263,10.);
#1784=VECTOR('',#7264,10.);
#1785=VECTOR('',#7265,10.);
#1786=VECTOR('',#7266,10.);
#1787=VECTOR('',#7267,10.);
#1788=VECTOR('',#7268,10.);
#1789=VECTOR('',#7271,10.);
#1790=VECTOR('',#7272,10.);
#1791=VECTOR('',#7273,10.);
#1792=VECTOR('',#7278,10.);
#1793=VECTOR('',#7279,10.);
#1794=VECTOR('',#7280,10.);
#1795=VECTOR('',#7281,10.);
#1796=VECTOR('',#7284,10.);
#1797=VECTOR('',#7285,10.);
#1798=VECTOR('',#7286,10.);
#1799=VECTOR('',#7289,10.);
#1800=VECTOR('',#7290,10.);
#1801=VECTOR('',#7291,10.);
#1802=VECTOR('',#7292,10.);
#1803=VECTOR('',#7293,10.);
#1804=VECTOR('',#7294,10.);
#1805=VECTOR('',#7295,10.);
#1806=VECTOR('',#7296,10.);
#1807=VECTOR('',#7297,10.);
#1808=VECTOR('',#7300,10.);
#1809=VECTOR('',#7301,10.);
#1810=VECTOR('',#7302,10.);
#1811=VECTOR('',#7305,10.);
#1812=VECTOR('',#7306,10.);
#1813=VECTOR('',#7307,10.);
#1814=VECTOR('',#7310,10.);
#1815=VECTOR('',#7311,10.);
#1816=VECTOR('',#7312,10.);
#1817=VECTOR('',#7313,10.);
#1818=VECTOR('',#7314,10.);
#1819=VECTOR('',#7315,10.);
#1820=VECTOR('',#7316,10.);
#1821=VECTOR('',#7317,10.);
#1822=VECTOR('',#7320,10.);
#1823=VECTOR('',#7321,10.);
#1824=VECTOR('',#7322,10.);
#1825=VECTOR('',#7325,10.);
#1826=VECTOR('',#7326,10.);
#1827=VECTOR('',#7329,10.);
#1828=VECTOR('',#7330,10.);
#1829=VECTOR('',#7331,10.);
#1830=VECTOR('',#7332,10.);
#1831=VECTOR('',#7335,10.);
#1832=VECTOR('',#7336,10.);
#1833=VECTOR('',#7337,10.);
#1834=VECTOR('',#7338,10.);
#1835=VECTOR('',#7339,10.);
#1836=VECTOR('',#7340,10.);
#1837=VECTOR('',#7341,10.);
#1838=VECTOR('',#7344,10.);
#1839=VECTOR('',#7345,10.);
#1840=VECTOR('',#7346,10.);
#1841=VECTOR('',#7347,10.);
#1842=VECTOR('',#7348,10.);
#1843=VECTOR('',#7349,10.);
#1844=VECTOR('',#7350,10.);
#1845=VECTOR('',#7351,10.);
#1846=VECTOR('',#7352,10.);
#1847=VECTOR('',#7353,10.);
#1848=VECTOR('',#7354,10.);
#1849=VECTOR('',#7355,10.);
#1850=VECTOR('',#7358,10.);
#1851=VECTOR('',#7359,10.);
#1852=VECTOR('',#7360,10.);
#1853=VECTOR('',#7365,10.);
#1854=VECTOR('',#7366,10.);
#1855=VECTOR('',#7367,10.);
#1856=VECTOR('',#7368,10.);
#1857=VECTOR('',#7369,10.);
#1858=VECTOR('',#7370,10.);
#1859=VECTOR('',#7371,10.);
#1860=VECTOR('',#7372,10.);
#1861=VECTOR('',#7375,10.);
#1862=VECTOR('',#7376,10.);
#1863=VECTOR('',#7377,10.);
#1864=VECTOR('',#7378,10.);
#1865=VECTOR('',#7379,10.);
#1866=VECTOR('',#7380,10.);
#1867=VECTOR('',#7383,10.);
#1868=VECTOR('',#7384,10.);
#1869=VECTOR('',#7385,10.);
#1870=VECTOR('',#7388,10.);
#1871=VECTOR('',#7389,10.);
#1872=VECTOR('',#7390,10.);
#1873=VECTOR('',#7393,10.);
#1874=VECTOR('',#7394,10.);
#1875=VECTOR('',#7395,10.);
#1876=VECTOR('',#7398,10.);
#1877=VECTOR('',#7399,10.);
#1878=VECTOR('',#7402,10.);
#1879=VECTOR('',#7403,10.);
#1880=VECTOR('',#7404,10.);
#1881=VECTOR('',#7405,10.);
#1882=VECTOR('',#7406,10.);
#1883=VECTOR('',#7407,10.);
#1884=VECTOR('',#7408,10.);
#1885=VECTOR('',#7409,10.);
#1886=VECTOR('',#7410,10.);
#1887=VECTOR('',#7411,10.);
#1888=VECTOR('',#7412,10.);
#1889=VECTOR('',#7413,10.);
#1890=VECTOR('',#7414,10.);
#1891=VECTOR('',#7415,10.);
#1892=VECTOR('',#7416,10.);
#1893=VECTOR('',#7417,10.);
#1894=VECTOR('',#7418,10.);
#1895=VECTOR('',#7423,10.);
#1896=VECTOR('',#7424,10.);
#1897=VECTOR('',#7425,10.);
#1898=VECTOR('',#7426,10.);
#1899=VECTOR('',#7427,10.);
#1900=VECTOR('',#7428,10.);
#1901=VECTOR('',#7429,10.);
#1902=VECTOR('',#7430,10.);
#1903=VECTOR('',#7431,10.);
#1904=VECTOR('',#7432,10.);
#1905=VECTOR('',#7433,10.);
#1906=VECTOR('',#7434,10.);
#1907=VECTOR('',#7435,10.);
#1908=VECTOR('',#7436,10.);
#1909=VECTOR('',#7437,10.);
#1910=VECTOR('',#7438,10.);
#1911=VECTOR('',#7441,10.);
#1912=VECTOR('',#7442,10.);
#1913=VECTOR('',#7443,10.);
#1914=VECTOR('',#7444,10.);
#1915=VECTOR('',#7445,10.);
#1916=VECTOR('',#7446,10.);
#1917=VECTOR('',#7447,10.);
#1918=VECTOR('',#7448,10.);
#1919=VECTOR('',#7449,10.);
#1920=VECTOR('',#7450,10.);
#1921=VECTOR('',#7451,10.);
#1922=VECTOR('',#7452,10.);
#1923=VECTOR('',#7453,10.);
#1924=VECTOR('',#7454,10.);
#1925=VECTOR('',#7457,10.);
#1926=VECTOR('',#7458,10.);
#1927=VECTOR('',#7459,10.);
#1928=VECTOR('',#7462,10.);
#1929=VECTOR('',#7463,10.);
#1930=VECTOR('',#7464,10.);
#1931=VECTOR('',#7467,10.);
#1932=VECTOR('',#7468,10.);
#1933=VECTOR('',#7469,10.);
#1934=VECTOR('',#7472,10.);
#1935=VECTOR('',#7473,10.);
#1936=VECTOR('',#7478,10.);
#1937=VECTOR('',#7479,10.);
#1938=VECTOR('',#7480,10.);
#1939=VECTOR('',#7481,10.);
#1940=VECTOR('',#7482,10.);
#1941=VECTOR('',#7483,10.);
#1942=VECTOR('',#7484,10.);
#1943=VECTOR('',#7485,10.);
#1944=VECTOR('',#7486,10.);
#1945=VECTOR('',#7487,10.);
#1946=VECTOR('',#7490,10.);
#1947=VECTOR('',#7491,10.);
#1948=VECTOR('',#7492,10.);
#1949=VECTOR('',#7495,10.);
#1950=VECTOR('',#7496,10.);
#1951=VECTOR('',#7499,10.);
#1952=VECTOR('',#7500,10.);
#1953=VECTOR('',#7501,10.);
#1954=VECTOR('',#7502,10.);
#1955=VECTOR('',#7503,10.);
#1956=VECTOR('',#7504,10.);
#1957=VECTOR('',#7505,10.);
#1958=VECTOR('',#7506,10.);
#1959=VECTOR('',#7507,10.);
#1960=VECTOR('',#7508,10.);
#1961=VECTOR('',#7509,10.);
#1962=VECTOR('',#7512,10.);
#1963=VECTOR('',#7513,10.);
#1964=VECTOR('',#7514,10.);
#1965=VECTOR('',#7517,10.);
#1966=VECTOR('',#7518,10.);
#1967=VECTOR('',#7519,10.);
#1968=VECTOR('',#7520,10.);
#1969=VECTOR('',#7521,10.);
#1970=VECTOR('',#7522,10.);
#1971=VECTOR('',#7523,10.);
#1972=VECTOR('',#7524,10.);
#1973=VECTOR('',#7525,10.);
#1974=VECTOR('',#7526,10.);
#1975=VECTOR('',#7527,10.);
#1976=VECTOR('',#7528,10.);
#1977=VECTOR('',#7529,10.);
#1978=VECTOR('',#7530,10.);
#1979=VECTOR('',#7533,10.);
#1980=VECTOR('',#7534,10.);
#1981=VECTOR('',#7535,10.);
#1982=VECTOR('',#7538,10.);
#1983=VECTOR('',#7539,10.);
#1984=VECTOR('',#7540,10.);
#1985=VECTOR('',#7543,10.);
#1986=VECTOR('',#7544,10.);
#1987=VECTOR('',#7563,10.);
#1988=VECTOR('',#7566,10.);
#1989=VECTOR('',#7569,10.);
#1990=VECTOR('',#7570,10.);
#1991=VECTOR('',#7571,10.);
#1992=VECTOR('',#7572,10.);
#1993=VECTOR('',#7573,10.);
#1994=VECTOR('',#7574,10.);
#1995=VECTOR('',#7575,10.);
#1996=VECTOR('',#7578,10.);
#1997=VECTOR('',#7581,10.);
#1998=VECTOR('',#7584,10.);
#1999=VECTOR('',#7591,10.);
#2000=VECTOR('',#7592,10.);
#2001=VECTOR('',#7595,10.);
#2002=VECTOR('',#7596,10.);
#2003=VECTOR('',#7597,10.);
#2004=VECTOR('',#7598,10.);
#2005=VECTOR('',#7599,10.);
#2006=VECTOR('',#7600,10.);
#2007=VECTOR('',#7605,10.);
#2008=VECTOR('',#7608,10.);
#2009=VECTOR('',#7615,10.);
#2010=VECTOR('',#7616,10.);
#2011=VECTOR('',#7617,10.);
#2012=VECTOR('',#7618,10.);
#2013=VECTOR('',#7619,10.);
#2014=VECTOR('',#7620,10.);
#2015=VECTOR('',#7621,10.);
#2016=VECTOR('',#7622,10.);
#2017=VECTOR('',#7623,10.);
#2018=VECTOR('',#7624,10.);
#2019=VECTOR('',#7629,10.);
#2020=VECTOR('',#7632,10.);
#2021=VECTOR('',#7633,10.);
#2022=VECTOR('',#7634,10.);
#2023=VECTOR('',#7635,10.);
#2024=VECTOR('',#7636,10.);
#2025=VECTOR('',#7637,10.);
#2026=VECTOR('',#7638,10.);
#2027=VECTOR('',#7639,10.);
#2028=VECTOR('',#7640,10.);
#2029=VECTOR('',#7641,10.);
#2030=VECTOR('',#7642,10.);
#2031=VECTOR('',#7643,10.);
#2032=VECTOR('',#7644,10.);
#2033=VECTOR('',#7645,10.);
#2034=VECTOR('',#7646,10.);
#2035=VECTOR('',#7647,10.);
#2036=VECTOR('',#7648,10.);
#2037=VECTOR('',#7649,10.);
#2038=VECTOR('',#7650,10.);
#2039=VECTOR('',#7651,10.);
#2040=VECTOR('',#7652,10.);
#2041=VECTOR('',#7653,10.);
#2042=VECTOR('',#7654,10.);
#2043=VECTOR('',#7655,10.);
#2044=VECTOR('',#7656,10.);
#2045=VECTOR('',#7657,10.);
#2046=VECTOR('',#7658,10.);
#2047=VECTOR('',#7659,10.);
#2048=VECTOR('',#7660,10.);
#2049=VECTOR('',#7661,10.);
#2050=VECTOR('',#7662,10.);
#2051=VECTOR('',#7663,10.);
#2052=VECTOR('',#7664,10.);
#2053=VECTOR('',#7669,0.5);
#2054=VECTOR('',#7676,1.);
#2055=VECTOR('',#7679,0.5);
#2056=VECTOR('',#7686,1.);
#2057=VECTOR('',#7689,0.5);
#2058=VECTOR('',#7696,1.);
#2059=VECTOR('',#7699,0.5);
#2060=VECTOR('',#7706,1.);
#2061=VECTOR('',#7709,10.);
#2062=VECTOR('',#7710,10.);
#2063=VECTOR('',#7711,10.);
#2064=VECTOR('',#7712,10.);
#2065=VECTOR('',#7715,10.);
#2066=VECTOR('',#7716,10.);
#2067=VECTOR('',#7717,10.);
#2068=VECTOR('',#7720,10.);
#2069=VECTOR('',#7721,10.);
#2070=VECTOR('',#7724,10.);
#2071=VECTOR('',#7725,10.);
#2072=VECTOR('',#7726,10.);
#2073=VECTOR('',#7727,10.);
#2074=VECTOR('',#7728,10.);
#2075=VECTOR('',#7729,10.);
#2076=VECTOR('',#7730,10.);
#2077=VECTOR('',#7731,10.);
#2078=VECTOR('',#7732,10.);
#2079=VECTOR('',#7733,10.);
#2080=VECTOR('',#7734,10.);
#2081=VECTOR('',#7735,10.);
#2082=VECTOR('',#7736,10.);
#2083=VECTOR('',#7737,10.);
#2084=VECTOR('',#7738,10.);
#2085=VECTOR('',#7739,10.);
#2086=VECTOR('',#7740,10.);
#2087=VECTOR('',#7741,10.);
#2088=VECTOR('',#7742,10.);
#2089=VECTOR('',#7743,10.);
#2090=VECTOR('',#7744,10.);
#2091=VECTOR('',#7745,10.);
#2092=VECTOR('',#7746,10.);
#2093=VECTOR('',#7747,10.);
#2094=VECTOR('',#7748,10.);
#2095=VECTOR('',#7749,10.);
#2096=VECTOR('',#7750,10.);
#2097=VECTOR('',#7751,10.);
#2098=VECTOR('',#7752,10.);
#2099=VECTOR('',#7753,10.);
#2100=VECTOR('',#7754,10.);
#2101=VECTOR('',#7755,10.);
#2102=VECTOR('',#7756,10.);
#2103=VECTOR('',#7757,10.);
#2104=VECTOR('',#7758,10.);
#2105=VECTOR('',#7761,10.);
#2106=VECTOR('',#7762,10.);
#2107=VECTOR('',#7763,10.);
#2108=VECTOR('',#7764,10.);
#2109=VECTOR('',#7765,10.);
#2110=VECTOR('',#7766,10.);
#2111=VECTOR('',#7767,10.);
#2112=VECTOR('',#7774,10.);
#2113=VECTOR('',#7775,10.);
#2114=VECTOR('',#7776,10.);
#2115=VECTOR('',#7777,10.);
#2116=VECTOR('',#7780,10.);
#2117=VECTOR('',#7781,10.);
#2118=VECTOR('',#7784,10.);
#2119=VECTOR('',#7787,10.);
#2120=VECTOR('',#7788,10.);
#2121=VECTOR('',#7789,10.);
#2122=VECTOR('',#7790,10.);
#2123=VECTOR('',#7793,10.);
#2124=VECTOR('',#7794,10.);
#2125=VECTOR('',#7795,10.);
#2126=VECTOR('',#7796,10.);
#2127=VECTOR('',#7799,10.);
#2128=VECTOR('',#7800,10.);
#2129=VECTOR('',#7801,10.);
#2130=VECTOR('',#7804,10.);
#2131=VECTOR('',#7805,10.);
#2132=VECTOR('',#7806,10.);
#2133=VECTOR('',#7809,10.);
#2134=VECTOR('',#7810,10.);
#2135=VECTOR('',#7815,10.);
#2136=VECTOR('',#7816,10.);
#2137=VECTOR('',#7817,10.);
#2138=VECTOR('',#7820,10.);
#2139=VECTOR('',#7821,10.);
#2140=VECTOR('',#7822,10.);
#2141=VECTOR('',#7825,10.);
#2142=VECTOR('',#7828,10.);
#2143=VECTOR('',#7831,10.);
#2144=VECTOR('',#7832,10.);
#2145=VECTOR('',#7833,10.);
#2146=VECTOR('',#7836,10.);
#2147=VECTOR('',#7837,10.);
#2148=VECTOR('',#7840,10.);
#2149=VECTOR('',#7841,10.);
#2150=VECTOR('',#7844,10.);
#2151=VECTOR('',#7849,2.);
#2152=VECTOR('',#7854,2.);
#2153=VECTOR('',#7857,10.);
#2154=VECTOR('',#7858,10.);
#2155=VECTOR('',#7859,10.);
#2156=VECTOR('',#7862,10.);
#2157=VECTOR('',#7865,0.75);
#2158=VECTOR('',#7870,1.5);
#2159=VECTOR('',#7875,10.);
#2160=VECTOR('',#7876,10.);
#2161=VECTOR('',#7877,10.);
#2162=VECTOR('',#7880,10.);
#2163=VECTOR('',#7881,10.);
#2164=VECTOR('',#7884,10.);
#2165=VECTOR('',#7885,10.);
#2166=VECTOR('',#7886,10.);
#2167=VECTOR('',#7889,10.);
#2168=VECTOR('',#7890,10.);
#2169=VECTOR('',#7893,10.);
#2170=VECTOR('',#7894,10.);
#2171=VECTOR('',#7897,10.);
#2172=VECTOR('',#7904,0.75);
#2173=VECTOR('',#7909,1.5);
#2174=VECTOR('',#7912,0.75);
#2175=VECTOR('',#7917,1.5);
#2176=VECTOR('',#7920,0.75);
#2177=VECTOR('',#7925,1.5);
#2178=VECTOR('',#7928,10.);
#2179=VECTOR('',#7929,10.);
#2180=VECTOR('',#7932,10.);
#2181=VECTOR('',#7935,10.);
#2182=VECTOR('',#7940,10.);
#2183=VECTOR('',#7941,10.);
#2184=VECTOR('',#7944,10.);
#2185=VECTOR('',#7947,10.);
#2186=VECTOR('',#7952,10.);
#2187=VECTOR('',#7953,10.);
#2188=VECTOR('',#7956,10.);
#2189=VECTOR('',#7959,10.);
#2190=VECTOR('',#7964,10.);
#2191=VECTOR('',#7965,10.);
#2192=VECTOR('',#7968,10.);
#2193=VECTOR('',#7971,10.);
#2194=VECTOR('',#7976,10.);
#2195=VECTOR('',#7977,10.);
#2196=VECTOR('',#7980,10.);
#2197=VECTOR('',#7983,10.);
#2198=VECTOR('',#7988,10.);
#2199=VECTOR('',#7989,10.);
#2200=VECTOR('',#7992,10.);
#2201=VECTOR('',#7995,10.);
#2202=VECTOR('',#8000,10.);
#2203=VECTOR('',#8001,10.);
#2204=VECTOR('',#8004,10.);
#2205=VECTOR('',#8007,10.);
#2206=VECTOR('',#8012,10.);
#2207=VECTOR('',#8013,10.);
#2208=VECTOR('',#8016,10.);
#2209=VECTOR('',#8019,10.);
#2210=B_SPLINE_CURVE_WITH_KNOTS('',3,(#8037,#8038,#8039,#8040,#8041),
 .UNSPECIFIED.,.F.,.F.,(4,1,4),(0.,0.051012875806734,0.106040067546738),
 .UNSPECIFIED.);
#2211=B_SPLINE_CURVE_WITH_KNOTS('',3,(#8045,#8046,#8047,#8048,#8049),
 .UNSPECIFIED.,.F.,.F.,(4,1,4),(0.,0.051012875806734,0.106040067546738),
 .UNSPECIFIED.);
#2212=B_SPLINE_CURVE_WITH_KNOTS('',3,(#8062,#8063,#8064,#8065,#8066),
 .UNSPECIFIED.,.F.,.F.,(4,1,4),(0.,0.0632598560697214,0.11727798144026),
 .UNSPECIFIED.);
#2213=B_SPLINE_CURVE_WITH_KNOTS('',3,(#8069,#8070,#8071,#8072,#8073),
 .UNSPECIFIED.,.F.,.F.,(4,1,4),(0.,0.0632598560697214,0.11727798144026),
 .UNSPECIFIED.);
#2214=B_SPLINE_CURVE_WITH_KNOTS('',3,(#8085,#8086,#8087,#8088,#8089),
 .UNSPECIFIED.,.F.,.F.,(4,1,4),(0.,0.108209647918128,0.178326689970738),
 .UNSPECIFIED.);
#2215=B_SPLINE_CURVE_WITH_KNOTS('',3,(#8092,#8093,#8094,#8095,#8096),
 .UNSPECIFIED.,.F.,.F.,(4,1,4),(0.,0.108209647918128,0.178326689970738),
 .UNSPECIFIED.);
#2216=B_SPLINE_CURVE_WITH_KNOTS('',3,(#8126,#8127,#8128,#8129,#8130),
 .UNSPECIFIED.,.F.,.F.,(4,1,4),(0.,0.0867195429715181,0.172679226975484),
 .UNSPECIFIED.);
#2217=B_SPLINE_CURVE_WITH_KNOTS('',3,(#8133,#8134,#8135,#8136,#8137),
 .UNSPECIFIED.,.F.,.F.,(4,1,4),(0.,0.0867195429715181,0.172679226975484),
 .UNSPECIFIED.);
#2218=B_SPLINE_CURVE_WITH_KNOTS('',3,(#8149,#8150,#8151,#8152,#8153),
 .UNSPECIFIED.,.F.,.F.,(4,1,4),(0.,0.0864462750421987,0.175880764003994),
 .UNSPECIFIED.);
#2219=B_SPLINE_CURVE_WITH_KNOTS('',3,(#8156,#8157,#8158,#8159,#8160),
 .UNSPECIFIED.,.F.,.F.,(4,1,4),(0.,0.0864462750421987,0.175880764003994),
 .UNSPECIFIED.);
#2220=B_SPLINE_CURVE_WITH_KNOTS('',3,(#8190,#8191,#8192,#8193,#8194),
 .UNSPECIFIED.,.F.,.F.,(4,1,4),(0.,0.0133756443288537,0.0319378379852281),
 .UNSPECIFIED.);
#2221=B_SPLINE_CURVE_WITH_KNOTS('',3,(#8197,#8198,#8199,#8200,#8201),
 .UNSPECIFIED.,.F.,.F.,(4,1,4),(0.,0.0133756443288537,0.0319378379852281),
 .UNSPECIFIED.);
#2222=B_SPLINE_CURVE_WITH_KNOTS('',3,(#8213,#8214,#8215,#8216,#8217),
 .UNSPECIFIED.,.F.,.F.,(4,1,4),(0.,0.0354711927647159,0.0988816975644637),
 .UNSPECIFIED.);
#2223=B_SPLINE_CURVE_WITH_KNOTS('',3,(#8220,#8221,#8222,#8223,#8224),
 .UNSPECIFIED.,.F.,.F.,(4,1,4),(0.,0.0354711927647159,0.0988816975644637),
 .UNSPECIFIED.);
#2224=B_SPLINE_CURVE_WITH_KNOTS('',3,(#8236,#8237,#8238,#8239,#8240),
 .UNSPECIFIED.,.F.,.F.,(4,1,4),(0.,0.0276961404944178,0.0559287953043721),
 .UNSPECIFIED.);
#2225=B_SPLINE_CURVE_WITH_KNOTS('',3,(#8243,#8244,#8245,#8246,#8247),
 .UNSPECIFIED.,.F.,.F.,(4,1,4),(0.,0.0276961404944178,0.0559287953043721),
 .UNSPECIFIED.);
#2226=B_SPLINE_CURVE_WITH_KNOTS('',3,(#8259,#8260,#8261,#8262,#8263),
 .UNSPECIFIED.,.F.,.F.,(4,1,4),(0.,0.0369925123028612,0.0674141717435547),
 .UNSPECIFIED.);
#2227=B_SPLINE_CURVE_WITH_KNOTS('',3,(#8266,#8267,#8268,#8269,#8270),
 .UNSPECIFIED.,.F.,.F.,(4,1,4),(0.,0.0369925123028612,0.0674141717435547),
 .UNSPECIFIED.);
#2228=B_SPLINE_CURVE_WITH_KNOTS('',3,(#8282,#8283,#8284,#8285,#8286),
 .UNSPECIFIED.,.F.,.F.,(4,1,4),(0.,0.0385662181402952,0.0712519705978772),
 .UNSPECIFIED.);
#2229=B_SPLINE_CURVE_WITH_KNOTS('',3,(#8289,#8290,#8291,#8292,#8293),
 .UNSPECIFIED.,.F.,.F.,(4,1,4),(0.,0.0385662181402952,0.0712519705978772),
 .UNSPECIFIED.);
#2230=B_SPLINE_CURVE_WITH_KNOTS('',3,(#8310,#8311,#8312,#8313,#8314),
 .UNSPECIFIED.,.F.,.F.,(4,1,4),(0.,0.0377041823740006,0.0808092952841574),
 .UNSPECIFIED.);
#2231=B_SPLINE_CURVE_WITH_KNOTS('',3,(#8315,#8316,#8317,#8318,#8319),
 .UNSPECIFIED.,.F.,.F.,(4,1,4),(0.,0.0377041823740006,0.0808092952841574),
 .UNSPECIFIED.);
#2232=B_SPLINE_CURVE_WITH_KNOTS('',3,(#8333,#8334,#8335,#8336,#8337),
 .UNSPECIFIED.,.F.,.F.,(4,1,4),(0.,0.079124242571743,0.156243078076768),
 .UNSPECIFIED.);
#2233=B_SPLINE_CURVE_WITH_KNOTS('',3,(#8341,#8342,#8343,#8344,#8345),
 .UNSPECIFIED.,.F.,.F.,(4,1,4),(0.,0.079124242571743,0.156243078076768),
 .UNSPECIFIED.);
#2234=B_SPLINE_CURVE_WITH_KNOTS('',3,(#8358,#8359,#8360,#8361,#8362),
 .UNSPECIFIED.,.F.,.F.,(4,1,4),(0.,0.0858384198534626,0.172428619907404),
 .UNSPECIFIED.);
#2235=B_SPLINE_CURVE_WITH_KNOTS('',3,(#8365,#8366,#8367,#8368,#8369),
 .UNSPECIFIED.,.F.,.F.,(4,1,4),(0.,0.0858384198534626,0.172428619907404),
 .UNSPECIFIED.);
#2236=B_SPLINE_CURVE_WITH_KNOTS('',3,(#8381,#8382,#8383,#8384,#8385),
 .UNSPECIFIED.,.F.,.F.,(4,1,4),(0.,0.081503791990215,0.146356519209801),
 .UNSPECIFIED.);
#2237=B_SPLINE_CURVE_WITH_KNOTS('',3,(#8388,#8389,#8390,#8391,#8392),
 .UNSPECIFIED.,.F.,.F.,(4,1,4),(0.,0.081503791990215,0.146356519209801),
 .UNSPECIFIED.);
#2238=B_SPLINE_CURVE_WITH_KNOTS('',3,(#8409,#8410,#8411,#8412,#8413),
 .UNSPECIFIED.,.F.,.F.,(4,1,4),(0.,0.0798866946382736,0.167247072241773),
 .UNSPECIFIED.);
#2239=B_SPLINE_CURVE_WITH_KNOTS('',3,(#8414,#8415,#8416,#8417,#8418),
 .UNSPECIFIED.,.F.,.F.,(4,1,4),(0.,0.0798866946382736,0.167247072241773),
 .UNSPECIFIED.);
#2240=B_SPLINE_CURVE_WITH_KNOTS('',3,(#8431,#8432,#8433,#8434,#8435),
 .UNSPECIFIED.,.F.,.F.,(4,1,4),(0.,0.0632102325389634,0.122239337971916),
 .UNSPECIFIED.);
#2241=B_SPLINE_CURVE_WITH_KNOTS('',3,(#8439,#8440,#8441,#8442,#8443),
 .UNSPECIFIED.,.F.,.F.,(4,1,4),(0.,0.0632102325389634,0.122239337971916),
 .UNSPECIFIED.);
#2242=B_SPLINE_CURVE_WITH_KNOTS('',3,(#8456,#8457,#8458,#8459,#8460),
 .UNSPECIFIED.,.F.,.F.,(4,1,4),(0.,0.0831668247843591,0.167884078798029),
 .UNSPECIFIED.);
#2243=B_SPLINE_CURVE_WITH_KNOTS('',3,(#8463,#8464,#8465,#8466,#8467),
 .UNSPECIFIED.,.F.,.F.,(4,1,4),(0.,0.0831668247843591,0.167884078798029),
 .UNSPECIFIED.);
#2244=B_SPLINE_CURVE_WITH_KNOTS('',3,(#8479,#8480,#8481,#8482,#8483),
 .UNSPECIFIED.,.F.,.F.,(4,1,4),(0.,0.107324887136278,0.198019249617392),
 .UNSPECIFIED.);
#2245=B_SPLINE_CURVE_WITH_KNOTS('',3,(#8486,#8487,#8488,#8489,#8490),
 .UNSPECIFIED.,.F.,.F.,(4,1,4),(0.,0.107324887136278,0.198019249617392),
 .UNSPECIFIED.);
#2246=B_SPLINE_CURVE_WITH_KNOTS('',3,(#8508,#8509,#8510,#8511,#8512),
 .UNSPECIFIED.,.F.,.F.,(4,1,4),(0.,0.0136436145152145,0.0327500595241844),
 .UNSPECIFIED.);
#2247=B_SPLINE_CURVE_WITH_KNOTS('',3,(#8515,#8516,#8517,#8518,#8519),
 .UNSPECIFIED.,.F.,.F.,(4,1,4),(0.,0.0136436145152145,0.0327500595241844),
 .UNSPECIFIED.);
#2248=B_SPLINE_CURVE_WITH_KNOTS('',3,(#8531,#8532,#8533,#8534,#8535),
 .UNSPECIFIED.,.F.,.F.,(4,1,4),(0.,0.137617295583108,0.298549362942771),
 .UNSPECIFIED.);
#2249=B_SPLINE_CURVE_WITH_KNOTS('',3,(#8538,#8539,#8540,#8541,#8542),
 .UNSPECIFIED.,.F.,.F.,(4,1,4),(0.,0.137617295583108,0.298549362942771),
 .UNSPECIFIED.);
#2250=B_SPLINE_CURVE_WITH_KNOTS('',3,(#8554,#8555,#8556,#8557,#8558),
 .UNSPECIFIED.,.F.,.F.,(4,1,4),(0.,0.134288300408442,0.263166736911985),
 .UNSPECIFIED.);
#2251=B_SPLINE_CURVE_WITH_KNOTS('',3,(#8561,#8562,#8563,#8564,#8565),
 .UNSPECIFIED.,.F.,.F.,(4,1,4),(0.,0.134288300408442,0.263166736911985),
 .UNSPECIFIED.);
#2252=B_SPLINE_CURVE_WITH_KNOTS('',3,(#8577,#8578,#8579,#8580,#8581),
 .UNSPECIFIED.,.F.,.F.,(4,1,4),(0.,0.131993764083717,0.270398736069172),
 .UNSPECIFIED.);
#2253=B_SPLINE_CURVE_WITH_KNOTS('',3,(#8584,#8585,#8586,#8587,#8588),
 .UNSPECIFIED.,.F.,.F.,(4,1,4),(0.,0.131993764083717,0.270398736069172),
 .UNSPECIFIED.);
#2254=B_SPLINE_CURVE_WITH_KNOTS('',3,(#8600,#8601,#8602,#8603,#8604),
 .UNSPECIFIED.,.F.,.F.,(4,1,4),(0.,0.16404337589493,0.304495851192627),
 .UNSPECIFIED.);
#2255=B_SPLINE_CURVE_WITH_KNOTS('',3,(#8607,#8608,#8609,#8610,#8611),
 .UNSPECIFIED.,.F.,.F.,(4,1,4),(0.,0.16404337589493,0.304495851192627),
 .UNSPECIFIED.);
#2256=B_SPLINE_CURVE_WITH_KNOTS('',3,(#8623,#8624,#8625,#8626,#8627),
 .UNSPECIFIED.,.F.,.F.,(4,1,4),(0.,0.136755780955715,0.29544702126706),
 .UNSPECIFIED.);
#2257=B_SPLINE_CURVE_WITH_KNOTS('',3,(#8630,#8631,#8632,#8633,#8634),
 .UNSPECIFIED.,.F.,.F.,(4,1,4),(0.,0.136755780955715,0.29544702126706),
 .UNSPECIFIED.);
#2258=B_SPLINE_CURVE_WITH_KNOTS('',3,(#8646,#8647,#8648,#8649,#8650),
 .UNSPECIFIED.,.F.,.F.,(4,1,4),(0.,0.144565910587593,0.276454073250248),
 .UNSPECIFIED.);
#2259=B_SPLINE_CURVE_WITH_KNOTS('',3,(#8653,#8654,#8655,#8656,#8657),
 .UNSPECIFIED.,.F.,.F.,(4,1,4),(0.,0.144565910587593,0.276454073250248),
 .UNSPECIFIED.);
#2260=B_SPLINE_CURVE_WITH_KNOTS('',3,(#8669,#8670,#8671,#8672,#8673),
 .UNSPECIFIED.,.F.,.F.,(4,1,4),(0.,0.103261753775636,0.219220681104903),
 .UNSPECIFIED.);
#2261=B_SPLINE_CURVE_WITH_KNOTS('',3,(#8676,#8677,#8678,#8679,#8680),
 .UNSPECIFIED.,.F.,.F.,(4,1,4),(0.,0.103261753775636,0.219220681104903),
 .UNSPECIFIED.);
#2262=B_SPLINE_CURVE_WITH_KNOTS('',3,(#8692,#8693,#8694,#8695,#8696),
 .UNSPECIFIED.,.F.,.F.,(4,1,4),(0.,0.10761677173635,0.208258045696323),
 .UNSPECIFIED.);
#2263=B_SPLINE_CURVE_WITH_KNOTS('',3,(#8699,#8700,#8701,#8702,#8703),
 .UNSPECIFIED.,.F.,.F.,(4,1,4),(0.,0.10761677173635,0.208258045696323),
 .UNSPECIFIED.);
#2264=B_SPLINE_CURVE_WITH_KNOTS('',3,(#8720,#8721,#8722,#8723,#8724),
 .UNSPECIFIED.,.F.,.F.,(4,1,4),(0.,0.0628661920406909,0.137683989249252),
 .UNSPECIFIED.);
#2265=B_SPLINE_CURVE_WITH_KNOTS('',3,(#8725,#8726,#8727,#8728,#8729),
 .UNSPECIFIED.,.F.,.F.,(4,1,4),(0.,0.0628661920406909,0.137683989249252),
 .UNSPECIFIED.);
#2266=B_SPLINE_CURVE_WITH_KNOTS('',3,(#8751,#8752,#8753,#8754,#8755),
 .UNSPECIFIED.,.F.,.F.,(4,1,4),(0.,0.0838354022080881,0.201514441007641),
 .UNSPECIFIED.);
#2267=B_SPLINE_CURVE_WITH_KNOTS('',3,(#8758,#8759,#8760,#8761,#8762),
 .UNSPECIFIED.,.F.,.F.,(4,1,4),(0.,0.0838354022080881,0.201514441007641),
 .UNSPECIFIED.);
#2268=B_SPLINE_CURVE_WITH_KNOTS('',3,(#8774,#8775,#8776,#8777,#8778),
 .UNSPECIFIED.,.F.,.F.,(4,1,4),(0.,0.0741262012242251,0.146787778889463),
 .UNSPECIFIED.);
#2269=B_SPLINE_CURVE_WITH_KNOTS('',3,(#8781,#8782,#8783,#8784,#8785),
 .UNSPECIFIED.,.F.,.F.,(4,1,4),(0.,0.0741262012242251,0.146787778889463),
 .UNSPECIFIED.);
#2270=B_SPLINE_CURVE_WITH_KNOTS('',3,(#8797,#8798,#8799,#8800,#8801),
 .UNSPECIFIED.,.F.,.F.,(4,1,4),(0.,0.0429932781586868,0.0892847710667178),
 .UNSPECIFIED.);
#2271=B_SPLINE_CURVE_WITH_KNOTS('',3,(#8804,#8805,#8806,#8807,#8808),
 .UNSPECIFIED.,.F.,.F.,(4,1,4),(0.,0.0429932781586868,0.0892847710667178),
 .UNSPECIFIED.);
#2272=B_SPLINE_CURVE_WITH_KNOTS('',3,(#8820,#8821,#8822,#8823,#8824),
 .UNSPECIFIED.,.F.,.F.,(4,1,4),(0.,0.038882855821195,0.0792547116392494),
 .UNSPECIFIED.);
#2273=B_SPLINE_CURVE_WITH_KNOTS('',3,(#8827,#8828,#8829,#8830,#8831),
 .UNSPECIFIED.,.F.,.F.,(4,1,4),(0.,0.038882855821195,0.0792547116392494),
 .UNSPECIFIED.);
#2274=B_SPLINE_CURVE_WITH_KNOTS('',3,(#8843,#8844,#8845,#8846,#8847),
 .UNSPECIFIED.,.F.,.F.,(4,1,4),(0.,0.0656672952627256,0.113529318246787),
 .UNSPECIFIED.);
#2275=B_SPLINE_CURVE_WITH_KNOTS('',3,(#8850,#8851,#8852,#8853,#8854),
 .UNSPECIFIED.,.F.,.F.,(4,1,4),(0.,0.0656672952627256,0.113529318246787),
 .UNSPECIFIED.);
#2276=B_SPLINE_CURVE_WITH_KNOTS('',3,(#8884,#8885,#8886,#8887,#8888),
 .UNSPECIFIED.,.F.,.F.,(4,1,4),(0.,0.0471744571077762,0.119670661975991),
 .UNSPECIFIED.);
#2277=B_SPLINE_CURVE_WITH_KNOTS('',3,(#8891,#8892,#8893,#8894,#8895),
 .UNSPECIFIED.,.F.,.F.,(4,1,4),(0.,0.0471744571077762,0.119670661975991),
 .UNSPECIFIED.);
#2278=B_SPLINE_CURVE_WITH_KNOTS('',3,(#8907,#8908,#8909,#8910,#8911),
 .UNSPECIFIED.,.F.,.F.,(4,1,4),(0.,0.0477858820735348,0.0989776494587499),
 .UNSPECIFIED.);
#2279=B_SPLINE_CURVE_WITH_KNOTS('',3,(#8914,#8915,#8916,#8917,#8918),
 .UNSPECIFIED.,.F.,.F.,(4,1,4),(0.,0.0477858820735348,0.0989776494587499),
 .UNSPECIFIED.);
#2280=B_SPLINE_CURVE_WITH_KNOTS('',3,(#8930,#8931,#8932,#8933,#8934),
 .UNSPECIFIED.,.F.,.F.,(4,1,4),(0.,0.0551745509943198,0.103770927883787),
 .UNSPECIFIED.);
#2281=B_SPLINE_CURVE_WITH_KNOTS('',3,(#8937,#8938,#8939,#8940,#8941),
 .UNSPECIFIED.,.F.,.F.,(4,1,4),(0.,0.0551745509943198,0.103770927883787),
 .UNSPECIFIED.);
#2282=B_SPLINE_CURVE_WITH_KNOTS('',3,(#8953,#8954,#8955,#8956,#8957),
 .UNSPECIFIED.,.F.,.F.,(4,1,4),(0.,0.0631162192579511,0.123316020009473),
 .UNSPECIFIED.);
#2283=B_SPLINE_CURVE_WITH_KNOTS('',3,(#8960,#8961,#8962,#8963,#8964),
 .UNSPECIFIED.,.F.,.F.,(4,1,4),(0.,0.0631162192579511,0.123316020009473),
 .UNSPECIFIED.);
#2284=B_SPLINE_CURVE_WITH_KNOTS('',3,(#8976,#8977,#8978,#8979,#8980),
 .UNSPECIFIED.,.F.,.F.,(4,1,4),(0.,0.132401958180248,0.268724255189259),
 .UNSPECIFIED.);
#2285=B_SPLINE_CURVE_WITH_KNOTS('',3,(#8983,#8984,#8985,#8986,#8987),
 .UNSPECIFIED.,.F.,.F.,(4,1,4),(0.,0.132401958180248,0.268724255189259),
 .UNSPECIFIED.);
#2286=B_SPLINE_CURVE_WITH_KNOTS('',3,(#9022,#9023,#9024,#9025,#9026),
 .UNSPECIFIED.,.F.,.F.,(4,1,4),(0.,0.0775201206404483,0.158219864739653),
 .UNSPECIFIED.);
#2287=B_SPLINE_CURVE_WITH_KNOTS('',3,(#9030,#9031,#9032,#9033,#9034),
 .UNSPECIFIED.,.F.,.F.,(4,1,4),(0.,0.0775201206404483,0.158219864739653),
 .UNSPECIFIED.);
#2288=B_SPLINE_CURVE_WITH_KNOTS('',3,(#9047,#9048,#9049,#9050,#9051),
 .UNSPECIFIED.,.F.,.F.,(4,1,4),(0.,0.0824487524244199,0.161439603325493),
 .UNSPECIFIED.);
#2289=B_SPLINE_CURVE_WITH_KNOTS('',3,(#9054,#9055,#9056,#9057,#9058),
 .UNSPECIFIED.,.F.,.F.,(4,1,4),(0.,0.0824487524244199,0.161439603325493),
 .UNSPECIFIED.);
#2290=B_SPLINE_CURVE_WITH_KNOTS('',3,(#9070,#9071,#9072,#9073,#9074),
 .UNSPECIFIED.,.F.,.F.,(4,1,4),(0.,0.117572919797519,0.212429995194289),
 .UNSPECIFIED.);
#2291=B_SPLINE_CURVE_WITH_KNOTS('',3,(#9077,#9078,#9079,#9080,#9081),
 .UNSPECIFIED.,.F.,.F.,(4,1,4),(0.,0.117572919797519,0.212429995194289),
 .UNSPECIFIED.);
#2292=B_SPLINE_CURVE_WITH_KNOTS('',3,(#9093,#9094,#9095,#9096,#9097),
 .UNSPECIFIED.,.F.,.F.,(4,1,4),(0.,0.0940396113196987,0.215538426647104),
 .UNSPECIFIED.);
#2293=B_SPLINE_CURVE_WITH_KNOTS('',3,(#9100,#9101,#9102,#9103,#9104),
 .UNSPECIFIED.,.F.,.F.,(4,1,4),(0.,0.0940396113196987,0.215538426647104),
 .UNSPECIFIED.);
#2294=B_SPLINE_CURVE_WITH_KNOTS('',3,(#9116,#9117,#9118,#9119,#9120),
 .UNSPECIFIED.,.F.,.F.,(4,1,4),(0.,0.0794496882425225,0.160062350086244),
 .UNSPECIFIED.);
#2295=B_SPLINE_CURVE_WITH_KNOTS('',3,(#9123,#9124,#9125,#9126,#9127),
 .UNSPECIFIED.,.F.,.F.,(4,1,4),(0.,0.0794496882425225,0.160062350086244),
 .UNSPECIFIED.);
#2296=B_SPLINE_CURVE_WITH_KNOTS('',3,(#9139,#9140,#9141,#9142,#9143),
 .UNSPECIFIED.,.F.,.F.,(4,1,4),(0.,0.0804975703363888,0.160298897005157),
 .UNSPECIFIED.);
#2297=B_SPLINE_CURVE_WITH_KNOTS('',3,(#9146,#9147,#9148,#9149,#9150),
 .UNSPECIFIED.,.F.,.F.,(4,1,4),(0.,0.0804975703363888,0.160298897005157),
 .UNSPECIFIED.);
#2298=B_SPLINE_CURVE_WITH_KNOTS('',3,(#9162,#9163,#9164,#9165,#9166),
 .UNSPECIFIED.,.F.,.F.,(4,1,4),(0.,0.124104409270319,0.218900879434377),
 .UNSPECIFIED.);
#2299=B_SPLINE_CURVE_WITH_KNOTS('',3,(#9169,#9170,#9171,#9172,#9173),
 .UNSPECIFIED.,.F.,.F.,(4,1,4),(0.,0.124104409270319,0.218900879434377),
 .UNSPECIFIED.);
#2300=B_SPLINE_CURVE_WITH_KNOTS('',3,(#9184,#9185,#9186,#9187,#9188),
 .UNSPECIFIED.,.F.,.F.,(4,1,4),(0.,0.0931304244489911,0.208873713986185),
 .UNSPECIFIED.);
#2301=B_SPLINE_CURVE_WITH_KNOTS('',3,(#9189,#9190,#9191,#9192,#9193),
 .UNSPECIFIED.,.F.,.F.,(4,1,4),(0.,0.0931304244489911,0.208873713986185),
 .UNSPECIFIED.);
#2302=B_SPLINE_CURVE_WITH_KNOTS('',3,(#9206,#9207,#9208,#9209,#9210),
 .UNSPECIFIED.,.F.,.F.,(4,1,4),(0.,0.118059366336286,0.220161520870016),
 .UNSPECIFIED.);
#2303=B_SPLINE_CURVE_WITH_KNOTS('',3,(#9214,#9215,#9216,#9217,#9218),
 .UNSPECIFIED.,.F.,.F.,(4,1,4),(0.,0.118059366336286,0.220161520870016),
 .UNSPECIFIED.);
#2304=B_SPLINE_CURVE_WITH_KNOTS('',3,(#9231,#9232,#9233,#9234,#9235),
 .UNSPECIFIED.,.F.,.F.,(4,1,4),(0.,0.0887802227284972,0.189828311258739),
 .UNSPECIFIED.);
#2305=B_SPLINE_CURVE_WITH_KNOTS('',3,(#9238,#9239,#9240,#9241,#9242),
 .UNSPECIFIED.,.F.,.F.,(4,1,4),(0.,0.0887802227284972,0.189828311258739),
 .UNSPECIFIED.);
#2306=B_SPLINE_CURVE_WITH_KNOTS('',3,(#9254,#9255,#9256,#9257,#9258),
 .UNSPECIFIED.,.F.,.F.,(4,1,4),(0.,0.0772853474706991,0.157998135828644),
 .UNSPECIFIED.);
#2307=B_SPLINE_CURVE_WITH_KNOTS('',3,(#9261,#9262,#9263,#9264,#9265),
 .UNSPECIFIED.,.F.,.F.,(4,1,4),(0.,0.0772853474706991,0.157998135828644),
 .UNSPECIFIED.);
#2308=B_SPLINE_CURVE_WITH_KNOTS('',3,(#9277,#9278,#9279,#9280,#9281),
 .UNSPECIFIED.,.F.,.F.,(4,1,4),(0.,0.144782224806019,0.243466388519591),
 .UNSPECIFIED.);
#2309=B_SPLINE_CURVE_WITH_KNOTS('',3,(#9284,#9285,#9286,#9287,#9288),
 .UNSPECIFIED.,.F.,.F.,(4,1,4),(0.,0.144782224806019,0.243466388519591),
 .UNSPECIFIED.);
#2310=B_SPLINE_CURVE_WITH_KNOTS('',3,(#9318,#9319,#9320,#9321,#9322),
 .UNSPECIFIED.,.F.,.F.,(4,1,4),(0.,0.119822139723996,0.242184381562539),
 .UNSPECIFIED.);
#2311=B_SPLINE_CURVE_WITH_KNOTS('',3,(#9325,#9326,#9327,#9328,#9329),
 .UNSPECIFIED.,.F.,.F.,(4,1,4),(0.,0.119822139723996,0.242184381562539),
 .UNSPECIFIED.);
#2312=B_SPLINE_CURVE_WITH_KNOTS('',3,(#9341,#9342,#9343,#9344,#9345),
 .UNSPECIFIED.,.F.,.F.,(4,1,4),(0.,0.0853799949476475,0.176124390676153),
 .UNSPECIFIED.);
#2313=B_SPLINE_CURVE_WITH_KNOTS('',3,(#9348,#9349,#9350,#9351,#9352),
 .UNSPECIFIED.,.F.,.F.,(4,1,4),(0.,0.0853799949476475,0.176124390676153),
 .UNSPECIFIED.);
#2314=B_SPLINE_CURVE_WITH_KNOTS('',3,(#9364,#9365,#9366,#9367,#9368),
 .UNSPECIFIED.,.F.,.F.,(4,1,4),(0.,0.0902549160999303,0.175584713756806),
 .UNSPECIFIED.);
#2315=B_SPLINE_CURVE_WITH_KNOTS('',3,(#9371,#9372,#9373,#9374,#9375),
 .UNSPECIFIED.,.F.,.F.,(4,1,4),(0.,0.0902549160999303,0.175584713756806),
 .UNSPECIFIED.);
#2316=B_SPLINE_CURVE_WITH_KNOTS('',3,(#9387,#9388,#9389,#9390,#9391),
 .UNSPECIFIED.,.F.,.F.,(4,1,4),(0.,0.100116230641446,0.195998979930117),
 .UNSPECIFIED.);
#2317=B_SPLINE_CURVE_WITH_KNOTS('',3,(#9394,#9395,#9396,#9397,#9398),
 .UNSPECIFIED.,.F.,.F.,(4,1,4),(0.,0.100116230641446,0.195998979930117),
 .UNSPECIFIED.);
#2318=B_SPLINE_CURVE_WITH_KNOTS('',3,(#9410,#9411,#9412,#9413,#9414),
 .UNSPECIFIED.,.F.,.F.,(4,1,4),(0.,0.133475874252728,0.274970355748404),
 .UNSPECIFIED.);
#2319=B_SPLINE_CURVE_WITH_KNOTS('',3,(#9417,#9418,#9419,#9420,#9421),
 .UNSPECIFIED.,.F.,.F.,(4,1,4),(0.,0.133475874252728,0.274970355748404),
 .UNSPECIFIED.);
#2320=B_SPLINE_CURVE_WITH_KNOTS('',3,(#9433,#9434,#9435,#9436,#9437),
 .UNSPECIFIED.,.F.,.F.,(4,1,4),(0.,0.135215708258797,0.262820520852287),
 .UNSPECIFIED.);
#2321=B_SPLINE_CURVE_WITH_KNOTS('',3,(#9440,#9441,#9442,#9443,#9444),
 .UNSPECIFIED.,.F.,.F.,(4,1,4),(0.,0.135215708258797,0.262820520852287),
 .UNSPECIFIED.);
#2322=B_SPLINE_CURVE_WITH_KNOTS('',3,(#9456,#9457,#9458,#9459,#9460),
 .UNSPECIFIED.,.F.,.F.,(4,1,4),(0.,0.11500360279996,0.227688627215348),
 .UNSPECIFIED.);
#2323=B_SPLINE_CURVE_WITH_KNOTS('',3,(#9463,#9464,#9465,#9466,#9467),
 .UNSPECIFIED.,.F.,.F.,(4,1,4),(0.,0.11500360279996,0.227688627215348),
 .UNSPECIFIED.);
#2324=B_SPLINE_CURVE_WITH_KNOTS('',3,(#9479,#9480,#9481,#9482,#9483),
 .UNSPECIFIED.,.F.,.F.,(4,1,4),(0.,0.0585703097919712,0.158008195264482),
 .UNSPECIFIED.);
#2325=B_SPLINE_CURVE_WITH_KNOTS('',3,(#9486,#9487,#9488,#9489,#9490),
 .UNSPECIFIED.,.F.,.F.,(4,1,4),(0.,0.0585703097919712,0.158008195264482),
 .UNSPECIFIED.);
#2326=B_SPLINE_CURVE_WITH_KNOTS('',3,(#9502,#9503,#9504,#9505,#9506),
 .UNSPECIFIED.,.F.,.F.,(4,1,4),(0.,0.0564519977612951,0.116016447530142),
 .UNSPECIFIED.);
#2327=B_SPLINE_CURVE_WITH_KNOTS('',3,(#9509,#9510,#9511,#9512,#9513),
 .UNSPECIFIED.,.F.,.F.,(4,1,4),(0.,0.0564519977612951,0.116016447530142),
 .UNSPECIFIED.);
#2328=B_SPLINE_CURVE_WITH_KNOTS('',3,(#9525,#9526,#9527,#9528,#9529),
 .UNSPECIFIED.,.F.,.F.,(4,1,4),(0.,0.0760249849106478,0.137686212368354),
 .UNSPECIFIED.);
#2329=B_SPLINE_CURVE_WITH_KNOTS('',3,(#9532,#9533,#9534,#9535,#9536),
 .UNSPECIFIED.,.F.,.F.,(4,1,4),(0.,0.0760249849106478,0.137686212368354),
 .UNSPECIFIED.);
#2330=B_SPLINE_CURVE_WITH_KNOTS('',3,(#9548,#9549,#9550,#9551,#9552),
 .UNSPECIFIED.,.F.,.F.,(4,1,4),(0.,0.0598051311208226,0.13108814096359),
 .UNSPECIFIED.);
#2331=B_SPLINE_CURVE_WITH_KNOTS('',3,(#9555,#9556,#9557,#9558,#9559),
 .UNSPECIFIED.,.F.,.F.,(4,1,4),(0.,0.0598051311208226,0.13108814096359),
 .UNSPECIFIED.);
#2332=B_SPLINE_CURVE_WITH_KNOTS('',3,(#9571,#9572,#9573,#9574,#9575),
 .UNSPECIFIED.,.F.,.F.,(4,1,4),(0.,0.0498026875189438,0.0925326635673204),
 .UNSPECIFIED.);
#2333=B_SPLINE_CURVE_WITH_KNOTS('',3,(#9578,#9579,#9580,#9581,#9582),
 .UNSPECIFIED.,.F.,.F.,(4,1,4),(0.,0.0498026875189438,0.0925326635673204),
 .UNSPECIFIED.);
#2334=B_SPLINE_CURVE_WITH_KNOTS('',3,(#9599,#9600,#9601,#9602,#9603),
 .UNSPECIFIED.,.F.,.F.,(4,1,4),(0.,0.094027760236613,0.198154007155537),
 .UNSPECIFIED.);
#2335=B_SPLINE_CURVE_WITH_KNOTS('',3,(#9604,#9605,#9606,#9607,#9608),
 .UNSPECIFIED.,.F.,.F.,(4,1,4),(0.,0.094027760236613,0.198154007155537),
 .UNSPECIFIED.);
#2336=B_SPLINE_CURVE_WITH_KNOTS('',3,(#9622,#9623,#9624,#9625,#9626),
 .UNSPECIFIED.,.F.,.F.,(4,1,4),(0.,0.0956793411788773,0.188858009504069),
 .UNSPECIFIED.);
#2337=B_SPLINE_CURVE_WITH_KNOTS('',3,(#9630,#9631,#9632,#9633,#9634),
 .UNSPECIFIED.,.F.,.F.,(4,1,4),(0.,0.0956793411788773,0.188858009504069),
 .UNSPECIFIED.);
#2338=B_SPLINE_CURVE_WITH_KNOTS('',3,(#9647,#9648,#9649,#9650,#9651),
 .UNSPECIFIED.,.F.,.F.,(4,1,4),(0.,0.125135913970429,0.232079876401682),
 .UNSPECIFIED.);
#2339=B_SPLINE_CURVE_WITH_KNOTS('',3,(#9654,#9655,#9656,#9657,#9658),
 .UNSPECIFIED.,.F.,.F.,(4,1,4),(0.,0.125135913970429,0.232079876401682),
 .UNSPECIFIED.);
#2340=B_SPLINE_CURVE_WITH_KNOTS('',3,(#9670,#9671,#9672,#9673,#9674),
 .UNSPECIFIED.,.F.,.F.,(4,1,4),(0.,0.0956161640228147,0.19781040338506),
 .UNSPECIFIED.);
#2341=B_SPLINE_CURVE_WITH_KNOTS('',3,(#9677,#9678,#9679,#9680,#9681),
 .UNSPECIFIED.,.F.,.F.,(4,1,4),(0.,0.0956161640228147,0.19781040338506),
 .UNSPECIFIED.);
#2342=B_SPLINE_CURVE_WITH_KNOTS('',3,(#9693,#9694,#9695,#9696,#9697),
 .UNSPECIFIED.,.F.,.F.,(4,1,4),(0.,0.083895244768449,0.172975506751876),
 .UNSPECIFIED.);
#2343=B_SPLINE_CURVE_WITH_KNOTS('',3,(#9700,#9701,#9702,#9703,#9704),
 .UNSPECIFIED.,.F.,.F.,(4,1,4),(0.,0.083895244768449,0.172975506751876),
 .UNSPECIFIED.);
#2344=B_SPLINE_CURVE_WITH_KNOTS('',3,(#9716,#9717,#9718,#9719,#9720),
 .UNSPECIFIED.,.F.,.F.,(4,1,4),(0.,0.0783445049840652,0.158903233498242),
 .UNSPECIFIED.);
#2345=B_SPLINE_CURVE_WITH_KNOTS('',3,(#9723,#9724,#9725,#9726,#9727),
 .UNSPECIFIED.,.F.,.F.,(4,1,4),(0.,0.0783445049840652,0.158903233498242),
 .UNSPECIFIED.);
#2346=B_SPLINE_CURVE_WITH_KNOTS('',3,(#9739,#9740,#9741,#9742,#9743),
 .UNSPECIFIED.,.F.,.F.,(4,1,4),(0.,0.0733881716722249,0.149900143867504),
 .UNSPECIFIED.);
#2347=B_SPLINE_CURVE_WITH_KNOTS('',3,(#9746,#9747,#9748,#9749,#9750),
 .UNSPECIFIED.,.F.,.F.,(4,1,4),(0.,0.0733881716722249,0.149900143867504),
 .UNSPECIFIED.);
#2348=B_SPLINE_CURVE_WITH_KNOTS('',3,(#9762,#9763,#9764,#9765,#9766),
 .UNSPECIFIED.,.F.,.F.,(4,1,4),(0.,0.0885423207811168,0.165932736079385),
 .UNSPECIFIED.);
#2349=B_SPLINE_CURVE_WITH_KNOTS('',3,(#9769,#9770,#9771,#9772,#9773),
 .UNSPECIFIED.,.F.,.F.,(4,1,4),(0.,0.0885423207811168,0.165932736079385),
 .UNSPECIFIED.);
#2350=B_SPLINE_CURVE_WITH_KNOTS('',3,(#9785,#9786,#9787,#9788,#9789),
 .UNSPECIFIED.,.F.,.F.,(4,1,4),(0.,0.140231904646509,0.230565719030642),
 .UNSPECIFIED.);
#2351=B_SPLINE_CURVE_WITH_KNOTS('',3,(#9792,#9793,#9794,#9795,#9796),
 .UNSPECIFIED.,.F.,.F.,(4,1,4),(0.,0.140231904646509,0.230565719030642),
 .UNSPECIFIED.);
#2352=B_SPLINE_CURVE_WITH_KNOTS('',3,(#9808,#9809,#9810,#9811,#9812),
 .UNSPECIFIED.,.F.,.F.,(4,1,4),(0.,0.0774490773667732,0.212882271059074),
 .UNSPECIFIED.);
#2353=B_SPLINE_CURVE_WITH_KNOTS('',3,(#9815,#9816,#9817,#9818,#9819),
 .UNSPECIFIED.,.F.,.F.,(4,1,4),(0.,0.0774490773667732,0.212882271059074),
 .UNSPECIFIED.);
#2354=B_SPLINE_CURVE_WITH_KNOTS('',3,(#9831,#9832,#9833,#9834,#9835),
 .UNSPECIFIED.,.F.,.F.,(4,1,4),(0.,0.0500658817781103,0.09921490561675),
 .UNSPECIFIED.);
#2355=B_SPLINE_CURVE_WITH_KNOTS('',3,(#9838,#9839,#9840,#9841,#9842),
 .UNSPECIFIED.,.F.,.F.,(4,1,4),(0.,0.0500658817781103,0.09921490561675),
 .UNSPECIFIED.);
#2356=B_SPLINE_CURVE_WITH_KNOTS('',3,(#9854,#9855,#9856,#9857,#9858),
 .UNSPECIFIED.,.F.,.F.,(4,1,4),(0.,0.0636386175366696,0.122807816956213),
 .UNSPECIFIED.);
#2357=B_SPLINE_CURVE_WITH_KNOTS('',3,(#9861,#9862,#9863,#9864,#9865),
 .UNSPECIFIED.,.F.,.F.,(4,1,4),(0.,0.0636386175366696,0.122807816956213),
 .UNSPECIFIED.);
#2358=B_SPLINE_CURVE_WITH_KNOTS('',3,(#9877,#9878,#9879,#9880,#9881),
 .UNSPECIFIED.,.F.,.F.,(4,1,4),(0.,0.104349677880356,0.182822291858745),
 .UNSPECIFIED.);
#2359=B_SPLINE_CURVE_WITH_KNOTS('',3,(#9884,#9885,#9886,#9887,#9888),
 .UNSPECIFIED.,.F.,.F.,(4,1,4),(0.,0.104349677880356,0.182822291858745),
 .UNSPECIFIED.);
#2360=B_SPLINE_CURVE_WITH_KNOTS('',3,(#9900,#9901,#9902,#9903,#9904),
 .UNSPECIFIED.,.F.,.F.,(4,1,4),(0.,0.0816033384532748,0.183535581727943),
 .UNSPECIFIED.);
#2361=B_SPLINE_CURVE_WITH_KNOTS('',3,(#9907,#9908,#9909,#9910,#9911),
 .UNSPECIFIED.,.F.,.F.,(4,1,4),(0.,0.0816033384532748,0.183535581727943),
 .UNSPECIFIED.);
#2362=B_SPLINE_CURVE_WITH_KNOTS('',3,(#9923,#9924,#9925,#9926,#9927),
 .UNSPECIFIED.,.F.,.F.,(4,1,4),(0.,0.0861880315906027,0.16231001490464),
 .UNSPECIFIED.);
#2363=B_SPLINE_CURVE_WITH_KNOTS('',3,(#9930,#9931,#9932,#9933,#9934),
 .UNSPECIFIED.,.F.,.F.,(4,1,4),(0.,0.0861880315906027,0.16231001490464),
 .UNSPECIFIED.);
#2364=B_SPLINE_CURVE_WITH_KNOTS('',3,(#9952,#9953,#9954,#9955,#9956),
 .UNSPECIFIED.,.F.,.F.,(4,1,4),(0.,0.082079051829504,0.166633567436802),
 .UNSPECIFIED.);
#2365=B_SPLINE_CURVE_WITH_KNOTS('',3,(#9959,#9960,#9961,#9962,#9963),
 .UNSPECIFIED.,.F.,.F.,(4,1,4),(0.,0.082079051829504,0.166633567436802),
 .UNSPECIFIED.);
#2366=B_SPLINE_CURVE_WITH_KNOTS('',3,(#9975,#9976,#9977,#9978,#9979),
 .UNSPECIFIED.,.F.,.F.,(4,1,4),(0.,0.0871848581824626,0.169760493107018),
 .UNSPECIFIED.);
#2367=B_SPLINE_CURVE_WITH_KNOTS('',3,(#9982,#9983,#9984,#9985,#9986),
 .UNSPECIFIED.,.F.,.F.,(4,1,4),(0.,0.0871848581824626,0.169760493107018),
 .UNSPECIFIED.);
#2368=B_SPLINE_CURVE_WITH_KNOTS('',3,(#9998,#9999,#10000,#10001,#10002),
 .UNSPECIFIED.,.F.,.F.,(4,1,4),(0.,0.10500378186879,0.200355509765013),
 .UNSPECIFIED.);
#2369=B_SPLINE_CURVE_WITH_KNOTS('',3,(#10005,#10006,#10007,#10008,#10009),
 .UNSPECIFIED.,.F.,.F.,(4,1,4),(0.,0.10500378186879,0.200355509765013),
 .UNSPECIFIED.);
#2370=B_SPLINE_CURVE_WITH_KNOTS('',3,(#10021,#10022,#10023,#10024,#10025),
 .UNSPECIFIED.,.F.,.F.,(4,1,4),(0.,0.0908183274117712,0.187545543739123),
 .UNSPECIFIED.);
#2371=B_SPLINE_CURVE_WITH_KNOTS('',3,(#10028,#10029,#10030,#10031,#10032),
 .UNSPECIFIED.,.F.,.F.,(4,1,4),(0.,0.0908183274117712,0.187545543739123),
 .UNSPECIFIED.);
#2372=B_SPLINE_CURVE_WITH_KNOTS('',3,(#10044,#10045,#10046,#10047,#10048),
 .UNSPECIFIED.,.F.,.F.,(4,1,4),(0.,0.0784003304665297,0.16233227409106),
 .UNSPECIFIED.);
#2373=B_SPLINE_CURVE_WITH_KNOTS('',3,(#10051,#10052,#10053,#10054,#10055),
 .UNSPECIFIED.,.F.,.F.,(4,1,4),(0.,0.0784003304665297,0.16233227409106),
 .UNSPECIFIED.);
#2374=B_SPLINE_CURVE_WITH_KNOTS('',3,(#10067,#10068,#10069,#10070,#10071),
 .UNSPECIFIED.,.F.,.F.,(4,1,4),(0.,0.0740271922949735,0.149548641884056),
 .UNSPECIFIED.);
#2375=B_SPLINE_CURVE_WITH_KNOTS('',3,(#10074,#10075,#10076,#10077,#10078),
 .UNSPECIFIED.,.F.,.F.,(4,1,4),(0.,0.0740271922949735,0.149548641884056),
 .UNSPECIFIED.);
#2376=B_SPLINE_CURVE_WITH_KNOTS('',3,(#10090,#10091,#10092,#10093,#10094),
 .UNSPECIFIED.,.F.,.F.,(4,1,4),(0.,0.0645416683484054,0.130696789742288),
 .UNSPECIFIED.);
#2377=B_SPLINE_CURVE_WITH_KNOTS('',3,(#10097,#10098,#10099,#10100,#10101),
 .UNSPECIFIED.,.F.,.F.,(4,1,4),(0.,0.0645416683484054,0.130696789742288),
 .UNSPECIFIED.);
#2378=B_SPLINE_CURVE_WITH_KNOTS('',3,(#10113,#10114,#10115,#10116,#10117),
 .UNSPECIFIED.,.F.,.F.,(4,1,4),(0.,0.0753212458063606,0.142900114558782),
 .UNSPECIFIED.);
#2379=B_SPLINE_CURVE_WITH_KNOTS('',3,(#10120,#10121,#10122,#10123,#10124),
 .UNSPECIFIED.,.F.,.F.,(4,1,4),(0.,0.0753212458063606,0.142900114558782),
 .UNSPECIFIED.);
#2380=B_SPLINE_CURVE_WITH_KNOTS('',3,(#10136,#10137,#10138,#10139,#10140),
 .UNSPECIFIED.,.F.,.F.,(4,1,4),(0.,0.121485575396249,0.203186459601821),
 .UNSPECIFIED.);
#2381=B_SPLINE_CURVE_WITH_KNOTS('',3,(#10143,#10144,#10145,#10146,#10147),
 .UNSPECIFIED.,.F.,.F.,(4,1,4),(0.,0.121485575396249,0.203186459601821),
 .UNSPECIFIED.);
#2382=B_SPLINE_CURVE_WITH_KNOTS('',3,(#10159,#10160,#10161,#10162,#10163),
 .UNSPECIFIED.,.F.,.F.,(4,1,4),(0.,0.0676663031025526,0.184653908627906),
 .UNSPECIFIED.);
#2383=B_SPLINE_CURVE_WITH_KNOTS('',3,(#10166,#10167,#10168,#10169,#10170),
 .UNSPECIFIED.,.F.,.F.,(4,1,4),(0.,0.0676663031025526,0.184653908627906),
 .UNSPECIFIED.);
#2384=B_SPLINE_CURVE_WITH_KNOTS('',3,(#10182,#10183,#10184,#10185,#10186),
 .UNSPECIFIED.,.F.,.F.,(4,1,4),(0.,0.048490558758718,0.108625560888204),
 .UNSPECIFIED.);
#2385=B_SPLINE_CURVE_WITH_KNOTS('',3,(#10189,#10190,#10191,#10192,#10193),
 .UNSPECIFIED.,.F.,.F.,(4,1,4),(0.,0.048490558758718,0.108625560888204),
 .UNSPECIFIED.);
#2386=B_SPLINE_CURVE_WITH_KNOTS('',3,(#10205,#10206,#10207,#10208,#10209),
 .UNSPECIFIED.,.F.,.F.,(4,1,4),(0.,0.0446071400504063,0.0878673561352716),
 .UNSPECIFIED.);
#2387=B_SPLINE_CURVE_WITH_KNOTS('',3,(#10212,#10213,#10214,#10215,#10216),
 .UNSPECIFIED.,.F.,.F.,(4,1,4),(0.,0.0446071400504063,0.0878673561352716),
 .UNSPECIFIED.);
#2388=B_SPLINE_CURVE_WITH_KNOTS('',3,(#10228,#10229,#10230,#10231,#10232),
 .UNSPECIFIED.,.F.,.F.,(4,1,4),(0.,0.0461824572385367,0.0913347205334798),
 .UNSPECIFIED.);
#2389=B_SPLINE_CURVE_WITH_KNOTS('',3,(#10235,#10236,#10237,#10238,#10239),
 .UNSPECIFIED.,.F.,.F.,(4,1,4),(0.,0.0461824572385367,0.0913347205334798),
 .UNSPECIFIED.);
#2390=B_SPLINE_CURVE_WITH_KNOTS('',3,(#10251,#10252,#10253,#10254,#10255),
 .UNSPECIFIED.,.F.,.F.,(4,1,4),(0.,0.0571736110184928,0.107218491024063),
 .UNSPECIFIED.);
#2391=B_SPLINE_CURVE_WITH_KNOTS('',3,(#10258,#10259,#10260,#10261,#10262),
 .UNSPECIFIED.,.F.,.F.,(4,1,4),(0.,0.0571736110184928,0.107218491024063),
 .UNSPECIFIED.);
#2392=B_SPLINE_CURVE_WITH_KNOTS('',3,(#10274,#10275,#10276,#10277,#10278),
 .UNSPECIFIED.,.F.,.F.,(4,1,4),(0.,0.0715041786668495,0.136162292764333),
 .UNSPECIFIED.);
#2393=B_SPLINE_CURVE_WITH_KNOTS('',3,(#10281,#10282,#10283,#10284,#10285),
 .UNSPECIFIED.,.F.,.F.,(4,1,4),(0.,0.0715041786668495,0.136162292764333),
 .UNSPECIFIED.);
#2394=B_SPLINE_CURVE_WITH_KNOTS('',3,(#10297,#10298,#10299,#10300,#10301),
 .UNSPECIFIED.,.F.,.F.,(4,1,4),(0.,0.0758156550684458,0.157157332118797),
 .UNSPECIFIED.);
#2395=B_SPLINE_CURVE_WITH_KNOTS('',3,(#10304,#10305,#10306,#10307,#10308),
 .UNSPECIFIED.,.F.,.F.,(4,1,4),(0.,0.0758156550684458,0.157157332118797),
 .UNSPECIFIED.);
#2396=B_SPLINE_CURVE_WITH_KNOTS('',3,(#10320,#10321,#10322,#10323,#10324),
 .UNSPECIFIED.,.F.,.F.,(4,1,4),(0.,0.060009742269638,0.128468816795528),
 .UNSPECIFIED.);
#2397=B_SPLINE_CURVE_WITH_KNOTS('',3,(#10327,#10328,#10329,#10330,#10331),
 .UNSPECIFIED.,.F.,.F.,(4,1,4),(0.,0.060009742269638,0.128468816795528),
 .UNSPECIFIED.);
#2398=B_SPLINE_CURVE_WITH_KNOTS('',3,(#10343,#10344,#10345,#10346,#10347),
 .UNSPECIFIED.,.F.,.F.,(4,1,4),(0.,0.0698729528995113,0.130775251095127),
 .UNSPECIFIED.);
#2399=B_SPLINE_CURVE_WITH_KNOTS('',3,(#10350,#10351,#10352,#10353,#10354),
 .UNSPECIFIED.,.F.,.F.,(4,1,4),(0.,0.0698729528995113,0.130775251095127),
 .UNSPECIFIED.);
#2400=B_SPLINE_CURVE_WITH_KNOTS('',3,(#10371,#10372,#10373,#10374,#10375),
 .UNSPECIFIED.,.F.,.F.,(4,1,4),(0.,0.0935651144537266,0.189827196336428),
 .UNSPECIFIED.);
#2401=B_SPLINE_CURVE_WITH_KNOTS('',3,(#10376,#10377,#10378,#10379,#10380),
 .UNSPECIFIED.,.F.,.F.,(4,1,4),(0.,0.0935651144537266,0.189827196336428),
 .UNSPECIFIED.);
#2402=B_SPLINE_CURVE_WITH_KNOTS('',3,(#10414,#10415,#10416,#10417,#10418),
 .UNSPECIFIED.,.F.,.F.,(4,1,4),(0.,0.061647401042349,0.143572123310939),
 .UNSPECIFIED.);
#2403=B_SPLINE_CURVE_WITH_KNOTS('',3,(#10421,#10422,#10423,#10424,#10425),
 .UNSPECIFIED.,.F.,.F.,(4,1,4),(0.,0.061647401042349,0.143572123310939),
 .UNSPECIFIED.);
#2404=B_SPLINE_CURVE_WITH_KNOTS('',3,(#10437,#10438,#10439,#10440,#10441),
 .UNSPECIFIED.,.F.,.F.,(4,1,4),(0.,0.0531728987335751,0.104609093623551),
 .UNSPECIFIED.);
#2405=B_SPLINE_CURVE_WITH_KNOTS('',3,(#10444,#10445,#10446,#10447,#10448),
 .UNSPECIFIED.,.F.,.F.,(4,1,4),(0.,0.0531728987335751,0.104609093623551),
 .UNSPECIFIED.);
#2406=B_SPLINE_CURVE_WITH_KNOTS('',3,(#10460,#10461,#10462,#10463,#10464),
 .UNSPECIFIED.,.F.,.F.,(4,1,4),(0.,0.0540125578462284,0.108459210965226),
 .UNSPECIFIED.);
#2407=B_SPLINE_CURVE_WITH_KNOTS('',3,(#10467,#10468,#10469,#10470,#10471),
 .UNSPECIFIED.,.F.,.F.,(4,1,4),(0.,0.0540125578462284,0.108459210965226),
 .UNSPECIFIED.);
#2408=B_SPLINE_CURVE_WITH_KNOTS('',3,(#10483,#10484,#10485,#10486,#10487),
 .UNSPECIFIED.,.F.,.F.,(4,1,4),(0.,0.0467889436779926,0.0980745561960349),
 .UNSPECIFIED.);
#2409=B_SPLINE_CURVE_WITH_KNOTS('',3,(#10490,#10491,#10492,#10493,#10494),
 .UNSPECIFIED.,.F.,.F.,(4,1,4),(0.,0.0467889436779926,0.0980745561960349),
 .UNSPECIFIED.);
#2410=B_SPLINE_CURVE_WITH_KNOTS('',3,(#10506,#10507,#10508,#10509,#10510),
 .UNSPECIFIED.,.F.,.F.,(4,1,4),(0.,0.0468571380601937,0.0920334728242423),
 .UNSPECIFIED.);
#2411=B_SPLINE_CURVE_WITH_KNOTS('',3,(#10513,#10514,#10515,#10516,#10517),
 .UNSPECIFIED.,.F.,.F.,(4,1,4),(0.,0.0468571380601937,0.0920334728242423),
 .UNSPECIFIED.);
#2412=B_SPLINE_CURVE_WITH_KNOTS('',3,(#10529,#10530,#10531,#10532,#10533),
 .UNSPECIFIED.,.F.,.F.,(4,1,4),(0.,0.0805129816468679,0.129947624249482),
 .UNSPECIFIED.);
#2413=B_SPLINE_CURVE_WITH_KNOTS('',3,(#10536,#10537,#10538,#10539,#10540),
 .UNSPECIFIED.,.F.,.F.,(4,1,4),(0.,0.0805129816468679,0.129947624249482),
 .UNSPECIFIED.);
#2414=B_SPLINE_CURVE_WITH_KNOTS('',3,(#10570,#10571,#10572,#10573,#10574),
 .UNSPECIFIED.,.F.,.F.,(4,1,4),(0.,0.0470634247980986,0.114961152106584),
 .UNSPECIFIED.);
#2415=B_SPLINE_CURVE_WITH_KNOTS('',3,(#10577,#10578,#10579,#10580,#10581),
 .UNSPECIFIED.,.F.,.F.,(4,1,4),(0.,0.0470634247980986,0.114961152106584),
 .UNSPECIFIED.);
#2416=B_SPLINE_CURVE_WITH_KNOTS('',3,(#10593,#10594,#10595,#10596,#10597),
 .UNSPECIFIED.,.F.,.F.,(4,1,4),(0.,0.0472890690291302,0.099190220016687),
 .UNSPECIFIED.);
#2417=B_SPLINE_CURVE_WITH_KNOTS('',3,(#10600,#10601,#10602,#10603,#10604),
 .UNSPECIFIED.,.F.,.F.,(4,1,4),(0.,0.0472890690291302,0.099190220016687),
 .UNSPECIFIED.);
#2418=B_SPLINE_CURVE_WITH_KNOTS('',3,(#10616,#10617,#10618,#10619,#10620),
 .UNSPECIFIED.,.F.,.F.,(4,1,4),(0.,0.0557989963027098,0.103972375985176),
 .UNSPECIFIED.);
#2419=B_SPLINE_CURVE_WITH_KNOTS('',3,(#10623,#10624,#10625,#10626,#10627),
 .UNSPECIFIED.,.F.,.F.,(4,1,4),(0.,0.0557989963027098,0.103972375985176),
 .UNSPECIFIED.);
#2420=B_SPLINE_CURVE_WITH_KNOTS('',3,(#10639,#10640,#10641,#10642,#10643),
 .UNSPECIFIED.,.F.,.F.,(4,1,4),(0.,0.0622911402793644,0.122883910045304),
 .UNSPECIFIED.);
#2421=B_SPLINE_CURVE_WITH_KNOTS('',3,(#10646,#10647,#10648,#10649,#10650),
 .UNSPECIFIED.,.F.,.F.,(4,1,4),(0.,0.0622911402793644,0.122883910045304),
 .UNSPECIFIED.);
#2422=B_SPLINE_CURVE_WITH_KNOTS('',3,(#10662,#10663,#10664,#10665,#10666),
 .UNSPECIFIED.,.F.,.F.,(4,1,4),(0.,0.135765776231105,0.269453014155426),
 .UNSPECIFIED.);
#2423=B_SPLINE_CURVE_WITH_KNOTS('',3,(#10669,#10670,#10671,#10672,#10673),
 .UNSPECIFIED.,.F.,.F.,(4,1,4),(0.,0.135765776231105,0.269453014155426),
 .UNSPECIFIED.);
#2424=B_SPLINE_CURVE_WITH_KNOTS('',3,(#10696,#10697,#10698,#10699,#10700),
 .UNSPECIFIED.,.F.,.F.,(4,1,4),(0.,0.079124242571743,0.156243078076768),
 .UNSPECIFIED.);
#2425=B_SPLINE_CURVE_WITH_KNOTS('',3,(#10704,#10705,#10706,#10707,#10708),
 .UNSPECIFIED.,.F.,.F.,(4,1,4),(0.,0.079124242571743,0.156243078076768),
 .UNSPECIFIED.);
#2426=B_SPLINE_CURVE_WITH_KNOTS('',3,(#10721,#10722,#10723,#10724,#10725),
 .UNSPECIFIED.,.F.,.F.,(4,1,4),(0.,0.0858387940420674,0.172428994096009),
 .UNSPECIFIED.);
#2427=B_SPLINE_CURVE_WITH_KNOTS('',3,(#10728,#10729,#10730,#10731,#10732),
 .UNSPECIFIED.,.F.,.F.,(4,1,4),(0.,0.0858387940420674,0.172428994096009),
 .UNSPECIFIED.);
#2428=B_SPLINE_CURVE_WITH_KNOTS('',3,(#10744,#10745,#10746,#10747,#10748),
 .UNSPECIFIED.,.F.,.F.,(4,1,4),(0.,0.081503791990215,0.146356293515904),
 .UNSPECIFIED.);
#2429=B_SPLINE_CURVE_WITH_KNOTS('',3,(#10751,#10752,#10753,#10754,#10755),
 .UNSPECIFIED.,.F.,.F.,(4,1,4),(0.,0.081503791990215,0.146356293515904),
 .UNSPECIFIED.);
#2430=B_SPLINE_CURVE_WITH_KNOTS('',3,(#10772,#10773,#10774,#10775,#10776),
 .UNSPECIFIED.,.F.,.F.,(4,1,4),(0.,0.0798865610399272,0.167246938643427),
 .UNSPECIFIED.);
#2431=B_SPLINE_CURVE_WITH_KNOTS('',3,(#10777,#10778,#10779,#10780,#10781),
 .UNSPECIFIED.,.F.,.F.,(4,1,4),(0.,0.0798865610399272,0.167246938643427),
 .UNSPECIFIED.);
#2432=B_SPLINE_CURVE_WITH_KNOTS('',3,(#10794,#10795,#10796,#10797,#10798),
 .UNSPECIFIED.,.F.,.F.,(4,1,4),(0.,0.0632104685997126,0.122239361199419),
 .UNSPECIFIED.);
#2433=B_SPLINE_CURVE_WITH_KNOTS('',3,(#10802,#10803,#10804,#10805,#10806),
 .UNSPECIFIED.,.F.,.F.,(4,1,4),(0.,0.0632104685997126,0.122239361199419),
 .UNSPECIFIED.);
#2434=B_SPLINE_CURVE_WITH_KNOTS('',3,(#10819,#10820,#10821,#10822,#10823),
 .UNSPECIFIED.,.F.,.F.,(4,1,4),(0.,0.0831668247843591,0.167884078798029),
 .UNSPECIFIED.);
#2435=B_SPLINE_CURVE_WITH_KNOTS('',3,(#10826,#10827,#10828,#10829,#10830),
 .UNSPECIFIED.,.F.,.F.,(4,1,4),(0.,0.0831668247843591,0.167884078798029),
 .UNSPECIFIED.);
#2436=B_SPLINE_CURVE_WITH_KNOTS('',3,(#10842,#10843,#10844,#10845,#10846),
 .UNSPECIFIED.,.F.,.F.,(4,1,4),(0.,0.107324887136278,0.198019249617392),
 .UNSPECIFIED.);
#2437=B_SPLINE_CURVE_WITH_KNOTS('',3,(#10849,#10850,#10851,#10852,#10853),
 .UNSPECIFIED.,.F.,.F.,(4,1,4),(0.,0.107324887136278,0.198019249617392),
 .UNSPECIFIED.);
#2438=B_SPLINE_CURVE_WITH_KNOTS('',3,(#10871,#10872,#10873,#10874,#10875),
 .UNSPECIFIED.,.F.,.F.,(4,1,4),(0.,0.0136436174962033,0.0327500497420271),
 .UNSPECIFIED.);
#2439=B_SPLINE_CURVE_WITH_KNOTS('',3,(#10878,#10879,#10880,#10881,#10882),
 .UNSPECIFIED.,.F.,.F.,(4,1,4),(0.,0.0136436174962033,0.0327500497420271),
 .UNSPECIFIED.);
#2440=B_SPLINE_CURVE_WITH_KNOTS('',3,(#10894,#10895,#10896,#10897,#10898),
 .UNSPECIFIED.,.F.,.F.,(4,1,4),(0.,0.137617056274921,0.298549123634584),
 .UNSPECIFIED.);
#2441=B_SPLINE_CURVE_WITH_KNOTS('',3,(#10901,#10902,#10903,#10904,#10905),
 .UNSPECIFIED.,.F.,.F.,(4,1,4),(0.,0.137617056274921,0.298549123634584),
 .UNSPECIFIED.);
#2442=B_SPLINE_CURVE_WITH_KNOTS('',3,(#10917,#10918,#10919,#10920,#10921),
 .UNSPECIFIED.,.F.,.F.,(4,1,4),(0.,0.134288066066595,0.263166892497726),
 .UNSPECIFIED.);
#2443=B_SPLINE_CURVE_WITH_KNOTS('',3,(#10924,#10925,#10926,#10927,#10928),
 .UNSPECIFIED.,.F.,.F.,(4,1,4),(0.,0.134288066066595,0.263166892497726),
 .UNSPECIFIED.);
#2444=B_SPLINE_CURVE_WITH_KNOTS('',3,(#10940,#10941,#10942,#10943,#10944),
 .UNSPECIFIED.,.F.,.F.,(4,1,4),(0.,0.131993373501308,0.270398579907754),
 .UNSPECIFIED.);
#2445=B_SPLINE_CURVE_WITH_KNOTS('',3,(#10947,#10948,#10949,#10950,#10951),
 .UNSPECIFIED.,.F.,.F.,(4,1,4),(0.,0.131993373501308,0.270398579907754),
 .UNSPECIFIED.);
#2446=B_SPLINE_CURVE_WITH_KNOTS('',3,(#10963,#10964,#10965,#10966,#10967),
 .UNSPECIFIED.,.F.,.F.,(4,1,4),(0.,0.164043341691686,0.304496056677605),
 .UNSPECIFIED.);
#2447=B_SPLINE_CURVE_WITH_KNOTS('',3,(#10970,#10971,#10972,#10973,#10974),
 .UNSPECIFIED.,.F.,.F.,(4,1,4),(0.,0.164043341691686,0.304496056677605),
 .UNSPECIFIED.);
#2448=B_SPLINE_CURVE_WITH_KNOTS('',3,(#10986,#10987,#10988,#10989,#10990),
 .UNSPECIFIED.,.F.,.F.,(4,1,4),(0.,0.136755659209686,0.295446934493481),
 .UNSPECIFIED.);
#2449=B_SPLINE_CURVE_WITH_KNOTS('',3,(#10993,#10994,#10995,#10996,#10997),
 .UNSPECIFIED.,.F.,.F.,(4,1,4),(0.,0.136755659209686,0.295446934493481),
 .UNSPECIFIED.);
#2450=B_SPLINE_CURVE_WITH_KNOTS('',3,(#11009,#11010,#11011,#11012,#11013),
 .UNSPECIFIED.,.F.,.F.,(4,1,4),(0.,0.144565675609674,0.276453838272329),
 .UNSPECIFIED.);
#2451=B_SPLINE_CURVE_WITH_KNOTS('',3,(#11016,#11017,#11018,#11019,#11020),
 .UNSPECIFIED.,.F.,.F.,(4,1,4),(0.,0.144565675609674,0.276453838272329),
 .UNSPECIFIED.);
#2452=B_SPLINE_CURVE_WITH_KNOTS('',3,(#11032,#11033,#11034,#11035,#11036),
 .UNSPECIFIED.,.F.,.F.,(4,1,4),(0.,0.103262180586384,0.219221107915651),
 .UNSPECIFIED.);
#2453=B_SPLINE_CURVE_WITH_KNOTS('',3,(#11039,#11040,#11041,#11042,#11043),
 .UNSPECIFIED.,.F.,.F.,(4,1,4),(0.,0.103262180586384,0.219221107915651),
 .UNSPECIFIED.);
#2454=B_SPLINE_CURVE_WITH_KNOTS('',3,(#11055,#11056,#11057,#11058,#11059),
 .UNSPECIFIED.,.F.,.F.,(4,1,4),(0.,0.107616582078834,0.208257856038807),
 .UNSPECIFIED.);
#2455=B_SPLINE_CURVE_WITH_KNOTS('',3,(#11062,#11063,#11064,#11065,#11066),
 .UNSPECIFIED.,.F.,.F.,(4,1,4),(0.,0.107616582078834,0.208257856038807),
 .UNSPECIFIED.);
#2456=B_SPLINE_CURVE_WITH_KNOTS('',3,(#11083,#11084,#11085,#11086,#11087),
 .UNSPECIFIED.,.F.,.F.,(4,1,4),(0.,0.0628663543723153,0.137684151580877),
 .UNSPECIFIED.);
#2457=B_SPLINE_CURVE_WITH_KNOTS('',3,(#11088,#11089,#11090,#11091,#11092),
 .UNSPECIFIED.,.F.,.F.,(4,1,4),(0.,0.0628663543723153,0.137684151580877),
 .UNSPECIFIED.);
#2458=B_SPLINE_CURVE_WITH_KNOTS('',3,(#11114,#11115,#11116,#11117,#11118),
 .UNSPECIFIED.,.F.,.F.,(4,1,4),(0.,0.0702509813133225,0.145119006326439),
 .UNSPECIFIED.);
#2459=B_SPLINE_CURVE_WITH_KNOTS('',3,(#11121,#11122,#11123,#11124,#11125),
 .UNSPECIFIED.,.F.,.F.,(4,1,4),(0.,0.0702509813133225,0.145119006326439),
 .UNSPECIFIED.);
#2460=B_SPLINE_CURVE_WITH_KNOTS('',3,(#11137,#11138,#11139,#11140,#11141),
 .UNSPECIFIED.,.F.,.F.,(4,1,4),(0.,0.0398664351918436,0.0822767776851653),
 .UNSPECIFIED.);
#2461=B_SPLINE_CURVE_WITH_KNOTS('',3,(#11144,#11145,#11146,#11147,#11148),
 .UNSPECIFIED.,.F.,.F.,(4,1,4),(0.,0.0398664351918436,0.0822767776851653),
 .UNSPECIFIED.);
#2462=B_SPLINE_CURVE_WITH_KNOTS('',3,(#11160,#11161,#11162,#11163,#11164),
 .UNSPECIFIED.,.F.,.F.,(4,1,4),(0.,0.0386761690622372,0.0773165921252373),
 .UNSPECIFIED.);
#2463=B_SPLINE_CURVE_WITH_KNOTS('',3,(#11167,#11168,#11169,#11170,#11171),
 .UNSPECIFIED.,.F.,.F.,(4,1,4),(0.,0.0386761690622372,0.0773165921252373),
 .UNSPECIFIED.);
#2464=B_SPLINE_CURVE_WITH_KNOTS('',3,(#11183,#11184,#11185,#11186,#11187),
 .UNSPECIFIED.,.F.,.F.,(4,1,4),(0.,0.0492437248316367,0.094752437497521),
 .UNSPECIFIED.);
#2465=B_SPLINE_CURVE_WITH_KNOTS('',3,(#11190,#11191,#11192,#11193,#11194),
 .UNSPECIFIED.,.F.,.F.,(4,1,4),(0.,0.0492437248316367,0.094752437497521),
 .UNSPECIFIED.);
#2466=B_SPLINE_CURVE_WITH_KNOTS('',3,(#11212,#11213,#11214,#11215,#11216),
 .UNSPECIFIED.,.F.,.F.,(4,1,4),(0.,0.0633620984235782,0.133551277756489),
 .UNSPECIFIED.);
#2467=B_SPLINE_CURVE_WITH_KNOTS('',3,(#11219,#11220,#11221,#11222,#11223),
 .UNSPECIFIED.,.F.,.F.,(4,1,4),(0.,0.0633620984235782,0.133551277756489),
 .UNSPECIFIED.);
#2468=B_SPLINE_CURVE_WITH_KNOTS('',3,(#11235,#11236,#11237,#11238,#11239),
 .UNSPECIFIED.,.F.,.F.,(4,1,4),(0.,0.0418701297237398,0.0835086649442082),
 .UNSPECIFIED.);
#2469=B_SPLINE_CURVE_WITH_KNOTS('',3,(#11242,#11243,#11244,#11245,#11246),
 .UNSPECIFIED.,.F.,.F.,(4,1,4),(0.,0.0418701297237398,0.0835086649442082),
 .UNSPECIFIED.);
#2470=B_SPLINE_CURVE_WITH_KNOTS('',3,(#11258,#11259,#11260,#11261,#11262),
 .UNSPECIFIED.,.F.,.F.,(4,1,4),(0.,0.0757877164406787,0.128905402756581),
 .UNSPECIFIED.);
#2471=B_SPLINE_CURVE_WITH_KNOTS('',3,(#11265,#11266,#11267,#11268,#11269),
 .UNSPECIFIED.,.F.,.F.,(4,1,4),(0.,0.0757877164406787,0.128905402756581),
 .UNSPECIFIED.);
#2472=B_SPLINE_CURVE_WITH_KNOTS('',3,(#11304,#11305,#11306,#11307,#11308),
 .UNSPECIFIED.,.F.,.F.,(4,1,4),(0.,0.0859855175685639,0.171831661105314),
 .UNSPECIFIED.);
#2473=B_SPLINE_CURVE_WITH_KNOTS('',3,(#11312,#11313,#11314,#11315,#11316),
 .UNSPECIFIED.,.F.,.F.,(4,1,4),(0.,0.0859855175685639,0.171831661105314),
 .UNSPECIFIED.);
#2474=B_SPLINE_CURVE_WITH_KNOTS('',3,(#11329,#11330,#11331,#11332,#11333),
 .UNSPECIFIED.,.F.,.F.,(4,1,4),(0.,0.0859323084094143,0.171016415042026),
 .UNSPECIFIED.);
#2475=B_SPLINE_CURVE_WITH_KNOTS('',3,(#11336,#11337,#11338,#11339,#11340),
 .UNSPECIFIED.,.F.,.F.,(4,1,4),(0.,0.0859323084094143,0.171016415042026),
 .UNSPECIFIED.);
#2476=B_SPLINE_CURVE_WITH_KNOTS('',3,(#11352,#11353,#11354,#11355,#11356),
 .UNSPECIFIED.,.F.,.F.,(4,1,4),(0.,0.119075688516835,0.216083670389878),
 .UNSPECIFIED.);
#2477=B_SPLINE_CURVE_WITH_KNOTS('',3,(#11359,#11360,#11361,#11362,#11363),
 .UNSPECIFIED.,.F.,.F.,(4,1,4),(0.,0.119075688516835,0.216083670389878),
 .UNSPECIFIED.);
#2478=B_SPLINE_CURVE_WITH_KNOTS('',3,(#11375,#11376,#11377,#11378,#11379),
 .UNSPECIFIED.,.F.,.F.,(4,1,4),(0.,0.0989251885359925,0.224166155404234),
 .UNSPECIFIED.);
#2479=B_SPLINE_CURVE_WITH_KNOTS('',3,(#11382,#11383,#11384,#11385,#11386),
 .UNSPECIFIED.,.F.,.F.,(4,1,4),(0.,0.0989251885359925,0.224166155404234),
 .UNSPECIFIED.);
#2480=B_SPLINE_CURVE_WITH_KNOTS('',3,(#11398,#11399,#11400,#11401,#11402),
 .UNSPECIFIED.,.F.,.F.,(4,1,4),(0.,0.0855188365167947,0.171538447728897),
 .UNSPECIFIED.);
#2481=B_SPLINE_CURVE_WITH_KNOTS('',3,(#11405,#11406,#11407,#11408,#11409),
 .UNSPECIFIED.,.F.,.F.,(4,1,4),(0.,0.0855188365167947,0.171538447728897),
 .UNSPECIFIED.);
#2482=B_SPLINE_CURVE_WITH_KNOTS('',3,(#11421,#11422,#11423,#11424,#11425),
 .UNSPECIFIED.,.F.,.F.,(4,1,4),(0.,0.086000367536698,0.172002998955604),
 .UNSPECIFIED.);
#2483=B_SPLINE_CURVE_WITH_KNOTS('',3,(#11428,#11429,#11430,#11431,#11432),
 .UNSPECIFIED.,.F.,.F.,(4,1,4),(0.,0.086000367536698,0.172002998955604),
 .UNSPECIFIED.);
#2484=B_SPLINE_CURVE_WITH_KNOTS('',3,(#11444,#11445,#11446,#11447,#11448),
 .UNSPECIFIED.,.F.,.F.,(4,1,4),(0.,0.122617521317218,0.220560235710631),
 .UNSPECIFIED.);
#2485=B_SPLINE_CURVE_WITH_KNOTS('',3,(#11451,#11452,#11453,#11454,#11455),
 .UNSPECIFIED.,.F.,.F.,(4,1,4),(0.,0.122617521317218,0.220560235710631),
 .UNSPECIFIED.);
#2486=B_SPLINE_CURVE_WITH_KNOTS('',3,(#11466,#11467,#11468,#11469,#11470),
 .UNSPECIFIED.,.F.,.F.,(4,1,4),(0.,0.0977160136114226,0.220249074400767),
 .UNSPECIFIED.);
#2487=B_SPLINE_CURVE_WITH_KNOTS('',3,(#11471,#11472,#11473,#11474,#11475),
 .UNSPECIFIED.,.F.,.F.,(4,1,4),(0.,0.0977160136114226,0.220249074400767),
 .UNSPECIFIED.);
#2488=B_SPLINE_CURVE_WITH_KNOTS('',3,(#11488,#11489,#11490,#11491,#11492),
 .UNSPECIFIED.,.F.,.F.,(4,1,4),(0.,0.139679365891702,0.270434383139052),
 .UNSPECIFIED.);
#2489=B_SPLINE_CURVE_WITH_KNOTS('',3,(#11496,#11497,#11498,#11499,#11500),
 .UNSPECIFIED.,.F.,.F.,(4,1,4),(0.,0.139679365891702,0.270434383139052),
 .UNSPECIFIED.);
#2490=B_SPLINE_CURVE_WITH_KNOTS('',3,(#11513,#11514,#11515,#11516,#11517),
 .UNSPECIFIED.,.F.,.F.,(4,1,4),(0.,0.0901721958203958,0.1819930419251),
 .UNSPECIFIED.);
#2491=B_SPLINE_CURVE_WITH_KNOTS('',3,(#11520,#11521,#11522,#11523,#11524),
 .UNSPECIFIED.,.F.,.F.,(4,1,4),(0.,0.0901721958203958,0.1819930419251),
 .UNSPECIFIED.);
#2492=B_SPLINE_CURVE_WITH_KNOTS('',3,(#11536,#11537,#11538,#11539,#11540),
 .UNSPECIFIED.,.F.,.F.,(4,1,4),(0.,0.087871306990112,0.17632692769689),
 .UNSPECIFIED.);
#2493=B_SPLINE_CURVE_WITH_KNOTS('',3,(#11543,#11544,#11545,#11546,#11547),
 .UNSPECIFIED.,.F.,.F.,(4,1,4),(0.,0.087871306990112,0.17632692769689),
 .UNSPECIFIED.);
#2494=B_SPLINE_CURVE_WITH_KNOTS('',3,(#11559,#11560,#11561,#11562,#11563),
 .UNSPECIFIED.,.F.,.F.,(4,1,4),(0.,0.125354247813493,0.225496796135211),
 .UNSPECIFIED.);
#2495=B_SPLINE_CURVE_WITH_KNOTS('',3,(#11566,#11567,#11568,#11569,#11570),
 .UNSPECIFIED.,.F.,.F.,(4,1,4),(0.,0.125354247813493,0.225496796135211),
 .UNSPECIFIED.);
#2496=B_SPLINE_CURVE_WITH_KNOTS('',3,(#11582,#11583,#11584,#11585,#11586),
 .UNSPECIFIED.,.F.,.F.,(4,1,4),(0.,0.136538670642359,0.292258541835226),
 .UNSPECIFIED.);
#2497=B_SPLINE_CURVE_WITH_KNOTS('',3,(#11589,#11590,#11591,#11592,#11593),
 .UNSPECIFIED.,.F.,.F.,(4,1,4),(0.,0.136538670642359,0.292258541835226),
 .UNSPECIFIED.);
#2498=B_SPLINE_CURVE_WITH_KNOTS('',3,(#11605,#11606,#11607,#11608,#11609),
 .UNSPECIFIED.,.F.,.F.,(4,1,4),(0.,0.137931781826059,0.268900746858058),
 .UNSPECIFIED.);
#2499=B_SPLINE_CURVE_WITH_KNOTS('',3,(#11612,#11613,#11614,#11615,#11616),
 .UNSPECIFIED.,.F.,.F.,(4,1,4),(0.,0.137931781826059,0.268900746858058),
 .UNSPECIFIED.);
#2500=B_SPLINE_CURVE_WITH_KNOTS('',3,(#11628,#11629,#11630,#11631,#11632),
 .UNSPECIFIED.,.F.,.F.,(4,1,4),(0.,0.1199775023854,0.245745170816491),
 .UNSPECIFIED.);
#2501=B_SPLINE_CURVE_WITH_KNOTS('',3,(#11635,#11636,#11637,#11638,#11639),
 .UNSPECIFIED.,.F.,.F.,(4,1,4),(0.,0.1199775023854,0.245745170816491),
 .UNSPECIFIED.);
#2502=B_SPLINE_CURVE_WITH_KNOTS('',3,(#11651,#11652,#11653,#11654,#11655),
 .UNSPECIFIED.,.F.,.F.,(4,1,4),(0.,0.177355368701133,0.326208020821584),
 .UNSPECIFIED.);
#2503=B_SPLINE_CURVE_WITH_KNOTS('',3,(#11658,#11659,#11660,#11661,#11662),
 .UNSPECIFIED.,.F.,.F.,(4,1,4),(0.,0.177355368701133,0.326208020821584),
 .UNSPECIFIED.);
#2504=B_SPLINE_CURVE_WITH_KNOTS('',3,(#11673,#11674,#11675,#11676,#11677),
 .UNSPECIFIED.,.F.,.F.,(4,1,4),(0.,0.13826349538741,0.301957066227685),
 .UNSPECIFIED.);
#2505=B_SPLINE_CURVE_WITH_KNOTS('',3,(#11678,#11679,#11680,#11681,#11682),
 .UNSPECIFIED.,.F.,.F.,(4,1,4),(0.,0.13826349538741,0.301957066227685),
 .UNSPECIFIED.);
#2506=B_SPLINE_CURVE_WITH_KNOTS('',3,(#11704,#11705,#11706,#11707,#11708),
 .UNSPECIFIED.,.F.,.F.,(4,1,4),(0.,0.0796743255419173,0.143303041971482),
 .UNSPECIFIED.);
#2507=B_SPLINE_CURVE_WITH_KNOTS('',3,(#11711,#11712,#11713,#11714,#11715),
 .UNSPECIFIED.,.F.,.F.,(4,1,4),(0.,0.0796743255419173,0.143303041971482),
 .UNSPECIFIED.);
#2508=B_SPLINE_CURVE_WITH_KNOTS('',3,(#11727,#11728,#11729,#11730,#11731),
 .UNSPECIFIED.,.F.,.F.,(4,1,4),(0.,0.08532672473031,0.171839838115709),
 .UNSPECIFIED.);
#2509=B_SPLINE_CURVE_WITH_KNOTS('',3,(#11734,#11735,#11736,#11737,#11738),
 .UNSPECIFIED.,.F.,.F.,(4,1,4),(0.,0.08532672473031,0.171839838115709),
 .UNSPECIFIED.);
#2510=B_SPLINE_CURVE_WITH_KNOTS('',3,(#11750,#11751,#11752,#11753,#11754),
 .UNSPECIFIED.,.F.,.F.,(4,1,4),(0.,0.0964505960593094,0.193247819274895),
 .UNSPECIFIED.);
#2511=B_SPLINE_CURVE_WITH_KNOTS('',3,(#11757,#11758,#11759,#11760,#11761),
 .UNSPECIFIED.,.F.,.F.,(4,1,4),(0.,0.0964505960593094,0.193247819274895),
 .UNSPECIFIED.);
#2512=B_SPLINE_CURVE_WITH_KNOTS('',3,(#11773,#11774,#11775,#11776,#11777),
 .UNSPECIFIED.,.F.,.F.,(4,1,4),(0.,0.0966921738611765,0.191876832301731),
 .UNSPECIFIED.);
#2513=B_SPLINE_CURVE_WITH_KNOTS('',3,(#11780,#11781,#11782,#11783,#11784),
 .UNSPECIFIED.,.F.,.F.,(4,1,4),(0.,0.0966921738611765,0.191876832301731),
 .UNSPECIFIED.);
#2514=B_SPLINE_CURVE_WITH_KNOTS('',3,(#11796,#11797,#11798,#11799,#11800),
 .UNSPECIFIED.,.F.,.F.,(4,1,4),(0.,0.123321511885046,0.230019343183169),
 .UNSPECIFIED.);
#2515=B_SPLINE_CURVE_WITH_KNOTS('',3,(#11803,#11804,#11805,#11806,#11807),
 .UNSPECIFIED.,.F.,.F.,(4,1,4),(0.,0.123321511885046,0.230019343183169),
 .UNSPECIFIED.);
#2516=B_SPLINE_CURVE_WITH_KNOTS('',3,(#11819,#11820,#11821,#11822,#11823),
 .UNSPECIFIED.,.F.,.F.,(4,1,4),(0.,0.100846796903345,0.205818196692169),
 .UNSPECIFIED.);
#2517=B_SPLINE_CURVE_WITH_KNOTS('',3,(#11826,#11827,#11828,#11829,#11830),
 .UNSPECIFIED.,.F.,.F.,(4,1,4),(0.,0.100846796903345,0.205818196692169),
 .UNSPECIFIED.);
#2518=B_SPLINE_CURVE_WITH_KNOTS('',3,(#11842,#11843,#11844,#11845,#11846),
 .UNSPECIFIED.,.F.,.F.,(4,1,4),(0.,0.0594326100399676,0.117746376709173),
 .UNSPECIFIED.);
#2519=B_SPLINE_CURVE_WITH_KNOTS('',3,(#11849,#11850,#11851,#11852,#11853),
 .UNSPECIFIED.,.F.,.F.,(4,1,4),(0.,0.0594326100399676,0.117746376709173),
 .UNSPECIFIED.);
#2520=B_SPLINE_CURVE_WITH_KNOTS('',3,(#11865,#11866,#11867,#11868,#11869),
 .UNSPECIFIED.,.F.,.F.,(4,1,4),(0.,0.0677866069577617,0.129927337899432),
 .UNSPECIFIED.);
#2521=B_SPLINE_CURVE_WITH_KNOTS('',3,(#11872,#11873,#11874,#11875,#11876),
 .UNSPECIFIED.,.F.,.F.,(4,1,4),(0.,0.0677866069577617,0.129927337899432),
 .UNSPECIFIED.);
#2522=B_SPLINE_CURVE_WITH_KNOTS('',3,(#11888,#11889,#11890,#11891,#11892),
 .UNSPECIFIED.,.F.,.F.,(4,1,4),(0.,0.084865264001581,0.160081037485835),
 .UNSPECIFIED.);
#2523=B_SPLINE_CURVE_WITH_KNOTS('',3,(#11895,#11896,#11897,#11898,#11899),
 .UNSPECIFIED.,.F.,.F.,(4,1,4),(0.,0.084865264001581,0.160081037485835),
 .UNSPECIFIED.);
#2524=B_SPLINE_CURVE_WITH_KNOTS('',3,(#11911,#11912,#11913,#11914,#11915),
 .UNSPECIFIED.,.F.,.F.,(4,1,4),(0.,0.068382555851632,0.140985461710394),
 .UNSPECIFIED.);
#2525=B_SPLINE_CURVE_WITH_KNOTS('',3,(#11918,#11919,#11920,#11921,#11922),
 .UNSPECIFIED.,.F.,.F.,(4,1,4),(0.,0.068382555851632,0.140985461710394),
 .UNSPECIFIED.);
#2526=B_SPLINE_CURVE_WITH_KNOTS('',3,(#11934,#11935,#11936,#11937,#11938),
 .UNSPECIFIED.,.F.,.F.,(4,1,4),(0.,0.0565010856720954,0.119367895230634),
 .UNSPECIFIED.);
#2527=B_SPLINE_CURVE_WITH_KNOTS('',3,(#11941,#11942,#11943,#11944,#11945),
 .UNSPECIFIED.,.F.,.F.,(4,1,4),(0.,0.0565010856720954,0.119367895230634),
 .UNSPECIFIED.);
#2528=B_SPLINE_CURVE_WITH_KNOTS('',3,(#11957,#11958,#11959,#11960,#11961),
 .UNSPECIFIED.,.F.,.F.,(4,1,4),(0.,0.0727323430046779,0.132980082790653),
 .UNSPECIFIED.);
#2529=B_SPLINE_CURVE_WITH_KNOTS('',3,(#11964,#11965,#11966,#11967,#11968),
 .UNSPECIFIED.,.F.,.F.,(4,1,4),(0.,0.0727323430046779,0.132980082790653),
 .UNSPECIFIED.);
#2530=B_SPLINE_CURVE_WITH_KNOTS('',3,(#11986,#11987,#11988,#11989,#11990),
 .UNSPECIFIED.,.F.,.F.,(4,1,4),(0.,0.0845510990450518,0.181359382726751),
 .UNSPECIFIED.);
#2531=B_SPLINE_CURVE_WITH_KNOTS('',3,(#11993,#11994,#11995,#11996,#11997),
 .UNSPECIFIED.,.F.,.F.,(4,1,4),(0.,0.0845510990450518,0.181359382726751),
 .UNSPECIFIED.);
#2532=B_SPLINE_CURVE_WITH_KNOTS('',3,(#12009,#12010,#12011,#12012,#12013),
 .UNSPECIFIED.,.F.,.F.,(4,1,4),(0.,0.0887724115364304,0.170202569340088),
 .UNSPECIFIED.);
#2533=B_SPLINE_CURVE_WITH_KNOTS('',3,(#12016,#12017,#12018,#12019,#12020),
 .UNSPECIFIED.,.F.,.F.,(4,1,4),(0.,0.0887724115364304,0.170202569340088),
 .UNSPECIFIED.);
#2534=B_SPLINE_CURVE_WITH_KNOTS('',3,(#12032,#12033,#12034,#12035,#12036),
 .UNSPECIFIED.,.F.,.F.,(4,1,4),(0.,0.103629992696777,0.200150345014595),
 .UNSPECIFIED.);
#2535=B_SPLINE_CURVE_WITH_KNOTS('',3,(#12039,#12040,#12041,#12042,#12043),
 .UNSPECIFIED.,.F.,.F.,(4,1,4),(0.,0.103629992696777,0.200150345014595),
 .UNSPECIFIED.);
#2536=B_SPLINE_CURVE_WITH_KNOTS('',3,(#12055,#12056,#12057,#12058,#12059),
 .UNSPECIFIED.,.F.,.F.,(4,1,4),(0.,0.131611669141867,0.273135248383411),
 .UNSPECIFIED.);
#2537=B_SPLINE_CURVE_WITH_KNOTS('',3,(#12062,#12063,#12064,#12065,#12066),
 .UNSPECIFIED.,.F.,.F.,(4,1,4),(0.,0.131611669141867,0.273135248383411),
 .UNSPECIFIED.);
#2538=B_SPLINE_CURVE_WITH_KNOTS('',3,(#12078,#12079,#12080,#12081,#12082),
 .UNSPECIFIED.,.F.,.F.,(4,1,4),(0.,0.133025417679803,0.260608131191093),
 .UNSPECIFIED.);
#2539=B_SPLINE_CURVE_WITH_KNOTS('',3,(#12085,#12086,#12087,#12088,#12089),
 .UNSPECIFIED.,.F.,.F.,(4,1,4),(0.,0.133025417679803,0.260608131191093),
 .UNSPECIFIED.);
#2540=B_SPLINE_CURVE_WITH_KNOTS('',3,(#12101,#12102,#12103,#12104,#12105),
 .UNSPECIFIED.,.F.,.F.,(4,1,4),(0.,0.141938227229314,0.281082630801068),
 .UNSPECIFIED.);
#2541=B_SPLINE_CURVE_WITH_KNOTS('',3,(#12108,#12109,#12110,#12111,#12112),
 .UNSPECIFIED.,.F.,.F.,(4,1,4),(0.,0.141938227229314,0.281082630801068),
 .UNSPECIFIED.);
#2542=B_SPLINE_CURVE_WITH_KNOTS('',3,(#12124,#12125,#12126,#12127,#12128),
 .UNSPECIFIED.,.F.,.F.,(4,1,4),(0.,0.134491450426527,0.275676053969752),
 .UNSPECIFIED.);
#2543=B_SPLINE_CURVE_WITH_KNOTS('',3,(#12131,#12132,#12133,#12134,#12135),
 .UNSPECIFIED.,.F.,.F.,(4,1,4),(0.,0.134491450426527,0.275676053969752),
 .UNSPECIFIED.);
#2544=B_SPLINE_CURVE_WITH_KNOTS('',3,(#12147,#12148,#12149,#12150,#12151),
 .UNSPECIFIED.,.F.,.F.,(4,1,4),(0.,0.130825462584574,0.260773607699383),
 .UNSPECIFIED.);
#2545=B_SPLINE_CURVE_WITH_KNOTS('',3,(#12154,#12155,#12156,#12157,#12158),
 .UNSPECIFIED.,.F.,.F.,(4,1,4),(0.,0.130825462584574,0.260773607699383),
 .UNSPECIFIED.);
#2546=B_SPLINE_CURVE_WITH_KNOTS('',3,(#12170,#12171,#12172,#12173,#12174),
 .UNSPECIFIED.,.F.,.F.,(4,1,4),(0.,0.14148586545738,0.277139470900231),
 .UNSPECIFIED.);
#2547=B_SPLINE_CURVE_WITH_KNOTS('',3,(#12177,#12178,#12179,#12180,#12181),
 .UNSPECIFIED.,.F.,.F.,(4,1,4),(0.,0.14148586545738,0.277139470900231),
 .UNSPECIFIED.);
#2548=B_SPLINE_CURVE_WITH_KNOTS('',3,(#12193,#12194,#12195,#12196,#12197),
 .UNSPECIFIED.,.F.,.F.,(4,1,4),(0.,0.109088775514719,0.217310090840773),
 .UNSPECIFIED.);
#2549=B_SPLINE_CURVE_WITH_KNOTS('',3,(#12200,#12201,#12202,#12203,#12204),
 .UNSPECIFIED.,.F.,.F.,(4,1,4),(0.,0.109088775514719,0.217310090840773),
 .UNSPECIFIED.);
#2550=B_SPLINE_CURVE_WITH_KNOTS('',3,(#12216,#12217,#12218,#12219,#12220),
 .UNSPECIFIED.,.F.,.F.,(4,1,4),(0.,0.120241558672604,0.233473328029515),
 .UNSPECIFIED.);
#2551=B_SPLINE_CURVE_WITH_KNOTS('',3,(#12223,#12224,#12225,#12226,#12227),
 .UNSPECIFIED.,.F.,.F.,(4,1,4),(0.,0.120241558672604,0.233473328029515),
 .UNSPECIFIED.);
#2552=B_SPLINE_CURVE_WITH_KNOTS('',3,(#12270,#12271,#12272,#12273,#12274),
 .UNSPECIFIED.,.F.,.F.,(4,1,4),(0.,0.0611045833117592,0.153087810575813),
 .UNSPECIFIED.);
#2553=B_SPLINE_CURVE_WITH_KNOTS('',3,(#12277,#12278,#12279,#12280,#12281),
 .UNSPECIFIED.,.F.,.F.,(4,1,4),(0.,0.0611045833117592,0.153087810575813),
 .UNSPECIFIED.);
#2554=B_SPLINE_CURVE_WITH_KNOTS('',3,(#12293,#12294,#12295,#12296,#12297),
 .UNSPECIFIED.,.F.,.F.,(4,1,4),(0.,0.04309740299697,0.0871029172261418),
 .UNSPECIFIED.);
#2555=B_SPLINE_CURVE_WITH_KNOTS('',3,(#12300,#12301,#12302,#12303,#12304),
 .UNSPECIFIED.,.F.,.F.,(4,1,4),(0.,0.04309740299697,0.0871029172261418),
 .UNSPECIFIED.);
#2556=B_SPLINE_CURVE_WITH_KNOTS('',3,(#12316,#12317,#12318,#12319,#12320),
 .UNSPECIFIED.,.F.,.F.,(4,1,4),(0.,0.0471900835848537,0.0917851921033735),
 .UNSPECIFIED.);
#2557=B_SPLINE_CURVE_WITH_KNOTS('',3,(#12323,#12324,#12325,#12326,#12327),
 .UNSPECIFIED.,.F.,.F.,(4,1,4),(0.,0.0471900835848537,0.0917851921033735),
 .UNSPECIFIED.);
#2558=B_SPLINE_CURVE_WITH_KNOTS('',3,(#12339,#12340,#12341,#12342,#12343),
 .UNSPECIFIED.,.F.,.F.,(4,1,4),(0.,0.0436629260926985,0.0921763037535777),
 .UNSPECIFIED.);
#2559=B_SPLINE_CURVE_WITH_KNOTS('',3,(#12346,#12347,#12348,#12349,#12350),
 .UNSPECIFIED.,.F.,.F.,(4,1,4),(0.,0.0436629260926985,0.0921763037535777),
 .UNSPECIFIED.);
#2560=B_SPLINE_CURVE_WITH_KNOTS('',3,(#12362,#12363,#12364,#12365,#12366),
 .UNSPECIFIED.,.F.,.F.,(4,1,4),(0.,0.0485430696242338,0.0921563420223155),
 .UNSPECIFIED.);
#2561=B_SPLINE_CURVE_WITH_KNOTS('',3,(#12369,#12370,#12371,#12372,#12373),
 .UNSPECIFIED.,.F.,.F.,(4,1,4),(0.,0.0485430696242338,0.0921563420223155),
 .UNSPECIFIED.);
#2562=B_SPLINE_CURVE_WITH_KNOTS('',3,(#12385,#12386,#12387,#12388,#12389),
 .UNSPECIFIED.,.F.,.F.,(4,1,4),(0.,0.0756012733990361,0.126990608525804),
 .UNSPECIFIED.);
#2563=B_SPLINE_CURVE_WITH_KNOTS('',3,(#12392,#12393,#12394,#12395,#12396),
 .UNSPECIFIED.,.F.,.F.,(4,1,4),(0.,0.0756012733990361,0.126990608525804),
 .UNSPECIFIED.);
#2564=B_SPLINE_CURVE_WITH_KNOTS('',3,(#12426,#12427,#12428,#12429,#12430),
 .UNSPECIFIED.,.F.,.F.,(4,1,4),(0.,0.0632429173712674,0.147674440092678),
 .UNSPECIFIED.);
#2565=B_SPLINE_CURVE_WITH_KNOTS('',3,(#12433,#12434,#12435,#12436,#12437),
 .UNSPECIFIED.,.F.,.F.,(4,1,4),(0.,0.0632429173712674,0.147674440092678),
 .UNSPECIFIED.);
#2566=B_SPLINE_CURVE_WITH_KNOTS('',3,(#12449,#12450,#12451,#12452,#12453),
 .UNSPECIFIED.,.F.,.F.,(4,1,4),(0.,0.0490220300628985,0.0997381349053986),
 .UNSPECIFIED.);
#2567=B_SPLINE_CURVE_WITH_KNOTS('',3,(#12456,#12457,#12458,#12459,#12460),
 .UNSPECIFIED.,.F.,.F.,(4,1,4),(0.,0.0490220300628985,0.0997381349053986),
 .UNSPECIFIED.);
#2568=B_SPLINE_CURVE_WITH_KNOTS('',3,(#12472,#12473,#12474,#12475,#12476),
 .UNSPECIFIED.,.F.,.F.,(4,1,4),(0.,0.0527565352945926,0.102564849889208),
 .UNSPECIFIED.);
#2569=B_SPLINE_CURVE_WITH_KNOTS('',3,(#12479,#12480,#12481,#12482,#12483),
 .UNSPECIFIED.,.F.,.F.,(4,1,4),(0.,0.0527565352945926,0.102564849889208),
 .UNSPECIFIED.);
#2570=B_SPLINE_CURVE_WITH_KNOTS('',3,(#12495,#12496,#12497,#12498,#12499),
 .UNSPECIFIED.,.F.,.F.,(4,1,4),(0.,0.0420142991749754,0.087220848700571),
 .UNSPECIFIED.);
#2571=B_SPLINE_CURVE_WITH_KNOTS('',3,(#12502,#12503,#12504,#12505,#12506),
 .UNSPECIFIED.,.F.,.F.,(4,1,4),(0.,0.0420142991749754,0.087220848700571),
 .UNSPECIFIED.);
#2572=B_SPLINE_CURVE_WITH_KNOTS('',3,(#12518,#12519,#12520,#12521,#12522),
 .UNSPECIFIED.,.F.,.F.,(4,1,4),(0.,0.0364964088796509,0.0757396036136326),
 .UNSPECIFIED.);
#2573=B_SPLINE_CURVE_WITH_KNOTS('',3,(#12525,#12526,#12527,#12528,#12529),
 .UNSPECIFIED.,.F.,.F.,(4,1,4),(0.,0.0364964088796509,0.0757396036136326),
 .UNSPECIFIED.);
#2574=B_SPLINE_CURVE_WITH_KNOTS('',3,(#12541,#12542,#12543,#12544,#12545),
 .UNSPECIFIED.,.F.,.F.,(4,1,4),(0.,0.0433473616099264,0.0814871003745237),
 .UNSPECIFIED.);
#2575=B_SPLINE_CURVE_WITH_KNOTS('',3,(#12548,#12549,#12550,#12551,#12552),
 .UNSPECIFIED.,.F.,.F.,(4,1,4),(0.,0.0433473616099264,0.0814871003745237),
 .UNSPECIFIED.);
#2576=B_SPLINE_CURVE_WITH_KNOTS('',3,(#12564,#12565,#12566,#12567,#12568),
 .UNSPECIFIED.,.F.,.F.,(4,1,4),(0.,0.0545833106744261,0.0902343084980706),
 .UNSPECIFIED.);
#2577=B_SPLINE_CURVE_WITH_KNOTS('',3,(#12571,#12572,#12573,#12574,#12575),
 .UNSPECIFIED.,.F.,.F.,(4,1,4),(0.,0.0545833106744261,0.0902343084980706),
 .UNSPECIFIED.);
#2578=B_SPLINE_CURVE_WITH_KNOTS('',3,(#12597,#12598,#12599,#12600,#12601),
 .UNSPECIFIED.,.F.,.F.,(4,1,4),(0.,0.0743082419449125,0.162487088801637),
 .UNSPECIFIED.);
#2579=B_SPLINE_CURVE_WITH_KNOTS('',3,(#12605,#12606,#12607,#12608,#12609),
 .UNSPECIFIED.,.F.,.F.,(4,1,4),(0.,0.0743082419449125,0.162487088801637),
 .UNSPECIFIED.);
#2580=B_SPLINE_CURVE_WITH_KNOTS('',3,(#12622,#12623,#12624,#12625,#12626),
 .UNSPECIFIED.,.F.,.F.,(4,1,4),(0.,0.0569751562387751,0.120719637425535),
 .UNSPECIFIED.);
#2581=B_SPLINE_CURVE_WITH_KNOTS('',3,(#12629,#12630,#12631,#12632,#12633),
 .UNSPECIFIED.,.F.,.F.,(4,1,4),(0.,0.0569751562387751,0.120719637425535),
 .UNSPECIFIED.);
#2582=B_SPLINE_CURVE_WITH_KNOTS('',3,(#12645,#12646,#12647,#12648,#12649),
 .UNSPECIFIED.,.F.,.F.,(4,1,4),(0.,0.0629151177367667,0.119349768797718),
 .UNSPECIFIED.);
#2583=B_SPLINE_CURVE_WITH_KNOTS('',3,(#12652,#12653,#12654,#12655,#12656),
 .UNSPECIFIED.,.F.,.F.,(4,1,4),(0.,0.0629151177367667,0.119349768797718),
 .UNSPECIFIED.);
#2584=B_SPLINE_CURVE_WITH_KNOTS('',3,(#12668,#12669,#12670,#12671,#12672),
 .UNSPECIFIED.,.F.,.F.,(4,1,4),(0.,0.0681911470496638,0.134856429202404),
 .UNSPECIFIED.);
#2585=B_SPLINE_CURVE_WITH_KNOTS('',3,(#12675,#12676,#12677,#12678,#12679),
 .UNSPECIFIED.,.F.,.F.,(4,1,4),(0.,0.0681911470496638,0.134856429202404),
 .UNSPECIFIED.);
#2586=B_SPLINE_CURVE_WITH_KNOTS('',3,(#12691,#12692,#12693,#12694,#12695),
 .UNSPECIFIED.,.F.,.F.,(4,1,4),(0.,0.0789086902441637,0.161329937120587),
 .UNSPECIFIED.);
#2587=B_SPLINE_CURVE_WITH_KNOTS('',3,(#12698,#12699,#12700,#12701,#12702),
 .UNSPECIFIED.,.F.,.F.,(4,1,4),(0.,0.0789086902441637,0.161329937120587),
 .UNSPECIFIED.);
#2588=B_SPLINE_CURVE_WITH_KNOTS('',3,(#12714,#12715,#12716,#12717,#12718),
 .UNSPECIFIED.,.F.,.F.,(4,1,4),(0.,0.0879342149452207,0.168608178862688),
 .UNSPECIFIED.);
#2589=B_SPLINE_CURVE_WITH_KNOTS('',3,(#12721,#12722,#12723,#12724,#12725),
 .UNSPECIFIED.,.F.,.F.,(4,1,4),(0.,0.0879342149452207,0.168608178862688),
 .UNSPECIFIED.);
#2590=B_SPLINE_CURVE_WITH_KNOTS('',3,(#12737,#12738,#12739,#12740,#12741),
 .UNSPECIFIED.,.F.,.F.,(4,1,4),(0.,0.0672545400932184,0.140661814775408),
 .UNSPECIFIED.);
#2591=B_SPLINE_CURVE_WITH_KNOTS('',3,(#12744,#12745,#12746,#12747,#12748),
 .UNSPECIFIED.,.F.,.F.,(4,1,4),(0.,0.0672545400932184,0.140661814775408),
 .UNSPECIFIED.);
#2592=B_SPLINE_CURVE_WITH_KNOTS('',3,(#12760,#12761,#12762,#12763,#12764),
 .UNSPECIFIED.,.F.,.F.,(4,1,4),(0.,0.0628488422493533,0.126896750210409),
 .UNSPECIFIED.);
#2593=B_SPLINE_CURVE_WITH_KNOTS('',3,(#12767,#12768,#12769,#12770,#12771),
 .UNSPECIFIED.,.F.,.F.,(4,1,4),(0.,0.0628488422493533,0.126896750210409),
 .UNSPECIFIED.);
#2594=B_SPLINE_CURVE_WITH_KNOTS('',3,(#12783,#12784,#12785,#12786,#12787),
 .UNSPECIFIED.,.F.,.F.,(4,1,4),(0.,0.0709336507623513,0.139088150433544),
 .UNSPECIFIED.);
#2595=B_SPLINE_CURVE_WITH_KNOTS('',3,(#12790,#12791,#12792,#12793,#12794),
 .UNSPECIFIED.,.F.,.F.,(4,1,4),(0.,0.0709336507623513,0.139088150433544),
 .UNSPECIFIED.);
#2596=B_SPLINE_CURVE_WITH_KNOTS('',3,(#12806,#12807,#12808,#12809,#12810),
 .UNSPECIFIED.,.F.,.F.,(4,1,4),(0.,0.0727754956312688,0.144876477224146),
 .UNSPECIFIED.);
#2597=B_SPLINE_CURVE_WITH_KNOTS('',3,(#12813,#12814,#12815,#12816,#12817),
 .UNSPECIFIED.,.F.,.F.,(4,1,4),(0.,0.0727754956312688,0.144876477224146),
 .UNSPECIFIED.);
#2598=B_SPLINE_CURVE_WITH_KNOTS('',3,(#12829,#12830,#12831,#12832,#12833),
 .UNSPECIFIED.,.F.,.F.,(4,1,4),(0.,0.103535661499399,0.187266422354074),
 .UNSPECIFIED.);
#2599=B_SPLINE_CURVE_WITH_KNOTS('',3,(#12836,#12837,#12838,#12839,#12840),
 .UNSPECIFIED.,.F.,.F.,(4,1,4),(0.,0.103535661499399,0.187266422354074),
 .UNSPECIFIED.);
#2600=VERTEX_POINT('',#8035);
#2601=VERTEX_POINT('',#8036);
#2602=VERTEX_POINT('',#8042);
#2603=VERTEX_POINT('',#8044);
#2604=VERTEX_POINT('',#8061);
#2605=VERTEX_POINT('',#8067);
#2606=VERTEX_POINT('',#8084);
#2607=VERTEX_POINT('',#8090);
#2608=VERTEX_POINT('',#8098);
#2609=VERTEX_POINT('',#8100);
#2610=VERTEX_POINT('',#8104);
#2611=VERTEX_POINT('',#8106);
#2612=VERTEX_POINT('',#8110);
#2613=VERTEX_POINT('',#8112);
#2614=VERTEX_POINT('',#8125);
#2615=VERTEX_POINT('',#8131);
#2616=VERTEX_POINT('',#8148);
#2617=VERTEX_POINT('',#8154);
#2618=VERTEX_POINT('',#8162);
#2619=VERTEX_POINT('',#8164);
#2620=VERTEX_POINT('',#8168);
#2621=VERTEX_POINT('',#8170);
#2622=VERTEX_POINT('',#8174);
#2623=VERTEX_POINT('',#8176);
#2624=VERTEX_POINT('',#8189);
#2625=VERTEX_POINT('',#8195);
#2626=VERTEX_POINT('',#8212);
#2627=VERTEX_POINT('',#8218);
#2628=VERTEX_POINT('',#8235);
#2629=VERTEX_POINT('',#8241);
#2630=VERTEX_POINT('',#8258);
#2631=VERTEX_POINT('',#8264);
#2632=VERTEX_POINT('',#8281);
#2633=VERTEX_POINT('',#8287);
#2634=VERTEX_POINT('',#8295);
#2635=VERTEX_POINT('',#8297);
#2636=VERTEX_POINT('',#8331);
#2637=VERTEX_POINT('',#8332);
#2638=VERTEX_POINT('',#8338);
#2639=VERTEX_POINT('',#8340);
#2640=VERTEX_POINT('',#8357);
#2641=VERTEX_POINT('',#8363);
#2642=VERTEX_POINT('',#8380);
#2643=VERTEX_POINT('',#8386);
#2644=VERTEX_POINT('',#8394);
#2645=VERTEX_POINT('',#8396);
#2646=VERTEX_POINT('',#8429);
#2647=VERTEX_POINT('',#8430);
#2648=VERTEX_POINT('',#8436);
#2649=VERTEX_POINT('',#8438);
#2650=VERTEX_POINT('',#8455);
#2651=VERTEX_POINT('',#8461);
#2652=VERTEX_POINT('',#8478);
#2653=VERTEX_POINT('',#8484);
#2654=VERTEX_POINT('',#8492);
#2655=VERTEX_POINT('',#8494);
#2656=VERTEX_POINT('',#8507);
#2657=VERTEX_POINT('',#8513);
#2658=VERTEX_POINT('',#8530);
#2659=VERTEX_POINT('',#8536);
#2660=VERTEX_POINT('',#8553);
#2661=VERTEX_POINT('',#8559);
#2662=VERTEX_POINT('',#8576);
#2663=VERTEX_POINT('',#8582);
#2664=VERTEX_POINT('',#8599);
#2665=VERTEX_POINT('',#8605);
#2666=VERTEX_POINT('',#8622);
#2667=VERTEX_POINT('',#8628);
#2668=VERTEX_POINT('',#8645);
#2669=VERTEX_POINT('',#8651);
#2670=VERTEX_POINT('',#8668);
#2671=VERTEX_POINT('',#8674);
#2672=VERTEX_POINT('',#8691);
#2673=VERTEX_POINT('',#8697);
#2674=VERTEX_POINT('',#8705);
#2675=VERTEX_POINT('',#8707);
#2676=VERTEX_POINT('',#8732);
#2677=VERTEX_POINT('',#8733);
#2678=VERTEX_POINT('',#8735);
#2679=VERTEX_POINT('',#8737);
#2680=VERTEX_POINT('',#8750);
#2681=VERTEX_POINT('',#8756);
#2682=VERTEX_POINT('',#8773);
#2683=VERTEX_POINT('',#8779);
#2684=VERTEX_POINT('',#8796);
#2685=VERTEX_POINT('',#8802);
#2686=VERTEX_POINT('',#8819);
#2687=VERTEX_POINT('',#8825);
#2688=VERTEX_POINT('',#8842);
#2689=VERTEX_POINT('',#8848);
#2690=VERTEX_POINT('',#8856);
#2691=VERTEX_POINT('',#8858);
#2692=VERTEX_POINT('',#8862);
#2693=VERTEX_POINT('',#8864);
#2694=VERTEX_POINT('',#8868);
#2695=VERTEX_POINT('',#8870);
#2696=VERTEX_POINT('',#8883);
#2697=VERTEX_POINT('',#8889);
#2698=VERTEX_POINT('',#8906);
#2699=VERTEX_POINT('',#8912);
#2700=VERTEX_POINT('',#8929);
#2701=VERTEX_POINT('',#8935);
#2702=VERTEX_POINT('',#8952);
#2703=VERTEX_POINT('',#8958);
#2704=VERTEX_POINT('',#8975);
#2705=VERTEX_POINT('',#8981);
#2706=VERTEX_POINT('',#8989);
#2707=VERTEX_POINT('',#8991);
#2708=VERTEX_POINT('',#8995);
#2709=VERTEX_POINT('',#8997);
#2710=VERTEX_POINT('',#9001);
#2711=VERTEX_POINT('',#9003);
#2712=VERTEX_POINT('',#9020);
#2713=VERTEX_POINT('',#9021);
#2714=VERTEX_POINT('',#9027);
#2715=VERTEX_POINT('',#9029);
#2716=VERTEX_POINT('',#9046);
#2717=VERTEX_POINT('',#9052);
#2718=VERTEX_POINT('',#9069);
#2719=VERTEX_POINT('',#9075);
#2720=VERTEX_POINT('',#9092);
#2721=VERTEX_POINT('',#9098);
#2722=VERTEX_POINT('',#9115);
#2723=VERTEX_POINT('',#9121);
#2724=VERTEX_POINT('',#9138);
#2725=VERTEX_POINT('',#9144);
#2726=VERTEX_POINT('',#9161);
#2727=VERTEX_POINT('',#9167);
#2728=VERTEX_POINT('',#9204);
#2729=VERTEX_POINT('',#9205);
#2730=VERTEX_POINT('',#9211);
#2731=VERTEX_POINT('',#9213);
#2732=VERTEX_POINT('',#9230);
#2733=VERTEX_POINT('',#9236);
#2734=VERTEX_POINT('',#9253);
#2735=VERTEX_POINT('',#9259);
#2736=VERTEX_POINT('',#9276);
#2737=VERTEX_POINT('',#9282);
#2738=VERTEX_POINT('',#9290);
#2739=VERTEX_POINT('',#9292);
#2740=VERTEX_POINT('',#9296);
#2741=VERTEX_POINT('',#9298);
#2742=VERTEX_POINT('',#9302);
#2743=VERTEX_POINT('',#9304);
#2744=VERTEX_POINT('',#9317);
#2745=VERTEX_POINT('',#9323);
#2746=VERTEX_POINT('',#9340);
#2747=VERTEX_POINT('',#9346);
#2748=VERTEX_POINT('',#9363);
#2749=VERTEX_POINT('',#9369);
#2750=VERTEX_POINT('',#9386);
#2751=VERTEX_POINT('',#9392);
#2752=VERTEX_POINT('',#9409);
#2753=VERTEX_POINT('',#9415);
#2754=VERTEX_POINT('',#9432);
#2755=VERTEX_POINT('',#9438);
#2756=VERTEX_POINT('',#9455);
#2757=VERTEX_POINT('',#9461);
#2758=VERTEX_POINT('',#9478);
#2759=VERTEX_POINT('',#9484);
#2760=VERTEX_POINT('',#9501);
#2761=VERTEX_POINT('',#9507);
#2762=VERTEX_POINT('',#9524);
#2763=VERTEX_POINT('',#9530);
#2764=VERTEX_POINT('',#9547);
#2765=VERTEX_POINT('',#9553);
#2766=VERTEX_POINT('',#9570);
#2767=VERTEX_POINT('',#9576);
#2768=VERTEX_POINT('',#9584);
#2769=VERTEX_POINT('',#9586);
#2770=VERTEX_POINT('',#9620);
#2771=VERTEX_POINT('',#9621);
#2772=VERTEX_POINT('',#9627);
#2773=VERTEX_POINT('',#9629);
#2774=VERTEX_POINT('',#9646);
#2775=VERTEX_POINT('',#9652);
#2776=VERTEX_POINT('',#9669);
#2777=VERTEX_POINT('',#9675);
#2778=VERTEX_POINT('',#9692);
#2779=VERTEX_POINT('',#9698);
#2780=VERTEX_POINT('',#9715);
#2781=VERTEX_POINT('',#9721);
#2782=VERTEX_POINT('',#9738);
#2783=VERTEX_POINT('',#9744);
#2784=VERTEX_POINT('',#9761);
#2785=VERTEX_POINT('',#9767);
#2786=VERTEX_POINT('',#9784);
#2787=VERTEX_POINT('',#9790);
#2788=VERTEX_POINT('',#9807);
#2789=VERTEX_POINT('',#9813);
#2790=VERTEX_POINT('',#9830);
#2791=VERTEX_POINT('',#9836);
#2792=VERTEX_POINT('',#9853);
#2793=VERTEX_POINT('',#9859);
#2794=VERTEX_POINT('',#9876);
#2795=VERTEX_POINT('',#9882);
#2796=VERTEX_POINT('',#9899);
#2797=VERTEX_POINT('',#9905);
#2798=VERTEX_POINT('',#9922);
#2799=VERTEX_POINT('',#9928);
#2800=VERTEX_POINT('',#9936);
#2801=VERTEX_POINT('',#9938);
#2802=VERTEX_POINT('',#9951);
#2803=VERTEX_POINT('',#9957);
#2804=VERTEX_POINT('',#9974);
#2805=VERTEX_POINT('',#9980);
#2806=VERTEX_POINT('',#9997);
#2807=VERTEX_POINT('',#10003);
#2808=VERTEX_POINT('',#10020);
#2809=VERTEX_POINT('',#10026);
#2810=VERTEX_POINT('',#10043);
#2811=VERTEX_POINT('',#10049);
#2812=VERTEX_POINT('',#10066);
#2813=VERTEX_POINT('',#10072);
#2814=VERTEX_POINT('',#10089);
#2815=VERTEX_POINT('',#10095);
#2816=VERTEX_POINT('',#10112);
#2817=VERTEX_POINT('',#10118);
#2818=VERTEX_POINT('',#10135);
#2819=VERTEX_POINT('',#10141);
#2820=VERTEX_POINT('',#10158);
#2821=VERTEX_POINT('',#10164);
#2822=VERTEX_POINT('',#10181);
#2823=VERTEX_POINT('',#10187);
#2824=VERTEX_POINT('',#10204);
#2825=VERTEX_POINT('',#10210);
#2826=VERTEX_POINT('',#10227);
#2827=VERTEX_POINT('',#10233);
#2828=VERTEX_POINT('',#10250);
#2829=VERTEX_POINT('',#10256);
#2830=VERTEX_POINT('',#10273);
#2831=VERTEX_POINT('',#10279);
#2832=VERTEX_POINT('',#10296);
#2833=VERTEX_POINT('',#10302);
#2834=VERTEX_POINT('',#10319);
#2835=VERTEX_POINT('',#10325);
#2836=VERTEX_POINT('',#10342);
#2837=VERTEX_POINT('',#10348);
#2838=VERTEX_POINT('',#10356);
#2839=VERTEX_POINT('',#10358);
#2840=VERTEX_POINT('',#10383);
#2841=VERTEX_POINT('',#10384);
#2842=VERTEX_POINT('',#10386);
#2843=VERTEX_POINT('',#10388);
#2844=VERTEX_POINT('',#10392);
#2845=VERTEX_POINT('',#10394);
#2846=VERTEX_POINT('',#10398);
#2847=VERTEX_POINT('',#10400);
#2848=VERTEX_POINT('',#10413);
#2849=VERTEX_POINT('',#10419);
#2850=VERTEX_POINT('',#10436);
#2851=VERTEX_POINT('',#10442);
#2852=VERTEX_POINT('',#10459);
#2853=VERTEX_POINT('',#10465);
#2854=VERTEX_POINT('',#10482);
#2855=VERTEX_POINT('',#10488);
#2856=VERTEX_POINT('',#10505);
#2857=VERTEX_POINT('',#10511);
#2858=VERTEX_POINT('',#10528);
#2859=VERTEX_POINT('',#10534);
#2860=VERTEX_POINT('',#10542);
#2861=VERTEX_POINT('',#10544);
#2862=VERTEX_POINT('',#10548);
#2863=VERTEX_POINT('',#10550);
#2864=VERTEX_POINT('',#10554);
#2865=VERTEX_POINT('',#10556);
#2866=VERTEX_POINT('',#10569);
#2867=VERTEX_POINT('',#10575);
#2868=VERTEX_POINT('',#10592);
#2869=VERTEX_POINT('',#10598);
#2870=VERTEX_POINT('',#10615);
#2871=VERTEX_POINT('',#10621);
#2872=VERTEX_POINT('',#10638);
#2873=VERTEX_POINT('',#10644);
#2874=VERTEX_POINT('',#10661);
#2875=VERTEX_POINT('',#10667);
#2876=VERTEX_POINT('',#10675);
#2877=VERTEX_POINT('',#10677);
#2878=VERTEX_POINT('',#10694);
#2879=VERTEX_POINT('',#10695);
#2880=VERTEX_POINT('',#10701);
#2881=VERTEX_POINT('',#10703);
#2882=VERTEX_POINT('',#10720);
#2883=VERTEX_POINT('',#10726);
#2884=VERTEX_POINT('',#10743);
#2885=VERTEX_POINT('',#10749);
#2886=VERTEX_POINT('',#10757);
#2887=VERTEX_POINT('',#10759);
#2888=VERTEX_POINT('',#10792);
#2889=VERTEX_POINT('',#10793);
#2890=VERTEX_POINT('',#10799);
#2891=VERTEX_POINT('',#10801);
#2892=VERTEX_POINT('',#10818);
#2893=VERTEX_POINT('',#10824);
#2894=VERTEX_POINT('',#10841);
#2895=VERTEX_POINT('',#10847);
#2896=VERTEX_POINT('',#10855);
#2897=VERTEX_POINT('',#10857);
#2898=VERTEX_POINT('',#10870);
#2899=VERTEX_POINT('',#10876);
#2900=VERTEX_POINT('',#10893);
#2901=VERTEX_POINT('',#10899);
#2902=VERTEX_POINT('',#10916);
#2903=VERTEX_POINT('',#10922);
#2904=VERTEX_POINT('',#10939);
#2905=VERTEX_POINT('',#10945);
#2906=VERTEX_POINT('',#10962);
#2907=VERTEX_POINT('',#10968);
#2908=VERTEX_POINT('',#10985);
#2909=VERTEX_POINT('',#10991);
#2910=VERTEX_POINT('',#11008);
#2911=VERTEX_POINT('',#11014);
#2912=VERTEX_POINT('',#11031);
#2913=VERTEX_POINT('',#11037);
#2914=VERTEX_POINT('',#11054);
#2915=VERTEX_POINT('',#11060);
#2916=VERTEX_POINT('',#11068);
#2917=VERTEX_POINT('',#11070);
#2918=VERTEX_POINT('',#11095);
#2919=VERTEX_POINT('',#11096);
#2920=VERTEX_POINT('',#11098);
#2921=VERTEX_POINT('',#11100);
#2922=VERTEX_POINT('',#11113);
#2923=VERTEX_POINT('',#11119);
#2924=VERTEX_POINT('',#11136);
#2925=VERTEX_POINT('',#11142);
#2926=VERTEX_POINT('',#11159);
#2927=VERTEX_POINT('',#11165);
#2928=VERTEX_POINT('',#11182);
#2929=VERTEX_POINT('',#11188);
#2930=VERTEX_POINT('',#11196);
#2931=VERTEX_POINT('',#11198);
#2932=VERTEX_POINT('',#11211);
#2933=VERTEX_POINT('',#11217);
#2934=VERTEX_POINT('',#11234);
#2935=VERTEX_POINT('',#11240);
#2936=VERTEX_POINT('',#11257);
#2937=VERTEX_POINT('',#11263);
#2938=VERTEX_POINT('',#11271);
#2939=VERTEX_POINT('',#11273);
#2940=VERTEX_POINT('',#11277);
#2941=VERTEX_POINT('',#11279);
#2942=VERTEX_POINT('',#11283);
#2943=VERTEX_POINT('',#11285);
#2944=VERTEX_POINT('',#11302);
#2945=VERTEX_POINT('',#11303);
#2946=VERTEX_POINT('',#11309);
#2947=VERTEX_POINT('',#11311);
#2948=VERTEX_POINT('',#11328);
#2949=VERTEX_POINT('',#11334);
#2950=VERTEX_POINT('',#11351);
#2951=VERTEX_POINT('',#11357);
#2952=VERTEX_POINT('',#11374);
#2953=VERTEX_POINT('',#11380);
#2954=VERTEX_POINT('',#11397);
#2955=VERTEX_POINT('',#11403);
#2956=VERTEX_POINT('',#11420);
#2957=VERTEX_POINT('',#11426);
#2958=VERTEX_POINT('',#11443);
#2959=VERTEX_POINT('',#11449);
#2960=VERTEX_POINT('',#11486);
#2961=VERTEX_POINT('',#11487);
#2962=VERTEX_POINT('',#11493);
#2963=VERTEX_POINT('',#11495);
#2964=VERTEX_POINT('',#11512);
#2965=VERTEX_POINT('',#11518);
#2966=VERTEX_POINT('',#11535);
#2967=VERTEX_POINT('',#11541);
#2968=VERTEX_POINT('',#11558);
#2969=VERTEX_POINT('',#11564);
#2970=VERTEX_POINT('',#11581);
#2971=VERTEX_POINT('',#11587);
#2972=VERTEX_POINT('',#11604);
#2973=VERTEX_POINT('',#11610);
#2974=VERTEX_POINT('',#11627);
#2975=VERTEX_POINT('',#11633);
#2976=VERTEX_POINT('',#11650);
#2977=VERTEX_POINT('',#11656);
#2978=VERTEX_POINT('',#11685);
#2979=VERTEX_POINT('',#11686);
#2980=VERTEX_POINT('',#11688);
#2981=VERTEX_POINT('',#11690);
#2982=VERTEX_POINT('',#11703);
#2983=VERTEX_POINT('',#11709);
#2984=VERTEX_POINT('',#11726);
#2985=VERTEX_POINT('',#11732);
#2986=VERTEX_POINT('',#11749);
#2987=VERTEX_POINT('',#11755);
#2988=VERTEX_POINT('',#11772);
#2989=VERTEX_POINT('',#11778);
#2990=VERTEX_POINT('',#11795);
#2991=VERTEX_POINT('',#11801);
#2992=VERTEX_POINT('',#11818);
#2993=VERTEX_POINT('',#11824);
#2994=VERTEX_POINT('',#11841);
#2995=VERTEX_POINT('',#11847);
#2996=VERTEX_POINT('',#11864);
#2997=VERTEX_POINT('',#11870);
#2998=VERTEX_POINT('',#11887);
#2999=VERTEX_POINT('',#11893);
#3000=VERTEX_POINT('',#11910);
#3001=VERTEX_POINT('',#11916);
#3002=VERTEX_POINT('',#11933);
#3003=VERTEX_POINT('',#11939);
#3004=VERTEX_POINT('',#11956);
#3005=VERTEX_POINT('',#11962);
#3006=VERTEX_POINT('',#11970);
#3007=VERTEX_POINT('',#11972);
#3008=VERTEX_POINT('',#11985);
#3009=VERTEX_POINT('',#11991);
#3010=VERTEX_POINT('',#12008);
#3011=VERTEX_POINT('',#12014);
#3012=VERTEX_POINT('',#12031);
#3013=VERTEX_POINT('',#12037);
#3014=VERTEX_POINT('',#12054);
#3015=VERTEX_POINT('',#12060);
#3016=VERTEX_POINT('',#12077);
#3017=VERTEX_POINT('',#12083);
#3018=VERTEX_POINT('',#12100);
#3019=VERTEX_POINT('',#12106);
#3020=VERTEX_POINT('',#12123);
#3021=VERTEX_POINT('',#12129);
#3022=VERTEX_POINT('',#12146);
#3023=VERTEX_POINT('',#12152);
#3024=VERTEX_POINT('',#12169);
#3025=VERTEX_POINT('',#12175);
#3026=VERTEX_POINT('',#12192);
#3027=VERTEX_POINT('',#12198);
#3028=VERTEX_POINT('',#12215);
#3029=VERTEX_POINT('',#12221);
#3030=VERTEX_POINT('',#12229);
#3031=VERTEX_POINT('',#12231);
#3032=VERTEX_POINT('',#12235);
#3033=VERTEX_POINT('',#12237);
#3034=VERTEX_POINT('',#12241);
#3035=VERTEX_POINT('',#12243);
#3036=VERTEX_POINT('',#12251);
#3037=VERTEX_POINT('',#12252);
#3038=VERTEX_POINT('',#12254);
#3039=VERTEX_POINT('',#12256);
#3040=VERTEX_POINT('',#12269);
#3041=VERTEX_POINT('',#12275);
#3042=VERTEX_POINT('',#12292);
#3043=VERTEX_POINT('',#12298);
#3044=VERTEX_POINT('',#12315);
#3045=VERTEX_POINT('',#12321);
#3046=VERTEX_POINT('',#12338);
#3047=VERTEX_POINT('',#12344);
#3048=VERTEX_POINT('',#12361);
#3049=VERTEX_POINT('',#12367);
#3050=VERTEX_POINT('',#12384);
#3051=VERTEX_POINT('',#12390);
#3052=VERTEX_POINT('',#12398);
#3053=VERTEX_POINT('',#12400);
#3054=VERTEX_POINT('',#12407);
#3055=VERTEX_POINT('',#12408);
#3056=VERTEX_POINT('',#12410);
#3057=VERTEX_POINT('',#12412);
#3058=VERTEX_POINT('',#12425);
#3059=VERTEX_POINT('',#12431);
#3060=VERTEX_POINT('',#12448);
#3061=VERTEX_POINT('',#12454);
#3062=VERTEX_POINT('',#12471);
#3063=VERTEX_POINT('',#12477);
#3064=VERTEX_POINT('',#12494);
#3065=VERTEX_POINT('',#12500);
#3066=VERTEX_POINT('',#12517);
#3067=VERTEX_POINT('',#12523);
#3068=VERTEX_POINT('',#12540);
#3069=VERTEX_POINT('',#12546);
#3070=VERTEX_POINT('',#12563);
#3071=VERTEX_POINT('',#12569);
#3072=VERTEX_POINT('',#12577);
#3073=VERTEX_POINT('',#12579);
#3074=VERTEX_POINT('',#12595);
#3075=VERTEX_POINT('',#12596);
#3076=VERTEX_POINT('',#12602);
#3077=VERTEX_POINT('',#12604);
#3078=VERTEX_POINT('',#12621);
#3079=VERTEX_POINT('',#12627);
#3080=VERTEX_POINT('',#12644);
#3081=VERTEX_POINT('',#12650);
#3082=VERTEX_POINT('',#12667);
#3083=VERTEX_POINT('',#12673);
#3084=VERTEX_POINT('',#12690);
#3085=VERTEX_POINT('',#12696);
#3086=VERTEX_POINT('',#12713);
#3087=VERTEX_POINT('',#12719);
#3088=VERTEX_POINT('',#12736);
#3089=VERTEX_POINT('',#12742);
#3090=VERTEX_POINT('',#12759);
#3091=VERTEX_POINT('',#12765);
#3092=VERTEX_POINT('',#12782);
#3093=VERTEX_POINT('',#12788);
#3094=VERTEX_POINT('',#12805);
#3095=VERTEX_POINT('',#12811);
#3096=VERTEX_POINT('',#12828);
#3097=VERTEX_POINT('',#12834);
#3098=VERTEX_POINT('',#12842);
#3099=VERTEX_POINT('',#12844);
#3100=VERTEX_POINT('',#12848);
#3101=VERTEX_POINT('',#12850);
#3102=VERTEX_POINT('',#12864);
#3103=VERTEX_POINT('',#12865);
#3104=VERTEX_POINT('',#12867);
#3105=VERTEX_POINT('',#12869);
#3106=VERTEX_POINT('',#12873);
#3107=VERTEX_POINT('',#12875);
#3108=VERTEX_POINT('',#12878);
#3109=VERTEX_POINT('',#12879);
#3110=VERTEX_POINT('',#12881);
#3111=VERTEX_POINT('',#12883);
#3112=VERTEX_POINT('',#12887);
#3113=VERTEX_POINT('',#12889);
#3114=VERTEX_POINT('',#12891);
#3115=VERTEX_POINT('',#12893);
#3116=VERTEX_POINT('',#12895);
#3117=VERTEX_POINT('',#12899);
#3118=VERTEX_POINT('',#12900);
#3119=VERTEX_POINT('',#12905);
#3120=VERTEX_POINT('',#12908);
#3121=VERTEX_POINT('',#12909);
#3122=VERTEX_POINT('',#12911);
#3123=VERTEX_POINT('',#12913);
#3124=VERTEX_POINT('',#12917);
#3125=VERTEX_POINT('',#12919);
#3126=VERTEX_POINT('',#12923);
#3127=VERTEX_POINT('',#12925);
#3128=VERTEX_POINT('',#12927);
#3129=VERTEX_POINT('',#12929);
#3130=VERTEX_POINT('',#12930);
#3131=VERTEX_POINT('',#12932);
#3132=VERTEX_POINT('',#12934);
#3133=VERTEX_POINT('',#12936);
#3134=VERTEX_POINT('',#12938);
#3135=VERTEX_POINT('',#12940);
#3136=VERTEX_POINT('',#12942);
#3137=VERTEX_POINT('',#12944);
#3138=VERTEX_POINT('',#12946);
#3139=VERTEX_POINT('',#12949);
#3140=VERTEX_POINT('',#12955);
#3141=VERTEX_POINT('',#12956);
#3142=VERTEX_POINT('',#12958);
#3143=VERTEX_POINT('',#12960);
#3144=VERTEX_POINT('',#12963);
#3145=VERTEX_POINT('',#12964);
#3146=VERTEX_POINT('',#12966);
#3147=VERTEX_POINT('',#12968);
#3148=VERTEX_POINT('',#12971);
#3149=VERTEX_POINT('',#12972);
#3150=VERTEX_POINT('',#12974);
#3151=VERTEX_POINT('',#12976);
#3152=VERTEX_POINT('',#12979);
#3153=VERTEX_POINT('',#12980);
#3154=VERTEX_POINT('',#12982);
#3155=VERTEX_POINT('',#12984);
#3156=VERTEX_POINT('',#12987);
#3157=VERTEX_POINT('',#12988);
#3158=VERTEX_POINT('',#12990);
#3159=VERTEX_POINT('',#12992);
#3160=VERTEX_POINT('',#12995);
#3161=VERTEX_POINT('',#12996);
#3162=VERTEX_POINT('',#12998);
#3163=VERTEX_POINT('',#13000);
#3164=VERTEX_POINT('',#13003);
#3165=VERTEX_POINT('',#13004);
#3166=VERTEX_POINT('',#13006);
#3167=VERTEX_POINT('',#13008);
#3168=VERTEX_POINT('',#13011);
#3169=VERTEX_POINT('',#13012);
#3170=VERTEX_POINT('',#13014);
#3171=VERTEX_POINT('',#13016);
#3172=VERTEX_POINT('',#13021);
#3173=VERTEX_POINT('',#13022);
#3174=VERTEX_POINT('',#13026);
#3175=VERTEX_POINT('',#13030);
#3176=VERTEX_POINT('',#13031);
#3177=VERTEX_POINT('',#13035);
#3178=VERTEX_POINT('',#13039);
#3179=VERTEX_POINT('',#13040);
#3180=VERTEX_POINT('',#13044);
#3181=VERTEX_POINT('',#13048);
#3182=VERTEX_POINT('',#13049);
#3183=VERTEX_POINT('',#13053);
#3184=VERTEX_POINT('',#13057);
#3185=VERTEX_POINT('',#13058);
#3186=VERTEX_POINT('',#13060);
#3187=VERTEX_POINT('',#13062);
#3188=VERTEX_POINT('',#13066);
#3189=VERTEX_POINT('',#13068);
#3190=VERTEX_POINT('',#13072);
#3191=VERTEX_POINT('',#13077);
#3192=VERTEX_POINT('',#13080);
#3193=VERTEX_POINT('',#13081);
#3194=VERTEX_POINT('',#13083);
#3195=VERTEX_POINT('',#13085);
#3196=VERTEX_POINT('',#13088);
#3197=VERTEX_POINT('',#13089);
#3198=VERTEX_POINT('',#13091);
#3199=VERTEX_POINT('',#13093);
#3200=VERTEX_POINT('',#13096);
#3201=VERTEX_POINT('',#13097);
#3202=VERTEX_POINT('',#13099);
#3203=VERTEX_POINT('',#13101);
#3204=VERTEX_POINT('',#13104);
#3205=VERTEX_POINT('',#13105);
#3206=VERTEX_POINT('',#13107);
#3207=VERTEX_POINT('',#13109);
#3208=VERTEX_POINT('',#13112);
#3209=VERTEX_POINT('',#13113);
#3210=VERTEX_POINT('',#13115);
#3211=VERTEX_POINT('',#13117);
#3212=VERTEX_POINT('',#13120);
#3213=VERTEX_POINT('',#13121);
#3214=VERTEX_POINT('',#13123);
#3215=VERTEX_POINT('',#13125);
#3216=VERTEX_POINT('',#13128);
#3217=VERTEX_POINT('',#13129);
#3218=VERTEX_POINT('',#13131);
#3219=VERTEX_POINT('',#13133);
#3220=VERTEX_POINT('',#13136);
#3221=VERTEX_POINT('',#13137);
#3222=VERTEX_POINT('',#13139);
#3223=VERTEX_POINT('',#13141);
#3224=VERTEX_POINT('',#13145);
#3225=VERTEX_POINT('',#13147);
#3226=VERTEX_POINT('',#13149);
#3227=VERTEX_POINT('',#13152);
#3228=VERTEX_POINT('',#13154);
#3229=VERTEX_POINT('',#13157);
#3230=VERTEX_POINT('',#13159);
#3231=VERTEX_POINT('',#13162);
#3232=VERTEX_POINT('',#13163);
#3233=VERTEX_POINT('',#13165);
#3234=VERTEX_POINT('',#13167);
#3235=VERTEX_POINT('',#13176);
#3236=VERTEX_POINT('',#13178);
#3237=VERTEX_POINT('',#13180);
#3238=VERTEX_POINT('',#13184);
#3239=VERTEX_POINT('',#13185);
#3240=VERTEX_POINT('',#13187);
#3241=VERTEX_POINT('',#13189);
#3242=VERTEX_POINT('',#13193);
#3243=VERTEX_POINT('',#13195);
#3244=VERTEX_POINT('',#13199);
#3245=VERTEX_POINT('',#13201);
#3246=VERTEX_POINT('',#13209);
#3247=VERTEX_POINT('',#13211);
#3248=VERTEX_POINT('',#13215);
#3249=VERTEX_POINT('',#13217);
#3250=VERTEX_POINT('',#13225);
#3251=VERTEX_POINT('',#13227);
#3252=VERTEX_POINT('',#13231);
#3253=VERTEX_POINT('',#13235);
#3254=VERTEX_POINT('',#13241);
#3255=VERTEX_POINT('',#13245);
#3256=VERTEX_POINT('',#13249);
#3257=VERTEX_POINT('',#13251);
#3258=VERTEX_POINT('',#13257);
#3259=VERTEX_POINT('',#13258);
#3260=VERTEX_POINT('',#13265);
#3261=VERTEX_POINT('',#13266);
#3262=VERTEX_POINT('',#13274);
#3263=VERTEX_POINT('',#13276);
#3264=VERTEX_POINT('',#13280);
#3265=VERTEX_POINT('',#13284);
#3266=VERTEX_POINT('',#13292);
#3267=VERTEX_POINT('',#13293);
#3268=VERTEX_POINT('',#13299);
#3269=VERTEX_POINT('',#13300);
#3270=VERTEX_POINT('',#13306);
#3271=VERTEX_POINT('',#13307);
#3272=EDGE_CURVE('',#2600,#2601,#2210,.T.);
#3273=EDGE_CURVE('',#2600,#2602,#1038,.T.);
#3274=EDGE_CURVE('',#2602,#2603,#2211,.T.);
#3275=EDGE_CURVE('',#2601,#2603,#1039,.T.);
#3276=EDGE_CURVE('',#2604,#2600,#2212,.T.);
#3277=EDGE_CURVE('',#2604,#2605,#1040,.T.);
#3278=EDGE_CURVE('',#2605,#2602,#2213,.T.);
#3279=EDGE_CURVE('',#2606,#2604,#2214,.T.);
#3280=EDGE_CURVE('',#2606,#2607,#1041,.T.);
#3281=EDGE_CURVE('',#2607,#2605,#2215,.T.);
#3282=EDGE_CURVE('',#2608,#2606,#1042,.T.);
#3283=EDGE_CURVE('',#2608,#2609,#1043,.T.);
#3284=EDGE_CURVE('',#2609,#2607,#1044,.T.);
#3285=EDGE_CURVE('',#2610,#2608,#1045,.T.);
#3286=EDGE_CURVE('',#2610,#2611,#1046,.T.);
#3287=EDGE_CURVE('',#2611,#2609,#1047,.T.);
#3288=EDGE_CURVE('',#2612,#2610,#1048,.T.);
#3289=EDGE_CURVE('',#2612,#2613,#1049,.T.);
#3290=EDGE_CURVE('',#2613,#2611,#1050,.T.);
#3291=EDGE_CURVE('',#2614,#2612,#2216,.T.);
#3292=EDGE_CURVE('',#2614,#2615,#1051,.T.);
#3293=EDGE_CURVE('',#2615,#2613,#2217,.T.);
#3294=EDGE_CURVE('',#2616,#2614,#2218,.T.);
#3295=EDGE_CURVE('',#2616,#2617,#1052,.T.);
#3296=EDGE_CURVE('',#2617,#2615,#2219,.T.);
#3297=EDGE_CURVE('',#2618,#2616,#1053,.T.);
#3298=EDGE_CURVE('',#2618,#2619,#1054,.T.);
#3299=EDGE_CURVE('',#2619,#2617,#1055,.T.);
#3300=EDGE_CURVE('',#2620,#2618,#1056,.T.);
#3301=EDGE_CURVE('',#2620,#2621,#1057,.T.);
#3302=EDGE_CURVE('',#2621,#2619,#1058,.T.);
#3303=EDGE_CURVE('',#2622,#2620,#1059,.T.);
#3304=EDGE_CURVE('',#2622,#2623,#1060,.T.);
#3305=EDGE_CURVE('',#2623,#2621,#1061,.T.);
#3306=EDGE_CURVE('',#2624,#2622,#2220,.T.);
#3307=EDGE_CURVE('',#2624,#2625,#1062,.T.);
#3308=EDGE_CURVE('',#2625,#2623,#2221,.T.);
#3309=EDGE_CURVE('',#2626,#2624,#2222,.T.);
#3310=EDGE_CURVE('',#2626,#2627,#1063,.T.);
#3311=EDGE_CURVE('',#2627,#2625,#2223,.T.);
#3312=EDGE_CURVE('',#2628,#2626,#2224,.T.);
#3313=EDGE_CURVE('',#2628,#2629,#1064,.T.);
#3314=EDGE_CURVE('',#2629,#2627,#2225,.T.);
#3315=EDGE_CURVE('',#2630,#2628,#2226,.T.);
#3316=EDGE_CURVE('',#2630,#2631,#1065,.T.);
#3317=EDGE_CURVE('',#2631,#2629,#2227,.T.);
#3318=EDGE_CURVE('',#2632,#2630,#2228,.T.);
#3319=EDGE_CURVE('',#2632,#2633,#1066,.T.);
#3320=EDGE_CURVE('',#2633,#2631,#2229,.T.);
#3321=EDGE_CURVE('',#2634,#2632,#1067,.T.);
#3322=EDGE_CURVE('',#2634,#2635,#1068,.T.);
#3323=EDGE_CURVE('',#2635,#2633,#1069,.T.);
#3324=EDGE_CURVE('',#2601,#2634,#2230,.T.);
#3325=EDGE_CURVE('',#2603,#2635,#2231,.T.);
#3326=EDGE_CURVE('',#2636,#2637,#2232,.T.);
#3327=EDGE_CURVE('',#2636,#2638,#1070,.T.);
#3328=EDGE_CURVE('',#2638,#2639,#2233,.T.);
#3329=EDGE_CURVE('',#2637,#2639,#1071,.T.);
#3330=EDGE_CURVE('',#2640,#2636,#2234,.T.);
#3331=EDGE_CURVE('',#2640,#2641,#1072,.T.);
#3332=EDGE_CURVE('',#2641,#2638,#2235,.T.);
#3333=EDGE_CURVE('',#2642,#2640,#2236,.T.);
#3334=EDGE_CURVE('',#2642,#2643,#1073,.T.);
#3335=EDGE_CURVE('',#2643,#2641,#2237,.T.);
#3336=EDGE_CURVE('',#2644,#2642,#1074,.T.);
#3337=EDGE_CURVE('',#2644,#2645,#1075,.T.);
#3338=EDGE_CURVE('',#2645,#2643,#1076,.T.);
#3339=EDGE_CURVE('',#2637,#2644,#2238,.T.);
#3340=EDGE_CURVE('',#2639,#2645,#2239,.T.);
#3341=EDGE_CURVE('',#2646,#2647,#2240,.T.);
#3342=EDGE_CURVE('',#2646,#2648,#1077,.T.);
#3343=EDGE_CURVE('',#2648,#2649,#2241,.T.);
#3344=EDGE_CURVE('',#2647,#2649,#1078,.T.);
#3345=EDGE_CURVE('',#2650,#2646,#2242,.T.);
#3346=EDGE_CURVE('',#2650,#2651,#1079,.T.);
#3347=EDGE_CURVE('',#2651,#2648,#2243,.T.);
#3348=EDGE_CURVE('',#2652,#2650,#2244,.T.);
#3349=EDGE_CURVE('',#2652,#2653,#1080,.T.);
#3350=EDGE_CURVE('',#2653,#2651,#2245,.T.);
#3351=EDGE_CURVE('',#2654,#2652,#1081,.T.);
#3352=EDGE_CURVE('',#2654,#2655,#1082,.T.);
#3353=EDGE_CURVE('',#2655,#2653,#1083,.T.);
#3354=EDGE_CURVE('',#2656,#2654,#2246,.T.);
#3355=EDGE_CURVE('',#2656,#2657,#1084,.T.);
#3356=EDGE_CURVE('',#2657,#2655,#2247,.T.);
#3357=EDGE_CURVE('',#2658,#2656,#2248,.T.);
#3358=EDGE_CURVE('',#2658,#2659,#1085,.T.);
#3359=EDGE_CURVE('',#2659,#2657,#2249,.T.);
#3360=EDGE_CURVE('',#2660,#2658,#2250,.T.);
#3361=EDGE_CURVE('',#2660,#2661,#1086,.T.);
#3362=EDGE_CURVE('',#2661,#2659,#2251,.T.);
#3363=EDGE_CURVE('',#2662,#2660,#2252,.T.);
#3364=EDGE_CURVE('',#2662,#2663,#1087,.T.);
#3365=EDGE_CURVE('',#2663,#2661,#2253,.T.);
#3366=EDGE_CURVE('',#2664,#2662,#2254,.T.);
#3367=EDGE_CURVE('',#2664,#2665,#1088,.T.);
#3368=EDGE_CURVE('',#2665,#2663,#2255,.T.);
#3369=EDGE_CURVE('',#2666,#2664,#2256,.T.);
#3370=EDGE_CURVE('',#2666,#2667,#1089,.T.);
#3371=EDGE_CURVE('',#2667,#2665,#2257,.T.);
#3372=EDGE_CURVE('',#2668,#2666,#2258,.T.);
#3373=EDGE_CURVE('',#2668,#2669,#1090,.T.);
#3374=EDGE_CURVE('',#2669,#2667,#2259,.T.);
#3375=EDGE_CURVE('',#2670,#2668,#2260,.T.);
#3376=EDGE_CURVE('',#2670,#2671,#1091,.T.);
#3377=EDGE_CURVE('',#2671,#2669,#2261,.T.);
#3378=EDGE_CURVE('',#2672,#2670,#2262,.T.);
#3379=EDGE_CURVE('',#2672,#2673,#1092,.T.);
#3380=EDGE_CURVE('',#2673,#2671,#2263,.T.);
#3381=EDGE_CURVE('',#2674,#2672,#1093,.T.);
#3382=EDGE_CURVE('',#2674,#2675,#1094,.T.);
#3383=EDGE_CURVE('',#2675,#2673,#1095,.T.);
#3384=EDGE_CURVE('',#2647,#2674,#2264,.T.);
#3385=EDGE_CURVE('',#2649,#2675,#2265,.T.);
#3386=EDGE_CURVE('',#2676,#2677,#1096,.T.);
#3387=EDGE_CURVE('',#2676,#2678,#1097,.T.);
#3388=EDGE_CURVE('',#2678,#2679,#1098,.T.);
#3389=EDGE_CURVE('',#2677,#2679,#1099,.T.);
#3390=EDGE_CURVE('',#2680,#2676,#2266,.T.);
#3391=EDGE_CURVE('',#2680,#2681,#1100,.T.);
#3392=EDGE_CURVE('',#2681,#2678,#2267,.T.);
#3393=EDGE_CURVE('',#2682,#2680,#2268,.T.);
#3394=EDGE_CURVE('',#2682,#2683,#1101,.T.);
#3395=EDGE_CURVE('',#2683,#2681,#2269,.T.);
#3396=EDGE_CURVE('',#2684,#2682,#2270,.T.);
#3397=EDGE_CURVE('',#2684,#2685,#1102,.T.);
#3398=EDGE_CURVE('',#2685,#2683,#2271,.T.);
#3399=EDGE_CURVE('',#2686,#2684,#2272,.T.);
#3400=EDGE_CURVE('',#2686,#2687,#1103,.T.);
#3401=EDGE_CURVE('',#2687,#2685,#2273,.T.);
#3402=EDGE_CURVE('',#2688,#2686,#2274,.T.);
#3403=EDGE_CURVE('',#2688,#2689,#1104,.T.);
#3404=EDGE_CURVE('',#2689,#2687,#2275,.T.);
#3405=EDGE_CURVE('',#2690,#2688,#1105,.T.);
#3406=EDGE_CURVE('',#2690,#2691,#1106,.T.);
#3407=EDGE_CURVE('',#2691,#2689,#1107,.T.);
#3408=EDGE_CURVE('',#2692,#2690,#1108,.T.);
#3409=EDGE_CURVE('',#2692,#2693,#1109,.T.);
#3410=EDGE_CURVE('',#2693,#2691,#1110,.T.);
#3411=EDGE_CURVE('',#2694,#2692,#1111,.T.);
#3412=EDGE_CURVE('',#2694,#2695,#1112,.T.);
#3413=EDGE_CURVE('',#2695,#2693,#1113,.T.);
#3414=EDGE_CURVE('',#2696,#2694,#2276,.T.);
#3415=EDGE_CURVE('',#2696,#2697,#1114,.T.);
#3416=EDGE_CURVE('',#2697,#2695,#2277,.T.);
#3417=EDGE_CURVE('',#2698,#2696,#2278,.T.);
#3418=EDGE_CURVE('',#2698,#2699,#1115,.T.);
#3419=EDGE_CURVE('',#2699,#2697,#2279,.T.);
#3420=EDGE_CURVE('',#2700,#2698,#2280,.T.);
#3421=EDGE_CURVE('',#2700,#2701,#1116,.T.);
#3422=EDGE_CURVE('',#2701,#2699,#2281,.T.);
#3423=EDGE_CURVE('',#2702,#2700,#2282,.T.);
#3424=EDGE_CURVE('',#2702,#2703,#1117,.T.);
#3425=EDGE_CURVE('',#2703,#2701,#2283,.T.);
#3426=EDGE_CURVE('',#2704,#2702,#2284,.T.);
#3427=EDGE_CURVE('',#2704,#2705,#1118,.T.);
#3428=EDGE_CURVE('',#2705,#2703,#2285,.T.);
#3429=EDGE_CURVE('',#2706,#2704,#1119,.T.);
#3430=EDGE_CURVE('',#2706,#2707,#1120,.T.);
#3431=EDGE_CURVE('',#2707,#2705,#1121,.T.);
#3432=EDGE_CURVE('',#2708,#2706,#1122,.T.);
#3433=EDGE_CURVE('',#2708,#2709,#1123,.T.);
#3434=EDGE_CURVE('',#2709,#2707,#1124,.T.);
#3435=EDGE_CURVE('',#2710,#2708,#1125,.T.);
#3436=EDGE_CURVE('',#2710,#2711,#1126,.T.);
#3437=EDGE_CURVE('',#2711,#2709,#1127,.T.);
#3438=EDGE_CURVE('',#2677,#2710,#1128,.T.);
#3439=EDGE_CURVE('',#2679,#2711,#1129,.T.);
#3440=EDGE_CURVE('',#2712,#2713,#2286,.T.);
#3441=EDGE_CURVE('',#2712,#2714,#1130,.T.);
#3442=EDGE_CURVE('',#2714,#2715,#2287,.T.);
#3443=EDGE_CURVE('',#2713,#2715,#1131,.T.);
#3444=EDGE_CURVE('',#2716,#2712,#2288,.T.);
#3445=EDGE_CURVE('',#2716,#2717,#1132,.T.);
#3446=EDGE_CURVE('',#2717,#2714,#2289,.T.);
#3447=EDGE_CURVE('',#2718,#2716,#2290,.T.);
#3448=EDGE_CURVE('',#2718,#2719,#1133,.T.);
#3449=EDGE_CURVE('',#2719,#2717,#2291,.T.);
#3450=EDGE_CURVE('',#2720,#2718,#2292,.T.);
#3451=EDGE_CURVE('',#2720,#2721,#1134,.T.);
#3452=EDGE_CURVE('',#2721,#2719,#2293,.T.);
#3453=EDGE_CURVE('',#2722,#2720,#2294,.T.);
#3454=EDGE_CURVE('',#2722,#2723,#1135,.T.);
#3455=EDGE_CURVE('',#2723,#2721,#2295,.T.);
#3456=EDGE_CURVE('',#2724,#2722,#2296,.T.);
#3457=EDGE_CURVE('',#2724,#2725,#1136,.T.);
#3458=EDGE_CURVE('',#2725,#2723,#2297,.T.);
#3459=EDGE_CURVE('',#2726,#2724,#2298,.T.);
#3460=EDGE_CURVE('',#2726,#2727,#1137,.T.);
#3461=EDGE_CURVE('',#2727,#2725,#2299,.T.);
#3462=EDGE_CURVE('',#2713,#2726,#2300,.T.);
#3463=EDGE_CURVE('',#2715,#2727,#2301,.T.);
#3464=EDGE_CURVE('',#2728,#2729,#2302,.T.);
#3465=EDGE_CURVE('',#2728,#2730,#1138,.T.);
#3466=EDGE_CURVE('',#2730,#2731,#2303,.T.);
#3467=EDGE_CURVE('',#2729,#2731,#1139,.T.);
#3468=EDGE_CURVE('',#2732,#2728,#2304,.T.);
#3469=EDGE_CURVE('',#2732,#2733,#1140,.T.);
#3470=EDGE_CURVE('',#2733,#2730,#2305,.T.);
#3471=EDGE_CURVE('',#2734,#2732,#2306,.T.);
#3472=EDGE_CURVE('',#2734,#2735,#1141,.T.);
#3473=EDGE_CURVE('',#2735,#2733,#2307,.T.);
#3474=EDGE_CURVE('',#2736,#2734,#2308,.T.);
#3475=EDGE_CURVE('',#2736,#2737,#1142,.T.);
#3476=EDGE_CURVE('',#2737,#2735,#2309,.T.);
#3477=EDGE_CURVE('',#2738,#2736,#1143,.T.);
#3478=EDGE_CURVE('',#2738,#2739,#1144,.T.);
#3479=EDGE_CURVE('',#2739,#2737,#1145,.T.);
#3480=EDGE_CURVE('',#2740,#2738,#1146,.T.);
#3481=EDGE_CURVE('',#2740,#2741,#1147,.T.);
#3482=EDGE_CURVE('',#2741,#2739,#1148,.T.);
#3483=EDGE_CURVE('',#2742,#2740,#1149,.T.);
#3484=EDGE_CURVE('',#2742,#2743,#1150,.T.);
#3485=EDGE_CURVE('',#2743,#2741,#1151,.T.);
#3486=EDGE_CURVE('',#2744,#2742,#2310,.T.);
#3487=EDGE_CURVE('',#2744,#2745,#1152,.T.);
#3488=EDGE_CURVE('',#2745,#2743,#2311,.T.);
#3489=EDGE_CURVE('',#2746,#2744,#2312,.T.);
#3490=EDGE_CURVE('',#2746,#2747,#1153,.T.);
#3491=EDGE_CURVE('',#2747,#2745,#2313,.T.);
#3492=EDGE_CURVE('',#2748,#2746,#2314,.T.);
#3493=EDGE_CURVE('',#2748,#2749,#1154,.T.);
#3494=EDGE_CURVE('',#2749,#2747,#2315,.T.);
#3495=EDGE_CURVE('',#2750,#2748,#2316,.T.);
#3496=EDGE_CURVE('',#2750,#2751,#1155,.T.);
#3497=EDGE_CURVE('',#2751,#2749,#2317,.T.);
#3498=EDGE_CURVE('',#2752,#2750,#2318,.T.);
#3499=EDGE_CURVE('',#2752,#2753,#1156,.T.);
#3500=EDGE_CURVE('',#2753,#2751,#2319,.T.);
#3501=EDGE_CURVE('',#2754,#2752,#2320,.T.);
#3502=EDGE_CURVE('',#2754,#2755,#1157,.T.);
#3503=EDGE_CURVE('',#2755,#2753,#2321,.T.);
#3504=EDGE_CURVE('',#2756,#2754,#2322,.T.);
#3505=EDGE_CURVE('',#2756,#2757,#1158,.T.);
#3506=EDGE_CURVE('',#2757,#2755,#2323,.T.);
#3507=EDGE_CURVE('',#2758,#2756,#2324,.T.);
#3508=EDGE_CURVE('',#2758,#2759,#1159,.T.);
#3509=EDGE_CURVE('',#2759,#2757,#2325,.T.);
#3510=EDGE_CURVE('',#2760,#2758,#2326,.T.);
#3511=EDGE_CURVE('',#2760,#2761,#1160,.T.);
#3512=EDGE_CURVE('',#2761,#2759,#2327,.T.);
#3513=EDGE_CURVE('',#2762,#2760,#2328,.T.);
#3514=EDGE_CURVE('',#2762,#2763,#1161,.T.);
#3515=EDGE_CURVE('',#2763,#2761,#2329,.T.);
#3516=EDGE_CURVE('',#2764,#2762,#2330,.T.);
#3517=EDGE_CURVE('',#2764,#2765,#1162,.T.);
#3518=EDGE_CURVE('',#2765,#2763,#2331,.T.);
#3519=EDGE_CURVE('',#2766,#2764,#2332,.T.);
#3520=EDGE_CURVE('',#2766,#2767,#1163,.T.);
#3521=EDGE_CURVE('',#2767,#2765,#2333,.T.);
#3522=EDGE_CURVE('',#2768,#2766,#1164,.T.);
#3523=EDGE_CURVE('',#2768,#2769,#1165,.T.);
#3524=EDGE_CURVE('',#2769,#2767,#1166,.T.);
#3525=EDGE_CURVE('',#2729,#2768,#2334,.T.);
#3526=EDGE_CURVE('',#2731,#2769,#2335,.T.);
#3527=EDGE_CURVE('',#2770,#2771,#2336,.T.);
#3528=EDGE_CURVE('',#2770,#2772,#1167,.T.);
#3529=EDGE_CURVE('',#2772,#2773,#2337,.T.);
#3530=EDGE_CURVE('',#2771,#2773,#1168,.T.);
#3531=EDGE_CURVE('',#2774,#2770,#2338,.T.);
#3532=EDGE_CURVE('',#2774,#2775,#1169,.T.);
#3533=EDGE_CURVE('',#2775,#2772,#2339,.T.);
#3534=EDGE_CURVE('',#2776,#2774,#2340,.T.);
#3535=EDGE_CURVE('',#2776,#2777,#1170,.T.);
#3536=EDGE_CURVE('',#2777,#2775,#2341,.T.);
#3537=EDGE_CURVE('',#2778,#2776,#2342,.T.);
#3538=EDGE_CURVE('',#2778,#2779,#1171,.T.);
#3539=EDGE_CURVE('',#2779,#2777,#2343,.T.);
#3540=EDGE_CURVE('',#2780,#2778,#2344,.T.);
#3541=EDGE_CURVE('',#2780,#2781,#1172,.T.);
#3542=EDGE_CURVE('',#2781,#2779,#2345,.T.);
#3543=EDGE_CURVE('',#2782,#2780,#2346,.T.);
#3544=EDGE_CURVE('',#2782,#2783,#1173,.T.);
#3545=EDGE_CURVE('',#2783,#2781,#2347,.T.);
#3546=EDGE_CURVE('',#2784,#2782,#2348,.T.);
#3547=EDGE_CURVE('',#2784,#2785,#1174,.T.);
#3548=EDGE_CURVE('',#2785,#2783,#2349,.T.);
#3549=EDGE_CURVE('',#2786,#2784,#2350,.T.);
#3550=EDGE_CURVE('',#2786,#2787,#1175,.T.);
#3551=EDGE_CURVE('',#2787,#2785,#2351,.T.);
#3552=EDGE_CURVE('',#2788,#2786,#2352,.T.);
#3553=EDGE_CURVE('',#2788,#2789,#1176,.T.);
#3554=EDGE_CURVE('',#2789,#2787,#2353,.T.);
#3555=EDGE_CURVE('',#2790,#2788,#2354,.T.);
#3556=EDGE_CURVE('',#2790,#2791,#1177,.T.);
#3557=EDGE_CURVE('',#2791,#2789,#2355,.T.);
#3558=EDGE_CURVE('',#2792,#2790,#2356,.T.);
#3559=EDGE_CURVE('',#2792,#2793,#1178,.T.);
#3560=EDGE_CURVE('',#2793,#2791,#2357,.T.);
#3561=EDGE_CURVE('',#2794,#2792,#2358,.T.);
#3562=EDGE_CURVE('',#2794,#2795,#1179,.T.);
#3563=EDGE_CURVE('',#2795,#2793,#2359,.T.);
#3564=EDGE_CURVE('',#2796,#2794,#2360,.T.);
#3565=EDGE_CURVE('',#2796,#2797,#1180,.T.);
#3566=EDGE_CURVE('',#2797,#2795,#2361,.T.);
#3567=EDGE_CURVE('',#2798,#2796,#2362,.T.);
#3568=EDGE_CURVE('',#2798,#2799,#1181,.T.);
#3569=EDGE_CURVE('',#2799,#2797,#2363,.T.);
#3570=EDGE_CURVE('',#2800,#2798,#1182,.T.);
#3571=EDGE_CURVE('',#2800,#2801,#1183,.T.);
#3572=EDGE_CURVE('',#2801,#2799,#1184,.T.);
#3573=EDGE_CURVE('',#2802,#2800,#2364,.T.);
#3574=EDGE_CURVE('',#2802,#2803,#1185,.T.);
#3575=EDGE_CURVE('',#2803,#2801,#2365,.T.);
#3576=EDGE_CURVE('',#2804,#2802,#2366,.T.);
#3577=EDGE_CURVE('',#2804,#2805,#1186,.T.);
#3578=EDGE_CURVE('',#2805,#2803,#2367,.T.);
#3579=EDGE_CURVE('',#2806,#2804,#2368,.T.);
#3580=EDGE_CURVE('',#2806,#2807,#1187,.T.);
#3581=EDGE_CURVE('',#2807,#2805,#2369,.T.);
#3582=EDGE_CURVE('',#2808,#2806,#2370,.T.);
#3583=EDGE_CURVE('',#2808,#2809,#1188,.T.);
#3584=EDGE_CURVE('',#2809,#2807,#2371,.T.);
#3585=EDGE_CURVE('',#2810,#2808,#2372,.T.);
#3586=EDGE_CURVE('',#2810,#2811,#1189,.T.);
#3587=EDGE_CURVE('',#2811,#2809,#2373,.T.);
#3588=EDGE_CURVE('',#2812,#2810,#2374,.T.);
#3589=EDGE_CURVE('',#2812,#2813,#1190,.T.);
#3590=EDGE_CURVE('',#2813,#2811,#2375,.T.);
#3591=EDGE_CURVE('',#2814,#2812,#2376,.T.);
#3592=EDGE_CURVE('',#2814,#2815,#1191,.T.);
#3593=EDGE_CURVE('',#2815,#2813,#2377,.T.);
#3594=EDGE_CURVE('',#2816,#2814,#2378,.T.);
#3595=EDGE_CURVE('',#2816,#2817,#1192,.T.);
#3596=EDGE_CURVE('',#2817,#2815,#2379,.T.);
#3597=EDGE_CURVE('',#2818,#2816,#2380,.T.);
#3598=EDGE_CURVE('',#2818,#2819,#1193,.T.);
#3599=EDGE_CURVE('',#2819,#2817,#2381,.T.);
#3600=EDGE_CURVE('',#2820,#2818,#2382,.T.);
#3601=EDGE_CURVE('',#2820,#2821,#1194,.T.);
#3602=EDGE_CURVE('',#2821,#2819,#2383,.T.);
#3603=EDGE_CURVE('',#2822,#2820,#2384,.T.);
#3604=EDGE_CURVE('',#2822,#2823,#1195,.T.);
#3605=EDGE_CURVE('',#2823,#2821,#2385,.T.);
#3606=EDGE_CURVE('',#2824,#2822,#2386,.T.);
#3607=EDGE_CURVE('',#2824,#2825,#1196,.T.);
#3608=EDGE_CURVE('',#2825,#2823,#2387,.T.);
#3609=EDGE_CURVE('',#2826,#2824,#2388,.T.);
#3610=EDGE_CURVE('',#2826,#2827,#1197,.T.);
#3611=EDGE_CURVE('',#2827,#2825,#2389,.T.);
#3612=EDGE_CURVE('',#2828,#2826,#2390,.T.);
#3613=EDGE_CURVE('',#2828,#2829,#1198,.T.);
#3614=EDGE_CURVE('',#2829,#2827,#2391,.T.);
#3615=EDGE_CURVE('',#2830,#2828,#2392,.T.);
#3616=EDGE_CURVE('',#2830,#2831,#1199,.T.);
#3617=EDGE_CURVE('',#2831,#2829,#2393,.T.);
#3618=EDGE_CURVE('',#2832,#2830,#2394,.T.);
#3619=EDGE_CURVE('',#2832,#2833,#1200,.T.);
#3620=EDGE_CURVE('',#2833,#2831,#2395,.T.);
#3621=EDGE_CURVE('',#2834,#2832,#2396,.T.);
#3622=EDGE_CURVE('',#2834,#2835,#1201,.T.);
#3623=EDGE_CURVE('',#2835,#2833,#2397,.T.);
#3624=EDGE_CURVE('',#2836,#2834,#2398,.T.);
#3625=EDGE_CURVE('',#2836,#2837,#1202,.T.);
#3626=EDGE_CURVE('',#2837,#2835,#2399,.T.);
#3627=EDGE_CURVE('',#2838,#2836,#1203,.T.);
#3628=EDGE_CURVE('',#2838,#2839,#1204,.T.);
#3629=EDGE_CURVE('',#2839,#2837,#1205,.T.);
#3630=EDGE_CURVE('',#2771,#2838,#2400,.T.);
#3631=EDGE_CURVE('',#2773,#2839,#2401,.T.);
#3632=EDGE_CURVE('',#2840,#2841,#1206,.T.);
#3633=EDGE_CURVE('',#2840,#2842,#1207,.T.);
#3634=EDGE_CURVE('',#2842,#2843,#1208,.T.);
#3635=EDGE_CURVE('',#2841,#2843,#1209,.T.);
#3636=EDGE_CURVE('',#2844,#2840,#1210,.T.);
#3637=EDGE_CURVE('',#2844,#2845,#1211,.T.);
#3638=EDGE_CURVE('',#2845,#2842,#1212,.T.);
#3639=EDGE_CURVE('',#2846,#2844,#1213,.T.);
#3640=EDGE_CURVE('',#2846,#2847,#1214,.T.);
#3641=EDGE_CURVE('',#2847,#2845,#1215,.T.);
#3642=EDGE_CURVE('',#2848,#2846,#2402,.T.);
#3643=EDGE_CURVE('',#2848,#2849,#1216,.T.);
#3644=EDGE_CURVE('',#2849,#2847,#2403,.T.);
#3645=EDGE_CURVE('',#2850,#2848,#2404,.T.);
#3646=EDGE_CURVE('',#2850,#2851,#1217,.T.);
#3647=EDGE_CURVE('',#2851,#2849,#2405,.T.);
#3648=EDGE_CURVE('',#2852,#2850,#2406,.T.);
#3649=EDGE_CURVE('',#2852,#2853,#1218,.T.);
#3650=EDGE_CURVE('',#2853,#2851,#2407,.T.);
#3651=EDGE_CURVE('',#2854,#2852,#2408,.T.);
#3652=EDGE_CURVE('',#2854,#2855,#1219,.T.);
#3653=EDGE_CURVE('',#2855,#2853,#2409,.T.);
#3654=EDGE_CURVE('',#2856,#2854,#2410,.T.);
#3655=EDGE_CURVE('',#2856,#2857,#1220,.T.);
#3656=EDGE_CURVE('',#2857,#2855,#2411,.T.);
#3657=EDGE_CURVE('',#2858,#2856,#2412,.T.);
#3658=EDGE_CURVE('',#2858,#2859,#1221,.T.);
#3659=EDGE_CURVE('',#2859,#2857,#2413,.T.);
#3660=EDGE_CURVE('',#2860,#2858,#1222,.T.);
#3661=EDGE_CURVE('',#2860,#2861,#1223,.T.);
#3662=EDGE_CURVE('',#2861,#2859,#1224,.T.);
#3663=EDGE_CURVE('',#2862,#2860,#1225,.T.);
#3664=EDGE_CURVE('',#2862,#2863,#1226,.T.);
#3665=EDGE_CURVE('',#2863,#2861,#1227,.T.);
#3666=EDGE_CURVE('',#2864,#2862,#1228,.T.);
#3667=EDGE_CURVE('',#2864,#2865,#1229,.T.);
#3668=EDGE_CURVE('',#2865,#2863,#1230,.T.);
#3669=EDGE_CURVE('',#2866,#2864,#2414,.T.);
#3670=EDGE_CURVE('',#2866,#2867,#1231,.T.);
#3671=EDGE_CURVE('',#2867,#2865,#2415,.T.);
#3672=EDGE_CURVE('',#2868,#2866,#2416,.T.);
#3673=EDGE_CURVE('',#2868,#2869,#1232,.T.);
#3674=EDGE_CURVE('',#2869,#2867,#2417,.T.);
#3675=EDGE_CURVE('',#2870,#2868,#2418,.T.);
#3676=EDGE_CURVE('',#2870,#2871,#1233,.T.);
#3677=EDGE_CURVE('',#2871,#2869,#2419,.T.);
#3678=EDGE_CURVE('',#2872,#2870,#2420,.T.);
#3679=EDGE_CURVE('',#2872,#2873,#1234,.T.);
#3680=EDGE_CURVE('',#2873,#2871,#2421,.T.);
#3681=EDGE_CURVE('',#2874,#2872,#2422,.T.);
#3682=EDGE_CURVE('',#2874,#2875,#1235,.T.);
#3683=EDGE_CURVE('',#2875,#2873,#2423,.T.);
#3684=EDGE_CURVE('',#2876,#2874,#1236,.T.);
#3685=EDGE_CURVE('',#2876,#2877,#1237,.T.);
#3686=EDGE_CURVE('',#2877,#2875,#1238,.T.);
#3687=EDGE_CURVE('',#2841,#2876,#1239,.T.);
#3688=EDGE_CURVE('',#2843,#2877,#1240,.T.);
#3689=EDGE_CURVE('',#2878,#2879,#2424,.T.);
#3690=EDGE_CURVE('',#2878,#2880,#1241,.T.);
#3691=EDGE_CURVE('',#2880,#2881,#2425,.T.);
#3692=EDGE_CURVE('',#2879,#2881,#1242,.T.);
#3693=EDGE_CURVE('',#2882,#2878,#2426,.T.);
#3694=EDGE_CURVE('',#2882,#2883,#1243,.T.);
#3695=EDGE_CURVE('',#2883,#2880,#2427,.T.);
#3696=EDGE_CURVE('',#2884,#2882,#2428,.T.);
#3697=EDGE_CURVE('',#2884,#2885,#1244,.T.);
#3698=EDGE_CURVE('',#2885,#2883,#2429,.T.);
#3699=EDGE_CURVE('',#2886,#2884,#1245,.T.);
#3700=EDGE_CURVE('',#2886,#2887,#1246,.T.);
#3701=EDGE_CURVE('',#2887,#2885,#1247,.T.);
#3702=EDGE_CURVE('',#2879,#2886,#2430,.T.);
#3703=EDGE_CURVE('',#2881,#2887,#2431,.T.);
#3704=EDGE_CURVE('',#2888,#2889,#2432,.T.);
#3705=EDGE_CURVE('',#2888,#2890,#1248,.T.);
#3706=EDGE_CURVE('',#2890,#2891,#2433,.T.);
#3707=EDGE_CURVE('',#2889,#2891,#1249,.T.);
#3708=EDGE_CURVE('',#2892,#2888,#2434,.T.);
#3709=EDGE_CURVE('',#2892,#2893,#1250,.T.);
#3710=EDGE_CURVE('',#2893,#2890,#2435,.T.);
#3711=EDGE_CURVE('',#2894,#2892,#2436,.T.);
#3712=EDGE_CURVE('',#2894,#2895,#1251,.T.);
#3713=EDGE_CURVE('',#2895,#2893,#2437,.T.);
#3714=EDGE_CURVE('',#2896,#2894,#1252,.T.);
#3715=EDGE_CURVE('',#2896,#2897,#1253,.T.);
#3716=EDGE_CURVE('',#2897,#2895,#1254,.T.);
#3717=EDGE_CURVE('',#2898,#2896,#2438,.T.);
#3718=EDGE_CURVE('',#2898,#2899,#1255,.T.);
#3719=EDGE_CURVE('',#2899,#2897,#2439,.T.);
#3720=EDGE_CURVE('',#2900,#2898,#2440,.T.);
#3721=EDGE_CURVE('',#2900,#2901,#1256,.T.);
#3722=EDGE_CURVE('',#2901,#2899,#2441,.T.);
#3723=EDGE_CURVE('',#2902,#2900,#2442,.T.);
#3724=EDGE_CURVE('',#2902,#2903,#1257,.T.);
#3725=EDGE_CURVE('',#2903,#2901,#2443,.T.);
#3726=EDGE_CURVE('',#2904,#2902,#2444,.T.);
#3727=EDGE_CURVE('',#2904,#2905,#1258,.T.);
#3728=EDGE_CURVE('',#2905,#2903,#2445,.T.);
#3729=EDGE_CURVE('',#2906,#2904,#2446,.T.);
#3730=EDGE_CURVE('',#2906,#2907,#1259,.T.);
#3731=EDGE_CURVE('',#2907,#2905,#2447,.T.);
#3732=EDGE_CURVE('',#2908,#2906,#2448,.T.);
#3733=EDGE_CURVE('',#2908,#2909,#1260,.T.);
#3734=EDGE_CURVE('',#2909,#2907,#2449,.T.);
#3735=EDGE_CURVE('',#2910,#2908,#2450,.T.);
#3736=EDGE_CURVE('',#2910,#2911,#1261,.T.);
#3737=EDGE_CURVE('',#2911,#2909,#2451,.T.);
#3738=EDGE_CURVE('',#2912,#2910,#2452,.T.);
#3739=EDGE_CURVE('',#2912,#2913,#1262,.T.);
#3740=EDGE_CURVE('',#2913,#2911,#2453,.T.);
#3741=EDGE_CURVE('',#2914,#2912,#2454,.T.);
#3742=EDGE_CURVE('',#2914,#2915,#1263,.T.);
#3743=EDGE_CURVE('',#2915,#2913,#2455,.T.);
#3744=EDGE_CURVE('',#2916,#2914,#1264,.T.);
#3745=EDGE_CURVE('',#2916,#2917,#1265,.T.);
#3746=EDGE_CURVE('',#2917,#2915,#1266,.T.);
#3747=EDGE_CURVE('',#2889,#2916,#2456,.T.);
#3748=EDGE_CURVE('',#2891,#2917,#2457,.T.);
#3749=EDGE_CURVE('',#2918,#2919,#1267,.T.);
#3750=EDGE_CURVE('',#2918,#2920,#1268,.T.);
#3751=EDGE_CURVE('',#2920,#2921,#1269,.T.);
#3752=EDGE_CURVE('',#2919,#2921,#1270,.T.);
#3753=EDGE_CURVE('',#2922,#2918,#2458,.T.);
#3754=EDGE_CURVE('',#2922,#2923,#1271,.T.);
#3755=EDGE_CURVE('',#2923,#2920,#2459,.T.);
#3756=EDGE_CURVE('',#2924,#2922,#2460,.T.);
#3757=EDGE_CURVE('',#2924,#2925,#1272,.T.);
#3758=EDGE_CURVE('',#2925,#2923,#2461,.T.);
#3759=EDGE_CURVE('',#2926,#2924,#2462,.T.);
#3760=EDGE_CURVE('',#2926,#2927,#1273,.T.);
#3761=EDGE_CURVE('',#2927,#2925,#2463,.T.);
#3762=EDGE_CURVE('',#2928,#2926,#2464,.T.);
#3763=EDGE_CURVE('',#2928,#2929,#1274,.T.);
#3764=EDGE_CURVE('',#2929,#2927,#2465,.T.);
#3765=EDGE_CURVE('',#2930,#2928,#1275,.T.);
#3766=EDGE_CURVE('',#2930,#2931,#1276,.T.);
#3767=EDGE_CURVE('',#2931,#2929,#1277,.T.);
#3768=EDGE_CURVE('',#2932,#2930,#2466,.T.);
#3769=EDGE_CURVE('',#2932,#2933,#1278,.T.);
#3770=EDGE_CURVE('',#2933,#2931,#2467,.T.);
#3771=EDGE_CURVE('',#2934,#2932,#2468,.T.);
#3772=EDGE_CURVE('',#2934,#2935,#1279,.T.);
#3773=EDGE_CURVE('',#2935,#2933,#2469,.T.);
#3774=EDGE_CURVE('',#2936,#2934,#2470,.T.);
#3775=EDGE_CURVE('',#2936,#2937,#1280,.T.);
#3776=EDGE_CURVE('',#2937,#2935,#2471,.T.);
#3777=EDGE_CURVE('',#2938,#2936,#1281,.T.);
#3778=EDGE_CURVE('',#2938,#2939,#1282,.T.);
#3779=EDGE_CURVE('',#2939,#2937,#1283,.T.);
#3780=EDGE_CURVE('',#2940,#2938,#1284,.T.);
#3781=EDGE_CURVE('',#2940,#2941,#1285,.T.);
#3782=EDGE_CURVE('',#2941,#2939,#1286,.T.);
#3783=EDGE_CURVE('',#2942,#2940,#1287,.T.);
#3784=EDGE_CURVE('',#2942,#2943,#1288,.T.);
#3785=EDGE_CURVE('',#2943,#2941,#1289,.T.);
#3786=EDGE_CURVE('',#2919,#2942,#1290,.T.);
#3787=EDGE_CURVE('',#2921,#2943,#1291,.T.);
#3788=EDGE_CURVE('',#2944,#2945,#2472,.T.);
#3789=EDGE_CURVE('',#2944,#2946,#1292,.T.);
#3790=EDGE_CURVE('',#2946,#2947,#2473,.T.);
#3791=EDGE_CURVE('',#2945,#2947,#1293,.T.);
#3792=EDGE_CURVE('',#2948,#2944,#2474,.T.);
#3793=EDGE_CURVE('',#2948,#2949,#1294,.T.);
#3794=EDGE_CURVE('',#2949,#2946,#2475,.T.);
#3795=EDGE_CURVE('',#2950,#2948,#2476,.T.);
#3796=EDGE_CURVE('',#2950,#2951,#1295,.T.);
#3797=EDGE_CURVE('',#2951,#2949,#2477,.T.);
#3798=EDGE_CURVE('',#2952,#2950,#2478,.T.);
#3799=EDGE_CURVE('',#2952,#2953,#1296,.T.);
#3800=EDGE_CURVE('',#2953,#2951,#2479,.T.);
#3801=EDGE_CURVE('',#2954,#2952,#2480,.T.);
#3802=EDGE_CURVE('',#2954,#2955,#1297,.T.);
#3803=EDGE_CURVE('',#2955,#2953,#2481,.T.);
#3804=EDGE_CURVE('',#2956,#2954,#2482,.T.);
#3805=EDGE_CURVE('',#2956,#2957,#1298,.T.);
#3806=EDGE_CURVE('',#2957,#2955,#2483,.T.);
#3807=EDGE_CURVE('',#2958,#2956,#2484,.T.);
#3808=EDGE_CURVE('',#2958,#2959,#1299,.T.);
#3809=EDGE_CURVE('',#2959,#2957,#2485,.T.);
#3810=EDGE_CURVE('',#2945,#2958,#2486,.T.);
#3811=EDGE_CURVE('',#2947,#2959,#2487,.T.);
#3812=EDGE_CURVE('',#2960,#2961,#2488,.T.);
#3813=EDGE_CURVE('',#2960,#2962,#1300,.T.);
#3814=EDGE_CURVE('',#2962,#2963,#2489,.T.);
#3815=EDGE_CURVE('',#2961,#2963,#1301,.T.);
#3816=EDGE_CURVE('',#2964,#2960,#2490,.T.);
#3817=EDGE_CURVE('',#2964,#2965,#1302,.T.);
#3818=EDGE_CURVE('',#2965,#2962,#2491,.T.);
#3819=EDGE_CURVE('',#2966,#2964,#2492,.T.);
#3820=EDGE_CURVE('',#2966,#2967,#1303,.T.);
#3821=EDGE_CURVE('',#2967,#2965,#2493,.T.);
#3822=EDGE_CURVE('',#2968,#2966,#2494,.T.);
#3823=EDGE_CURVE('',#2968,#2969,#1304,.T.);
#3824=EDGE_CURVE('',#2969,#2967,#2495,.T.);
#3825=EDGE_CURVE('',#2970,#2968,#2496,.T.);
#3826=EDGE_CURVE('',#2970,#2971,#1305,.T.);
#3827=EDGE_CURVE('',#2971,#2969,#2497,.T.);
#3828=EDGE_CURVE('',#2972,#2970,#2498,.T.);
#3829=EDGE_CURVE('',#2972,#2973,#1306,.T.);
#3830=EDGE_CURVE('',#2973,#2971,#2499,.T.);
#3831=EDGE_CURVE('',#2974,#2972,#2500,.T.);
#3832=EDGE_CURVE('',#2974,#2975,#1307,.T.);
#3833=EDGE_CURVE('',#2975,#2973,#2501,.T.);
#3834=EDGE_CURVE('',#2976,#2974,#2502,.T.);
#3835=EDGE_CURVE('',#2976,#2977,#1308,.T.);
#3836=EDGE_CURVE('',#2977,#2975,#2503,.T.);
#3837=EDGE_CURVE('',#2961,#2976,#2504,.T.);
#3838=EDGE_CURVE('',#2963,#2977,#2505,.T.);
#3839=EDGE_CURVE('',#2978,#2979,#1309,.T.);
#3840=EDGE_CURVE('',#2978,#2980,#1310,.T.);
#3841=EDGE_CURVE('',#2980,#2981,#1311,.T.);
#3842=EDGE_CURVE('',#2979,#2981,#1312,.T.);
#3843=EDGE_CURVE('',#2982,#2978,#2506,.T.);
#3844=EDGE_CURVE('',#2982,#2983,#1313,.T.);
#3845=EDGE_CURVE('',#2983,#2980,#2507,.T.);
#3846=EDGE_CURVE('',#2984,#2982,#2508,.T.);
#3847=EDGE_CURVE('',#2984,#2985,#1314,.T.);
#3848=EDGE_CURVE('',#2985,#2983,#2509,.T.);
#3849=EDGE_CURVE('',#2986,#2984,#2510,.T.);
#3850=EDGE_CURVE('',#2986,#2987,#1315,.T.);
#3851=EDGE_CURVE('',#2987,#2985,#2511,.T.);
#3852=EDGE_CURVE('',#2988,#2986,#2512,.T.);
#3853=EDGE_CURVE('',#2988,#2989,#1316,.T.);
#3854=EDGE_CURVE('',#2989,#2987,#2513,.T.);
#3855=EDGE_CURVE('',#2990,#2988,#2514,.T.);
#3856=EDGE_CURVE('',#2990,#2991,#1317,.T.);
#3857=EDGE_CURVE('',#2991,#2989,#2515,.T.);
#3858=EDGE_CURVE('',#2992,#2990,#2516,.T.);
#3859=EDGE_CURVE('',#2992,#2993,#1318,.T.);
#3860=EDGE_CURVE('',#2993,#2991,#2517,.T.);
#3861=EDGE_CURVE('',#2994,#2992,#2518,.T.);
#3862=EDGE_CURVE('',#2994,#2995,#1319,.T.);
#3863=EDGE_CURVE('',#2995,#2993,#2519,.T.);
#3864=EDGE_CURVE('',#2996,#2994,#2520,.T.);
#3865=EDGE_CURVE('',#2996,#2997,#1320,.T.);
#3866=EDGE_CURVE('',#2997,#2995,#2521,.T.);
#3867=EDGE_CURVE('',#2998,#2996,#2522,.T.);
#3868=EDGE_CURVE('',#2998,#2999,#1321,.T.);
#3869=EDGE_CURVE('',#2999,#2997,#2523,.T.);
#3870=EDGE_CURVE('',#3000,#2998,#2524,.T.);
#3871=EDGE_CURVE('',#3000,#3001,#1322,.T.);
#3872=EDGE_CURVE('',#3001,#2999,#2525,.T.);
#3873=EDGE_CURVE('',#3002,#3000,#2526,.T.);
#3874=EDGE_CURVE('',#3002,#3003,#1323,.T.);
#3875=EDGE_CURVE('',#3003,#3001,#2527,.T.);
#3876=EDGE_CURVE('',#3004,#3002,#2528,.T.);
#3877=EDGE_CURVE('',#3004,#3005,#1324,.T.);
#3878=EDGE_CURVE('',#3005,#3003,#2529,.T.);
#3879=EDGE_CURVE('',#3006,#3004,#1325,.T.);
#3880=EDGE_CURVE('',#3006,#3007,#1326,.T.);
#3881=EDGE_CURVE('',#3007,#3005,#1327,.T.);
#3882=EDGE_CURVE('',#3008,#3006,#2530,.T.);
#3883=EDGE_CURVE('',#3008,#3009,#1328,.T.);
#3884=EDGE_CURVE('',#3009,#3007,#2531,.T.);
#3885=EDGE_CURVE('',#3010,#3008,#2532,.T.);
#3886=EDGE_CURVE('',#3010,#3011,#1329,.T.);
#3887=EDGE_CURVE('',#3011,#3009,#2533,.T.);
#3888=EDGE_CURVE('',#3012,#3010,#2534,.T.);
#3889=EDGE_CURVE('',#3012,#3013,#1330,.T.);
#3890=EDGE_CURVE('',#3013,#3011,#2535,.T.);
#3891=EDGE_CURVE('',#3014,#3012,#2536,.T.);
#3892=EDGE_CURVE('',#3014,#3015,#1331,.T.);
#3893=EDGE_CURVE('',#3015,#3013,#2537,.T.);
#3894=EDGE_CURVE('',#3016,#3014,#2538,.T.);
#3895=EDGE_CURVE('',#3016,#3017,#1332,.T.);
#3896=EDGE_CURVE('',#3017,#3015,#2539,.T.);
#3897=EDGE_CURVE('',#3018,#3016,#2540,.T.);
#3898=EDGE_CURVE('',#3018,#3019,#1333,.T.);
#3899=EDGE_CURVE('',#3019,#3017,#2541,.T.);
#3900=EDGE_CURVE('',#3020,#3018,#2542,.T.);
#3901=EDGE_CURVE('',#3020,#3021,#1334,.T.);
#3902=EDGE_CURVE('',#3021,#3019,#2543,.T.);
#3903=EDGE_CURVE('',#3022,#3020,#2544,.T.);
#3904=EDGE_CURVE('',#3022,#3023,#1335,.T.);
#3905=EDGE_CURVE('',#3023,#3021,#2545,.T.);
#3906=EDGE_CURVE('',#3024,#3022,#2546,.T.);
#3907=EDGE_CURVE('',#3024,#3025,#1336,.T.);
#3908=EDGE_CURVE('',#3025,#3023,#2547,.T.);
#3909=EDGE_CURVE('',#3026,#3024,#2548,.T.);
#3910=EDGE_CURVE('',#3026,#3027,#1337,.T.);
#3911=EDGE_CURVE('',#3027,#3025,#2549,.T.);
#3912=EDGE_CURVE('',#3028,#3026,#2550,.T.);
#3913=EDGE_CURVE('',#3028,#3029,#1338,.T.);
#3914=EDGE_CURVE('',#3029,#3027,#2551,.T.);
#3915=EDGE_CURVE('',#3030,#3028,#1339,.T.);
#3916=EDGE_CURVE('',#3030,#3031,#1340,.T.);
#3917=EDGE_CURVE('',#3031,#3029,#1341,.T.);
#3918=EDGE_CURVE('',#3032,#3030,#1342,.T.);
#3919=EDGE_CURVE('',#3032,#3033,#1343,.T.);
#3920=EDGE_CURVE('',#3033,#3031,#1344,.T.);
#3921=EDGE_CURVE('',#3034,#3032,#1345,.T.);
#3922=EDGE_CURVE('',#3034,#3035,#1346,.T.);
#3923=EDGE_CURVE('',#3035,#3033,#1347,.T.);
#3924=EDGE_CURVE('',#2979,#3034,#1348,.T.);
#3925=EDGE_CURVE('',#2981,#3035,#1349,.T.);
#3926=EDGE_CURVE('',#3036,#3037,#1350,.T.);
#3927=EDGE_CURVE('',#3036,#3038,#1351,.T.);
#3928=EDGE_CURVE('',#3038,#3039,#1352,.T.);
#3929=EDGE_CURVE('',#3037,#3039,#1353,.T.);
#3930=EDGE_CURVE('',#3040,#3036,#2552,.T.);
#3931=EDGE_CURVE('',#3040,#3041,#1354,.T.);
#3932=EDGE_CURVE('',#3041,#3038,#2553,.T.);
#3933=EDGE_CURVE('',#3042,#3040,#2554,.T.);
#3934=EDGE_CURVE('',#3042,#3043,#1355,.T.);
#3935=EDGE_CURVE('',#3043,#3041,#2555,.T.);
#3936=EDGE_CURVE('',#3044,#3042,#2556,.T.);
#3937=EDGE_CURVE('',#3044,#3045,#1356,.T.);
#3938=EDGE_CURVE('',#3045,#3043,#2557,.T.);
#3939=EDGE_CURVE('',#3046,#3044,#2558,.T.);
#3940=EDGE_CURVE('',#3046,#3047,#1357,.T.);
#3941=EDGE_CURVE('',#3047,#3045,#2559,.T.);
#3942=EDGE_CURVE('',#3048,#3046,#2560,.T.);
#3943=EDGE_CURVE('',#3048,#3049,#1358,.T.);
#3944=EDGE_CURVE('',#3049,#3047,#2561,.T.);
#3945=EDGE_CURVE('',#3050,#3048,#2562,.T.);
#3946=EDGE_CURVE('',#3050,#3051,#1359,.T.);
#3947=EDGE_CURVE('',#3051,#3049,#2563,.T.);
#3948=EDGE_CURVE('',#3052,#3050,#1360,.T.);
#3949=EDGE_CURVE('',#3052,#3053,#1361,.T.);
#3950=EDGE_CURVE('',#3053,#3051,#1362,.T.);
#3951=EDGE_CURVE('',#3037,#3052,#1363,.T.);
#3952=EDGE_CURVE('',#3039,#3053,#1364,.T.);
#3953=EDGE_CURVE('',#3054,#3055,#1365,.T.);
#3954=EDGE_CURVE('',#3054,#3056,#1366,.T.);
#3955=EDGE_CURVE('',#3056,#3057,#1367,.T.);
#3956=EDGE_CURVE('',#3055,#3057,#1368,.T.);
#3957=EDGE_CURVE('',#3058,#3054,#2564,.T.);
#3958=EDGE_CURVE('',#3058,#3059,#1369,.T.);
#3959=EDGE_CURVE('',#3059,#3056,#2565,.T.);
#3960=EDGE_CURVE('',#3060,#3058,#2566,.T.);
#3961=EDGE_CURVE('',#3060,#3061,#1370,.T.);
#3962=EDGE_CURVE('',#3061,#3059,#2567,.T.);
#3963=EDGE_CURVE('',#3062,#3060,#2568,.T.);
#3964=EDGE_CURVE('',#3062,#3063,#1371,.T.);
#3965=EDGE_CURVE('',#3063,#3061,#2569,.T.);
#3966=EDGE_CURVE('',#3064,#3062,#2570,.T.);
#3967=EDGE_CURVE('',#3064,#3065,#1372,.T.);
#3968=EDGE_CURVE('',#3065,#3063,#2571,.T.);
#3969=EDGE_CURVE('',#3066,#3064,#2572,.T.);
#3970=EDGE_CURVE('',#3066,#3067,#1373,.T.);
#3971=EDGE_CURVE('',#3067,#3065,#2573,.T.);
#3972=EDGE_CURVE('',#3068,#3066,#2574,.T.);
#3973=EDGE_CURVE('',#3068,#3069,#1374,.T.);
#3974=EDGE_CURVE('',#3069,#3067,#2575,.T.);
#3975=EDGE_CURVE('',#3070,#3068,#2576,.T.);
#3976=EDGE_CURVE('',#3070,#3071,#1375,.T.);
#3977=EDGE_CURVE('',#3071,#3069,#2577,.T.);
#3978=EDGE_CURVE('',#3072,#3070,#1376,.T.);
#3979=EDGE_CURVE('',#3072,#3073,#1377,.T.);
#3980=EDGE_CURVE('',#3073,#3071,#1378,.T.);
#3981=EDGE_CURVE('',#3055,#3072,#1379,.T.);
#3982=EDGE_CURVE('',#3057,#3073,#1380,.T.);
#3983=EDGE_CURVE('',#3074,#3075,#2578,.T.);
#3984=EDGE_CURVE('',#3074,#3076,#1381,.T.);
#3985=EDGE_CURVE('',#3076,#3077,#2579,.T.);
#3986=EDGE_CURVE('',#3075,#3077,#1382,.T.);
#3987=EDGE_CURVE('',#3078,#3074,#2580,.T.);
#3988=EDGE_CURVE('',#3078,#3079,#1383,.T.);
#3989=EDGE_CURVE('',#3079,#3076,#2581,.T.);
#3990=EDGE_CURVE('',#3080,#3078,#2582,.T.);
#3991=EDGE_CURVE('',#3080,#3081,#1384,.T.);
#3992=EDGE_CURVE('',#3081,#3079,#2583,.T.);
#3993=EDGE_CURVE('',#3082,#3080,#2584,.T.);
#3994=EDGE_CURVE('',#3082,#3083,#1385,.T.);
#3995=EDGE_CURVE('',#3083,#3081,#2585,.T.);
#3996=EDGE_CURVE('',#3084,#3082,#2586,.T.);
#3997=EDGE_CURVE('',#3084,#3085,#1386,.T.);
#3998=EDGE_CURVE('',#3085,#3083,#2587,.T.);
#3999=EDGE_CURVE('',#3086,#3084,#2588,.T.);
#4000=EDGE_CURVE('',#3086,#3087,#1387,.T.);
#4001=EDGE_CURVE('',#3087,#3085,#2589,.T.);
#4002=EDGE_CURVE('',#3088,#3086,#2590,.T.);
#4003=EDGE_CURVE('',#3088,#3089,#1388,.T.);
#4004=EDGE_CURVE('',#3089,#3087,#2591,.T.);
#4005=EDGE_CURVE('',#3090,#3088,#2592,.T.);
#4006=EDGE_CURVE('',#3090,#3091,#1389,.T.);
#4007=EDGE_CURVE('',#3091,#3089,#2593,.T.);
#4008=EDGE_CURVE('',#3092,#3090,#2594,.T.);
#4009=EDGE_CURVE('',#3092,#3093,#1390,.T.);
#4010=EDGE_CURVE('',#3093,#3091,#2595,.T.);
#4011=EDGE_CURVE('',#3094,#3092,#2596,.T.);
#4012=EDGE_CURVE('',#3094,#3095,#1391,.T.);
#4013=EDGE_CURVE('',#3095,#3093,#2597,.T.);
#4014=EDGE_CURVE('',#3096,#3094,#2598,.T.);
#4015=EDGE_CURVE('',#3096,#3097,#1392,.T.);
#4016=EDGE_CURVE('',#3097,#3095,#2599,.T.);
#4017=EDGE_CURVE('',#3098,#3096,#1393,.T.);
#4018=EDGE_CURVE('',#3098,#3099,#1394,.T.);
#4019=EDGE_CURVE('',#3099,#3097,#1395,.T.);
#4020=EDGE_CURVE('',#3100,#3098,#1396,.T.);
#4021=EDGE_CURVE('',#3100,#3101,#1397,.T.);
#4022=EDGE_CURVE('',#3101,#3099,#1398,.T.);
#4023=EDGE_CURVE('',#3075,#3100,#1399,.T.);
#4024=EDGE_CURVE('',#3077,#3101,#1400,.T.);
#4025=EDGE_CURVE('',#3102,#3103,#28,.T.);
#4026=EDGE_CURVE('',#3103,#3104,#1401,.T.);
#4027=EDGE_CURVE('',#3104,#3105,#29,.T.);
#4028=EDGE_CURVE('',#3105,#3102,#1402,.T.);
#4029=EDGE_CURVE('',#3105,#3106,#1403,.T.);
#4030=EDGE_CURVE('',#3107,#3106,#1404,.T.);
#4031=EDGE_CURVE('',#3102,#3107,#1405,.T.);
#4032=EDGE_CURVE('',#3108,#3109,#1406,.T.);
#4033=EDGE_CURVE('',#3109,#3110,#1407,.T.);
#4034=EDGE_CURVE('',#3110,#3111,#1408,.T.);
#4035=EDGE_CURVE('',#3111,#3108,#1409,.T.);
#4036=EDGE_CURVE('',#3112,#3104,#1410,.T.);
#4037=EDGE_CURVE('',#3113,#3112,#30,.T.);
#4038=EDGE_CURVE('',#3114,#3113,#1411,.T.);
#4039=EDGE_CURVE('',#3115,#3114,#31,.T.);
#4040=EDGE_CURVE('',#3116,#3115,#1412,.T.);
#4041=EDGE_CURVE('',#3106,#3116,#32,.T.);
#4042=EDGE_CURVE('',#3117,#3118,#33,.T.);
#4043=EDGE_CURVE('',#3118,#3113,#1413,.T.);
#4044=EDGE_CURVE('',#3112,#3117,#1414,.T.);
#4045=EDGE_CURVE('',#3119,#3118,#1415,.T.);
#4046=EDGE_CURVE('',#3114,#3119,#1416,.T.);
#4047=EDGE_CURVE('',#3120,#3121,#1417,.T.);
#4048=EDGE_CURVE('',#3121,#3122,#1418,.T.);
#4049=EDGE_CURVE('',#3122,#3123,#1419,.T.);
#4050=EDGE_CURVE('',#3123,#3120,#1420,.T.);
#4051=EDGE_CURVE('',#3124,#3107,#34,.T.);
#4052=EDGE_CURVE('',#3124,#3125,#1421,.T.);
#4053=EDGE_CURVE('',#3119,#3125,#35,.T.);
#4054=EDGE_CURVE('',#3117,#3103,#1422,.T.);
#4055=EDGE_CURVE('',#3126,#3126,#36,.T.);
#4056=EDGE_CURVE('',#3127,#3127,#37,.T.);
#4057=EDGE_CURVE('',#3128,#3128,#38,.T.);
#4058=EDGE_CURVE('',#3129,#3130,#1423,.T.);
#4059=EDGE_CURVE('',#3130,#3131,#1424,.T.);
#4060=EDGE_CURVE('',#3131,#3132,#1425,.T.);
#4061=EDGE_CURVE('',#3132,#3133,#1426,.T.);
#4062=EDGE_CURVE('',#3133,#3134,#1427,.T.);
#4063=EDGE_CURVE('',#3134,#3135,#1428,.T.);
#4064=EDGE_CURVE('',#3135,#3136,#1429,.T.);
#4065=EDGE_CURVE('',#3136,#3137,#1430,.T.);
#4066=EDGE_CURVE('',#3137,#3138,#1431,.T.);
#4067=EDGE_CURVE('',#3138,#3129,#1432,.T.);
#4068=EDGE_CURVE('',#3139,#3139,#39,.T.);
#4069=EDGE_CURVE('',#3125,#3115,#1433,.T.);
#4070=EDGE_CURVE('',#3116,#3124,#1434,.T.);
#4071=EDGE_CURVE('',#3140,#3141,#1435,.T.);
#4072=EDGE_CURVE('',#3141,#3142,#1436,.T.);
#4073=EDGE_CURVE('',#3142,#3143,#1437,.T.);
#4074=EDGE_CURVE('',#3143,#3140,#1438,.T.);
#4075=EDGE_CURVE('',#3144,#3145,#1439,.T.);
#4076=EDGE_CURVE('',#3145,#3146,#1440,.T.);
#4077=EDGE_CURVE('',#3146,#3147,#1441,.T.);
#4078=EDGE_CURVE('',#3147,#3144,#1442,.T.);
#4079=EDGE_CURVE('',#3148,#3149,#1443,.T.);
#4080=EDGE_CURVE('',#3149,#3150,#1444,.T.);
#4081=EDGE_CURVE('',#3150,#3151,#1445,.T.);
#4082=EDGE_CURVE('',#3151,#3148,#1446,.T.);
#4083=EDGE_CURVE('',#3152,#3153,#1447,.T.);
#4084=EDGE_CURVE('',#3153,#3154,#1448,.T.);
#4085=EDGE_CURVE('',#3154,#3155,#1449,.T.);
#4086=EDGE_CURVE('',#3155,#3152,#1450,.T.);
#4087=EDGE_CURVE('',#3156,#3157,#1451,.T.);
#4088=EDGE_CURVE('',#3157,#3158,#1452,.T.);
#4089=EDGE_CURVE('',#3158,#3159,#1453,.T.);
#4090=EDGE_CURVE('',#3159,#3156,#1454,.T.);
#4091=EDGE_CURVE('',#3160,#3161,#1455,.T.);
#4092=EDGE_CURVE('',#3161,#3162,#1456,.T.);
#4093=EDGE_CURVE('',#3162,#3163,#1457,.T.);
#4094=EDGE_CURVE('',#3163,#3160,#1458,.T.);
#4095=EDGE_CURVE('',#3164,#3165,#1459,.T.);
#4096=EDGE_CURVE('',#3165,#3166,#1460,.T.);
#4097=EDGE_CURVE('',#3166,#3167,#1461,.T.);
#4098=EDGE_CURVE('',#3167,#3164,#1462,.T.);
#4099=EDGE_CURVE('',#3168,#3169,#1463,.T.);
#4100=EDGE_CURVE('',#3169,#3170,#1464,.T.);
#4101=EDGE_CURVE('',#3170,#3171,#1465,.T.);
#4102=EDGE_CURVE('',#3171,#3168,#1466,.T.);
#4103=EDGE_CURVE('',#3172,#3173,#1467,.T.);
#4104=EDGE_CURVE('',#3173,#3173,#40,.T.);
#4105=EDGE_CURVE('',#3174,#3174,#41,.T.);
#4106=EDGE_CURVE('',#3174,#3173,#1468,.T.);
#4107=EDGE_CURVE('',#3175,#3176,#1469,.T.);
#4108=EDGE_CURVE('',#3176,#3176,#42,.T.);
#4109=EDGE_CURVE('',#3177,#3177,#43,.T.);
#4110=EDGE_CURVE('',#3177,#3176,#1470,.T.);
#4111=EDGE_CURVE('',#3178,#3179,#1471,.T.);
#4112=EDGE_CURVE('',#3179,#3179,#44,.T.);
#4113=EDGE_CURVE('',#3180,#3180,#45,.T.);
#4114=EDGE_CURVE('',#3180,#3179,#1472,.T.);
#4115=EDGE_CURVE('',#3181,#3182,#1473,.T.);
#4116=EDGE_CURVE('',#3182,#3182,#46,.T.);
#4117=EDGE_CURVE('',#3183,#3183,#47,.T.);
#4118=EDGE_CURVE('',#3183,#3182,#1474,.T.);
#4119=EDGE_CURVE('',#3184,#3185,#1475,.T.);
#4120=EDGE_CURVE('',#3186,#3184,#1476,.T.);
#4121=EDGE_CURVE('',#3187,#3186,#1477,.T.);
#4122=EDGE_CURVE('',#3185,#3187,#1478,.T.);
#4123=EDGE_CURVE('',#3188,#3186,#1479,.T.);
#4124=EDGE_CURVE('',#3189,#3188,#1480,.T.);
#4125=EDGE_CURVE('',#3189,#3187,#1481,.T.);
#4126=EDGE_CURVE('',#3185,#3190,#1482,.T.);
#4127=EDGE_CURVE('',#3190,#3189,#1483,.T.);
#4128=EDGE_CURVE('',#3188,#3135,#1484,.T.);
#4129=EDGE_CURVE('',#3191,#3134,#1485,.T.);
#4130=EDGE_CURVE('',#3190,#3191,#1486,.T.);
#4131=EDGE_CURVE('',#3192,#3193,#1487,.T.);
#4132=EDGE_CURVE('',#3193,#3194,#1488,.T.);
#4133=EDGE_CURVE('',#3194,#3195,#1489,.T.);
#4134=EDGE_CURVE('',#3195,#3192,#1490,.T.);
#4135=EDGE_CURVE('',#3196,#3197,#1491,.T.);
#4136=EDGE_CURVE('',#3197,#3198,#1492,.T.);
#4137=EDGE_CURVE('',#3198,#3199,#1493,.T.);
#4138=EDGE_CURVE('',#3199,#3196,#1494,.T.);
#4139=EDGE_CURVE('',#3200,#3201,#1495,.T.);
#4140=EDGE_CURVE('',#3201,#3202,#1496,.T.);
#4141=EDGE_CURVE('',#3202,#3203,#1497,.T.);
#4142=EDGE_CURVE('',#3203,#3200,#1498,.T.);
#4143=EDGE_CURVE('',#3204,#3205,#1499,.T.);
#4144=EDGE_CURVE('',#3205,#3206,#1500,.T.);
#4145=EDGE_CURVE('',#3206,#3207,#1501,.T.);
#4146=EDGE_CURVE('',#3207,#3204,#1502,.T.);
#4147=EDGE_CURVE('',#3208,#3209,#1503,.T.);
#4148=EDGE_CURVE('',#3209,#3210,#1504,.T.);
#4149=EDGE_CURVE('',#3210,#3211,#1505,.T.);
#4150=EDGE_CURVE('',#3211,#3208,#1506,.T.);
#4151=EDGE_CURVE('',#3212,#3213,#1507,.T.);
#4152=EDGE_CURVE('',#3213,#3214,#1508,.T.);
#4153=EDGE_CURVE('',#3214,#3215,#1509,.T.);
#4154=EDGE_CURVE('',#3215,#3212,#1510,.T.);
#4155=EDGE_CURVE('',#3216,#3217,#1511,.T.);
#4156=EDGE_CURVE('',#3217,#3218,#1512,.T.);
#4157=EDGE_CURVE('',#3218,#3219,#1513,.T.);
#4158=EDGE_CURVE('',#3219,#3216,#1514,.T.);
#4159=EDGE_CURVE('',#3220,#3221,#1515,.T.);
#4160=EDGE_CURVE('',#3221,#3222,#1516,.T.);
#4161=EDGE_CURVE('',#3222,#3223,#1517,.T.);
#4162=EDGE_CURVE('',#3223,#3220,#1518,.T.);
#4163=EDGE_CURVE('',#3224,#3184,#1519,.T.);
#4164=EDGE_CURVE('',#3224,#3225,#1520,.T.);
#4165=EDGE_CURVE('',#3225,#3226,#1521,.T.);
#4166=EDGE_CURVE('',#3226,#3132,#1522,.T.);
#4167=EDGE_CURVE('',#3131,#3227,#1523,.T.);
#4168=EDGE_CURVE('',#3227,#3228,#1524,.T.);
#4169=EDGE_CURVE('',#3228,#3136,#1525,.T.);
#4170=EDGE_CURVE('',#3229,#3229,#48,.T.);
#4171=EDGE_CURVE('',#3230,#3230,#49,.T.);
#4172=EDGE_CURVE('',#3231,#3232,#1526,.T.);
#4173=EDGE_CURVE('',#3233,#3231,#1527,.T.);
#4174=EDGE_CURVE('',#3234,#3233,#1528,.T.);
#4175=EDGE_CURVE('',#3232,#3234,#1529,.T.);
#4176=EDGE_CURVE('',#3232,#3224,#1530,.T.);
#4177=EDGE_CURVE('',#3225,#3234,#1531,.T.);
#4178=EDGE_CURVE('',#3226,#3233,#1532,.T.);
#4179=EDGE_CURVE('',#3235,#3231,#1533,.T.);
#4180=EDGE_CURVE('',#3235,#3236,#1534,.T.);
#4181=EDGE_CURVE('',#3236,#3237,#1535,.T.);
#4182=EDGE_CURVE('',#3237,#3133,#1536,.T.);
#4183=EDGE_CURVE('',#3238,#3239,#1537,.T.);
#4184=EDGE_CURVE('',#3238,#3240,#1538,.T.);
#4185=EDGE_CURVE('',#3241,#3240,#1539,.T.);
#4186=EDGE_CURVE('',#3239,#3241,#1540,.T.);
#4187=EDGE_CURVE('',#3242,#3238,#1541,.T.);
#4188=EDGE_CURVE('',#3242,#3243,#1542,.T.);
#4189=EDGE_CURVE('',#3240,#3243,#1543,.T.);
#4190=EDGE_CURVE('',#3239,#3244,#1544,.T.);
#4191=EDGE_CURVE('',#3245,#3241,#1545,.T.);
#4192=EDGE_CURVE('',#3244,#3245,#1546,.T.);
#4193=EDGE_CURVE('',#3244,#3242,#1547,.T.);
#4194=EDGE_CURVE('',#3243,#3245,#1548,.T.);
#4195=EDGE_CURVE('',#3237,#3246,#1549,.T.);
#4196=EDGE_CURVE('',#3236,#3247,#1550,.T.);
#4197=EDGE_CURVE('',#3247,#3246,#1551,.T.);
#4198=EDGE_CURVE('',#3246,#3248,#1552,.T.);
#4199=EDGE_CURVE('',#3249,#3247,#1553,.T.);
#4200=EDGE_CURVE('',#3248,#3249,#1554,.T.);
#4201=EDGE_CURVE('',#3249,#3235,#1555,.T.);
#4202=EDGE_CURVE('',#3191,#3248,#1556,.T.);
#4203=EDGE_CURVE('',#3108,#3250,#1557,.T.);
#4204=EDGE_CURVE('',#3251,#3250,#1558,.T.);
#4205=EDGE_CURVE('',#3109,#3251,#1559,.T.);
#4206=EDGE_CURVE('',#3111,#3252,#1560,.T.);
#4207=EDGE_CURVE('',#3250,#3252,#1561,.T.);
#4208=EDGE_CURVE('',#3110,#3253,#1562,.T.);
#4209=EDGE_CURVE('',#3252,#3253,#1563,.T.);
#4210=EDGE_CURVE('',#3253,#3251,#1564,.T.);
#4211=EDGE_CURVE('',#3254,#3254,#50,.T.);
#4212=EDGE_CURVE('',#3254,#3229,#1565,.T.);
#4213=EDGE_CURVE('',#3255,#3255,#51,.T.);
#4214=EDGE_CURVE('',#3255,#3230,#1566,.T.);
#4215=EDGE_CURVE('',#3256,#3130,#1567,.T.);
#4216=EDGE_CURVE('',#3129,#3257,#1568,.T.);
#4217=EDGE_CURVE('',#3257,#3256,#1569,.T.);
#4218=EDGE_CURVE('',#3256,#3227,#1570,.T.);
#4219=EDGE_CURVE('',#3258,#3259,#1571,.T.);
#4220=EDGE_CURVE('',#3259,#3259,#52,.T.);
#4221=EDGE_CURVE('',#3139,#3259,#1572,.T.);
#4222=EDGE_CURVE('',#3260,#3261,#1573,.T.);
#4223=EDGE_CURVE('',#3228,#3260,#1574,.T.);
#4224=EDGE_CURVE('',#3261,#3257,#1575,.T.);
#4225=EDGE_CURVE('',#3137,#3260,#1576,.T.);
#4226=EDGE_CURVE('',#3138,#3261,#1577,.T.);
#4227=EDGE_CURVE('',#3120,#3262,#1578,.T.);
#4228=EDGE_CURVE('',#3263,#3262,#1579,.T.);
#4229=EDGE_CURVE('',#3121,#3263,#1580,.T.);
#4230=EDGE_CURVE('',#3123,#3264,#1581,.T.);
#4231=EDGE_CURVE('',#3262,#3264,#1582,.T.);
#4232=EDGE_CURVE('',#3122,#3265,#1583,.T.);
#4233=EDGE_CURVE('',#3264,#3265,#1584,.T.);
#4234=EDGE_CURVE('',#3265,#3263,#1585,.T.);
#4235=EDGE_CURVE('',#3266,#3267,#1586,.T.);
#4236=EDGE_CURVE('',#3267,#3267,#53,.T.);
#4237=EDGE_CURVE('',#3128,#3267,#1587,.T.);
#4238=EDGE_CURVE('',#3268,#3269,#1588,.T.);
#4239=EDGE_CURVE('',#3269,#3269,#54,.T.);
#4240=EDGE_CURVE('',#3126,#3269,#1589,.T.);
#4241=EDGE_CURVE('',#3270,#3271,#1590,.T.);
#4242=EDGE_CURVE('',#3271,#3271,#55,.T.);
#4243=EDGE_CURVE('',#3127,#3271,#1591,.T.);
#4244=EDGE_CURVE('',#3171,#3194,#1592,.T.);
#4245=EDGE_CURVE('',#3170,#3195,#1593,.T.);
#4246=EDGE_CURVE('',#3169,#3192,#1594,.T.);
#4247=EDGE_CURVE('',#3168,#3193,#1595,.T.);
#4248=EDGE_CURVE('',#3167,#3198,#1596,.T.);
#4249=EDGE_CURVE('',#3166,#3199,#1597,.T.);
#4250=EDGE_CURVE('',#3165,#3196,#1598,.T.);
#4251=EDGE_CURVE('',#3164,#3197,#1599,.T.);
#4252=EDGE_CURVE('',#3163,#3202,#1600,.T.);
#4253=EDGE_CURVE('',#3162,#3203,#1601,.T.);
#4254=EDGE_CURVE('',#3161,#3200,#1602,.T.);
#4255=EDGE_CURVE('',#3160,#3201,#1603,.T.);
#4256=EDGE_CURVE('',#3159,#3206,#1604,.T.);
#4257=EDGE_CURVE('',#3158,#3207,#1605,.T.);
#4258=EDGE_CURVE('',#3157,#3204,#1606,.T.);
#4259=EDGE_CURVE('',#3156,#3205,#1607,.T.);
#4260=EDGE_CURVE('',#3155,#3210,#1608,.T.);
#4261=EDGE_CURVE('',#3154,#3211,#1609,.T.);
#4262=EDGE_CURVE('',#3153,#3208,#1610,.T.);
#4263=EDGE_CURVE('',#3152,#3209,#1611,.T.);
#4264=EDGE_CURVE('',#3151,#3214,#1612,.T.);
#4265=EDGE_CURVE('',#3150,#3215,#1613,.T.);
#4266=EDGE_CURVE('',#3149,#3212,#1614,.T.);
#4267=EDGE_CURVE('',#3148,#3213,#1615,.T.);
#4268=EDGE_CURVE('',#3147,#3218,#1616,.T.);
#4269=EDGE_CURVE('',#3146,#3219,#1617,.T.);
#4270=EDGE_CURVE('',#3145,#3216,#1618,.T.);
#4271=EDGE_CURVE('',#3144,#3217,#1619,.T.);
#4272=EDGE_CURVE('',#3143,#3222,#1620,.T.);
#4273=EDGE_CURVE('',#3142,#3223,#1621,.T.);
#4274=EDGE_CURVE('',#3141,#3220,#1622,.T.);
#4275=EDGE_CURVE('',#3140,#3221,#1623,.T.);
#4276=ORIENTED_EDGE('',*,*,#3272,.F.);
#4277=ORIENTED_EDGE('',*,*,#3273,.T.);
#4278=ORIENTED_EDGE('',*,*,#3274,.T.);
#4279=ORIENTED_EDGE('',*,*,#3275,.F.);
#4280=ORIENTED_EDGE('',*,*,#3276,.F.);
#4281=ORIENTED_EDGE('',*,*,#3277,.T.);
#4282=ORIENTED_EDGE('',*,*,#3278,.T.);
#4283=ORIENTED_EDGE('',*,*,#3273,.F.);
#4284=ORIENTED_EDGE('',*,*,#3279,.F.);
#4285=ORIENTED_EDGE('',*,*,#3280,.T.);
#4286=ORIENTED_EDGE('',*,*,#3281,.T.);
#4287=ORIENTED_EDGE('',*,*,#3277,.F.);
#4288=ORIENTED_EDGE('',*,*,#3282,.F.);
#4289=ORIENTED_EDGE('',*,*,#3283,.T.);
#4290=ORIENTED_EDGE('',*,*,#3284,.T.);
#4291=ORIENTED_EDGE('',*,*,#3280,.F.);
#4292=ORIENTED_EDGE('',*,*,#3285,.F.);
#4293=ORIENTED_EDGE('',*,*,#3286,.T.);
#4294=ORIENTED_EDGE('',*,*,#3287,.T.);
#4295=ORIENTED_EDGE('',*,*,#3283,.F.);
#4296=ORIENTED_EDGE('',*,*,#3288,.F.);
#4297=ORIENTED_EDGE('',*,*,#3289,.T.);
#4298=ORIENTED_EDGE('',*,*,#3290,.T.);
#4299=ORIENTED_EDGE('',*,*,#3286,.F.);
#4300=ORIENTED_EDGE('',*,*,#3291,.F.);
#4301=ORIENTED_EDGE('',*,*,#3292,.T.);
#4302=ORIENTED_EDGE('',*,*,#3293,.T.);
#4303=ORIENTED_EDGE('',*,*,#3289,.F.);
#4304=ORIENTED_EDGE('',*,*,#3294,.F.);
#4305=ORIENTED_EDGE('',*,*,#3295,.T.);
#4306=ORIENTED_EDGE('',*,*,#3296,.T.);
#4307=ORIENTED_EDGE('',*,*,#3292,.F.);
#4308=ORIENTED_EDGE('',*,*,#3297,.F.);
#4309=ORIENTED_EDGE('',*,*,#3298,.T.);
#4310=ORIENTED_EDGE('',*,*,#3299,.T.);
#4311=ORIENTED_EDGE('',*,*,#3295,.F.);
#4312=ORIENTED_EDGE('',*,*,#3300,.F.);
#4313=ORIENTED_EDGE('',*,*,#3301,.T.);
#4314=ORIENTED_EDGE('',*,*,#3302,.T.);
#4315=ORIENTED_EDGE('',*,*,#3298,.F.);
#4316=ORIENTED_EDGE('',*,*,#3303,.F.);
#4317=ORIENTED_EDGE('',*,*,#3304,.T.);
#4318=ORIENTED_EDGE('',*,*,#3305,.T.);
#4319=ORIENTED_EDGE('',*,*,#3301,.F.);
#4320=ORIENTED_EDGE('',*,*,#3306,.F.);
#4321=ORIENTED_EDGE('',*,*,#3307,.T.);
#4322=ORIENTED_EDGE('',*,*,#3308,.T.);
#4323=ORIENTED_EDGE('',*,*,#3304,.F.);
#4324=ORIENTED_EDGE('',*,*,#3309,.F.);
#4325=ORIENTED_EDGE('',*,*,#3310,.T.);
#4326=ORIENTED_EDGE('',*,*,#3311,.T.);
#4327=ORIENTED_EDGE('',*,*,#3307,.F.);
#4328=ORIENTED_EDGE('',*,*,#3312,.F.);
#4329=ORIENTED_EDGE('',*,*,#3313,.T.);
#4330=ORIENTED_EDGE('',*,*,#3314,.T.);
#4331=ORIENTED_EDGE('',*,*,#3310,.F.);
#4332=ORIENTED_EDGE('',*,*,#3315,.F.);
#4333=ORIENTED_EDGE('',*,*,#3316,.T.);
#4334=ORIENTED_EDGE('',*,*,#3317,.T.);
#4335=ORIENTED_EDGE('',*,*,#3313,.F.);
#4336=ORIENTED_EDGE('',*,*,#3318,.F.);
#4337=ORIENTED_EDGE('',*,*,#3319,.T.);
#4338=ORIENTED_EDGE('',*,*,#3320,.T.);
#4339=ORIENTED_EDGE('',*,*,#3316,.F.);
#4340=ORIENTED_EDGE('',*,*,#3321,.F.);
#4341=ORIENTED_EDGE('',*,*,#3322,.T.);
#4342=ORIENTED_EDGE('',*,*,#3323,.T.);
#4343=ORIENTED_EDGE('',*,*,#3319,.F.);
#4344=ORIENTED_EDGE('',*,*,#3324,.F.);
#4345=ORIENTED_EDGE('',*,*,#3275,.T.);
#4346=ORIENTED_EDGE('',*,*,#3325,.T.);
#4347=ORIENTED_EDGE('',*,*,#3322,.F.);
#4348=ORIENTED_EDGE('',*,*,#3325,.F.);
#4349=ORIENTED_EDGE('',*,*,#3274,.F.);
#4350=ORIENTED_EDGE('',*,*,#3278,.F.);
#4351=ORIENTED_EDGE('',*,*,#3281,.F.);
#4352=ORIENTED_EDGE('',*,*,#3284,.F.);
#4353=ORIENTED_EDGE('',*,*,#3287,.F.);
#4354=ORIENTED_EDGE('',*,*,#3290,.F.);
#4355=ORIENTED_EDGE('',*,*,#3293,.F.);
#4356=ORIENTED_EDGE('',*,*,#3296,.F.);
#4357=ORIENTED_EDGE('',*,*,#3299,.F.);
#4358=ORIENTED_EDGE('',*,*,#3302,.F.);
#4359=ORIENTED_EDGE('',*,*,#3305,.F.);
#4360=ORIENTED_EDGE('',*,*,#3308,.F.);
#4361=ORIENTED_EDGE('',*,*,#3311,.F.);
#4362=ORIENTED_EDGE('',*,*,#3314,.F.);
#4363=ORIENTED_EDGE('',*,*,#3317,.F.);
#4364=ORIENTED_EDGE('',*,*,#3320,.F.);
#4365=ORIENTED_EDGE('',*,*,#3323,.F.);
#4366=ORIENTED_EDGE('',*,*,#3326,.F.);
#4367=ORIENTED_EDGE('',*,*,#3327,.T.);
#4368=ORIENTED_EDGE('',*,*,#3328,.T.);
#4369=ORIENTED_EDGE('',*,*,#3329,.F.);
#4370=ORIENTED_EDGE('',*,*,#3330,.F.);
#4371=ORIENTED_EDGE('',*,*,#3331,.T.);
#4372=ORIENTED_EDGE('',*,*,#3332,.T.);
#4373=ORIENTED_EDGE('',*,*,#3327,.F.);
#4374=ORIENTED_EDGE('',*,*,#3333,.F.);
#4375=ORIENTED_EDGE('',*,*,#3334,.T.);
#4376=ORIENTED_EDGE('',*,*,#3335,.T.);
#4377=ORIENTED_EDGE('',*,*,#3331,.F.);
#4378=ORIENTED_EDGE('',*,*,#3336,.F.);
#4379=ORIENTED_EDGE('',*,*,#3337,.T.);
#4380=ORIENTED_EDGE('',*,*,#3338,.T.);
#4381=ORIENTED_EDGE('',*,*,#3334,.F.);
#4382=ORIENTED_EDGE('',*,*,#3339,.F.);
#4383=ORIENTED_EDGE('',*,*,#3329,.T.);
#4384=ORIENTED_EDGE('',*,*,#3340,.T.);
#4385=ORIENTED_EDGE('',*,*,#3337,.F.);
#4386=ORIENTED_EDGE('',*,*,#3341,.F.);
#4387=ORIENTED_EDGE('',*,*,#3342,.T.);
#4388=ORIENTED_EDGE('',*,*,#3343,.T.);
#4389=ORIENTED_EDGE('',*,*,#3344,.F.);
#4390=ORIENTED_EDGE('',*,*,#3345,.F.);
#4391=ORIENTED_EDGE('',*,*,#3346,.T.);
#4392=ORIENTED_EDGE('',*,*,#3347,.T.);
#4393=ORIENTED_EDGE('',*,*,#3342,.F.);
#4394=ORIENTED_EDGE('',*,*,#3348,.F.);
#4395=ORIENTED_EDGE('',*,*,#3349,.T.);
#4396=ORIENTED_EDGE('',*,*,#3350,.T.);
#4397=ORIENTED_EDGE('',*,*,#3346,.F.);
#4398=ORIENTED_EDGE('',*,*,#3351,.F.);
#4399=ORIENTED_EDGE('',*,*,#3352,.T.);
#4400=ORIENTED_EDGE('',*,*,#3353,.T.);
#4401=ORIENTED_EDGE('',*,*,#3349,.F.);
#4402=ORIENTED_EDGE('',*,*,#3354,.F.);
#4403=ORIENTED_EDGE('',*,*,#3355,.T.);
#4404=ORIENTED_EDGE('',*,*,#3356,.T.);
#4405=ORIENTED_EDGE('',*,*,#3352,.F.);
#4406=ORIENTED_EDGE('',*,*,#3357,.F.);
#4407=ORIENTED_EDGE('',*,*,#3358,.T.);
#4408=ORIENTED_EDGE('',*,*,#3359,.T.);
#4409=ORIENTED_EDGE('',*,*,#3355,.F.);
#4410=ORIENTED_EDGE('',*,*,#3360,.F.);
#4411=ORIENTED_EDGE('',*,*,#3361,.T.);
#4412=ORIENTED_EDGE('',*,*,#3362,.T.);
#4413=ORIENTED_EDGE('',*,*,#3358,.F.);
#4414=ORIENTED_EDGE('',*,*,#3363,.F.);
#4415=ORIENTED_EDGE('',*,*,#3364,.T.);
#4416=ORIENTED_EDGE('',*,*,#3365,.T.);
#4417=ORIENTED_EDGE('',*,*,#3361,.F.);
#4418=ORIENTED_EDGE('',*,*,#3366,.F.);
#4419=ORIENTED_EDGE('',*,*,#3367,.T.);
#4420=ORIENTED_EDGE('',*,*,#3368,.T.);
#4421=ORIENTED_EDGE('',*,*,#3364,.F.);
#4422=ORIENTED_EDGE('',*,*,#3369,.F.);
#4423=ORIENTED_EDGE('',*,*,#3370,.T.);
#4424=ORIENTED_EDGE('',*,*,#3371,.T.);
#4425=ORIENTED_EDGE('',*,*,#3367,.F.);
#4426=ORIENTED_EDGE('',*,*,#3372,.F.);
#4427=ORIENTED_EDGE('',*,*,#3373,.T.);
#4428=ORIENTED_EDGE('',*,*,#3374,.T.);
#4429=ORIENTED_EDGE('',*,*,#3370,.F.);
#4430=ORIENTED_EDGE('',*,*,#3375,.F.);
#4431=ORIENTED_EDGE('',*,*,#3376,.T.);
#4432=ORIENTED_EDGE('',*,*,#3377,.T.);
#4433=ORIENTED_EDGE('',*,*,#3373,.F.);
#4434=ORIENTED_EDGE('',*,*,#3378,.F.);
#4435=ORIENTED_EDGE('',*,*,#3379,.T.);
#4436=ORIENTED_EDGE('',*,*,#3380,.T.);
#4437=ORIENTED_EDGE('',*,*,#3376,.F.);
#4438=ORIENTED_EDGE('',*,*,#3381,.F.);
#4439=ORIENTED_EDGE('',*,*,#3382,.T.);
#4440=ORIENTED_EDGE('',*,*,#3383,.T.);
#4441=ORIENTED_EDGE('',*,*,#3379,.F.);
#4442=ORIENTED_EDGE('',*,*,#3384,.F.);
#4443=ORIENTED_EDGE('',*,*,#3344,.T.);
#4444=ORIENTED_EDGE('',*,*,#3385,.T.);
#4445=ORIENTED_EDGE('',*,*,#3382,.F.);
#4446=ORIENTED_EDGE('',*,*,#3385,.F.);
#4447=ORIENTED_EDGE('',*,*,#3343,.F.);
#4448=ORIENTED_EDGE('',*,*,#3347,.F.);
#4449=ORIENTED_EDGE('',*,*,#3350,.F.);
#4450=ORIENTED_EDGE('',*,*,#3353,.F.);
#4451=ORIENTED_EDGE('',*,*,#3356,.F.);
#4452=ORIENTED_EDGE('',*,*,#3359,.F.);
#4453=ORIENTED_EDGE('',*,*,#3362,.F.);
#4454=ORIENTED_EDGE('',*,*,#3365,.F.);
#4455=ORIENTED_EDGE('',*,*,#3368,.F.);
#4456=ORIENTED_EDGE('',*,*,#3371,.F.);
#4457=ORIENTED_EDGE('',*,*,#3374,.F.);
#4458=ORIENTED_EDGE('',*,*,#3377,.F.);
#4459=ORIENTED_EDGE('',*,*,#3380,.F.);
#4460=ORIENTED_EDGE('',*,*,#3383,.F.);
#4461=ORIENTED_EDGE('',*,*,#3340,.F.);
#4462=ORIENTED_EDGE('',*,*,#3328,.F.);
#4463=ORIENTED_EDGE('',*,*,#3332,.F.);
#4464=ORIENTED_EDGE('',*,*,#3335,.F.);
#4465=ORIENTED_EDGE('',*,*,#3338,.F.);
#4466=ORIENTED_EDGE('',*,*,#3386,.F.);
#4467=ORIENTED_EDGE('',*,*,#3387,.T.);
#4468=ORIENTED_EDGE('',*,*,#3388,.T.);
#4469=ORIENTED_EDGE('',*,*,#3389,.F.);
#4470=ORIENTED_EDGE('',*,*,#3390,.F.);
#4471=ORIENTED_EDGE('',*,*,#3391,.T.);
#4472=ORIENTED_EDGE('',*,*,#3392,.T.);
#4473=ORIENTED_EDGE('',*,*,#3387,.F.);
#4474=ORIENTED_EDGE('',*,*,#3393,.F.);
#4475=ORIENTED_EDGE('',*,*,#3394,.T.);
#4476=ORIENTED_EDGE('',*,*,#3395,.T.);
#4477=ORIENTED_EDGE('',*,*,#3391,.F.);
#4478=ORIENTED_EDGE('',*,*,#3396,.F.);
#4479=ORIENTED_EDGE('',*,*,#3397,.T.);
#4480=ORIENTED_EDGE('',*,*,#3398,.T.);
#4481=ORIENTED_EDGE('',*,*,#3394,.F.);
#4482=ORIENTED_EDGE('',*,*,#3399,.F.);
#4483=ORIENTED_EDGE('',*,*,#3400,.T.);
#4484=ORIENTED_EDGE('',*,*,#3401,.T.);
#4485=ORIENTED_EDGE('',*,*,#3397,.F.);
#4486=ORIENTED_EDGE('',*,*,#3402,.F.);
#4487=ORIENTED_EDGE('',*,*,#3403,.T.);
#4488=ORIENTED_EDGE('',*,*,#3404,.T.);
#4489=ORIENTED_EDGE('',*,*,#3400,.F.);
#4490=ORIENTED_EDGE('',*,*,#3405,.F.);
#4491=ORIENTED_EDGE('',*,*,#3406,.T.);
#4492=ORIENTED_EDGE('',*,*,#3407,.T.);
#4493=ORIENTED_EDGE('',*,*,#3403,.F.);
#4494=ORIENTED_EDGE('',*,*,#3408,.F.);
#4495=ORIENTED_EDGE('',*,*,#3409,.T.);
#4496=ORIENTED_EDGE('',*,*,#3410,.T.);
#4497=ORIENTED_EDGE('',*,*,#3406,.F.);
#4498=ORIENTED_EDGE('',*,*,#3411,.F.);
#4499=ORIENTED_EDGE('',*,*,#3412,.T.);
#4500=ORIENTED_EDGE('',*,*,#3413,.T.);
#4501=ORIENTED_EDGE('',*,*,#3409,.F.);
#4502=ORIENTED_EDGE('',*,*,#3414,.F.);
#4503=ORIENTED_EDGE('',*,*,#3415,.T.);
#4504=ORIENTED_EDGE('',*,*,#3416,.T.);
#4505=ORIENTED_EDGE('',*,*,#3412,.F.);
#4506=ORIENTED_EDGE('',*,*,#3417,.F.);
#4507=ORIENTED_EDGE('',*,*,#3418,.T.);
#4508=ORIENTED_EDGE('',*,*,#3419,.T.);
#4509=ORIENTED_EDGE('',*,*,#3415,.F.);
#4510=ORIENTED_EDGE('',*,*,#3420,.F.);
#4511=ORIENTED_EDGE('',*,*,#3421,.T.);
#4512=ORIENTED_EDGE('',*,*,#3422,.T.);
#4513=ORIENTED_EDGE('',*,*,#3418,.F.);
#4514=ORIENTED_EDGE('',*,*,#3423,.F.);
#4515=ORIENTED_EDGE('',*,*,#3424,.T.);
#4516=ORIENTED_EDGE('',*,*,#3425,.T.);
#4517=ORIENTED_EDGE('',*,*,#3421,.F.);
#4518=ORIENTED_EDGE('',*,*,#3426,.F.);
#4519=ORIENTED_EDGE('',*,*,#3427,.T.);
#4520=ORIENTED_EDGE('',*,*,#3428,.T.);
#4521=ORIENTED_EDGE('',*,*,#3424,.F.);
#4522=ORIENTED_EDGE('',*,*,#3429,.F.);
#4523=ORIENTED_EDGE('',*,*,#3430,.T.);
#4524=ORIENTED_EDGE('',*,*,#3431,.T.);
#4525=ORIENTED_EDGE('',*,*,#3427,.F.);
#4526=ORIENTED_EDGE('',*,*,#3432,.F.);
#4527=ORIENTED_EDGE('',*,*,#3433,.T.);
#4528=ORIENTED_EDGE('',*,*,#3434,.T.);
#4529=ORIENTED_EDGE('',*,*,#3430,.F.);
#4530=ORIENTED_EDGE('',*,*,#3435,.F.);
#4531=ORIENTED_EDGE('',*,*,#3436,.T.);
#4532=ORIENTED_EDGE('',*,*,#3437,.T.);
#4533=ORIENTED_EDGE('',*,*,#3433,.F.);
#4534=ORIENTED_EDGE('',*,*,#3438,.F.);
#4535=ORIENTED_EDGE('',*,*,#3389,.T.);
#4536=ORIENTED_EDGE('',*,*,#3439,.T.);
#4537=ORIENTED_EDGE('',*,*,#3436,.F.);
#4538=ORIENTED_EDGE('',*,*,#3439,.F.);
#4539=ORIENTED_EDGE('',*,*,#3388,.F.);
#4540=ORIENTED_EDGE('',*,*,#3392,.F.);
#4541=ORIENTED_EDGE('',*,*,#3395,.F.);
#4542=ORIENTED_EDGE('',*,*,#3398,.F.);
#4543=ORIENTED_EDGE('',*,*,#3401,.F.);
#4544=ORIENTED_EDGE('',*,*,#3404,.F.);
#4545=ORIENTED_EDGE('',*,*,#3407,.F.);
#4546=ORIENTED_EDGE('',*,*,#3410,.F.);
#4547=ORIENTED_EDGE('',*,*,#3413,.F.);
#4548=ORIENTED_EDGE('',*,*,#3416,.F.);
#4549=ORIENTED_EDGE('',*,*,#3419,.F.);
#4550=ORIENTED_EDGE('',*,*,#3422,.F.);
#4551=ORIENTED_EDGE('',*,*,#3425,.F.);
#4552=ORIENTED_EDGE('',*,*,#3428,.F.);
#4553=ORIENTED_EDGE('',*,*,#3431,.F.);
#4554=ORIENTED_EDGE('',*,*,#3434,.F.);
#4555=ORIENTED_EDGE('',*,*,#3437,.F.);
#4556=ORIENTED_EDGE('',*,*,#3440,.F.);
#4557=ORIENTED_EDGE('',*,*,#3441,.T.);
#4558=ORIENTED_EDGE('',*,*,#3442,.T.);
#4559=ORIENTED_EDGE('',*,*,#3443,.F.);
#4560=ORIENTED_EDGE('',*,*,#3444,.F.);
#4561=ORIENTED_EDGE('',*,*,#3445,.T.);
#4562=ORIENTED_EDGE('',*,*,#3446,.T.);
#4563=ORIENTED_EDGE('',*,*,#3441,.F.);
#4564=ORIENTED_EDGE('',*,*,#3447,.F.);
#4565=ORIENTED_EDGE('',*,*,#3448,.T.);
#4566=ORIENTED_EDGE('',*,*,#3449,.T.);
#4567=ORIENTED_EDGE('',*,*,#3445,.F.);
#4568=ORIENTED_EDGE('',*,*,#3450,.F.);
#4569=ORIENTED_EDGE('',*,*,#3451,.T.);
#4570=ORIENTED_EDGE('',*,*,#3452,.T.);
#4571=ORIENTED_EDGE('',*,*,#3448,.F.);
#4572=ORIENTED_EDGE('',*,*,#3453,.F.);
#4573=ORIENTED_EDGE('',*,*,#3454,.T.);
#4574=ORIENTED_EDGE('',*,*,#3455,.T.);
#4575=ORIENTED_EDGE('',*,*,#3451,.F.);
#4576=ORIENTED_EDGE('',*,*,#3456,.F.);
#4577=ORIENTED_EDGE('',*,*,#3457,.T.);
#4578=ORIENTED_EDGE('',*,*,#3458,.T.);
#4579=ORIENTED_EDGE('',*,*,#3454,.F.);
#4580=ORIENTED_EDGE('',*,*,#3459,.F.);
#4581=ORIENTED_EDGE('',*,*,#3460,.T.);
#4582=ORIENTED_EDGE('',*,*,#3461,.T.);
#4583=ORIENTED_EDGE('',*,*,#3457,.F.);
#4584=ORIENTED_EDGE('',*,*,#3462,.F.);
#4585=ORIENTED_EDGE('',*,*,#3443,.T.);
#4586=ORIENTED_EDGE('',*,*,#3463,.T.);
#4587=ORIENTED_EDGE('',*,*,#3460,.F.);
#4588=ORIENTED_EDGE('',*,*,#3464,.F.);
#4589=ORIENTED_EDGE('',*,*,#3465,.T.);
#4590=ORIENTED_EDGE('',*,*,#3466,.T.);
#4591=ORIENTED_EDGE('',*,*,#3467,.F.);
#4592=ORIENTED_EDGE('',*,*,#3468,.F.);
#4593=ORIENTED_EDGE('',*,*,#3469,.T.);
#4594=ORIENTED_EDGE('',*,*,#3470,.T.);
#4595=ORIENTED_EDGE('',*,*,#3465,.F.);
#4596=ORIENTED_EDGE('',*,*,#3471,.F.);
#4597=ORIENTED_EDGE('',*,*,#3472,.T.);
#4598=ORIENTED_EDGE('',*,*,#3473,.T.);
#4599=ORIENTED_EDGE('',*,*,#3469,.F.);
#4600=ORIENTED_EDGE('',*,*,#3474,.F.);
#4601=ORIENTED_EDGE('',*,*,#3475,.T.);
#4602=ORIENTED_EDGE('',*,*,#3476,.T.);
#4603=ORIENTED_EDGE('',*,*,#3472,.F.);
#4604=ORIENTED_EDGE('',*,*,#3477,.F.);
#4605=ORIENTED_EDGE('',*,*,#3478,.T.);
#4606=ORIENTED_EDGE('',*,*,#3479,.T.);
#4607=ORIENTED_EDGE('',*,*,#3475,.F.);
#4608=ORIENTED_EDGE('',*,*,#3480,.F.);
#4609=ORIENTED_EDGE('',*,*,#3481,.T.);
#4610=ORIENTED_EDGE('',*,*,#3482,.T.);
#4611=ORIENTED_EDGE('',*,*,#3478,.F.);
#4612=ORIENTED_EDGE('',*,*,#3483,.F.);
#4613=ORIENTED_EDGE('',*,*,#3484,.T.);
#4614=ORIENTED_EDGE('',*,*,#3485,.T.);
#4615=ORIENTED_EDGE('',*,*,#3481,.F.);
#4616=ORIENTED_EDGE('',*,*,#3486,.F.);
#4617=ORIENTED_EDGE('',*,*,#3487,.T.);
#4618=ORIENTED_EDGE('',*,*,#3488,.T.);
#4619=ORIENTED_EDGE('',*,*,#3484,.F.);
#4620=ORIENTED_EDGE('',*,*,#3489,.F.);
#4621=ORIENTED_EDGE('',*,*,#3490,.T.);
#4622=ORIENTED_EDGE('',*,*,#3491,.T.);
#4623=ORIENTED_EDGE('',*,*,#3487,.F.);
#4624=ORIENTED_EDGE('',*,*,#3492,.F.);
#4625=ORIENTED_EDGE('',*,*,#3493,.T.);
#4626=ORIENTED_EDGE('',*,*,#3494,.T.);
#4627=ORIENTED_EDGE('',*,*,#3490,.F.);
#4628=ORIENTED_EDGE('',*,*,#3495,.F.);
#4629=ORIENTED_EDGE('',*,*,#3496,.T.);
#4630=ORIENTED_EDGE('',*,*,#3497,.T.);
#4631=ORIENTED_EDGE('',*,*,#3493,.F.);
#4632=ORIENTED_EDGE('',*,*,#3498,.F.);
#4633=ORIENTED_EDGE('',*,*,#3499,.T.);
#4634=ORIENTED_EDGE('',*,*,#3500,.T.);
#4635=ORIENTED_EDGE('',*,*,#3496,.F.);
#4636=ORIENTED_EDGE('',*,*,#3501,.F.);
#4637=ORIENTED_EDGE('',*,*,#3502,.T.);
#4638=ORIENTED_EDGE('',*,*,#3503,.T.);
#4639=ORIENTED_EDGE('',*,*,#3499,.F.);
#4640=ORIENTED_EDGE('',*,*,#3504,.F.);
#4641=ORIENTED_EDGE('',*,*,#3505,.T.);
#4642=ORIENTED_EDGE('',*,*,#3506,.T.);
#4643=ORIENTED_EDGE('',*,*,#3502,.F.);
#4644=ORIENTED_EDGE('',*,*,#3507,.F.);
#4645=ORIENTED_EDGE('',*,*,#3508,.T.);
#4646=ORIENTED_EDGE('',*,*,#3509,.T.);
#4647=ORIENTED_EDGE('',*,*,#3505,.F.);
#4648=ORIENTED_EDGE('',*,*,#3510,.F.);
#4649=ORIENTED_EDGE('',*,*,#3511,.T.);
#4650=ORIENTED_EDGE('',*,*,#3512,.T.);
#4651=ORIENTED_EDGE('',*,*,#3508,.F.);
#4652=ORIENTED_EDGE('',*,*,#3513,.F.);
#4653=ORIENTED_EDGE('',*,*,#3514,.T.);
#4654=ORIENTED_EDGE('',*,*,#3515,.T.);
#4655=ORIENTED_EDGE('',*,*,#3511,.F.);
#4656=ORIENTED_EDGE('',*,*,#3516,.F.);
#4657=ORIENTED_EDGE('',*,*,#3517,.T.);
#4658=ORIENTED_EDGE('',*,*,#3518,.T.);
#4659=ORIENTED_EDGE('',*,*,#3514,.F.);
#4660=ORIENTED_EDGE('',*,*,#3519,.F.);
#4661=ORIENTED_EDGE('',*,*,#3520,.T.);
#4662=ORIENTED_EDGE('',*,*,#3521,.T.);
#4663=ORIENTED_EDGE('',*,*,#3517,.F.);
#4664=ORIENTED_EDGE('',*,*,#3522,.F.);
#4665=ORIENTED_EDGE('',*,*,#3523,.T.);
#4666=ORIENTED_EDGE('',*,*,#3524,.T.);
#4667=ORIENTED_EDGE('',*,*,#3520,.F.);
#4668=ORIENTED_EDGE('',*,*,#3525,.F.);
#4669=ORIENTED_EDGE('',*,*,#3467,.T.);
#4670=ORIENTED_EDGE('',*,*,#3526,.T.);
#4671=ORIENTED_EDGE('',*,*,#3523,.F.);
#4672=ORIENTED_EDGE('',*,*,#3526,.F.);
#4673=ORIENTED_EDGE('',*,*,#3466,.F.);
#4674=ORIENTED_EDGE('',*,*,#3470,.F.);
#4675=ORIENTED_EDGE('',*,*,#3473,.F.);
#4676=ORIENTED_EDGE('',*,*,#3476,.F.);
#4677=ORIENTED_EDGE('',*,*,#3479,.F.);
#4678=ORIENTED_EDGE('',*,*,#3482,.F.);
#4679=ORIENTED_EDGE('',*,*,#3485,.F.);
#4680=ORIENTED_EDGE('',*,*,#3488,.F.);
#4681=ORIENTED_EDGE('',*,*,#3491,.F.);
#4682=ORIENTED_EDGE('',*,*,#3494,.F.);
#4683=ORIENTED_EDGE('',*,*,#3497,.F.);
#4684=ORIENTED_EDGE('',*,*,#3500,.F.);
#4685=ORIENTED_EDGE('',*,*,#3503,.F.);
#4686=ORIENTED_EDGE('',*,*,#3506,.F.);
#4687=ORIENTED_EDGE('',*,*,#3509,.F.);
#4688=ORIENTED_EDGE('',*,*,#3512,.F.);
#4689=ORIENTED_EDGE('',*,*,#3515,.F.);
#4690=ORIENTED_EDGE('',*,*,#3518,.F.);
#4691=ORIENTED_EDGE('',*,*,#3521,.F.);
#4692=ORIENTED_EDGE('',*,*,#3524,.F.);
#4693=ORIENTED_EDGE('',*,*,#3463,.F.);
#4694=ORIENTED_EDGE('',*,*,#3442,.F.);
#4695=ORIENTED_EDGE('',*,*,#3446,.F.);
#4696=ORIENTED_EDGE('',*,*,#3449,.F.);
#4697=ORIENTED_EDGE('',*,*,#3452,.F.);
#4698=ORIENTED_EDGE('',*,*,#3455,.F.);
#4699=ORIENTED_EDGE('',*,*,#3458,.F.);
#4700=ORIENTED_EDGE('',*,*,#3461,.F.);
#4701=ORIENTED_EDGE('',*,*,#3527,.F.);
#4702=ORIENTED_EDGE('',*,*,#3528,.T.);
#4703=ORIENTED_EDGE('',*,*,#3529,.T.);
#4704=ORIENTED_EDGE('',*,*,#3530,.F.);
#4705=ORIENTED_EDGE('',*,*,#3531,.F.);
#4706=ORIENTED_EDGE('',*,*,#3532,.T.);
#4707=ORIENTED_EDGE('',*,*,#3533,.T.);
#4708=ORIENTED_EDGE('',*,*,#3528,.F.);
#4709=ORIENTED_EDGE('',*,*,#3534,.F.);
#4710=ORIENTED_EDGE('',*,*,#3535,.T.);
#4711=ORIENTED_EDGE('',*,*,#3536,.T.);
#4712=ORIENTED_EDGE('',*,*,#3532,.F.);
#4713=ORIENTED_EDGE('',*,*,#3537,.F.);
#4714=ORIENTED_EDGE('',*,*,#3538,.T.);
#4715=ORIENTED_EDGE('',*,*,#3539,.T.);
#4716=ORIENTED_EDGE('',*,*,#3535,.F.);
#4717=ORIENTED_EDGE('',*,*,#3540,.F.);
#4718=ORIENTED_EDGE('',*,*,#3541,.T.);
#4719=ORIENTED_EDGE('',*,*,#3542,.T.);
#4720=ORIENTED_EDGE('',*,*,#3538,.F.);
#4721=ORIENTED_EDGE('',*,*,#3543,.F.);
#4722=ORIENTED_EDGE('',*,*,#3544,.T.);
#4723=ORIENTED_EDGE('',*,*,#3545,.T.);
#4724=ORIENTED_EDGE('',*,*,#3541,.F.);
#4725=ORIENTED_EDGE('',*,*,#3546,.F.);
#4726=ORIENTED_EDGE('',*,*,#3547,.T.);
#4727=ORIENTED_EDGE('',*,*,#3548,.T.);
#4728=ORIENTED_EDGE('',*,*,#3544,.F.);
#4729=ORIENTED_EDGE('',*,*,#3549,.F.);
#4730=ORIENTED_EDGE('',*,*,#3550,.T.);
#4731=ORIENTED_EDGE('',*,*,#3551,.T.);
#4732=ORIENTED_EDGE('',*,*,#3547,.F.);
#4733=ORIENTED_EDGE('',*,*,#3552,.F.);
#4734=ORIENTED_EDGE('',*,*,#3553,.T.);
#4735=ORIENTED_EDGE('',*,*,#3554,.T.);
#4736=ORIENTED_EDGE('',*,*,#3550,.F.);
#4737=ORIENTED_EDGE('',*,*,#3555,.F.);
#4738=ORIENTED_EDGE('',*,*,#3556,.T.);
#4739=ORIENTED_EDGE('',*,*,#3557,.T.);
#4740=ORIENTED_EDGE('',*,*,#3553,.F.);
#4741=ORIENTED_EDGE('',*,*,#3558,.F.);
#4742=ORIENTED_EDGE('',*,*,#3559,.T.);
#4743=ORIENTED_EDGE('',*,*,#3560,.T.);
#4744=ORIENTED_EDGE('',*,*,#3556,.F.);
#4745=ORIENTED_EDGE('',*,*,#3561,.F.);
#4746=ORIENTED_EDGE('',*,*,#3562,.T.);
#4747=ORIENTED_EDGE('',*,*,#3563,.T.);
#4748=ORIENTED_EDGE('',*,*,#3559,.F.);
#4749=ORIENTED_EDGE('',*,*,#3564,.F.);
#4750=ORIENTED_EDGE('',*,*,#3565,.T.);
#4751=ORIENTED_EDGE('',*,*,#3566,.T.);
#4752=ORIENTED_EDGE('',*,*,#3562,.F.);
#4753=ORIENTED_EDGE('',*,*,#3567,.F.);
#4754=ORIENTED_EDGE('',*,*,#3568,.T.);
#4755=ORIENTED_EDGE('',*,*,#3569,.T.);
#4756=ORIENTED_EDGE('',*,*,#3565,.F.);
#4757=ORIENTED_EDGE('',*,*,#3570,.F.);
#4758=ORIENTED_EDGE('',*,*,#3571,.T.);
#4759=ORIENTED_EDGE('',*,*,#3572,.T.);
#4760=ORIENTED_EDGE('',*,*,#3568,.F.);
#4761=ORIENTED_EDGE('',*,*,#3573,.F.);
#4762=ORIENTED_EDGE('',*,*,#3574,.T.);
#4763=ORIENTED_EDGE('',*,*,#3575,.T.);
#4764=ORIENTED_EDGE('',*,*,#3571,.F.);
#4765=ORIENTED_EDGE('',*,*,#3576,.F.);
#4766=ORIENTED_EDGE('',*,*,#3577,.T.);
#4767=ORIENTED_EDGE('',*,*,#3578,.T.);
#4768=ORIENTED_EDGE('',*,*,#3574,.F.);
#4769=ORIENTED_EDGE('',*,*,#3579,.F.);
#4770=ORIENTED_EDGE('',*,*,#3580,.T.);
#4771=ORIENTED_EDGE('',*,*,#3581,.T.);
#4772=ORIENTED_EDGE('',*,*,#3577,.F.);
#4773=ORIENTED_EDGE('',*,*,#3582,.F.);
#4774=ORIENTED_EDGE('',*,*,#3583,.T.);
#4775=ORIENTED_EDGE('',*,*,#3584,.T.);
#4776=ORIENTED_EDGE('',*,*,#3580,.F.);
#4777=ORIENTED_EDGE('',*,*,#3585,.F.);
#4778=ORIENTED_EDGE('',*,*,#3586,.T.);
#4779=ORIENTED_EDGE('',*,*,#3587,.T.);
#4780=ORIENTED_EDGE('',*,*,#3583,.F.);
#4781=ORIENTED_EDGE('',*,*,#3588,.F.);
#4782=ORIENTED_EDGE('',*,*,#3589,.T.);
#4783=ORIENTED_EDGE('',*,*,#3590,.T.);
#4784=ORIENTED_EDGE('',*,*,#3586,.F.);
#4785=ORIENTED_EDGE('',*,*,#3591,.F.);
#4786=ORIENTED_EDGE('',*,*,#3592,.T.);
#4787=ORIENTED_EDGE('',*,*,#3593,.T.);
#4788=ORIENTED_EDGE('',*,*,#3589,.F.);
#4789=ORIENTED_EDGE('',*,*,#3594,.F.);
#4790=ORIENTED_EDGE('',*,*,#3595,.T.);
#4791=ORIENTED_EDGE('',*,*,#3596,.T.);
#4792=ORIENTED_EDGE('',*,*,#3592,.F.);
#4793=ORIENTED_EDGE('',*,*,#3597,.F.);
#4794=ORIENTED_EDGE('',*,*,#3598,.T.);
#4795=ORIENTED_EDGE('',*,*,#3599,.T.);
#4796=ORIENTED_EDGE('',*,*,#3595,.F.);
#4797=ORIENTED_EDGE('',*,*,#3600,.F.);
#4798=ORIENTED_EDGE('',*,*,#3601,.T.);
#4799=ORIENTED_EDGE('',*,*,#3602,.T.);
#4800=ORIENTED_EDGE('',*,*,#3598,.F.);
#4801=ORIENTED_EDGE('',*,*,#3603,.F.);
#4802=ORIENTED_EDGE('',*,*,#3604,.T.);
#4803=ORIENTED_EDGE('',*,*,#3605,.T.);
#4804=ORIENTED_EDGE('',*,*,#3601,.F.);
#4805=ORIENTED_EDGE('',*,*,#3606,.F.);
#4806=ORIENTED_EDGE('',*,*,#3607,.T.);
#4807=ORIENTED_EDGE('',*,*,#3608,.T.);
#4808=ORIENTED_EDGE('',*,*,#3604,.F.);
#4809=ORIENTED_EDGE('',*,*,#3609,.F.);
#4810=ORIENTED_EDGE('',*,*,#3610,.T.);
#4811=ORIENTED_EDGE('',*,*,#3611,.T.);
#4812=ORIENTED_EDGE('',*,*,#3607,.F.);
#4813=ORIENTED_EDGE('',*,*,#3612,.F.);
#4814=ORIENTED_EDGE('',*,*,#3613,.T.);
#4815=ORIENTED_EDGE('',*,*,#3614,.T.);
#4816=ORIENTED_EDGE('',*,*,#3610,.F.);
#4817=ORIENTED_EDGE('',*,*,#3615,.F.);
#4818=ORIENTED_EDGE('',*,*,#3616,.T.);
#4819=ORIENTED_EDGE('',*,*,#3617,.T.);
#4820=ORIENTED_EDGE('',*,*,#3613,.F.);
#4821=ORIENTED_EDGE('',*,*,#3618,.F.);
#4822=ORIENTED_EDGE('',*,*,#3619,.T.);
#4823=ORIENTED_EDGE('',*,*,#3620,.T.);
#4824=ORIENTED_EDGE('',*,*,#3616,.F.);
#4825=ORIENTED_EDGE('',*,*,#3621,.F.);
#4826=ORIENTED_EDGE('',*,*,#3622,.T.);
#4827=ORIENTED_EDGE('',*,*,#3623,.T.);
#4828=ORIENTED_EDGE('',*,*,#3619,.F.);
#4829=ORIENTED_EDGE('',*,*,#3624,.F.);
#4830=ORIENTED_EDGE('',*,*,#3625,.T.);
#4831=ORIENTED_EDGE('',*,*,#3626,.T.);
#4832=ORIENTED_EDGE('',*,*,#3622,.F.);
#4833=ORIENTED_EDGE('',*,*,#3627,.F.);
#4834=ORIENTED_EDGE('',*,*,#3628,.T.);
#4835=ORIENTED_EDGE('',*,*,#3629,.T.);
#4836=ORIENTED_EDGE('',*,*,#3625,.F.);
#4837=ORIENTED_EDGE('',*,*,#3630,.F.);
#4838=ORIENTED_EDGE('',*,*,#3530,.T.);
#4839=ORIENTED_EDGE('',*,*,#3631,.T.);
#4840=ORIENTED_EDGE('',*,*,#3628,.F.);
#4841=ORIENTED_EDGE('',*,*,#3631,.F.);
#4842=ORIENTED_EDGE('',*,*,#3529,.F.);
#4843=ORIENTED_EDGE('',*,*,#3533,.F.);
#4844=ORIENTED_EDGE('',*,*,#3536,.F.);
#4845=ORIENTED_EDGE('',*,*,#3539,.F.);
#4846=ORIENTED_EDGE('',*,*,#3542,.F.);
#4847=ORIENTED_EDGE('',*,*,#3545,.F.);
#4848=ORIENTED_EDGE('',*,*,#3548,.F.);
#4849=ORIENTED_EDGE('',*,*,#3551,.F.);
#4850=ORIENTED_EDGE('',*,*,#3554,.F.);
#4851=ORIENTED_EDGE('',*,*,#3557,.F.);
#4852=ORIENTED_EDGE('',*,*,#3560,.F.);
#4853=ORIENTED_EDGE('',*,*,#3563,.F.);
#4854=ORIENTED_EDGE('',*,*,#3566,.F.);
#4855=ORIENTED_EDGE('',*,*,#3569,.F.);
#4856=ORIENTED_EDGE('',*,*,#3572,.F.);
#4857=ORIENTED_EDGE('',*,*,#3575,.F.);
#4858=ORIENTED_EDGE('',*,*,#3578,.F.);
#4859=ORIENTED_EDGE('',*,*,#3581,.F.);
#4860=ORIENTED_EDGE('',*,*,#3584,.F.);
#4861=ORIENTED_EDGE('',*,*,#3587,.F.);
#4862=ORIENTED_EDGE('',*,*,#3590,.F.);
#4863=ORIENTED_EDGE('',*,*,#3593,.F.);
#4864=ORIENTED_EDGE('',*,*,#3596,.F.);
#4865=ORIENTED_EDGE('',*,*,#3599,.F.);
#4866=ORIENTED_EDGE('',*,*,#3602,.F.);
#4867=ORIENTED_EDGE('',*,*,#3605,.F.);
#4868=ORIENTED_EDGE('',*,*,#3608,.F.);
#4869=ORIENTED_EDGE('',*,*,#3611,.F.);
#4870=ORIENTED_EDGE('',*,*,#3614,.F.);
#4871=ORIENTED_EDGE('',*,*,#3617,.F.);
#4872=ORIENTED_EDGE('',*,*,#3620,.F.);
#4873=ORIENTED_EDGE('',*,*,#3623,.F.);
#4874=ORIENTED_EDGE('',*,*,#3626,.F.);
#4875=ORIENTED_EDGE('',*,*,#3629,.F.);
#4876=ORIENTED_EDGE('',*,*,#3632,.F.);
#4877=ORIENTED_EDGE('',*,*,#3633,.T.);
#4878=ORIENTED_EDGE('',*,*,#3634,.T.);
#4879=ORIENTED_EDGE('',*,*,#3635,.F.);
#4880=ORIENTED_EDGE('',*,*,#3636,.F.);
#4881=ORIENTED_EDGE('',*,*,#3637,.T.);
#4882=ORIENTED_EDGE('',*,*,#3638,.T.);
#4883=ORIENTED_EDGE('',*,*,#3633,.F.);
#4884=ORIENTED_EDGE('',*,*,#3639,.F.);
#4885=ORIENTED_EDGE('',*,*,#3640,.T.);
#4886=ORIENTED_EDGE('',*,*,#3641,.T.);
#4887=ORIENTED_EDGE('',*,*,#3637,.F.);
#4888=ORIENTED_EDGE('',*,*,#3642,.F.);
#4889=ORIENTED_EDGE('',*,*,#3643,.T.);
#4890=ORIENTED_EDGE('',*,*,#3644,.T.);
#4891=ORIENTED_EDGE('',*,*,#3640,.F.);
#4892=ORIENTED_EDGE('',*,*,#3645,.F.);
#4893=ORIENTED_EDGE('',*,*,#3646,.T.);
#4894=ORIENTED_EDGE('',*,*,#3647,.T.);
#4895=ORIENTED_EDGE('',*,*,#3643,.F.);
#4896=ORIENTED_EDGE('',*,*,#3648,.F.);
#4897=ORIENTED_EDGE('',*,*,#3649,.T.);
#4898=ORIENTED_EDGE('',*,*,#3650,.T.);
#4899=ORIENTED_EDGE('',*,*,#3646,.F.);
#4900=ORIENTED_EDGE('',*,*,#3651,.F.);
#4901=ORIENTED_EDGE('',*,*,#3652,.T.);
#4902=ORIENTED_EDGE('',*,*,#3653,.T.);
#4903=ORIENTED_EDGE('',*,*,#3649,.F.);
#4904=ORIENTED_EDGE('',*,*,#3654,.F.);
#4905=ORIENTED_EDGE('',*,*,#3655,.T.);
#4906=ORIENTED_EDGE('',*,*,#3656,.T.);
#4907=ORIENTED_EDGE('',*,*,#3652,.F.);
#4908=ORIENTED_EDGE('',*,*,#3657,.F.);
#4909=ORIENTED_EDGE('',*,*,#3658,.T.);
#4910=ORIENTED_EDGE('',*,*,#3659,.T.);
#4911=ORIENTED_EDGE('',*,*,#3655,.F.);
#4912=ORIENTED_EDGE('',*,*,#3660,.F.);
#4913=ORIENTED_EDGE('',*,*,#3661,.T.);
#4914=ORIENTED_EDGE('',*,*,#3662,.T.);
#4915=ORIENTED_EDGE('',*,*,#3658,.F.);
#4916=ORIENTED_EDGE('',*,*,#3663,.F.);
#4917=ORIENTED_EDGE('',*,*,#3664,.T.);
#4918=ORIENTED_EDGE('',*,*,#3665,.T.);
#4919=ORIENTED_EDGE('',*,*,#3661,.F.);
#4920=ORIENTED_EDGE('',*,*,#3666,.F.);
#4921=ORIENTED_EDGE('',*,*,#3667,.T.);
#4922=ORIENTED_EDGE('',*,*,#3668,.T.);
#4923=ORIENTED_EDGE('',*,*,#3664,.F.);
#4924=ORIENTED_EDGE('',*,*,#3669,.F.);
#4925=ORIENTED_EDGE('',*,*,#3670,.T.);
#4926=ORIENTED_EDGE('',*,*,#3671,.T.);
#4927=ORIENTED_EDGE('',*,*,#3667,.F.);
#4928=ORIENTED_EDGE('',*,*,#3672,.F.);
#4929=ORIENTED_EDGE('',*,*,#3673,.T.);
#4930=ORIENTED_EDGE('',*,*,#3674,.T.);
#4931=ORIENTED_EDGE('',*,*,#3670,.F.);
#4932=ORIENTED_EDGE('',*,*,#3675,.F.);
#4933=ORIENTED_EDGE('',*,*,#3676,.T.);
#4934=ORIENTED_EDGE('',*,*,#3677,.T.);
#4935=ORIENTED_EDGE('',*,*,#3673,.F.);
#4936=ORIENTED_EDGE('',*,*,#3678,.F.);
#4937=ORIENTED_EDGE('',*,*,#3679,.T.);
#4938=ORIENTED_EDGE('',*,*,#3680,.T.);
#4939=ORIENTED_EDGE('',*,*,#3676,.F.);
#4940=ORIENTED_EDGE('',*,*,#3681,.F.);
#4941=ORIENTED_EDGE('',*,*,#3682,.T.);
#4942=ORIENTED_EDGE('',*,*,#3683,.T.);
#4943=ORIENTED_EDGE('',*,*,#3679,.F.);
#4944=ORIENTED_EDGE('',*,*,#3684,.F.);
#4945=ORIENTED_EDGE('',*,*,#3685,.T.);
#4946=ORIENTED_EDGE('',*,*,#3686,.T.);
#4947=ORIENTED_EDGE('',*,*,#3682,.F.);
#4948=ORIENTED_EDGE('',*,*,#3687,.F.);
#4949=ORIENTED_EDGE('',*,*,#3635,.T.);
#4950=ORIENTED_EDGE('',*,*,#3688,.T.);
#4951=ORIENTED_EDGE('',*,*,#3685,.F.);
#4952=ORIENTED_EDGE('',*,*,#3688,.F.);
#4953=ORIENTED_EDGE('',*,*,#3634,.F.);
#4954=ORIENTED_EDGE('',*,*,#3638,.F.);
#4955=ORIENTED_EDGE('',*,*,#3641,.F.);
#4956=ORIENTED_EDGE('',*,*,#3644,.F.);
#4957=ORIENTED_EDGE('',*,*,#3647,.F.);
#4958=ORIENTED_EDGE('',*,*,#3650,.F.);
#4959=ORIENTED_EDGE('',*,*,#3653,.F.);
#4960=ORIENTED_EDGE('',*,*,#3656,.F.);
#4961=ORIENTED_EDGE('',*,*,#3659,.F.);
#4962=ORIENTED_EDGE('',*,*,#3662,.F.);
#4963=ORIENTED_EDGE('',*,*,#3665,.F.);
#4964=ORIENTED_EDGE('',*,*,#3668,.F.);
#4965=ORIENTED_EDGE('',*,*,#3671,.F.);
#4966=ORIENTED_EDGE('',*,*,#3674,.F.);
#4967=ORIENTED_EDGE('',*,*,#3677,.F.);
#4968=ORIENTED_EDGE('',*,*,#3680,.F.);
#4969=ORIENTED_EDGE('',*,*,#3683,.F.);
#4970=ORIENTED_EDGE('',*,*,#3686,.F.);
#4971=ORIENTED_EDGE('',*,*,#3689,.F.);
#4972=ORIENTED_EDGE('',*,*,#3690,.T.);
#4973=ORIENTED_EDGE('',*,*,#3691,.T.);
#4974=ORIENTED_EDGE('',*,*,#3692,.F.);
#4975=ORIENTED_EDGE('',*,*,#3693,.F.);
#4976=ORIENTED_EDGE('',*,*,#3694,.T.);
#4977=ORIENTED_EDGE('',*,*,#3695,.T.);
#4978=ORIENTED_EDGE('',*,*,#3690,.F.);
#4979=ORIENTED_EDGE('',*,*,#3696,.F.);
#4980=ORIENTED_EDGE('',*,*,#3697,.T.);
#4981=ORIENTED_EDGE('',*,*,#3698,.T.);
#4982=ORIENTED_EDGE('',*,*,#3694,.F.);
#4983=ORIENTED_EDGE('',*,*,#3699,.F.);
#4984=ORIENTED_EDGE('',*,*,#3700,.T.);
#4985=ORIENTED_EDGE('',*,*,#3701,.T.);
#4986=ORIENTED_EDGE('',*,*,#3697,.F.);
#4987=ORIENTED_EDGE('',*,*,#3702,.F.);
#4988=ORIENTED_EDGE('',*,*,#3692,.T.);
#4989=ORIENTED_EDGE('',*,*,#3703,.T.);
#4990=ORIENTED_EDGE('',*,*,#3700,.F.);
#4991=ORIENTED_EDGE('',*,*,#3704,.F.);
#4992=ORIENTED_EDGE('',*,*,#3705,.T.);
#4993=ORIENTED_EDGE('',*,*,#3706,.T.);
#4994=ORIENTED_EDGE('',*,*,#3707,.F.);
#4995=ORIENTED_EDGE('',*,*,#3708,.F.);
#4996=ORIENTED_EDGE('',*,*,#3709,.T.);
#4997=ORIENTED_EDGE('',*,*,#3710,.T.);
#4998=ORIENTED_EDGE('',*,*,#3705,.F.);
#4999=ORIENTED_EDGE('',*,*,#3711,.F.);
#5000=ORIENTED_EDGE('',*,*,#3712,.T.);
#5001=ORIENTED_EDGE('',*,*,#3713,.T.);
#5002=ORIENTED_EDGE('',*,*,#3709,.F.);
#5003=ORIENTED_EDGE('',*,*,#3714,.F.);
#5004=ORIENTED_EDGE('',*,*,#3715,.T.);
#5005=ORIENTED_EDGE('',*,*,#3716,.T.);
#5006=ORIENTED_EDGE('',*,*,#3712,.F.);
#5007=ORIENTED_EDGE('',*,*,#3717,.F.);
#5008=ORIENTED_EDGE('',*,*,#3718,.T.);
#5009=ORIENTED_EDGE('',*,*,#3719,.T.);
#5010=ORIENTED_EDGE('',*,*,#3715,.F.);
#5011=ORIENTED_EDGE('',*,*,#3720,.F.);
#5012=ORIENTED_EDGE('',*,*,#3721,.T.);
#5013=ORIENTED_EDGE('',*,*,#3722,.T.);
#5014=ORIENTED_EDGE('',*,*,#3718,.F.);
#5015=ORIENTED_EDGE('',*,*,#3723,.F.);
#5016=ORIENTED_EDGE('',*,*,#3724,.T.);
#5017=ORIENTED_EDGE('',*,*,#3725,.T.);
#5018=ORIENTED_EDGE('',*,*,#3721,.F.);
#5019=ORIENTED_EDGE('',*,*,#3726,.F.);
#5020=ORIENTED_EDGE('',*,*,#3727,.T.);
#5021=ORIENTED_EDGE('',*,*,#3728,.T.);
#5022=ORIENTED_EDGE('',*,*,#3724,.F.);
#5023=ORIENTED_EDGE('',*,*,#3729,.F.);
#5024=ORIENTED_EDGE('',*,*,#3730,.T.);
#5025=ORIENTED_EDGE('',*,*,#3731,.T.);
#5026=ORIENTED_EDGE('',*,*,#3727,.F.);
#5027=ORIENTED_EDGE('',*,*,#3732,.F.);
#5028=ORIENTED_EDGE('',*,*,#3733,.T.);
#5029=ORIENTED_EDGE('',*,*,#3734,.T.);
#5030=ORIENTED_EDGE('',*,*,#3730,.F.);
#5031=ORIENTED_EDGE('',*,*,#3735,.F.);
#5032=ORIENTED_EDGE('',*,*,#3736,.T.);
#5033=ORIENTED_EDGE('',*,*,#3737,.T.);
#5034=ORIENTED_EDGE('',*,*,#3733,.F.);
#5035=ORIENTED_EDGE('',*,*,#3738,.F.);
#5036=ORIENTED_EDGE('',*,*,#3739,.T.);
#5037=ORIENTED_EDGE('',*,*,#3740,.T.);
#5038=ORIENTED_EDGE('',*,*,#3736,.F.);
#5039=ORIENTED_EDGE('',*,*,#3741,.F.);
#5040=ORIENTED_EDGE('',*,*,#3742,.T.);
#5041=ORIENTED_EDGE('',*,*,#3743,.T.);
#5042=ORIENTED_EDGE('',*,*,#3739,.F.);
#5043=ORIENTED_EDGE('',*,*,#3744,.F.);
#5044=ORIENTED_EDGE('',*,*,#3745,.T.);
#5045=ORIENTED_EDGE('',*,*,#3746,.T.);
#5046=ORIENTED_EDGE('',*,*,#3742,.F.);
#5047=ORIENTED_EDGE('',*,*,#3747,.F.);
#5048=ORIENTED_EDGE('',*,*,#3707,.T.);
#5049=ORIENTED_EDGE('',*,*,#3748,.T.);
#5050=ORIENTED_EDGE('',*,*,#3745,.F.);
#5051=ORIENTED_EDGE('',*,*,#3748,.F.);
#5052=ORIENTED_EDGE('',*,*,#3706,.F.);
#5053=ORIENTED_EDGE('',*,*,#3710,.F.);
#5054=ORIENTED_EDGE('',*,*,#3713,.F.);
#5055=ORIENTED_EDGE('',*,*,#3716,.F.);
#5056=ORIENTED_EDGE('',*,*,#3719,.F.);
#5057=ORIENTED_EDGE('',*,*,#3722,.F.);
#5058=ORIENTED_EDGE('',*,*,#3725,.F.);
#5059=ORIENTED_EDGE('',*,*,#3728,.F.);
#5060=ORIENTED_EDGE('',*,*,#3731,.F.);
#5061=ORIENTED_EDGE('',*,*,#3734,.F.);
#5062=ORIENTED_EDGE('',*,*,#3737,.F.);
#5063=ORIENTED_EDGE('',*,*,#3740,.F.);
#5064=ORIENTED_EDGE('',*,*,#3743,.F.);
#5065=ORIENTED_EDGE('',*,*,#3746,.F.);
#5066=ORIENTED_EDGE('',*,*,#3703,.F.);
#5067=ORIENTED_EDGE('',*,*,#3691,.F.);
#5068=ORIENTED_EDGE('',*,*,#3695,.F.);
#5069=ORIENTED_EDGE('',*,*,#3698,.F.);
#5070=ORIENTED_EDGE('',*,*,#3701,.F.);
#5071=ORIENTED_EDGE('',*,*,#3749,.F.);
#5072=ORIENTED_EDGE('',*,*,#3750,.T.);
#5073=ORIENTED_EDGE('',*,*,#3751,.T.);
#5074=ORIENTED_EDGE('',*,*,#3752,.F.);
#5075=ORIENTED_EDGE('',*,*,#3753,.F.);
#5076=ORIENTED_EDGE('',*,*,#3754,.T.);
#5077=ORIENTED_EDGE('',*,*,#3755,.T.);
#5078=ORIENTED_EDGE('',*,*,#3750,.F.);
#5079=ORIENTED_EDGE('',*,*,#3756,.F.);
#5080=ORIENTED_EDGE('',*,*,#3757,.T.);
#5081=ORIENTED_EDGE('',*,*,#3758,.T.);
#5082=ORIENTED_EDGE('',*,*,#3754,.F.);
#5083=ORIENTED_EDGE('',*,*,#3759,.F.);
#5084=ORIENTED_EDGE('',*,*,#3760,.T.);
#5085=ORIENTED_EDGE('',*,*,#3761,.T.);
#5086=ORIENTED_EDGE('',*,*,#3757,.F.);
#5087=ORIENTED_EDGE('',*,*,#3762,.F.);
#5088=ORIENTED_EDGE('',*,*,#3763,.T.);
#5089=ORIENTED_EDGE('',*,*,#3764,.T.);
#5090=ORIENTED_EDGE('',*,*,#3760,.F.);
#5091=ORIENTED_EDGE('',*,*,#3765,.F.);
#5092=ORIENTED_EDGE('',*,*,#3766,.T.);
#5093=ORIENTED_EDGE('',*,*,#3767,.T.);
#5094=ORIENTED_EDGE('',*,*,#3763,.F.);
#5095=ORIENTED_EDGE('',*,*,#3768,.F.);
#5096=ORIENTED_EDGE('',*,*,#3769,.T.);
#5097=ORIENTED_EDGE('',*,*,#3770,.T.);
#5098=ORIENTED_EDGE('',*,*,#3766,.F.);
#5099=ORIENTED_EDGE('',*,*,#3771,.F.);
#5100=ORIENTED_EDGE('',*,*,#3772,.T.);
#5101=ORIENTED_EDGE('',*,*,#3773,.T.);
#5102=ORIENTED_EDGE('',*,*,#3769,.F.);
#5103=ORIENTED_EDGE('',*,*,#3774,.F.);
#5104=ORIENTED_EDGE('',*,*,#3775,.T.);
#5105=ORIENTED_EDGE('',*,*,#3776,.T.);
#5106=ORIENTED_EDGE('',*,*,#3772,.F.);
#5107=ORIENTED_EDGE('',*,*,#3777,.F.);
#5108=ORIENTED_EDGE('',*,*,#3778,.T.);
#5109=ORIENTED_EDGE('',*,*,#3779,.T.);
#5110=ORIENTED_EDGE('',*,*,#3775,.F.);
#5111=ORIENTED_EDGE('',*,*,#3780,.F.);
#5112=ORIENTED_EDGE('',*,*,#3781,.T.);
#5113=ORIENTED_EDGE('',*,*,#3782,.T.);
#5114=ORIENTED_EDGE('',*,*,#3778,.F.);
#5115=ORIENTED_EDGE('',*,*,#3783,.F.);
#5116=ORIENTED_EDGE('',*,*,#3784,.T.);
#5117=ORIENTED_EDGE('',*,*,#3785,.T.);
#5118=ORIENTED_EDGE('',*,*,#3781,.F.);
#5119=ORIENTED_EDGE('',*,*,#3786,.F.);
#5120=ORIENTED_EDGE('',*,*,#3752,.T.);
#5121=ORIENTED_EDGE('',*,*,#3787,.T.);
#5122=ORIENTED_EDGE('',*,*,#3784,.F.);
#5123=ORIENTED_EDGE('',*,*,#3787,.F.);
#5124=ORIENTED_EDGE('',*,*,#3751,.F.);
#5125=ORIENTED_EDGE('',*,*,#3755,.F.);
#5126=ORIENTED_EDGE('',*,*,#3758,.F.);
#5127=ORIENTED_EDGE('',*,*,#3761,.F.);
#5128=ORIENTED_EDGE('',*,*,#3764,.F.);
#5129=ORIENTED_EDGE('',*,*,#3767,.F.);
#5130=ORIENTED_EDGE('',*,*,#3770,.F.);
#5131=ORIENTED_EDGE('',*,*,#3773,.F.);
#5132=ORIENTED_EDGE('',*,*,#3776,.F.);
#5133=ORIENTED_EDGE('',*,*,#3779,.F.);
#5134=ORIENTED_EDGE('',*,*,#3782,.F.);
#5135=ORIENTED_EDGE('',*,*,#3785,.F.);
#5136=ORIENTED_EDGE('',*,*,#3788,.F.);
#5137=ORIENTED_EDGE('',*,*,#3789,.T.);
#5138=ORIENTED_EDGE('',*,*,#3790,.T.);
#5139=ORIENTED_EDGE('',*,*,#3791,.F.);
#5140=ORIENTED_EDGE('',*,*,#3792,.F.);
#5141=ORIENTED_EDGE('',*,*,#3793,.T.);
#5142=ORIENTED_EDGE('',*,*,#3794,.T.);
#5143=ORIENTED_EDGE('',*,*,#3789,.F.);
#5144=ORIENTED_EDGE('',*,*,#3795,.F.);
#5145=ORIENTED_EDGE('',*,*,#3796,.T.);
#5146=ORIENTED_EDGE('',*,*,#3797,.T.);
#5147=ORIENTED_EDGE('',*,*,#3793,.F.);
#5148=ORIENTED_EDGE('',*,*,#3798,.F.);
#5149=ORIENTED_EDGE('',*,*,#3799,.T.);
#5150=ORIENTED_EDGE('',*,*,#3800,.T.);
#5151=ORIENTED_EDGE('',*,*,#3796,.F.);
#5152=ORIENTED_EDGE('',*,*,#3801,.F.);
#5153=ORIENTED_EDGE('',*,*,#3802,.T.);
#5154=ORIENTED_EDGE('',*,*,#3803,.T.);
#5155=ORIENTED_EDGE('',*,*,#3799,.F.);
#5156=ORIENTED_EDGE('',*,*,#3804,.F.);
#5157=ORIENTED_EDGE('',*,*,#3805,.T.);
#5158=ORIENTED_EDGE('',*,*,#3806,.T.);
#5159=ORIENTED_EDGE('',*,*,#3802,.F.);
#5160=ORIENTED_EDGE('',*,*,#3807,.F.);
#5161=ORIENTED_EDGE('',*,*,#3808,.T.);
#5162=ORIENTED_EDGE('',*,*,#3809,.T.);
#5163=ORIENTED_EDGE('',*,*,#3805,.F.);
#5164=ORIENTED_EDGE('',*,*,#3810,.F.);
#5165=ORIENTED_EDGE('',*,*,#3791,.T.);
#5166=ORIENTED_EDGE('',*,*,#3811,.T.);
#5167=ORIENTED_EDGE('',*,*,#3808,.F.);
#5168=ORIENTED_EDGE('',*,*,#3812,.F.);
#5169=ORIENTED_EDGE('',*,*,#3813,.T.);
#5170=ORIENTED_EDGE('',*,*,#3814,.T.);
#5171=ORIENTED_EDGE('',*,*,#3815,.F.);
#5172=ORIENTED_EDGE('',*,*,#3816,.F.);
#5173=ORIENTED_EDGE('',*,*,#3817,.T.);
#5174=ORIENTED_EDGE('',*,*,#3818,.T.);
#5175=ORIENTED_EDGE('',*,*,#3813,.F.);
#5176=ORIENTED_EDGE('',*,*,#3819,.F.);
#5177=ORIENTED_EDGE('',*,*,#3820,.T.);
#5178=ORIENTED_EDGE('',*,*,#3821,.T.);
#5179=ORIENTED_EDGE('',*,*,#3817,.F.);
#5180=ORIENTED_EDGE('',*,*,#3822,.F.);
#5181=ORIENTED_EDGE('',*,*,#3823,.T.);
#5182=ORIENTED_EDGE('',*,*,#3824,.T.);
#5183=ORIENTED_EDGE('',*,*,#3820,.F.);
#5184=ORIENTED_EDGE('',*,*,#3825,.F.);
#5185=ORIENTED_EDGE('',*,*,#3826,.T.);
#5186=ORIENTED_EDGE('',*,*,#3827,.T.);
#5187=ORIENTED_EDGE('',*,*,#3823,.F.);
#5188=ORIENTED_EDGE('',*,*,#3828,.F.);
#5189=ORIENTED_EDGE('',*,*,#3829,.T.);
#5190=ORIENTED_EDGE('',*,*,#3830,.T.);
#5191=ORIENTED_EDGE('',*,*,#3826,.F.);
#5192=ORIENTED_EDGE('',*,*,#3831,.F.);
#5193=ORIENTED_EDGE('',*,*,#3832,.T.);
#5194=ORIENTED_EDGE('',*,*,#3833,.T.);
#5195=ORIENTED_EDGE('',*,*,#3829,.F.);
#5196=ORIENTED_EDGE('',*,*,#3834,.F.);
#5197=ORIENTED_EDGE('',*,*,#3835,.T.);
#5198=ORIENTED_EDGE('',*,*,#3836,.T.);
#5199=ORIENTED_EDGE('',*,*,#3832,.F.);
#5200=ORIENTED_EDGE('',*,*,#3837,.F.);
#5201=ORIENTED_EDGE('',*,*,#3815,.T.);
#5202=ORIENTED_EDGE('',*,*,#3838,.T.);
#5203=ORIENTED_EDGE('',*,*,#3835,.F.);
#5204=ORIENTED_EDGE('',*,*,#3838,.F.);
#5205=ORIENTED_EDGE('',*,*,#3814,.F.);
#5206=ORIENTED_EDGE('',*,*,#3818,.F.);
#5207=ORIENTED_EDGE('',*,*,#3821,.F.);
#5208=ORIENTED_EDGE('',*,*,#3824,.F.);
#5209=ORIENTED_EDGE('',*,*,#3827,.F.);
#5210=ORIENTED_EDGE('',*,*,#3830,.F.);
#5211=ORIENTED_EDGE('',*,*,#3833,.F.);
#5212=ORIENTED_EDGE('',*,*,#3836,.F.);
#5213=ORIENTED_EDGE('',*,*,#3811,.F.);
#5214=ORIENTED_EDGE('',*,*,#3790,.F.);
#5215=ORIENTED_EDGE('',*,*,#3794,.F.);
#5216=ORIENTED_EDGE('',*,*,#3797,.F.);
#5217=ORIENTED_EDGE('',*,*,#3800,.F.);
#5218=ORIENTED_EDGE('',*,*,#3803,.F.);
#5219=ORIENTED_EDGE('',*,*,#3806,.F.);
#5220=ORIENTED_EDGE('',*,*,#3809,.F.);
#5221=ORIENTED_EDGE('',*,*,#3839,.F.);
#5222=ORIENTED_EDGE('',*,*,#3840,.T.);
#5223=ORIENTED_EDGE('',*,*,#3841,.T.);
#5224=ORIENTED_EDGE('',*,*,#3842,.F.);
#5225=ORIENTED_EDGE('',*,*,#3843,.F.);
#5226=ORIENTED_EDGE('',*,*,#3844,.T.);
#5227=ORIENTED_EDGE('',*,*,#3845,.T.);
#5228=ORIENTED_EDGE('',*,*,#3840,.F.);
#5229=ORIENTED_EDGE('',*,*,#3846,.F.);
#5230=ORIENTED_EDGE('',*,*,#3847,.T.);
#5231=ORIENTED_EDGE('',*,*,#3848,.T.);
#5232=ORIENTED_EDGE('',*,*,#3844,.F.);
#5233=ORIENTED_EDGE('',*,*,#3849,.F.);
#5234=ORIENTED_EDGE('',*,*,#3850,.T.);
#5235=ORIENTED_EDGE('',*,*,#3851,.T.);
#5236=ORIENTED_EDGE('',*,*,#3847,.F.);
#5237=ORIENTED_EDGE('',*,*,#3852,.F.);
#5238=ORIENTED_EDGE('',*,*,#3853,.T.);
#5239=ORIENTED_EDGE('',*,*,#3854,.T.);
#5240=ORIENTED_EDGE('',*,*,#3850,.F.);
#5241=ORIENTED_EDGE('',*,*,#3855,.F.);
#5242=ORIENTED_EDGE('',*,*,#3856,.T.);
#5243=ORIENTED_EDGE('',*,*,#3857,.T.);
#5244=ORIENTED_EDGE('',*,*,#3853,.F.);
#5245=ORIENTED_EDGE('',*,*,#3858,.F.);
#5246=ORIENTED_EDGE('',*,*,#3859,.T.);
#5247=ORIENTED_EDGE('',*,*,#3860,.T.);
#5248=ORIENTED_EDGE('',*,*,#3856,.F.);
#5249=ORIENTED_EDGE('',*,*,#3861,.F.);
#5250=ORIENTED_EDGE('',*,*,#3862,.T.);
#5251=ORIENTED_EDGE('',*,*,#3863,.T.);
#5252=ORIENTED_EDGE('',*,*,#3859,.F.);
#5253=ORIENTED_EDGE('',*,*,#3864,.F.);
#5254=ORIENTED_EDGE('',*,*,#3865,.T.);
#5255=ORIENTED_EDGE('',*,*,#3866,.T.);
#5256=ORIENTED_EDGE('',*,*,#3862,.F.);
#5257=ORIENTED_EDGE('',*,*,#3867,.F.);
#5258=ORIENTED_EDGE('',*,*,#3868,.T.);
#5259=ORIENTED_EDGE('',*,*,#3869,.T.);
#5260=ORIENTED_EDGE('',*,*,#3865,.F.);
#5261=ORIENTED_EDGE('',*,*,#3870,.F.);
#5262=ORIENTED_EDGE('',*,*,#3871,.T.);
#5263=ORIENTED_EDGE('',*,*,#3872,.T.);
#5264=ORIENTED_EDGE('',*,*,#3868,.F.);
#5265=ORIENTED_EDGE('',*,*,#3873,.F.);
#5266=ORIENTED_EDGE('',*,*,#3874,.T.);
#5267=ORIENTED_EDGE('',*,*,#3875,.T.);
#5268=ORIENTED_EDGE('',*,*,#3871,.F.);
#5269=ORIENTED_EDGE('',*,*,#3876,.F.);
#5270=ORIENTED_EDGE('',*,*,#3877,.T.);
#5271=ORIENTED_EDGE('',*,*,#3878,.T.);
#5272=ORIENTED_EDGE('',*,*,#3874,.F.);
#5273=ORIENTED_EDGE('',*,*,#3879,.F.);
#5274=ORIENTED_EDGE('',*,*,#3880,.T.);
#5275=ORIENTED_EDGE('',*,*,#3881,.T.);
#5276=ORIENTED_EDGE('',*,*,#3877,.F.);
#5277=ORIENTED_EDGE('',*,*,#3882,.F.);
#5278=ORIENTED_EDGE('',*,*,#3883,.T.);
#5279=ORIENTED_EDGE('',*,*,#3884,.T.);
#5280=ORIENTED_EDGE('',*,*,#3880,.F.);
#5281=ORIENTED_EDGE('',*,*,#3885,.F.);
#5282=ORIENTED_EDGE('',*,*,#3886,.T.);
#5283=ORIENTED_EDGE('',*,*,#3887,.T.);
#5284=ORIENTED_EDGE('',*,*,#3883,.F.);
#5285=ORIENTED_EDGE('',*,*,#3888,.F.);
#5286=ORIENTED_EDGE('',*,*,#3889,.T.);
#5287=ORIENTED_EDGE('',*,*,#3890,.T.);
#5288=ORIENTED_EDGE('',*,*,#3886,.F.);
#5289=ORIENTED_EDGE('',*,*,#3891,.F.);
#5290=ORIENTED_EDGE('',*,*,#3892,.T.);
#5291=ORIENTED_EDGE('',*,*,#3893,.T.);
#5292=ORIENTED_EDGE('',*,*,#3889,.F.);
#5293=ORIENTED_EDGE('',*,*,#3894,.F.);
#5294=ORIENTED_EDGE('',*,*,#3895,.T.);
#5295=ORIENTED_EDGE('',*,*,#3896,.T.);
#5296=ORIENTED_EDGE('',*,*,#3892,.F.);
#5297=ORIENTED_EDGE('',*,*,#3897,.F.);
#5298=ORIENTED_EDGE('',*,*,#3898,.T.);
#5299=ORIENTED_EDGE('',*,*,#3899,.T.);
#5300=ORIENTED_EDGE('',*,*,#3895,.F.);
#5301=ORIENTED_EDGE('',*,*,#3900,.F.);
#5302=ORIENTED_EDGE('',*,*,#3901,.T.);
#5303=ORIENTED_EDGE('',*,*,#3902,.T.);
#5304=ORIENTED_EDGE('',*,*,#3898,.F.);
#5305=ORIENTED_EDGE('',*,*,#3903,.F.);
#5306=ORIENTED_EDGE('',*,*,#3904,.T.);
#5307=ORIENTED_EDGE('',*,*,#3905,.T.);
#5308=ORIENTED_EDGE('',*,*,#3901,.F.);
#5309=ORIENTED_EDGE('',*,*,#3906,.F.);
#5310=ORIENTED_EDGE('',*,*,#3907,.T.);
#5311=ORIENTED_EDGE('',*,*,#3908,.T.);
#5312=ORIENTED_EDGE('',*,*,#3904,.F.);
#5313=ORIENTED_EDGE('',*,*,#3909,.F.);
#5314=ORIENTED_EDGE('',*,*,#3910,.T.);
#5315=ORIENTED_EDGE('',*,*,#3911,.T.);
#5316=ORIENTED_EDGE('',*,*,#3907,.F.);
#5317=ORIENTED_EDGE('',*,*,#3912,.F.);
#5318=ORIENTED_EDGE('',*,*,#3913,.T.);
#5319=ORIENTED_EDGE('',*,*,#3914,.T.);
#5320=ORIENTED_EDGE('',*,*,#3910,.F.);
#5321=ORIENTED_EDGE('',*,*,#3915,.F.);
#5322=ORIENTED_EDGE('',*,*,#3916,.T.);
#5323=ORIENTED_EDGE('',*,*,#3917,.T.);
#5324=ORIENTED_EDGE('',*,*,#3913,.F.);
#5325=ORIENTED_EDGE('',*,*,#3918,.F.);
#5326=ORIENTED_EDGE('',*,*,#3919,.T.);
#5327=ORIENTED_EDGE('',*,*,#3920,.T.);
#5328=ORIENTED_EDGE('',*,*,#3916,.F.);
#5329=ORIENTED_EDGE('',*,*,#3921,.F.);
#5330=ORIENTED_EDGE('',*,*,#3922,.T.);
#5331=ORIENTED_EDGE('',*,*,#3923,.T.);
#5332=ORIENTED_EDGE('',*,*,#3919,.F.);
#5333=ORIENTED_EDGE('',*,*,#3924,.F.);
#5334=ORIENTED_EDGE('',*,*,#3842,.T.);
#5335=ORIENTED_EDGE('',*,*,#3925,.T.);
#5336=ORIENTED_EDGE('',*,*,#3922,.F.);
#5337=ORIENTED_EDGE('',*,*,#3925,.F.);
#5338=ORIENTED_EDGE('',*,*,#3841,.F.);
#5339=ORIENTED_EDGE('',*,*,#3845,.F.);
#5340=ORIENTED_EDGE('',*,*,#3848,.F.);
#5341=ORIENTED_EDGE('',*,*,#3851,.F.);
#5342=ORIENTED_EDGE('',*,*,#3854,.F.);
#5343=ORIENTED_EDGE('',*,*,#3857,.F.);
#5344=ORIENTED_EDGE('',*,*,#3860,.F.);
#5345=ORIENTED_EDGE('',*,*,#3863,.F.);
#5346=ORIENTED_EDGE('',*,*,#3866,.F.);
#5347=ORIENTED_EDGE('',*,*,#3869,.F.);
#5348=ORIENTED_EDGE('',*,*,#3872,.F.);
#5349=ORIENTED_EDGE('',*,*,#3875,.F.);
#5350=ORIENTED_EDGE('',*,*,#3878,.F.);
#5351=ORIENTED_EDGE('',*,*,#3881,.F.);
#5352=ORIENTED_EDGE('',*,*,#3884,.F.);
#5353=ORIENTED_EDGE('',*,*,#3887,.F.);
#5354=ORIENTED_EDGE('',*,*,#3890,.F.);
#5355=ORIENTED_EDGE('',*,*,#3893,.F.);
#5356=ORIENTED_EDGE('',*,*,#3896,.F.);
#5357=ORIENTED_EDGE('',*,*,#3899,.F.);
#5358=ORIENTED_EDGE('',*,*,#3902,.F.);
#5359=ORIENTED_EDGE('',*,*,#3905,.F.);
#5360=ORIENTED_EDGE('',*,*,#3908,.F.);
#5361=ORIENTED_EDGE('',*,*,#3911,.F.);
#5362=ORIENTED_EDGE('',*,*,#3914,.F.);
#5363=ORIENTED_EDGE('',*,*,#3917,.F.);
#5364=ORIENTED_EDGE('',*,*,#3920,.F.);
#5365=ORIENTED_EDGE('',*,*,#3923,.F.);
#5366=ORIENTED_EDGE('',*,*,#3926,.F.);
#5367=ORIENTED_EDGE('',*,*,#3927,.T.);
#5368=ORIENTED_EDGE('',*,*,#3928,.T.);
#5369=ORIENTED_EDGE('',*,*,#3929,.F.);
#5370=ORIENTED_EDGE('',*,*,#3930,.F.);
#5371=ORIENTED_EDGE('',*,*,#3931,.T.);
#5372=ORIENTED_EDGE('',*,*,#3932,.T.);
#5373=ORIENTED_EDGE('',*,*,#3927,.F.);
#5374=ORIENTED_EDGE('',*,*,#3933,.F.);
#5375=ORIENTED_EDGE('',*,*,#3934,.T.);
#5376=ORIENTED_EDGE('',*,*,#3935,.T.);
#5377=ORIENTED_EDGE('',*,*,#3931,.F.);
#5378=ORIENTED_EDGE('',*,*,#3936,.F.);
#5379=ORIENTED_EDGE('',*,*,#3937,.T.);
#5380=ORIENTED_EDGE('',*,*,#3938,.T.);
#5381=ORIENTED_EDGE('',*,*,#3934,.F.);
#5382=ORIENTED_EDGE('',*,*,#3939,.F.);
#5383=ORIENTED_EDGE('',*,*,#3940,.T.);
#5384=ORIENTED_EDGE('',*,*,#3941,.T.);
#5385=ORIENTED_EDGE('',*,*,#3937,.F.);
#5386=ORIENTED_EDGE('',*,*,#3942,.F.);
#5387=ORIENTED_EDGE('',*,*,#3943,.T.);
#5388=ORIENTED_EDGE('',*,*,#3944,.T.);
#5389=ORIENTED_EDGE('',*,*,#3940,.F.);
#5390=ORIENTED_EDGE('',*,*,#3945,.F.);
#5391=ORIENTED_EDGE('',*,*,#3946,.T.);
#5392=ORIENTED_EDGE('',*,*,#3947,.T.);
#5393=ORIENTED_EDGE('',*,*,#3943,.F.);
#5394=ORIENTED_EDGE('',*,*,#3948,.F.);
#5395=ORIENTED_EDGE('',*,*,#3949,.T.);
#5396=ORIENTED_EDGE('',*,*,#3950,.T.);
#5397=ORIENTED_EDGE('',*,*,#3946,.F.);
#5398=ORIENTED_EDGE('',*,*,#3951,.F.);
#5399=ORIENTED_EDGE('',*,*,#3929,.T.);
#5400=ORIENTED_EDGE('',*,*,#3952,.T.);
#5401=ORIENTED_EDGE('',*,*,#3949,.F.);
#5402=ORIENTED_EDGE('',*,*,#3953,.F.);
#5403=ORIENTED_EDGE('',*,*,#3954,.T.);
#5404=ORIENTED_EDGE('',*,*,#3955,.T.);
#5405=ORIENTED_EDGE('',*,*,#3956,.F.);
#5406=ORIENTED_EDGE('',*,*,#3957,.F.);
#5407=ORIENTED_EDGE('',*,*,#3958,.T.);
#5408=ORIENTED_EDGE('',*,*,#3959,.T.);
#5409=ORIENTED_EDGE('',*,*,#3954,.F.);
#5410=ORIENTED_EDGE('',*,*,#3960,.F.);
#5411=ORIENTED_EDGE('',*,*,#3961,.T.);
#5412=ORIENTED_EDGE('',*,*,#3962,.T.);
#5413=ORIENTED_EDGE('',*,*,#3958,.F.);
#5414=ORIENTED_EDGE('',*,*,#3963,.F.);
#5415=ORIENTED_EDGE('',*,*,#3964,.T.);
#5416=ORIENTED_EDGE('',*,*,#3965,.T.);
#5417=ORIENTED_EDGE('',*,*,#3961,.F.);
#5418=ORIENTED_EDGE('',*,*,#3966,.F.);
#5419=ORIENTED_EDGE('',*,*,#3967,.T.);
#5420=ORIENTED_EDGE('',*,*,#3968,.T.);
#5421=ORIENTED_EDGE('',*,*,#3964,.F.);
#5422=ORIENTED_EDGE('',*,*,#3969,.F.);
#5423=ORIENTED_EDGE('',*,*,#3970,.T.);
#5424=ORIENTED_EDGE('',*,*,#3971,.T.);
#5425=ORIENTED_EDGE('',*,*,#3967,.F.);
#5426=ORIENTED_EDGE('',*,*,#3972,.F.);
#5427=ORIENTED_EDGE('',*,*,#3973,.T.);
#5428=ORIENTED_EDGE('',*,*,#3974,.T.);
#5429=ORIENTED_EDGE('',*,*,#3970,.F.);
#5430=ORIENTED_EDGE('',*,*,#3975,.F.);
#5431=ORIENTED_EDGE('',*,*,#3976,.T.);
#5432=ORIENTED_EDGE('',*,*,#3977,.T.);
#5433=ORIENTED_EDGE('',*,*,#3973,.F.);
#5434=ORIENTED_EDGE('',*,*,#3978,.F.);
#5435=ORIENTED_EDGE('',*,*,#3979,.T.);
#5436=ORIENTED_EDGE('',*,*,#3980,.T.);
#5437=ORIENTED_EDGE('',*,*,#3976,.F.);
#5438=ORIENTED_EDGE('',*,*,#3981,.F.);
#5439=ORIENTED_EDGE('',*,*,#3956,.T.);
#5440=ORIENTED_EDGE('',*,*,#3982,.T.);
#5441=ORIENTED_EDGE('',*,*,#3979,.F.);
#5442=ORIENTED_EDGE('',*,*,#3983,.F.);
#5443=ORIENTED_EDGE('',*,*,#3984,.T.);
#5444=ORIENTED_EDGE('',*,*,#3985,.T.);
#5445=ORIENTED_EDGE('',*,*,#3986,.F.);
#5446=ORIENTED_EDGE('',*,*,#3987,.F.);
#5447=ORIENTED_EDGE('',*,*,#3988,.T.);
#5448=ORIENTED_EDGE('',*,*,#3989,.T.);
#5449=ORIENTED_EDGE('',*,*,#3984,.F.);
#5450=ORIENTED_EDGE('',*,*,#3990,.F.);
#5451=ORIENTED_EDGE('',*,*,#3991,.T.);
#5452=ORIENTED_EDGE('',*,*,#3992,.T.);
#5453=ORIENTED_EDGE('',*,*,#3988,.F.);
#5454=ORIENTED_EDGE('',*,*,#3993,.F.);
#5455=ORIENTED_EDGE('',*,*,#3994,.T.);
#5456=ORIENTED_EDGE('',*,*,#3995,.T.);
#5457=ORIENTED_EDGE('',*,*,#3991,.F.);
#5458=ORIENTED_EDGE('',*,*,#3996,.F.);
#5459=ORIENTED_EDGE('',*,*,#3997,.T.);
#5460=ORIENTED_EDGE('',*,*,#3998,.T.);
#5461=ORIENTED_EDGE('',*,*,#3994,.F.);
#5462=ORIENTED_EDGE('',*,*,#3999,.F.);
#5463=ORIENTED_EDGE('',*,*,#4000,.T.);
#5464=ORIENTED_EDGE('',*,*,#4001,.T.);
#5465=ORIENTED_EDGE('',*,*,#3997,.F.);
#5466=ORIENTED_EDGE('',*,*,#4002,.F.);
#5467=ORIENTED_EDGE('',*,*,#4003,.T.);
#5468=ORIENTED_EDGE('',*,*,#4004,.T.);
#5469=ORIENTED_EDGE('',*,*,#4000,.F.);
#5470=ORIENTED_EDGE('',*,*,#4005,.F.);
#5471=ORIENTED_EDGE('',*,*,#4006,.T.);
#5472=ORIENTED_EDGE('',*,*,#4007,.T.);
#5473=ORIENTED_EDGE('',*,*,#4003,.F.);
#5474=ORIENTED_EDGE('',*,*,#4008,.F.);
#5475=ORIENTED_EDGE('',*,*,#4009,.T.);
#5476=ORIENTED_EDGE('',*,*,#4010,.T.);
#5477=ORIENTED_EDGE('',*,*,#4006,.F.);
#5478=ORIENTED_EDGE('',*,*,#4011,.F.);
#5479=ORIENTED_EDGE('',*,*,#4012,.T.);
#5480=ORIENTED_EDGE('',*,*,#4013,.T.);
#5481=ORIENTED_EDGE('',*,*,#4009,.F.);
#5482=ORIENTED_EDGE('',*,*,#4014,.F.);
#5483=ORIENTED_EDGE('',*,*,#4015,.T.);
#5484=ORIENTED_EDGE('',*,*,#4016,.T.);
#5485=ORIENTED_EDGE('',*,*,#4012,.F.);
#5486=ORIENTED_EDGE('',*,*,#4017,.F.);
#5487=ORIENTED_EDGE('',*,*,#4018,.T.);
#5488=ORIENTED_EDGE('',*,*,#4019,.T.);
#5489=ORIENTED_EDGE('',*,*,#4015,.F.);
#5490=ORIENTED_EDGE('',*,*,#4020,.F.);
#5491=ORIENTED_EDGE('',*,*,#4021,.T.);
#5492=ORIENTED_EDGE('',*,*,#4022,.T.);
#5493=ORIENTED_EDGE('',*,*,#4018,.F.);
#5494=ORIENTED_EDGE('',*,*,#4023,.F.);
#5495=ORIENTED_EDGE('',*,*,#3986,.T.);
#5496=ORIENTED_EDGE('',*,*,#4024,.T.);
#5497=ORIENTED_EDGE('',*,*,#4021,.F.);
#5498=ORIENTED_EDGE('',*,*,#4024,.F.);
#5499=ORIENTED_EDGE('',*,*,#3985,.F.);
#5500=ORIENTED_EDGE('',*,*,#3989,.F.);
#5501=ORIENTED_EDGE('',*,*,#3992,.F.);
#5502=ORIENTED_EDGE('',*,*,#3995,.F.);
#5503=ORIENTED_EDGE('',*,*,#3998,.F.);
#5504=ORIENTED_EDGE('',*,*,#4001,.F.);
#5505=ORIENTED_EDGE('',*,*,#4004,.F.);
#5506=ORIENTED_EDGE('',*,*,#4007,.F.);
#5507=ORIENTED_EDGE('',*,*,#4010,.F.);
#5508=ORIENTED_EDGE('',*,*,#4013,.F.);
#5509=ORIENTED_EDGE('',*,*,#4016,.F.);
#5510=ORIENTED_EDGE('',*,*,#4019,.F.);
#5511=ORIENTED_EDGE('',*,*,#4022,.F.);
#5512=ORIENTED_EDGE('',*,*,#3982,.F.);
#5513=ORIENTED_EDGE('',*,*,#3955,.F.);
#5514=ORIENTED_EDGE('',*,*,#3959,.F.);
#5515=ORIENTED_EDGE('',*,*,#3962,.F.);
#5516=ORIENTED_EDGE('',*,*,#3965,.F.);
#5517=ORIENTED_EDGE('',*,*,#3968,.F.);
#5518=ORIENTED_EDGE('',*,*,#3971,.F.);
#5519=ORIENTED_EDGE('',*,*,#3974,.F.);
#5520=ORIENTED_EDGE('',*,*,#3977,.F.);
#5521=ORIENTED_EDGE('',*,*,#3980,.F.);
#5522=ORIENTED_EDGE('',*,*,#3952,.F.);
#5523=ORIENTED_EDGE('',*,*,#3928,.F.);
#5524=ORIENTED_EDGE('',*,*,#3932,.F.);
#5525=ORIENTED_EDGE('',*,*,#3935,.F.);
#5526=ORIENTED_EDGE('',*,*,#3938,.F.);
#5527=ORIENTED_EDGE('',*,*,#3941,.F.);
#5528=ORIENTED_EDGE('',*,*,#3944,.F.);
#5529=ORIENTED_EDGE('',*,*,#3947,.F.);
#5530=ORIENTED_EDGE('',*,*,#3950,.F.);
#5531=ORIENTED_EDGE('',*,*,#3953,.T.);
#5532=ORIENTED_EDGE('',*,*,#3981,.T.);
#5533=ORIENTED_EDGE('',*,*,#3978,.T.);
#5534=ORIENTED_EDGE('',*,*,#3975,.T.);
#5535=ORIENTED_EDGE('',*,*,#3972,.T.);
#5536=ORIENTED_EDGE('',*,*,#3969,.T.);
#5537=ORIENTED_EDGE('',*,*,#3966,.T.);
#5538=ORIENTED_EDGE('',*,*,#3963,.T.);
#5539=ORIENTED_EDGE('',*,*,#3960,.T.);
#5540=ORIENTED_EDGE('',*,*,#3957,.T.);
#5541=ORIENTED_EDGE('',*,*,#3926,.T.);
#5542=ORIENTED_EDGE('',*,*,#3951,.T.);
#5543=ORIENTED_EDGE('',*,*,#3948,.T.);
#5544=ORIENTED_EDGE('',*,*,#3945,.T.);
#5545=ORIENTED_EDGE('',*,*,#3942,.T.);
#5546=ORIENTED_EDGE('',*,*,#3939,.T.);
#5547=ORIENTED_EDGE('',*,*,#3936,.T.);
#5548=ORIENTED_EDGE('',*,*,#3933,.T.);
#5549=ORIENTED_EDGE('',*,*,#3930,.T.);
#5550=ORIENTED_EDGE('',*,*,#3788,.T.);
#5551=ORIENTED_EDGE('',*,*,#3810,.T.);
#5552=ORIENTED_EDGE('',*,*,#3807,.T.);
#5553=ORIENTED_EDGE('',*,*,#3804,.T.);
#5554=ORIENTED_EDGE('',*,*,#3801,.T.);
#5555=ORIENTED_EDGE('',*,*,#3798,.T.);
#5556=ORIENTED_EDGE('',*,*,#3795,.T.);
#5557=ORIENTED_EDGE('',*,*,#3792,.T.);
#5558=ORIENTED_EDGE('',*,*,#3689,.T.);
#5559=ORIENTED_EDGE('',*,*,#3702,.T.);
#5560=ORIENTED_EDGE('',*,*,#3699,.T.);
#5561=ORIENTED_EDGE('',*,*,#3696,.T.);
#5562=ORIENTED_EDGE('',*,*,#3693,.T.);
#5563=ORIENTED_EDGE('',*,*,#3440,.T.);
#5564=ORIENTED_EDGE('',*,*,#3462,.T.);
#5565=ORIENTED_EDGE('',*,*,#3459,.T.);
#5566=ORIENTED_EDGE('',*,*,#3456,.T.);
#5567=ORIENTED_EDGE('',*,*,#3453,.T.);
#5568=ORIENTED_EDGE('',*,*,#3450,.T.);
#5569=ORIENTED_EDGE('',*,*,#3447,.T.);
#5570=ORIENTED_EDGE('',*,*,#3444,.T.);
#5571=ORIENTED_EDGE('',*,*,#3326,.T.);
#5572=ORIENTED_EDGE('',*,*,#3339,.T.);
#5573=ORIENTED_EDGE('',*,*,#3336,.T.);
#5574=ORIENTED_EDGE('',*,*,#3333,.T.);
#5575=ORIENTED_EDGE('',*,*,#3330,.T.);
#5576=ORIENTED_EDGE('',*,*,#4025,.T.);
#5577=ORIENTED_EDGE('',*,*,#4026,.T.);
#5578=ORIENTED_EDGE('',*,*,#4027,.T.);
#5579=ORIENTED_EDGE('',*,*,#4028,.T.);
#5580=ORIENTED_EDGE('',*,*,#4028,.F.);
#5581=ORIENTED_EDGE('',*,*,#4029,.T.);
#5582=ORIENTED_EDGE('',*,*,#4030,.F.);
#5583=ORIENTED_EDGE('',*,*,#4031,.F.);
#5584=ORIENTED_EDGE('',*,*,#4032,.T.);
#5585=ORIENTED_EDGE('',*,*,#4033,.T.);
#5586=ORIENTED_EDGE('',*,*,#4034,.T.);
#5587=ORIENTED_EDGE('',*,*,#4035,.T.);
#5588=ORIENTED_EDGE('',*,*,#4027,.F.);
#5589=ORIENTED_EDGE('',*,*,#4036,.F.);
#5590=ORIENTED_EDGE('',*,*,#4037,.F.);
#5591=ORIENTED_EDGE('',*,*,#4038,.F.);
#5592=ORIENTED_EDGE('',*,*,#4039,.F.);
#5593=ORIENTED_EDGE('',*,*,#4040,.F.);
#5594=ORIENTED_EDGE('',*,*,#4041,.F.);
#5595=ORIENTED_EDGE('',*,*,#4029,.F.);
#5596=ORIENTED_EDGE('',*,*,#4042,.T.);
#5597=ORIENTED_EDGE('',*,*,#4043,.T.);
#5598=ORIENTED_EDGE('',*,*,#4037,.T.);
#5599=ORIENTED_EDGE('',*,*,#4044,.T.);
#5600=ORIENTED_EDGE('',*,*,#4043,.F.);
#5601=ORIENTED_EDGE('',*,*,#4045,.F.);
#5602=ORIENTED_EDGE('',*,*,#4046,.F.);
#5603=ORIENTED_EDGE('',*,*,#4038,.T.);
#5604=ORIENTED_EDGE('',*,*,#4047,.T.);
#5605=ORIENTED_EDGE('',*,*,#4048,.T.);
#5606=ORIENTED_EDGE('',*,*,#4049,.T.);
#5607=ORIENTED_EDGE('',*,*,#4050,.T.);
#5608=ORIENTED_EDGE('',*,*,#3983,.T.);
#5609=ORIENTED_EDGE('',*,*,#4023,.T.);
#5610=ORIENTED_EDGE('',*,*,#4020,.T.);
#5611=ORIENTED_EDGE('',*,*,#4017,.T.);
#5612=ORIENTED_EDGE('',*,*,#4014,.T.);
#5613=ORIENTED_EDGE('',*,*,#4011,.T.);
#5614=ORIENTED_EDGE('',*,*,#4008,.T.);
#5615=ORIENTED_EDGE('',*,*,#4005,.T.);
#5616=ORIENTED_EDGE('',*,*,#4002,.T.);
#5617=ORIENTED_EDGE('',*,*,#3999,.T.);
#5618=ORIENTED_EDGE('',*,*,#3996,.T.);
#5619=ORIENTED_EDGE('',*,*,#3993,.T.);
#5620=ORIENTED_EDGE('',*,*,#3990,.T.);
#5621=ORIENTED_EDGE('',*,*,#3987,.T.);
#5622=ORIENTED_EDGE('',*,*,#3839,.T.);
#5623=ORIENTED_EDGE('',*,*,#3924,.T.);
#5624=ORIENTED_EDGE('',*,*,#3921,.T.);
#5625=ORIENTED_EDGE('',*,*,#3918,.T.);
#5626=ORIENTED_EDGE('',*,*,#3915,.T.);
#5627=ORIENTED_EDGE('',*,*,#3912,.T.);
#5628=ORIENTED_EDGE('',*,*,#3909,.T.);
#5629=ORIENTED_EDGE('',*,*,#3906,.T.);
#5630=ORIENTED_EDGE('',*,*,#3903,.T.);
#5631=ORIENTED_EDGE('',*,*,#3900,.T.);
#5632=ORIENTED_EDGE('',*,*,#3897,.T.);
#5633=ORIENTED_EDGE('',*,*,#3894,.T.);
#5634=ORIENTED_EDGE('',*,*,#3891,.T.);
#5635=ORIENTED_EDGE('',*,*,#3888,.T.);
#5636=ORIENTED_EDGE('',*,*,#3885,.T.);
#5637=ORIENTED_EDGE('',*,*,#3882,.T.);
#5638=ORIENTED_EDGE('',*,*,#3879,.T.);
#5639=ORIENTED_EDGE('',*,*,#3876,.T.);
#5640=ORIENTED_EDGE('',*,*,#3873,.T.);
#5641=ORIENTED_EDGE('',*,*,#3870,.T.);
#5642=ORIENTED_EDGE('',*,*,#3867,.T.);
#5643=ORIENTED_EDGE('',*,*,#3864,.T.);
#5644=ORIENTED_EDGE('',*,*,#3861,.T.);
#5645=ORIENTED_EDGE('',*,*,#3858,.T.);
#5646=ORIENTED_EDGE('',*,*,#3855,.T.);
#5647=ORIENTED_EDGE('',*,*,#3852,.T.);
#5648=ORIENTED_EDGE('',*,*,#3849,.T.);
#5649=ORIENTED_EDGE('',*,*,#3846,.T.);
#5650=ORIENTED_EDGE('',*,*,#3843,.T.);
#5651=ORIENTED_EDGE('',*,*,#3812,.T.);
#5652=ORIENTED_EDGE('',*,*,#3837,.T.);
#5653=ORIENTED_EDGE('',*,*,#3834,.T.);
#5654=ORIENTED_EDGE('',*,*,#3831,.T.);
#5655=ORIENTED_EDGE('',*,*,#3828,.T.);
#5656=ORIENTED_EDGE('',*,*,#3825,.T.);
#5657=ORIENTED_EDGE('',*,*,#3822,.T.);
#5658=ORIENTED_EDGE('',*,*,#3819,.T.);
#5659=ORIENTED_EDGE('',*,*,#3816,.T.);
#5660=ORIENTED_EDGE('',*,*,#3749,.T.);
#5661=ORIENTED_EDGE('',*,*,#3786,.T.);
#5662=ORIENTED_EDGE('',*,*,#3783,.T.);
#5663=ORIENTED_EDGE('',*,*,#3780,.T.);
#5664=ORIENTED_EDGE('',*,*,#3777,.T.);
#5665=ORIENTED_EDGE('',*,*,#3774,.T.);
#5666=ORIENTED_EDGE('',*,*,#3771,.T.);
#5667=ORIENTED_EDGE('',*,*,#3768,.T.);
#5668=ORIENTED_EDGE('',*,*,#3765,.T.);
#5669=ORIENTED_EDGE('',*,*,#3762,.T.);
#5670=ORIENTED_EDGE('',*,*,#3759,.T.);
#5671=ORIENTED_EDGE('',*,*,#3756,.T.);
#5672=ORIENTED_EDGE('',*,*,#3753,.T.);
#5673=ORIENTED_EDGE('',*,*,#3704,.T.);
#5674=ORIENTED_EDGE('',*,*,#3747,.T.);
#5675=ORIENTED_EDGE('',*,*,#3744,.T.);
#5676=ORIENTED_EDGE('',*,*,#3741,.T.);
#5677=ORIENTED_EDGE('',*,*,#3738,.T.);
#5678=ORIENTED_EDGE('',*,*,#3735,.T.);
#5679=ORIENTED_EDGE('',*,*,#3732,.T.);
#5680=ORIENTED_EDGE('',*,*,#3729,.T.);
#5681=ORIENTED_EDGE('',*,*,#3726,.T.);
#5682=ORIENTED_EDGE('',*,*,#3723,.T.);
#5683=ORIENTED_EDGE('',*,*,#3720,.T.);
#5684=ORIENTED_EDGE('',*,*,#3717,.T.);
#5685=ORIENTED_EDGE('',*,*,#3714,.T.);
#5686=ORIENTED_EDGE('',*,*,#3711,.T.);
#5687=ORIENTED_EDGE('',*,*,#3708,.T.);
#5688=ORIENTED_EDGE('',*,*,#3632,.T.);
#5689=ORIENTED_EDGE('',*,*,#3687,.T.);
#5690=ORIENTED_EDGE('',*,*,#3684,.T.);
#5691=ORIENTED_EDGE('',*,*,#3681,.T.);
#5692=ORIENTED_EDGE('',*,*,#3678,.T.);
#5693=ORIENTED_EDGE('',*,*,#3675,.T.);
#5694=ORIENTED_EDGE('',*,*,#3672,.T.);
#5695=ORIENTED_EDGE('',*,*,#3669,.T.);
#5696=ORIENTED_EDGE('',*,*,#3666,.T.);
#5697=ORIENTED_EDGE('',*,*,#3663,.T.);
#5698=ORIENTED_EDGE('',*,*,#3660,.T.);
#5699=ORIENTED_EDGE('',*,*,#3657,.T.);
#5700=ORIENTED_EDGE('',*,*,#3654,.T.);
#5701=ORIENTED_EDGE('',*,*,#3651,.T.);
#5702=ORIENTED_EDGE('',*,*,#3648,.T.);
#5703=ORIENTED_EDGE('',*,*,#3645,.T.);
#5704=ORIENTED_EDGE('',*,*,#3642,.T.);
#5705=ORIENTED_EDGE('',*,*,#3639,.T.);
#5706=ORIENTED_EDGE('',*,*,#3636,.T.);
#5707=ORIENTED_EDGE('',*,*,#3527,.T.);
#5708=ORIENTED_EDGE('',*,*,#3630,.T.);
#5709=ORIENTED_EDGE('',*,*,#3627,.T.);
#5710=ORIENTED_EDGE('',*,*,#3624,.T.);
#5711=ORIENTED_EDGE('',*,*,#3621,.T.);
#5712=ORIENTED_EDGE('',*,*,#3618,.T.);
#5713=ORIENTED_EDGE('',*,*,#3615,.T.);
#5714=ORIENTED_EDGE('',*,*,#3612,.T.);
#5715=ORIENTED_EDGE('',*,*,#3609,.T.);
#5716=ORIENTED_EDGE('',*,*,#3606,.T.);
#5717=ORIENTED_EDGE('',*,*,#3603,.T.);
#5718=ORIENTED_EDGE('',*,*,#3600,.T.);
#5719=ORIENTED_EDGE('',*,*,#3597,.T.);
#5720=ORIENTED_EDGE('',*,*,#3594,.T.);
#5721=ORIENTED_EDGE('',*,*,#3591,.T.);
#5722=ORIENTED_EDGE('',*,*,#3588,.T.);
#5723=ORIENTED_EDGE('',*,*,#3585,.T.);
#5724=ORIENTED_EDGE('',*,*,#3582,.T.);
#5725=ORIENTED_EDGE('',*,*,#3579,.T.);
#5726=ORIENTED_EDGE('',*,*,#3576,.T.);
#5727=ORIENTED_EDGE('',*,*,#3573,.T.);
#5728=ORIENTED_EDGE('',*,*,#3570,.T.);
#5729=ORIENTED_EDGE('',*,*,#3567,.T.);
#5730=ORIENTED_EDGE('',*,*,#3564,.T.);
#5731=ORIENTED_EDGE('',*,*,#3561,.T.);
#5732=ORIENTED_EDGE('',*,*,#3558,.T.);
#5733=ORIENTED_EDGE('',*,*,#3555,.T.);
#5734=ORIENTED_EDGE('',*,*,#3552,.T.);
#5735=ORIENTED_EDGE('',*,*,#3549,.T.);
#5736=ORIENTED_EDGE('',*,*,#3546,.T.);
#5737=ORIENTED_EDGE('',*,*,#3543,.T.);
#5738=ORIENTED_EDGE('',*,*,#3540,.T.);
#5739=ORIENTED_EDGE('',*,*,#3537,.T.);
#5740=ORIENTED_EDGE('',*,*,#3534,.T.);
#5741=ORIENTED_EDGE('',*,*,#3531,.T.);
#5742=ORIENTED_EDGE('',*,*,#3464,.T.);
#5743=ORIENTED_EDGE('',*,*,#3525,.T.);
#5744=ORIENTED_EDGE('',*,*,#3522,.T.);
#5745=ORIENTED_EDGE('',*,*,#3519,.T.);
#5746=ORIENTED_EDGE('',*,*,#3516,.T.);
#5747=ORIENTED_EDGE('',*,*,#3513,.T.);
#5748=ORIENTED_EDGE('',*,*,#3510,.T.);
#5749=ORIENTED_EDGE('',*,*,#3507,.T.);
#5750=ORIENTED_EDGE('',*,*,#3504,.T.);
#5751=ORIENTED_EDGE('',*,*,#3501,.T.);
#5752=ORIENTED_EDGE('',*,*,#3498,.T.);
#5753=ORIENTED_EDGE('',*,*,#3495,.T.);
#5754=ORIENTED_EDGE('',*,*,#3492,.T.);
#5755=ORIENTED_EDGE('',*,*,#3489,.T.);
#5756=ORIENTED_EDGE('',*,*,#3486,.T.);
#5757=ORIENTED_EDGE('',*,*,#3483,.T.);
#5758=ORIENTED_EDGE('',*,*,#3480,.T.);
#5759=ORIENTED_EDGE('',*,*,#3477,.T.);
#5760=ORIENTED_EDGE('',*,*,#3474,.T.);
#5761=ORIENTED_EDGE('',*,*,#3471,.T.);
#5762=ORIENTED_EDGE('',*,*,#3468,.T.);
#5763=ORIENTED_EDGE('',*,*,#3386,.T.);
#5764=ORIENTED_EDGE('',*,*,#3438,.T.);
#5765=ORIENTED_EDGE('',*,*,#3435,.T.);
#5766=ORIENTED_EDGE('',*,*,#3432,.T.);
#5767=ORIENTED_EDGE('',*,*,#3429,.T.);
#5768=ORIENTED_EDGE('',*,*,#3426,.T.);
#5769=ORIENTED_EDGE('',*,*,#3423,.T.);
#5770=ORIENTED_EDGE('',*,*,#3420,.T.);
#5771=ORIENTED_EDGE('',*,*,#3417,.T.);
#5772=ORIENTED_EDGE('',*,*,#3414,.T.);
#5773=ORIENTED_EDGE('',*,*,#3411,.T.);
#5774=ORIENTED_EDGE('',*,*,#3408,.T.);
#5775=ORIENTED_EDGE('',*,*,#3405,.T.);
#5776=ORIENTED_EDGE('',*,*,#3402,.T.);
#5777=ORIENTED_EDGE('',*,*,#3399,.T.);
#5778=ORIENTED_EDGE('',*,*,#3396,.T.);
#5779=ORIENTED_EDGE('',*,*,#3393,.T.);
#5780=ORIENTED_EDGE('',*,*,#3390,.T.);
#5781=ORIENTED_EDGE('',*,*,#3341,.T.);
#5782=ORIENTED_EDGE('',*,*,#3384,.T.);
#5783=ORIENTED_EDGE('',*,*,#3381,.T.);
#5784=ORIENTED_EDGE('',*,*,#3378,.T.);
#5785=ORIENTED_EDGE('',*,*,#3375,.T.);
#5786=ORIENTED_EDGE('',*,*,#3372,.T.);
#5787=ORIENTED_EDGE('',*,*,#3369,.T.);
#5788=ORIENTED_EDGE('',*,*,#3366,.T.);
#5789=ORIENTED_EDGE('',*,*,#3363,.T.);
#5790=ORIENTED_EDGE('',*,*,#3360,.T.);
#5791=ORIENTED_EDGE('',*,*,#3357,.T.);
#5792=ORIENTED_EDGE('',*,*,#3354,.T.);
#5793=ORIENTED_EDGE('',*,*,#3351,.T.);
#5794=ORIENTED_EDGE('',*,*,#3348,.T.);
#5795=ORIENTED_EDGE('',*,*,#3345,.T.);
#5796=ORIENTED_EDGE('',*,*,#3272,.T.);
#5797=ORIENTED_EDGE('',*,*,#3324,.T.);
#5798=ORIENTED_EDGE('',*,*,#3321,.T.);
#5799=ORIENTED_EDGE('',*,*,#3318,.T.);
#5800=ORIENTED_EDGE('',*,*,#3315,.T.);
#5801=ORIENTED_EDGE('',*,*,#3312,.T.);
#5802=ORIENTED_EDGE('',*,*,#3309,.T.);
#5803=ORIENTED_EDGE('',*,*,#3306,.T.);
#5804=ORIENTED_EDGE('',*,*,#3303,.T.);
#5805=ORIENTED_EDGE('',*,*,#3300,.T.);
#5806=ORIENTED_EDGE('',*,*,#3297,.T.);
#5807=ORIENTED_EDGE('',*,*,#3294,.T.);
#5808=ORIENTED_EDGE('',*,*,#3291,.T.);
#5809=ORIENTED_EDGE('',*,*,#3288,.T.);
#5810=ORIENTED_EDGE('',*,*,#3285,.T.);
#5811=ORIENTED_EDGE('',*,*,#3282,.T.);
#5812=ORIENTED_EDGE('',*,*,#3279,.T.);
#5813=ORIENTED_EDGE('',*,*,#3276,.T.);
#5814=ORIENTED_EDGE('',*,*,#4025,.F.);
#5815=ORIENTED_EDGE('',*,*,#4031,.T.);
#5816=ORIENTED_EDGE('',*,*,#4051,.F.);
#5817=ORIENTED_EDGE('',*,*,#4052,.T.);
#5818=ORIENTED_EDGE('',*,*,#4053,.F.);
#5819=ORIENTED_EDGE('',*,*,#4045,.T.);
#5820=ORIENTED_EDGE('',*,*,#4042,.F.);
#5821=ORIENTED_EDGE('',*,*,#4054,.T.);
#5822=ORIENTED_EDGE('',*,*,#4055,.T.);
#5823=ORIENTED_EDGE('',*,*,#4056,.T.);
#5824=ORIENTED_EDGE('',*,*,#4057,.T.);
#5825=ORIENTED_EDGE('',*,*,#4058,.T.);
#5826=ORIENTED_EDGE('',*,*,#4059,.T.);
#5827=ORIENTED_EDGE('',*,*,#4060,.T.);
#5828=ORIENTED_EDGE('',*,*,#4061,.T.);
#5829=ORIENTED_EDGE('',*,*,#4062,.T.);
#5830=ORIENTED_EDGE('',*,*,#4063,.T.);
#5831=ORIENTED_EDGE('',*,*,#4064,.T.);
#5832=ORIENTED_EDGE('',*,*,#4065,.T.);
#5833=ORIENTED_EDGE('',*,*,#4066,.T.);
#5834=ORIENTED_EDGE('',*,*,#4067,.T.);
#5835=ORIENTED_EDGE('',*,*,#4068,.T.);
#5836=ORIENTED_EDGE('',*,*,#4053,.T.);
#5837=ORIENTED_EDGE('',*,*,#4069,.T.);
#5838=ORIENTED_EDGE('',*,*,#4039,.T.);
#5839=ORIENTED_EDGE('',*,*,#4046,.T.);
#5840=ORIENTED_EDGE('',*,*,#4069,.F.);
#5841=ORIENTED_EDGE('',*,*,#4052,.F.);
#5842=ORIENTED_EDGE('',*,*,#4070,.F.);
#5843=ORIENTED_EDGE('',*,*,#4040,.T.);
#5844=ORIENTED_EDGE('',*,*,#4071,.T.);
#5845=ORIENTED_EDGE('',*,*,#4072,.T.);
#5846=ORIENTED_EDGE('',*,*,#4073,.T.);
#5847=ORIENTED_EDGE('',*,*,#4074,.T.);
#5848=ORIENTED_EDGE('',*,*,#4075,.T.);
#5849=ORIENTED_EDGE('',*,*,#4076,.T.);
#5850=ORIENTED_EDGE('',*,*,#4077,.T.);
#5851=ORIENTED_EDGE('',*,*,#4078,.T.);
#5852=ORIENTED_EDGE('',*,*,#4079,.T.);
#5853=ORIENTED_EDGE('',*,*,#4080,.T.);
#5854=ORIENTED_EDGE('',*,*,#4081,.T.);
#5855=ORIENTED_EDGE('',*,*,#4082,.T.);
#5856=ORIENTED_EDGE('',*,*,#4083,.T.);
#5857=ORIENTED_EDGE('',*,*,#4084,.T.);
#5858=ORIENTED_EDGE('',*,*,#4085,.T.);
#5859=ORIENTED_EDGE('',*,*,#4086,.T.);
#5860=ORIENTED_EDGE('',*,*,#4087,.T.);
#5861=ORIENTED_EDGE('',*,*,#4088,.T.);
#5862=ORIENTED_EDGE('',*,*,#4089,.T.);
#5863=ORIENTED_EDGE('',*,*,#4090,.T.);
#5864=ORIENTED_EDGE('',*,*,#4091,.T.);
#5865=ORIENTED_EDGE('',*,*,#4092,.T.);
#5866=ORIENTED_EDGE('',*,*,#4093,.T.);
#5867=ORIENTED_EDGE('',*,*,#4094,.T.);
#5868=ORIENTED_EDGE('',*,*,#4095,.T.);
#5869=ORIENTED_EDGE('',*,*,#4096,.T.);
#5870=ORIENTED_EDGE('',*,*,#4097,.T.);
#5871=ORIENTED_EDGE('',*,*,#4098,.T.);
#5872=ORIENTED_EDGE('',*,*,#4099,.T.);
#5873=ORIENTED_EDGE('',*,*,#4100,.T.);
#5874=ORIENTED_EDGE('',*,*,#4101,.T.);
#5875=ORIENTED_EDGE('',*,*,#4102,.T.);
#5876=ORIENTED_EDGE('',*,*,#4051,.T.);
#5877=ORIENTED_EDGE('',*,*,#4030,.T.);
#5878=ORIENTED_EDGE('',*,*,#4041,.T.);
#5879=ORIENTED_EDGE('',*,*,#4070,.T.);
#5880=ORIENTED_EDGE('',*,*,#4103,.T.);
#5881=ORIENTED_EDGE('',*,*,#4104,.F.);
#5882=ORIENTED_EDGE('',*,*,#4103,.F.);
#5883=ORIENTED_EDGE('',*,*,#4105,.F.);
#5884=ORIENTED_EDGE('',*,*,#4106,.T.);
#5885=ORIENTED_EDGE('',*,*,#4104,.T.);
#5886=ORIENTED_EDGE('',*,*,#4106,.F.);
#5887=ORIENTED_EDGE('',*,*,#4107,.T.);
#5888=ORIENTED_EDGE('',*,*,#4108,.F.);
#5889=ORIENTED_EDGE('',*,*,#4107,.F.);
#5890=ORIENTED_EDGE('',*,*,#4109,.F.);
#5891=ORIENTED_EDGE('',*,*,#4110,.T.);
#5892=ORIENTED_EDGE('',*,*,#4108,.T.);
#5893=ORIENTED_EDGE('',*,*,#4110,.F.);
#5894=ORIENTED_EDGE('',*,*,#4111,.T.);
#5895=ORIENTED_EDGE('',*,*,#4112,.F.);
#5896=ORIENTED_EDGE('',*,*,#4111,.F.);
#5897=ORIENTED_EDGE('',*,*,#4113,.F.);
#5898=ORIENTED_EDGE('',*,*,#4114,.T.);
#5899=ORIENTED_EDGE('',*,*,#4112,.T.);
#5900=ORIENTED_EDGE('',*,*,#4114,.F.);
#5901=ORIENTED_EDGE('',*,*,#4115,.T.);
#5902=ORIENTED_EDGE('',*,*,#4116,.F.);
#5903=ORIENTED_EDGE('',*,*,#4115,.F.);
#5904=ORIENTED_EDGE('',*,*,#4117,.F.);
#5905=ORIENTED_EDGE('',*,*,#4118,.T.);
#5906=ORIENTED_EDGE('',*,*,#4116,.T.);
#5907=ORIENTED_EDGE('',*,*,#4118,.F.);
#5908=ORIENTED_EDGE('',*,*,#4119,.F.);
#5909=ORIENTED_EDGE('',*,*,#4120,.F.);
#5910=ORIENTED_EDGE('',*,*,#4121,.F.);
#5911=ORIENTED_EDGE('',*,*,#4122,.F.);
#5912=ORIENTED_EDGE('',*,*,#4123,.F.);
#5913=ORIENTED_EDGE('',*,*,#4124,.F.);
#5914=ORIENTED_EDGE('',*,*,#4125,.T.);
#5915=ORIENTED_EDGE('',*,*,#4121,.T.);
#5916=ORIENTED_EDGE('',*,*,#4117,.T.);
#5917=ORIENTED_EDGE('',*,*,#4126,.F.);
#5918=ORIENTED_EDGE('',*,*,#4122,.T.);
#5919=ORIENTED_EDGE('',*,*,#4125,.F.);
#5920=ORIENTED_EDGE('',*,*,#4127,.F.);
#5921=ORIENTED_EDGE('',*,*,#4127,.T.);
#5922=ORIENTED_EDGE('',*,*,#4124,.T.);
#5923=ORIENTED_EDGE('',*,*,#4128,.T.);
#5924=ORIENTED_EDGE('',*,*,#4063,.F.);
#5925=ORIENTED_EDGE('',*,*,#4129,.F.);
#5926=ORIENTED_EDGE('',*,*,#4130,.F.);
#5927=ORIENTED_EDGE('',*,*,#4131,.T.);
#5928=ORIENTED_EDGE('',*,*,#4132,.T.);
#5929=ORIENTED_EDGE('',*,*,#4133,.T.);
#5930=ORIENTED_EDGE('',*,*,#4134,.T.);
#5931=ORIENTED_EDGE('',*,*,#4135,.T.);
#5932=ORIENTED_EDGE('',*,*,#4136,.T.);
#5933=ORIENTED_EDGE('',*,*,#4137,.T.);
#5934=ORIENTED_EDGE('',*,*,#4138,.T.);
#5935=ORIENTED_EDGE('',*,*,#4139,.T.);
#5936=ORIENTED_EDGE('',*,*,#4140,.T.);
#5937=ORIENTED_EDGE('',*,*,#4141,.T.);
#5938=ORIENTED_EDGE('',*,*,#4142,.T.);
#5939=ORIENTED_EDGE('',*,*,#4143,.T.);
#5940=ORIENTED_EDGE('',*,*,#4144,.T.);
#5941=ORIENTED_EDGE('',*,*,#4145,.T.);
#5942=ORIENTED_EDGE('',*,*,#4146,.T.);
#5943=ORIENTED_EDGE('',*,*,#4147,.T.);
#5944=ORIENTED_EDGE('',*,*,#4148,.T.);
#5945=ORIENTED_EDGE('',*,*,#4149,.T.);
#5946=ORIENTED_EDGE('',*,*,#4150,.T.);
#5947=ORIENTED_EDGE('',*,*,#4151,.T.);
#5948=ORIENTED_EDGE('',*,*,#4152,.T.);
#5949=ORIENTED_EDGE('',*,*,#4153,.T.);
#5950=ORIENTED_EDGE('',*,*,#4154,.T.);
#5951=ORIENTED_EDGE('',*,*,#4155,.T.);
#5952=ORIENTED_EDGE('',*,*,#4156,.T.);
#5953=ORIENTED_EDGE('',*,*,#4157,.T.);
#5954=ORIENTED_EDGE('',*,*,#4158,.T.);
#5955=ORIENTED_EDGE('',*,*,#4159,.T.);
#5956=ORIENTED_EDGE('',*,*,#4160,.T.);
#5957=ORIENTED_EDGE('',*,*,#4161,.T.);
#5958=ORIENTED_EDGE('',*,*,#4162,.T.);
#5959=ORIENTED_EDGE('',*,*,#4123,.T.);
#5960=ORIENTED_EDGE('',*,*,#4120,.T.);
#5961=ORIENTED_EDGE('',*,*,#4163,.F.);
#5962=ORIENTED_EDGE('',*,*,#4164,.T.);
#5963=ORIENTED_EDGE('',*,*,#4165,.T.);
#5964=ORIENTED_EDGE('',*,*,#4166,.T.);
#5965=ORIENTED_EDGE('',*,*,#4060,.F.);
#5966=ORIENTED_EDGE('',*,*,#4167,.T.);
#5967=ORIENTED_EDGE('',*,*,#4168,.T.);
#5968=ORIENTED_EDGE('',*,*,#4169,.T.);
#5969=ORIENTED_EDGE('',*,*,#4064,.F.);
#5970=ORIENTED_EDGE('',*,*,#4128,.F.);
#5971=ORIENTED_EDGE('',*,*,#4170,.T.);
#5972=ORIENTED_EDGE('',*,*,#4171,.T.);
#5973=ORIENTED_EDGE('',*,*,#4172,.F.);
#5974=ORIENTED_EDGE('',*,*,#4173,.F.);
#5975=ORIENTED_EDGE('',*,*,#4174,.F.);
#5976=ORIENTED_EDGE('',*,*,#4175,.F.);
#5977=ORIENTED_EDGE('',*,*,#4176,.F.);
#5978=ORIENTED_EDGE('',*,*,#4175,.T.);
#5979=ORIENTED_EDGE('',*,*,#4177,.F.);
#5980=ORIENTED_EDGE('',*,*,#4164,.F.);
#5981=ORIENTED_EDGE('',*,*,#4178,.F.);
#5982=ORIENTED_EDGE('',*,*,#4165,.F.);
#5983=ORIENTED_EDGE('',*,*,#4177,.T.);
#5984=ORIENTED_EDGE('',*,*,#4174,.T.);
#5985=ORIENTED_EDGE('',*,*,#4105,.T.);
#5986=ORIENTED_EDGE('',*,*,#4173,.T.);
#5987=ORIENTED_EDGE('',*,*,#4179,.F.);
#5988=ORIENTED_EDGE('',*,*,#4180,.T.);
#5989=ORIENTED_EDGE('',*,*,#4181,.T.);
#5990=ORIENTED_EDGE('',*,*,#4182,.T.);
#5991=ORIENTED_EDGE('',*,*,#4061,.F.);
#5992=ORIENTED_EDGE('',*,*,#4166,.F.);
#5993=ORIENTED_EDGE('',*,*,#4178,.T.);
#5994=ORIENTED_EDGE('',*,*,#4183,.F.);
#5995=ORIENTED_EDGE('',*,*,#4184,.T.);
#5996=ORIENTED_EDGE('',*,*,#4185,.F.);
#5997=ORIENTED_EDGE('',*,*,#4186,.F.);
#5998=ORIENTED_EDGE('',*,*,#4187,.F.);
#5999=ORIENTED_EDGE('',*,*,#4188,.T.);
#6000=ORIENTED_EDGE('',*,*,#4189,.F.);
#6001=ORIENTED_EDGE('',*,*,#4184,.F.);
#6002=ORIENTED_EDGE('',*,*,#4190,.F.);
#6003=ORIENTED_EDGE('',*,*,#4186,.T.);
#6004=ORIENTED_EDGE('',*,*,#4191,.F.);
#6005=ORIENTED_EDGE('',*,*,#4192,.F.);
#6006=ORIENTED_EDGE('',*,*,#4193,.F.);
#6007=ORIENTED_EDGE('',*,*,#4192,.T.);
#6008=ORIENTED_EDGE('',*,*,#4194,.F.);
#6009=ORIENTED_EDGE('',*,*,#4188,.F.);
#6010=ORIENTED_EDGE('',*,*,#4189,.T.);
#6011=ORIENTED_EDGE('',*,*,#4194,.T.);
#6012=ORIENTED_EDGE('',*,*,#4191,.T.);
#6013=ORIENTED_EDGE('',*,*,#4185,.T.);
#6014=ORIENTED_EDGE('',*,*,#4113,.T.);
#6015=ORIENTED_EDGE('',*,*,#4195,.F.);
#6016=ORIENTED_EDGE('',*,*,#4181,.F.);
#6017=ORIENTED_EDGE('',*,*,#4196,.T.);
#6018=ORIENTED_EDGE('',*,*,#4197,.T.);
#6019=ORIENTED_EDGE('',*,*,#4109,.T.);
#6020=ORIENTED_EDGE('',*,*,#4198,.F.);
#6021=ORIENTED_EDGE('',*,*,#4197,.F.);
#6022=ORIENTED_EDGE('',*,*,#4199,.F.);
#6023=ORIENTED_EDGE('',*,*,#4200,.F.);
#6024=ORIENTED_EDGE('',*,*,#4201,.F.);
#6025=ORIENTED_EDGE('',*,*,#4199,.T.);
#6026=ORIENTED_EDGE('',*,*,#4196,.F.);
#6027=ORIENTED_EDGE('',*,*,#4180,.F.);
#6028=ORIENTED_EDGE('',*,*,#4126,.T.);
#6029=ORIENTED_EDGE('',*,*,#4130,.T.);
#6030=ORIENTED_EDGE('',*,*,#4202,.T.);
#6031=ORIENTED_EDGE('',*,*,#4200,.T.);
#6032=ORIENTED_EDGE('',*,*,#4201,.T.);
#6033=ORIENTED_EDGE('',*,*,#4179,.T.);
#6034=ORIENTED_EDGE('',*,*,#4172,.T.);
#6035=ORIENTED_EDGE('',*,*,#4176,.T.);
#6036=ORIENTED_EDGE('',*,*,#4163,.T.);
#6037=ORIENTED_EDGE('',*,*,#4119,.T.);
#6038=ORIENTED_EDGE('',*,*,#4183,.T.);
#6039=ORIENTED_EDGE('',*,*,#4190,.T.);
#6040=ORIENTED_EDGE('',*,*,#4193,.T.);
#6041=ORIENTED_EDGE('',*,*,#4187,.T.);
#6042=ORIENTED_EDGE('',*,*,#4032,.F.);
#6043=ORIENTED_EDGE('',*,*,#4203,.T.);
#6044=ORIENTED_EDGE('',*,*,#4204,.F.);
#6045=ORIENTED_EDGE('',*,*,#4205,.F.);
#6046=ORIENTED_EDGE('',*,*,#4035,.F.);
#6047=ORIENTED_EDGE('',*,*,#4206,.T.);
#6048=ORIENTED_EDGE('',*,*,#4207,.F.);
#6049=ORIENTED_EDGE('',*,*,#4203,.F.);
#6050=ORIENTED_EDGE('',*,*,#4034,.F.);
#6051=ORIENTED_EDGE('',*,*,#4208,.T.);
#6052=ORIENTED_EDGE('',*,*,#4209,.F.);
#6053=ORIENTED_EDGE('',*,*,#4206,.F.);
#6054=ORIENTED_EDGE('',*,*,#4033,.F.);
#6055=ORIENTED_EDGE('',*,*,#4205,.T.);
#6056=ORIENTED_EDGE('',*,*,#4210,.F.);
#6057=ORIENTED_EDGE('',*,*,#4208,.F.);
#6058=ORIENTED_EDGE('',*,*,#4211,.F.);
#6059=ORIENTED_EDGE('',*,*,#4212,.T.);
#6060=ORIENTED_EDGE('',*,*,#4170,.F.);
#6061=ORIENTED_EDGE('',*,*,#4212,.F.);
#6062=ORIENTED_EDGE('',*,*,#4213,.F.);
#6063=ORIENTED_EDGE('',*,*,#4214,.T.);
#6064=ORIENTED_EDGE('',*,*,#4171,.F.);
#6065=ORIENTED_EDGE('',*,*,#4214,.F.);
#6066=ORIENTED_EDGE('',*,*,#4215,.T.);
#6067=ORIENTED_EDGE('',*,*,#4058,.F.);
#6068=ORIENTED_EDGE('',*,*,#4216,.T.);
#6069=ORIENTED_EDGE('',*,*,#4217,.T.);
#6070=ORIENTED_EDGE('',*,*,#4211,.T.);
#6071=ORIENTED_EDGE('',*,*,#4213,.T.);
#6072=ORIENTED_EDGE('',*,*,#4215,.F.);
#6073=ORIENTED_EDGE('',*,*,#4218,.T.);
#6074=ORIENTED_EDGE('',*,*,#4167,.F.);
#6075=ORIENTED_EDGE('',*,*,#4059,.F.);
#6076=ORIENTED_EDGE('',*,*,#4219,.T.);
#6077=ORIENTED_EDGE('',*,*,#4220,.F.);
#6078=ORIENTED_EDGE('',*,*,#4219,.F.);
#6079=ORIENTED_EDGE('',*,*,#4068,.F.);
#6080=ORIENTED_EDGE('',*,*,#4221,.T.);
#6081=ORIENTED_EDGE('',*,*,#4220,.T.);
#6082=ORIENTED_EDGE('',*,*,#4221,.F.);
#6083=ORIENTED_EDGE('',*,*,#4026,.F.);
#6084=ORIENTED_EDGE('',*,*,#4054,.F.);
#6085=ORIENTED_EDGE('',*,*,#4044,.F.);
#6086=ORIENTED_EDGE('',*,*,#4036,.T.);
#6087=ORIENTED_EDGE('',*,*,#4222,.F.);
#6088=ORIENTED_EDGE('',*,*,#4223,.F.);
#6089=ORIENTED_EDGE('',*,*,#4168,.F.);
#6090=ORIENTED_EDGE('',*,*,#4218,.F.);
#6091=ORIENTED_EDGE('',*,*,#4217,.F.);
#6092=ORIENTED_EDGE('',*,*,#4224,.F.);
#6093=ORIENTED_EDGE('',*,*,#4066,.F.);
#6094=ORIENTED_EDGE('',*,*,#4225,.T.);
#6095=ORIENTED_EDGE('',*,*,#4222,.T.);
#6096=ORIENTED_EDGE('',*,*,#4226,.F.);
#6097=ORIENTED_EDGE('',*,*,#4204,.T.);
#6098=ORIENTED_EDGE('',*,*,#4207,.T.);
#6099=ORIENTED_EDGE('',*,*,#4209,.T.);
#6100=ORIENTED_EDGE('',*,*,#4210,.T.);
#6101=ORIENTED_EDGE('',*,*,#4047,.F.);
#6102=ORIENTED_EDGE('',*,*,#4227,.T.);
#6103=ORIENTED_EDGE('',*,*,#4228,.F.);
#6104=ORIENTED_EDGE('',*,*,#4229,.F.);
#6105=ORIENTED_EDGE('',*,*,#4050,.F.);
#6106=ORIENTED_EDGE('',*,*,#4230,.T.);
#6107=ORIENTED_EDGE('',*,*,#4231,.F.);
#6108=ORIENTED_EDGE('',*,*,#4227,.F.);
#6109=ORIENTED_EDGE('',*,*,#4049,.F.);
#6110=ORIENTED_EDGE('',*,*,#4232,.T.);
#6111=ORIENTED_EDGE('',*,*,#4233,.F.);
#6112=ORIENTED_EDGE('',*,*,#4230,.F.);
#6113=ORIENTED_EDGE('',*,*,#4048,.F.);
#6114=ORIENTED_EDGE('',*,*,#4229,.T.);
#6115=ORIENTED_EDGE('',*,*,#4234,.F.);
#6116=ORIENTED_EDGE('',*,*,#4232,.F.);
#6117=ORIENTED_EDGE('',*,*,#4223,.T.);
#6118=ORIENTED_EDGE('',*,*,#4225,.F.);
#6119=ORIENTED_EDGE('',*,*,#4065,.F.);
#6120=ORIENTED_EDGE('',*,*,#4169,.F.);
#6121=ORIENTED_EDGE('',*,*,#4226,.T.);
#6122=ORIENTED_EDGE('',*,*,#4224,.T.);
#6123=ORIENTED_EDGE('',*,*,#4216,.F.);
#6124=ORIENTED_EDGE('',*,*,#4067,.F.);
#6125=ORIENTED_EDGE('',*,*,#4235,.T.);
#6126=ORIENTED_EDGE('',*,*,#4236,.F.);
#6127=ORIENTED_EDGE('',*,*,#4235,.F.);
#6128=ORIENTED_EDGE('',*,*,#4057,.F.);
#6129=ORIENTED_EDGE('',*,*,#4237,.T.);
#6130=ORIENTED_EDGE('',*,*,#4236,.T.);
#6131=ORIENTED_EDGE('',*,*,#4237,.F.);
#6132=ORIENTED_EDGE('',*,*,#4238,.T.);
#6133=ORIENTED_EDGE('',*,*,#4239,.F.);
#6134=ORIENTED_EDGE('',*,*,#4238,.F.);
#6135=ORIENTED_EDGE('',*,*,#4055,.F.);
#6136=ORIENTED_EDGE('',*,*,#4240,.T.);
#6137=ORIENTED_EDGE('',*,*,#4239,.T.);
#6138=ORIENTED_EDGE('',*,*,#4240,.F.);
#6139=ORIENTED_EDGE('',*,*,#4241,.T.);
#6140=ORIENTED_EDGE('',*,*,#4242,.F.);
#6141=ORIENTED_EDGE('',*,*,#4241,.F.);
#6142=ORIENTED_EDGE('',*,*,#4056,.F.);
#6143=ORIENTED_EDGE('',*,*,#4243,.T.);
#6144=ORIENTED_EDGE('',*,*,#4242,.T.);
#6145=ORIENTED_EDGE('',*,*,#4243,.F.);
#6146=ORIENTED_EDGE('',*,*,#4133,.F.);
#6147=ORIENTED_EDGE('',*,*,#4244,.F.);
#6148=ORIENTED_EDGE('',*,*,#4101,.F.);
#6149=ORIENTED_EDGE('',*,*,#4245,.T.);
#6150=ORIENTED_EDGE('',*,*,#4134,.F.);
#6151=ORIENTED_EDGE('',*,*,#4245,.F.);
#6152=ORIENTED_EDGE('',*,*,#4100,.F.);
#6153=ORIENTED_EDGE('',*,*,#4246,.T.);
#6154=ORIENTED_EDGE('',*,*,#4131,.F.);
#6155=ORIENTED_EDGE('',*,*,#4246,.F.);
#6156=ORIENTED_EDGE('',*,*,#4099,.F.);
#6157=ORIENTED_EDGE('',*,*,#4247,.T.);
#6158=ORIENTED_EDGE('',*,*,#4132,.F.);
#6159=ORIENTED_EDGE('',*,*,#4247,.F.);
#6160=ORIENTED_EDGE('',*,*,#4102,.F.);
#6161=ORIENTED_EDGE('',*,*,#4244,.T.);
#6162=ORIENTED_EDGE('',*,*,#4137,.F.);
#6163=ORIENTED_EDGE('',*,*,#4248,.F.);
#6164=ORIENTED_EDGE('',*,*,#4097,.F.);
#6165=ORIENTED_EDGE('',*,*,#4249,.T.);
#6166=ORIENTED_EDGE('',*,*,#4138,.F.);
#6167=ORIENTED_EDGE('',*,*,#4249,.F.);
#6168=ORIENTED_EDGE('',*,*,#4096,.F.);
#6169=ORIENTED_EDGE('',*,*,#4250,.T.);
#6170=ORIENTED_EDGE('',*,*,#4135,.F.);
#6171=ORIENTED_EDGE('',*,*,#4250,.F.);
#6172=ORIENTED_EDGE('',*,*,#4095,.F.);
#6173=ORIENTED_EDGE('',*,*,#4251,.T.);
#6174=ORIENTED_EDGE('',*,*,#4136,.F.);
#6175=ORIENTED_EDGE('',*,*,#4251,.F.);
#6176=ORIENTED_EDGE('',*,*,#4098,.F.);
#6177=ORIENTED_EDGE('',*,*,#4248,.T.);
#6178=ORIENTED_EDGE('',*,*,#4141,.F.);
#6179=ORIENTED_EDGE('',*,*,#4252,.F.);
#6180=ORIENTED_EDGE('',*,*,#4093,.F.);
#6181=ORIENTED_EDGE('',*,*,#4253,.T.);
#6182=ORIENTED_EDGE('',*,*,#4142,.F.);
#6183=ORIENTED_EDGE('',*,*,#4253,.F.);
#6184=ORIENTED_EDGE('',*,*,#4092,.F.);
#6185=ORIENTED_EDGE('',*,*,#4254,.T.);
#6186=ORIENTED_EDGE('',*,*,#4139,.F.);
#6187=ORIENTED_EDGE('',*,*,#4254,.F.);
#6188=ORIENTED_EDGE('',*,*,#4091,.F.);
#6189=ORIENTED_EDGE('',*,*,#4255,.T.);
#6190=ORIENTED_EDGE('',*,*,#4140,.F.);
#6191=ORIENTED_EDGE('',*,*,#4255,.F.);
#6192=ORIENTED_EDGE('',*,*,#4094,.F.);
#6193=ORIENTED_EDGE('',*,*,#4252,.T.);
#6194=ORIENTED_EDGE('',*,*,#4145,.F.);
#6195=ORIENTED_EDGE('',*,*,#4256,.F.);
#6196=ORIENTED_EDGE('',*,*,#4089,.F.);
#6197=ORIENTED_EDGE('',*,*,#4257,.T.);
#6198=ORIENTED_EDGE('',*,*,#4146,.F.);
#6199=ORIENTED_EDGE('',*,*,#4257,.F.);
#6200=ORIENTED_EDGE('',*,*,#4088,.F.);
#6201=ORIENTED_EDGE('',*,*,#4258,.T.);
#6202=ORIENTED_EDGE('',*,*,#4143,.F.);
#6203=ORIENTED_EDGE('',*,*,#4258,.F.);
#6204=ORIENTED_EDGE('',*,*,#4087,.F.);
#6205=ORIENTED_EDGE('',*,*,#4259,.T.);
#6206=ORIENTED_EDGE('',*,*,#4144,.F.);
#6207=ORIENTED_EDGE('',*,*,#4259,.F.);
#6208=ORIENTED_EDGE('',*,*,#4090,.F.);
#6209=ORIENTED_EDGE('',*,*,#4256,.T.);
#6210=ORIENTED_EDGE('',*,*,#4149,.F.);
#6211=ORIENTED_EDGE('',*,*,#4260,.F.);
#6212=ORIENTED_EDGE('',*,*,#4085,.F.);
#6213=ORIENTED_EDGE('',*,*,#4261,.T.);
#6214=ORIENTED_EDGE('',*,*,#4150,.F.);
#6215=ORIENTED_EDGE('',*,*,#4261,.F.);
#6216=ORIENTED_EDGE('',*,*,#4084,.F.);
#6217=ORIENTED_EDGE('',*,*,#4262,.T.);
#6218=ORIENTED_EDGE('',*,*,#4147,.F.);
#6219=ORIENTED_EDGE('',*,*,#4262,.F.);
#6220=ORIENTED_EDGE('',*,*,#4083,.F.);
#6221=ORIENTED_EDGE('',*,*,#4263,.T.);
#6222=ORIENTED_EDGE('',*,*,#4148,.F.);
#6223=ORIENTED_EDGE('',*,*,#4263,.F.);
#6224=ORIENTED_EDGE('',*,*,#4086,.F.);
#6225=ORIENTED_EDGE('',*,*,#4260,.T.);
#6226=ORIENTED_EDGE('',*,*,#4153,.F.);
#6227=ORIENTED_EDGE('',*,*,#4264,.F.);
#6228=ORIENTED_EDGE('',*,*,#4081,.F.);
#6229=ORIENTED_EDGE('',*,*,#4265,.T.);
#6230=ORIENTED_EDGE('',*,*,#4154,.F.);
#6231=ORIENTED_EDGE('',*,*,#4265,.F.);
#6232=ORIENTED_EDGE('',*,*,#4080,.F.);
#6233=ORIENTED_EDGE('',*,*,#4266,.T.);
#6234=ORIENTED_EDGE('',*,*,#4151,.F.);
#6235=ORIENTED_EDGE('',*,*,#4266,.F.);
#6236=ORIENTED_EDGE('',*,*,#4079,.F.);
#6237=ORIENTED_EDGE('',*,*,#4267,.T.);
#6238=ORIENTED_EDGE('',*,*,#4152,.F.);
#6239=ORIENTED_EDGE('',*,*,#4267,.F.);
#6240=ORIENTED_EDGE('',*,*,#4082,.F.);
#6241=ORIENTED_EDGE('',*,*,#4264,.T.);
#6242=ORIENTED_EDGE('',*,*,#4157,.F.);
#6243=ORIENTED_EDGE('',*,*,#4268,.F.);
#6244=ORIENTED_EDGE('',*,*,#4077,.F.);
#6245=ORIENTED_EDGE('',*,*,#4269,.T.);
#6246=ORIENTED_EDGE('',*,*,#4158,.F.);
#6247=ORIENTED_EDGE('',*,*,#4269,.F.);
#6248=ORIENTED_EDGE('',*,*,#4076,.F.);
#6249=ORIENTED_EDGE('',*,*,#4270,.T.);
#6250=ORIENTED_EDGE('',*,*,#4155,.F.);
#6251=ORIENTED_EDGE('',*,*,#4270,.F.);
#6252=ORIENTED_EDGE('',*,*,#4075,.F.);
#6253=ORIENTED_EDGE('',*,*,#4271,.T.);
#6254=ORIENTED_EDGE('',*,*,#4156,.F.);
#6255=ORIENTED_EDGE('',*,*,#4271,.F.);
#6256=ORIENTED_EDGE('',*,*,#4078,.F.);
#6257=ORIENTED_EDGE('',*,*,#4268,.T.);
#6258=ORIENTED_EDGE('',*,*,#4161,.F.);
#6259=ORIENTED_EDGE('',*,*,#4272,.F.);
#6260=ORIENTED_EDGE('',*,*,#4073,.F.);
#6261=ORIENTED_EDGE('',*,*,#4273,.T.);
#6262=ORIENTED_EDGE('',*,*,#4162,.F.);
#6263=ORIENTED_EDGE('',*,*,#4273,.F.);
#6264=ORIENTED_EDGE('',*,*,#4072,.F.);
#6265=ORIENTED_EDGE('',*,*,#4274,.T.);
#6266=ORIENTED_EDGE('',*,*,#4159,.F.);
#6267=ORIENTED_EDGE('',*,*,#4274,.F.);
#6268=ORIENTED_EDGE('',*,*,#4071,.F.);
#6269=ORIENTED_EDGE('',*,*,#4275,.T.);
#6270=ORIENTED_EDGE('',*,*,#4160,.F.);
#6271=ORIENTED_EDGE('',*,*,#4275,.F.);
#6272=ORIENTED_EDGE('',*,*,#4074,.F.);
#6273=ORIENTED_EDGE('',*,*,#4272,.T.);
#6274=ORIENTED_EDGE('',*,*,#4198,.T.);
#6275=ORIENTED_EDGE('',*,*,#4202,.F.);
#6276=ORIENTED_EDGE('',*,*,#4129,.T.);
#6277=ORIENTED_EDGE('',*,*,#4062,.F.);
#6278=ORIENTED_EDGE('',*,*,#4182,.F.);
#6279=ORIENTED_EDGE('',*,*,#4195,.T.);
#6280=ORIENTED_EDGE('',*,*,#4228,.T.);
#6281=ORIENTED_EDGE('',*,*,#4231,.T.);
#6282=ORIENTED_EDGE('',*,*,#4233,.T.);
#6283=ORIENTED_EDGE('',*,*,#4234,.T.);
#6284=B_SPLINE_SURFACE_WITH_KNOTS('',3,1,((#8025,#8026),(#8027,#8028),(#8029,
#8030),(#8031,#8032),(#8033,#8034)),.UNSPECIFIED.,.F.,.F.,.F.,(4,1,4),(2,
2),(0.,0.051012875806734,0.106040067546738),(0.,0.2),.UNSPECIFIED.);
#6285=B_SPLINE_SURFACE_WITH_KNOTS('',3,1,((#8051,#8052),(#8053,#8054),(#8055,
#8056),(#8057,#8058),(#8059,#8060)),.UNSPECIFIED.,.F.,.F.,.F.,(4,1,4),(2,
2),(0.,0.0632598560697214,0.11727798144026),(0.,0.2),.UNSPECIFIED.);
#6286=B_SPLINE_SURFACE_WITH_KNOTS('',3,1,((#8074,#8075),(#8076,#8077),(#8078,
#8079),(#8080,#8081),(#8082,#8083)),.UNSPECIFIED.,.F.,.F.,.F.,(4,1,4),(2,
2),(0.,0.108209647918128,0.178326689970738),(0.,0.2),.UNSPECIFIED.);
#6287=B_SPLINE_SURFACE_WITH_KNOTS('',3,1,((#8115,#8116),(#8117,#8118),(#8119,
#8120),(#8121,#8122),(#8123,#8124)),.UNSPECIFIED.,.F.,.F.,.F.,(4,1,4),(2,
2),(0.,0.0867195429715181,0.172679226975484),(0.,0.2),.UNSPECIFIED.);
#6288=B_SPLINE_SURFACE_WITH_KNOTS('',3,1,((#8138,#8139),(#8140,#8141),(#8142,
#8143),(#8144,#8145),(#8146,#8147)),.UNSPECIFIED.,.F.,.F.,.F.,(4,1,4),(2,
2),(0.,0.0864462750421987,0.175880764003994),(0.,0.2),.UNSPECIFIED.);
#6289=B_SPLINE_SURFACE_WITH_KNOTS('',3,1,((#8179,#8180),(#8181,#8182),(#8183,
#8184),(#8185,#8186),(#8187,#8188)),.UNSPECIFIED.,.F.,.F.,.F.,(4,1,4),(2,
2),(0.,0.0133756443288537,0.0319378379852281),(0.,0.2),.UNSPECIFIED.);
#6290=B_SPLINE_SURFACE_WITH_KNOTS('',3,1,((#8202,#8203),(#8204,#8205),(#8206,
#8207),(#8208,#8209),(#8210,#8211)),.UNSPECIFIED.,.F.,.F.,.F.,(4,1,4),(2,
2),(0.,0.0354711927647159,0.0988816975644637),(0.,0.2),.UNSPECIFIED.);
#6291=B_SPLINE_SURFACE_WITH_KNOTS('',3,1,((#8225,#8226),(#8227,#8228),(#8229,
#8230),(#8231,#8232),(#8233,#8234)),.UNSPECIFIED.,.F.,.F.,.F.,(4,1,4),(2,
2),(0.,0.0276961404944178,0.0559287953043721),(0.,0.2),.UNSPECIFIED.);
#6292=B_SPLINE_SURFACE_WITH_KNOTS('',3,1,((#8248,#8249),(#8250,#8251),(#8252,
#8253),(#8254,#8255),(#8256,#8257)),.UNSPECIFIED.,.F.,.F.,.F.,(4,1,4),(2,
2),(0.,0.0369925123028612,0.0674141717435547),(0.,0.2),.UNSPECIFIED.);
#6293=B_SPLINE_SURFACE_WITH_KNOTS('',3,1,((#8271,#8272),(#8273,#8274),(#8275,
#8276),(#8277,#8278),(#8279,#8280)),.UNSPECIFIED.,.F.,.F.,.F.,(4,1,4),(2,
2),(0.,0.0385662181402952,0.0712519705978772),(0.,0.2),.UNSPECIFIED.);
#6294=B_SPLINE_SURFACE_WITH_KNOTS('',3,1,((#8300,#8301),(#8302,#8303),(#8304,
#8305),(#8306,#8307),(#8308,#8309)),.UNSPECIFIED.,.F.,.F.,.F.,(4,1,4),(2,
2),(0.,0.0377041823740006,0.0808092952841574),(0.,0.2),.UNSPECIFIED.);
#6295=B_SPLINE_SURFACE_WITH_KNOTS('',3,1,((#8321,#8322),(#8323,#8324),(#8325,
#8326),(#8327,#8328),(#8329,#8330)),.UNSPECIFIED.,.F.,.F.,.F.,(4,1,4),(2,
2),(0.,0.079124242571743,0.156243078076768),(0.,0.2),.UNSPECIFIED.);
#6296=B_SPLINE_SURFACE_WITH_KNOTS('',3,1,((#8347,#8348),(#8349,#8350),(#8351,
#8352),(#8353,#8354),(#8355,#8356)),.UNSPECIFIED.,.F.,.F.,.F.,(4,1,4),(2,
2),(0.,0.0858384198534626,0.172428619907404),(0.,0.2),.UNSPECIFIED.);
#6297=B_SPLINE_SURFACE_WITH_KNOTS('',3,1,((#8370,#8371),(#8372,#8373),(#8374,
#8375),(#8376,#8377),(#8378,#8379)),.UNSPECIFIED.,.F.,.F.,.F.,(4,1,4),(2,
2),(0.,0.081503791990215,0.146356519209801),(0.,0.2),.UNSPECIFIED.);
#6298=B_SPLINE_SURFACE_WITH_KNOTS('',3,1,((#8399,#8400),(#8401,#8402),(#8403,
#8404),(#8405,#8406),(#8407,#8408)),.UNSPECIFIED.,.F.,.F.,.F.,(4,1,4),(2,
2),(0.,0.0798866946382736,0.167247072241773),(0.,0.2),.UNSPECIFIED.);
#6299=B_SPLINE_SURFACE_WITH_KNOTS('',3,1,((#8419,#8420),(#8421,#8422),(#8423,
#8424),(#8425,#8426),(#8427,#8428)),.UNSPECIFIED.,.F.,.F.,.F.,(4,1,4),(2,
2),(0.,0.0632102325389634,0.122239337971916),(0.,0.2),.UNSPECIFIED.);
#6300=B_SPLINE_SURFACE_WITH_KNOTS('',3,1,((#8445,#8446),(#8447,#8448),(#8449,
#8450),(#8451,#8452),(#8453,#8454)),.UNSPECIFIED.,.F.,.F.,.F.,(4,1,4),(2,
2),(0.,0.0831668247843591,0.167884078798029),(0.,0.2),.UNSPECIFIED.);
#6301=B_SPLINE_SURFACE_WITH_KNOTS('',3,1,((#8468,#8469),(#8470,#8471),(#8472,
#8473),(#8474,#8475),(#8476,#8477)),.UNSPECIFIED.,.F.,.F.,.F.,(4,1,4),(2,
2),(0.,0.107324887136278,0.198019249617392),(0.,0.2),.UNSPECIFIED.);
#6302=B_SPLINE_SURFACE_WITH_KNOTS('',3,1,((#8497,#8498),(#8499,#8500),(#8501,
#8502),(#8503,#8504),(#8505,#8506)),.UNSPECIFIED.,.F.,.F.,.F.,(4,1,4),(2,
2),(0.,0.0136436145152145,0.0327500595241844),(0.,0.2),.UNSPECIFIED.);
#6303=B_SPLINE_SURFACE_WITH_KNOTS('',3,1,((#8520,#8521),(#8522,#8523),(#8524,
#8525),(#8526,#8527),(#8528,#8529)),.UNSPECIFIED.,.F.,.F.,.F.,(4,1,4),(2,
2),(0.,0.137617295583108,0.298549362942771),(0.,0.2),.UNSPECIFIED.);
#6304=B_SPLINE_SURFACE_WITH_KNOTS('',3,1,((#8543,#8544),(#8545,#8546),(#8547,
#8548),(#8549,#8550),(#8551,#8552)),.UNSPECIFIED.,.F.,.F.,.F.,(4,1,4),(2,
2),(0.,0.134288300408442,0.263166736911985),(0.,0.2),.UNSPECIFIED.);
#6305=B_SPLINE_SURFACE_WITH_KNOTS('',3,1,((#8566,#8567),(#8568,#8569),(#8570,
#8571),(#8572,#8573),(#8574,#8575)),.UNSPECIFIED.,.F.,.F.,.F.,(4,1,4),(2,
2),(0.,0.131993764083717,0.270398736069172),(0.,0.2),.UNSPECIFIED.);
#6306=B_SPLINE_SURFACE_WITH_KNOTS('',3,1,((#8589,#8590),(#8591,#8592),(#8593,
#8594),(#8595,#8596),(#8597,#8598)),.UNSPECIFIED.,.F.,.F.,.F.,(4,1,4),(2,
2),(0.,0.16404337589493,0.304495851192627),(0.,0.2),.UNSPECIFIED.);
#6307=B_SPLINE_SURFACE_WITH_KNOTS('',3,1,((#8612,#8613),(#8614,#8615),(#8616,
#8617),(#8618,#8619),(#8620,#8621)),.UNSPECIFIED.,.F.,.F.,.F.,(4,1,4),(2,
2),(0.,0.136755780955715,0.29544702126706),(0.,0.2),.UNSPECIFIED.);
#6308=B_SPLINE_SURFACE_WITH_KNOTS('',3,1,((#8635,#8636),(#8637,#8638),(#8639,
#8640),(#8641,#8642),(#8643,#8644)),.UNSPECIFIED.,.F.,.F.,.F.,(4,1,4),(2,
2),(0.,0.144565910587593,0.276454073250248),(0.,0.2),.UNSPECIFIED.);
#6309=B_SPLINE_SURFACE_WITH_KNOTS('',3,1,((#8658,#8659),(#8660,#8661),(#8662,
#8663),(#8664,#8665),(#8666,#8667)),.UNSPECIFIED.,.F.,.F.,.F.,(4,1,4),(2,
2),(0.,0.103261753775636,0.219220681104903),(0.,0.2),.UNSPECIFIED.);
#6310=B_SPLINE_SURFACE_WITH_KNOTS('',3,1,((#8681,#8682),(#8683,#8684),(#8685,
#8686),(#8687,#8688),(#8689,#8690)),.UNSPECIFIED.,.F.,.F.,.F.,(4,1,4),(2,
2),(0.,0.10761677173635,0.208258045696323),(0.,0.2),.UNSPECIFIED.);
#6311=B_SPLINE_SURFACE_WITH_KNOTS('',3,1,((#8710,#8711),(#8712,#8713),(#8714,
#8715),(#8716,#8717),(#8718,#8719)),.UNSPECIFIED.,.F.,.F.,.F.,(4,1,4),(2,
2),(0.,0.0628661920406909,0.137683989249252),(0.,0.2),.UNSPECIFIED.);
#6312=B_SPLINE_SURFACE_WITH_KNOTS('',3,1,((#8740,#8741),(#8742,#8743),(#8744,
#8745),(#8746,#8747),(#8748,#8749)),.UNSPECIFIED.,.F.,.F.,.F.,(4,1,4),(2,
2),(0.,0.0838354022080881,0.201514441007641),(0.,0.2),.UNSPECIFIED.);
#6313=B_SPLINE_SURFACE_WITH_KNOTS('',3,1,((#8763,#8764),(#8765,#8766),(#8767,
#8768),(#8769,#8770),(#8771,#8772)),.UNSPECIFIED.,.F.,.F.,.F.,(4,1,4),(2,
2),(0.,0.0741262012242251,0.146787778889463),(0.,0.2),.UNSPECIFIED.);
#6314=B_SPLINE_SURFACE_WITH_KNOTS('',3,1,((#8786,#8787),(#8788,#8789),(#8790,
#8791),(#8792,#8793),(#8794,#8795)),.UNSPECIFIED.,.F.,.F.,.F.,(4,1,4),(2,
2),(0.,0.0429932781586868,0.0892847710667178),(0.,0.2),.UNSPECIFIED.);
#6315=B_SPLINE_SURFACE_WITH_KNOTS('',3,1,((#8809,#8810),(#8811,#8812),(#8813,
#8814),(#8815,#8816),(#8817,#8818)),.UNSPECIFIED.,.F.,.F.,.F.,(4,1,4),(2,
2),(0.,0.038882855821195,0.0792547116392494),(0.,0.2),.UNSPECIFIED.);
#6316=B_SPLINE_SURFACE_WITH_KNOTS('',3,1,((#8832,#8833),(#8834,#8835),(#8836,
#8837),(#8838,#8839),(#8840,#8841)),.UNSPECIFIED.,.F.,.F.,.F.,(4,1,4),(2,
2),(0.,0.0656672952627256,0.113529318246787),(0.,0.2),.UNSPECIFIED.);
#6317=B_SPLINE_SURFACE_WITH_KNOTS('',3,1,((#8873,#8874),(#8875,#8876),(#8877,
#8878),(#8879,#8880),(#8881,#8882)),.UNSPECIFIED.,.F.,.F.,.F.,(4,1,4),(2,
2),(0.,0.0471744571077762,0.119670661975991),(0.,0.2),.UNSPECIFIED.);
#6318=B_SPLINE_SURFACE_WITH_KNOTS('',3,1,((#8896,#8897),(#8898,#8899),(#8900,
#8901),(#8902,#8903),(#8904,#8905)),.UNSPECIFIED.,.F.,.F.,.F.,(4,1,4),(2,
2),(0.,0.0477858820735348,0.0989776494587499),(0.,0.2),.UNSPECIFIED.);
#6319=B_SPLINE_SURFACE_WITH_KNOTS('',3,1,((#8919,#8920),(#8921,#8922),(#8923,
#8924),(#8925,#8926),(#8927,#8928)),.UNSPECIFIED.,.F.,.F.,.F.,(4,1,4),(2,
2),(0.,0.0551745509943198,0.103770927883787),(0.,0.2),.UNSPECIFIED.);
#6320=B_SPLINE_SURFACE_WITH_KNOTS('',3,1,((#8942,#8943),(#8944,#8945),(#8946,
#8947),(#8948,#8949),(#8950,#8951)),.UNSPECIFIED.,.F.,.F.,.F.,(4,1,4),(2,
2),(0.,0.0631162192579511,0.123316020009473),(0.,0.2),.UNSPECIFIED.);
#6321=B_SPLINE_SURFACE_WITH_KNOTS('',3,1,((#8965,#8966),(#8967,#8968),(#8969,
#8970),(#8971,#8972),(#8973,#8974)),.UNSPECIFIED.,.F.,.F.,.F.,(4,1,4),(2,
2),(0.,0.132401958180248,0.268724255189259),(0.,0.2),.UNSPECIFIED.);
#6322=B_SPLINE_SURFACE_WITH_KNOTS('',3,1,((#9010,#9011),(#9012,#9013),(#9014,
#9015),(#9016,#9017),(#9018,#9019)),.UNSPECIFIED.,.F.,.F.,.F.,(4,1,4),(2,
2),(0.,0.0775201206404483,0.158219864739653),(0.,0.2),.UNSPECIFIED.);
#6323=B_SPLINE_SURFACE_WITH_KNOTS('',3,1,((#9036,#9037),(#9038,#9039),(#9040,
#9041),(#9042,#9043),(#9044,#9045)),.UNSPECIFIED.,.F.,.F.,.F.,(4,1,4),(2,
2),(0.,0.0824487524244199,0.161439603325493),(0.,0.2),.UNSPECIFIED.);
#6324=B_SPLINE_SURFACE_WITH_KNOTS('',3,1,((#9059,#9060),(#9061,#9062),(#9063,
#9064),(#9065,#9066),(#9067,#9068)),.UNSPECIFIED.,.F.,.F.,.F.,(4,1,4),(2,
2),(0.,0.117572919797519,0.212429995194289),(0.,0.2),.UNSPECIFIED.);
#6325=B_SPLINE_SURFACE_WITH_KNOTS('',3,1,((#9082,#9083),(#9084,#9085),(#9086,
#9087),(#9088,#9089),(#9090,#9091)),.UNSPECIFIED.,.F.,.F.,.F.,(4,1,4),(2,
2),(0.,0.0940396113196987,0.215538426647104),(0.,0.2),.UNSPECIFIED.);
#6326=B_SPLINE_SURFACE_WITH_KNOTS('',3,1,((#9105,#9106),(#9107,#9108),(#9109,
#9110),(#9111,#9112),(#9113,#9114)),.UNSPECIFIED.,.F.,.F.,.F.,(4,1,4),(2,
2),(0.,0.0794496882425225,0.160062350086244),(0.,0.2),.UNSPECIFIED.);
#6327=B_SPLINE_SURFACE_WITH_KNOTS('',3,1,((#9128,#9129),(#9130,#9131),(#9132,
#9133),(#9134,#9135),(#9136,#9137)),.UNSPECIFIED.,.F.,.F.,.F.,(4,1,4),(2,
2),(0.,0.0804975703363888,0.160298897005157),(0.,0.2),.UNSPECIFIED.);
#6328=B_SPLINE_SURFACE_WITH_KNOTS('',3,1,((#9151,#9152),(#9153,#9154),(#9155,
#9156),(#9157,#9158),(#9159,#9160)),.UNSPECIFIED.,.F.,.F.,.F.,(4,1,4),(2,
2),(0.,0.124104409270319,0.218900879434377),(0.,0.2),.UNSPECIFIED.);
#6329=B_SPLINE_SURFACE_WITH_KNOTS('',3,1,((#9174,#9175),(#9176,#9177),(#9178,
#9179),(#9180,#9181),(#9182,#9183)),.UNSPECIFIED.,.F.,.F.,.F.,(4,1,4),(2,
2),(0.,0.0931304244489911,0.208873713986185),(0.,0.2),.UNSPECIFIED.);
#6330=B_SPLINE_SURFACE_WITH_KNOTS('',3,1,((#9194,#9195),(#9196,#9197),(#9198,
#9199),(#9200,#9201),(#9202,#9203)),.UNSPECIFIED.,.F.,.F.,.F.,(4,1,4),(2,
2),(0.,0.118059366336286,0.220161520870016),(0.,0.2),.UNSPECIFIED.);
#6331=B_SPLINE_SURFACE_WITH_KNOTS('',3,1,((#9220,#9221),(#9222,#9223),(#9224,
#9225),(#9226,#9227),(#9228,#9229)),.UNSPECIFIED.,.F.,.F.,.F.,(4,1,4),(2,
2),(0.,0.0887802227284972,0.189828311258739),(0.,0.2),.UNSPECIFIED.);
#6332=B_SPLINE_SURFACE_WITH_KNOTS('',3,1,((#9243,#9244),(#9245,#9246),(#9247,
#9248),(#9249,#9250),(#9251,#9252)),.UNSPECIFIED.,.F.,.F.,.F.,(4,1,4),(2,
2),(0.,0.0772853474706991,0.157998135828644),(0.,0.2),.UNSPECIFIED.);
#6333=B_SPLINE_SURFACE_WITH_KNOTS('',3,1,((#9266,#9267),(#9268,#9269),(#9270,
#9271),(#9272,#9273),(#9274,#9275)),.UNSPECIFIED.,.F.,.F.,.F.,(4,1,4),(2,
2),(0.,0.144782224806019,0.243466388519591),(0.,0.2),.UNSPECIFIED.);
#6334=B_SPLINE_SURFACE_WITH_KNOTS('',3,1,((#9307,#9308),(#9309,#9310),(#9311,
#9312),(#9313,#9314),(#9315,#9316)),.UNSPECIFIED.,.F.,.F.,.F.,(4,1,4),(2,
2),(0.,0.119822139723996,0.242184381562539),(0.,0.2),.UNSPECIFIED.);
#6335=B_SPLINE_SURFACE_WITH_KNOTS('',3,1,((#9330,#9331),(#9332,#9333),(#9334,
#9335),(#9336,#9337),(#9338,#9339)),.UNSPECIFIED.,.F.,.F.,.F.,(4,1,4),(2,
2),(0.,0.0853799949476475,0.176124390676153),(0.,0.2),.UNSPECIFIED.);
#6336=B_SPLINE_SURFACE_WITH_KNOTS('',3,1,((#9353,#9354),(#9355,#9356),(#9357,
#9358),(#9359,#9360),(#9361,#9362)),.UNSPECIFIED.,.F.,.F.,.F.,(4,1,4),(2,
2),(0.,0.0902549160999303,0.175584713756806),(0.,0.2),.UNSPECIFIED.);
#6337=B_SPLINE_SURFACE_WITH_KNOTS('',3,1,((#9376,#9377),(#9378,#9379),(#9380,
#9381),(#9382,#9383),(#9384,#9385)),.UNSPECIFIED.,.F.,.F.,.F.,(4,1,4),(2,
2),(0.,0.100116230641446,0.195998979930117),(0.,0.2),.UNSPECIFIED.);
#6338=B_SPLINE_SURFACE_WITH_KNOTS('',3,1,((#9399,#9400),(#9401,#9402),(#9403,
#9404),(#9405,#9406),(#9407,#9408)),.UNSPECIFIED.,.F.,.F.,.F.,(4,1,4),(2,
2),(0.,0.133475874252728,0.274970355748404),(0.,0.2),.UNSPECIFIED.);
#6339=B_SPLINE_SURFACE_WITH_KNOTS('',3,1,((#9422,#9423),(#9424,#9425),(#9426,
#9427),(#9428,#9429),(#9430,#9431)),.UNSPECIFIED.,.F.,.F.,.F.,(4,1,4),(2,
2),(0.,0.135215708258797,0.262820520852287),(0.,0.2),.UNSPECIFIED.);
#6340=B_SPLINE_SURFACE_WITH_KNOTS('',3,1,((#9445,#9446),(#9447,#9448),(#9449,
#9450),(#9451,#9452),(#9453,#9454)),.UNSPECIFIED.,.F.,.F.,.F.,(4,1,4),(2,
2),(0.,0.11500360279996,0.227688627215348),(0.,0.2),.UNSPECIFIED.);
#6341=B_SPLINE_SURFACE_WITH_KNOTS('',3,1,((#9468,#9469),(#9470,#9471),(#9472,
#9473),(#9474,#9475),(#9476,#9477)),.UNSPECIFIED.,.F.,.F.,.F.,(4,1,4),(2,
2),(0.,0.0585703097919712,0.158008195264482),(0.,0.2),.UNSPECIFIED.);
#6342=B_SPLINE_SURFACE_WITH_KNOTS('',3,1,((#9491,#9492),(#9493,#9494),(#9495,
#9496),(#9497,#9498),(#9499,#9500)),.UNSPECIFIED.,.F.,.F.,.F.,(4,1,4),(2,
2),(0.,0.0564519977612951,0.116016447530142),(0.,0.2),.UNSPECIFIED.);
#6343=B_SPLINE_SURFACE_WITH_KNOTS('',3,1,((#9514,#9515),(#9516,#9517),(#9518,
#9519),(#9520,#9521),(#9522,#9523)),.UNSPECIFIED.,.F.,.F.,.F.,(4,1,4),(2,
2),(0.,0.0760249849106478,0.137686212368354),(0.,0.2),.UNSPECIFIED.);
#6344=B_SPLINE_SURFACE_WITH_KNOTS('',3,1,((#9537,#9538),(#9539,#9540),(#9541,
#9542),(#9543,#9544),(#9545,#9546)),.UNSPECIFIED.,.F.,.F.,.F.,(4,1,4),(2,
2),(0.,0.0598051311208226,0.13108814096359),(0.,0.2),.UNSPECIFIED.);
#6345=B_SPLINE_SURFACE_WITH_KNOTS('',3,1,((#9560,#9561),(#9562,#9563),(#9564,
#9565),(#9566,#9567),(#9568,#9569)),.UNSPECIFIED.,.F.,.F.,.F.,(4,1,4),(2,
2),(0.,0.0498026875189438,0.0925326635673204),(0.,0.2),.UNSPECIFIED.);
#6346=B_SPLINE_SURFACE_WITH_KNOTS('',3,1,((#9589,#9590),(#9591,#9592),(#9593,
#9594),(#9595,#9596),(#9597,#9598)),.UNSPECIFIED.,.F.,.F.,.F.,(4,1,4),(2,
2),(0.,0.094027760236613,0.198154007155537),(0.,0.2),.UNSPECIFIED.);
#6347=B_SPLINE_SURFACE_WITH_KNOTS('',3,1,((#9610,#9611),(#9612,#9613),(#9614,
#9615),(#9616,#9617),(#9618,#9619)),.UNSPECIFIED.,.F.,.F.,.F.,(4,1,4),(2,
2),(0.,0.0956793411788773,0.188858009504069),(0.,0.2),.UNSPECIFIED.);
#6348=B_SPLINE_SURFACE_WITH_KNOTS('',3,1,((#9636,#9637),(#9638,#9639),(#9640,
#9641),(#9642,#9643),(#9644,#9645)),.UNSPECIFIED.,.F.,.F.,.F.,(4,1,4),(2,
2),(0.,0.125135913970429,0.232079876401682),(0.,0.2),.UNSPECIFIED.);
#6349=B_SPLINE_SURFACE_WITH_KNOTS('',3,1,((#9659,#9660),(#9661,#9662),(#9663,
#9664),(#9665,#9666),(#9667,#9668)),.UNSPECIFIED.,.F.,.F.,.F.,(4,1,4),(2,
2),(0.,0.0956161640228147,0.19781040338506),(0.,0.2),.UNSPECIFIED.);
#6350=B_SPLINE_SURFACE_WITH_KNOTS('',3,1,((#9682,#9683),(#9684,#9685),(#9686,
#9687),(#9688,#9689),(#9690,#9691)),.UNSPECIFIED.,.F.,.F.,.F.,(4,1,4),(2,
2),(0.,0.083895244768449,0.172975506751876),(0.,0.2),.UNSPECIFIED.);
#6351=B_SPLINE_SURFACE_WITH_KNOTS('',3,1,((#9705,#9706),(#9707,#9708),(#9709,
#9710),(#9711,#9712),(#9713,#9714)),.UNSPECIFIED.,.F.,.F.,.F.,(4,1,4),(2,
2),(0.,0.0783445049840652,0.158903233498242),(0.,0.2),.UNSPECIFIED.);
#6352=B_SPLINE_SURFACE_WITH_KNOTS('',3,1,((#9728,#9729),(#9730,#9731),(#9732,
#9733),(#9734,#9735),(#9736,#9737)),.UNSPECIFIED.,.F.,.F.,.F.,(4,1,4),(2,
2),(0.,0.0733881716722249,0.149900143867504),(0.,0.2),.UNSPECIFIED.);
#6353=B_SPLINE_SURFACE_WITH_KNOTS('',3,1,((#9751,#9752),(#9753,#9754),(#9755,
#9756),(#9757,#9758),(#9759,#9760)),.UNSPECIFIED.,.F.,.F.,.F.,(4,1,4),(2,
2),(0.,0.0885423207811168,0.165932736079385),(0.,0.2),.UNSPECIFIED.);
#6354=B_SPLINE_SURFACE_WITH_KNOTS('',3,1,((#9774,#9775),(#9776,#9777),(#9778,
#9779),(#9780,#9781),(#9782,#9783)),.UNSPECIFIED.,.F.,.F.,.F.,(4,1,4),(2,
2),(0.,0.140231904646509,0.230565719030642),(0.,0.2),.UNSPECIFIED.);
#6355=B_SPLINE_SURFACE_WITH_KNOTS('',3,1,((#9797,#9798),(#9799,#9800),(#9801,
#9802),(#9803,#9804),(#9805,#9806)),.UNSPECIFIED.,.F.,.F.,.F.,(4,1,4),(2,
2),(0.,0.0774490773667732,0.212882271059074),(0.,0.2),.UNSPECIFIED.);
#6356=B_SPLINE_SURFACE_WITH_KNOTS('',3,1,((#9820,#9821),(#9822,#9823),(#9824,
#9825),(#9826,#9827),(#9828,#9829)),.UNSPECIFIED.,.F.,.F.,.F.,(4,1,4),(2,
2),(0.,0.0500658817781103,0.09921490561675),(0.,0.2),.UNSPECIFIED.);
#6357=B_SPLINE_SURFACE_WITH_KNOTS('',3,1,((#9843,#9844),(#9845,#9846),(#9847,
#9848),(#9849,#9850),(#9851,#9852)),.UNSPECIFIED.,.F.,.F.,.F.,(4,1,4),(2,
2),(0.,0.0636386175366696,0.122807816956213),(0.,0.2),.UNSPECIFIED.);
#6358=B_SPLINE_SURFACE_WITH_KNOTS('',3,1,((#9866,#9867),(#9868,#9869),(#9870,
#9871),(#9872,#9873),(#9874,#9875)),.UNSPECIFIED.,.F.,.F.,.F.,(4,1,4),(2,
2),(0.,0.104349677880356,0.182822291858745),(0.,0.2),.UNSPECIFIED.);
#6359=B_SPLINE_SURFACE_WITH_KNOTS('',3,1,((#9889,#9890),(#9891,#9892),(#9893,
#9894),(#9895,#9896),(#9897,#9898)),.UNSPECIFIED.,.F.,.F.,.F.,(4,1,4),(2,
2),(0.,0.0816033384532748,0.183535581727943),(0.,0.2),.UNSPECIFIED.);
#6360=B_SPLINE_SURFACE_WITH_KNOTS('',3,1,((#9912,#9913),(#9914,#9915),(#9916,
#9917),(#9918,#9919),(#9920,#9921)),.UNSPECIFIED.,.F.,.F.,.F.,(4,1,4),(2,
2),(0.,0.0861880315906027,0.16231001490464),(0.,0.2),.UNSPECIFIED.);
#6361=B_SPLINE_SURFACE_WITH_KNOTS('',3,1,((#9941,#9942),(#9943,#9944),(#9945,
#9946),(#9947,#9948),(#9949,#9950)),.UNSPECIFIED.,.F.,.F.,.F.,(4,1,4),(2,
2),(0.,0.082079051829504,0.166633567436802),(0.,0.2),.UNSPECIFIED.);
#6362=B_SPLINE_SURFACE_WITH_KNOTS('',3,1,((#9964,#9965),(#9966,#9967),(#9968,
#9969),(#9970,#9971),(#9972,#9973)),.UNSPECIFIED.,.F.,.F.,.F.,(4,1,4),(2,
2),(0.,0.0871848581824626,0.169760493107018),(0.,0.2),.UNSPECIFIED.);
#6363=B_SPLINE_SURFACE_WITH_KNOTS('',3,1,((#9987,#9988),(#9989,#9990),(#9991,
#9992),(#9993,#9994),(#9995,#9996)),.UNSPECIFIED.,.F.,.F.,.F.,(4,1,4),(2,
2),(0.,0.10500378186879,0.200355509765013),(0.,0.2),.UNSPECIFIED.);
#6364=B_SPLINE_SURFACE_WITH_KNOTS('',3,1,((#10010,#10011),(#10012,#10013),
(#10014,#10015),(#10016,#10017),(#10018,#10019)),.UNSPECIFIED.,.F.,.F.,
 .F.,(4,1,4),(2,2),(0.,0.0908183274117712,0.187545543739123),(0.,0.2),
 .UNSPECIFIED.);
#6365=B_SPLINE_SURFACE_WITH_KNOTS('',3,1,((#10033,#10034),(#10035,#10036),
(#10037,#10038),(#10039,#10040),(#10041,#10042)),.UNSPECIFIED.,.F.,.F.,
 .F.,(4,1,4),(2,2),(0.,0.0784003304665297,0.16233227409106),(0.,0.2),
 .UNSPECIFIED.);
#6366=B_SPLINE_SURFACE_WITH_KNOTS('',3,1,((#10056,#10057),(#10058,#10059),
(#10060,#10061),(#10062,#10063),(#10064,#10065)),.UNSPECIFIED.,.F.,.F.,
 .F.,(4,1,4),(2,2),(0.,0.0740271922949735,0.149548641884056),(0.,0.2),
 .UNSPECIFIED.);
#6367=B_SPLINE_SURFACE_WITH_KNOTS('',3,1,((#10079,#10080),(#10081,#10082),
(#10083,#10084),(#10085,#10086),(#10087,#10088)),.UNSPECIFIED.,.F.,.F.,
 .F.,(4,1,4),(2,2),(0.,0.0645416683484054,0.130696789742288),(0.,0.2),
 .UNSPECIFIED.);
#6368=B_SPLINE_SURFACE_WITH_KNOTS('',3,1,((#10102,#10103),(#10104,#10105),
(#10106,#10107),(#10108,#10109),(#10110,#10111)),.UNSPECIFIED.,.F.,.F.,
 .F.,(4,1,4),(2,2),(0.,0.0753212458063606,0.142900114558782),(0.,0.2),
 .UNSPECIFIED.);
#6369=B_SPLINE_SURFACE_WITH_KNOTS('',3,1,((#10125,#10126),(#10127,#10128),
(#10129,#10130),(#10131,#10132),(#10133,#10134)),.UNSPECIFIED.,.F.,.F.,
 .F.,(4,1,4),(2,2),(0.,0.121485575396249,0.203186459601821),(0.,0.2),
 .UNSPECIFIED.);
#6370=B_SPLINE_SURFACE_WITH_KNOTS('',3,1,((#10148,#10149),(#10150,#10151),
(#10152,#10153),(#10154,#10155),(#10156,#10157)),.UNSPECIFIED.,.F.,.F.,
 .F.,(4,1,4),(2,2),(0.,0.0676663031025526,0.184653908627906),(0.,0.2),
 .UNSPECIFIED.);
#6371=B_SPLINE_SURFACE_WITH_KNOTS('',3,1,((#10171,#10172),(#10173,#10174),
(#10175,#10176),(#10177,#10178),(#10179,#10180)),.UNSPECIFIED.,.F.,.F.,
 .F.,(4,1,4),(2,2),(0.,0.048490558758718,0.108625560888204),(0.,0.2),
 .UNSPECIFIED.);
#6372=B_SPLINE_SURFACE_WITH_KNOTS('',3,1,((#10194,#10195),(#10196,#10197),
(#10198,#10199),(#10200,#10201),(#10202,#10203)),.UNSPECIFIED.,.F.,.F.,
 .F.,(4,1,4),(2,2),(0.,0.0446071400504063,0.0878673561352716),(0.,0.2),
 .UNSPECIFIED.);
#6373=B_SPLINE_SURFACE_WITH_KNOTS('',3,1,((#10217,#10218),(#10219,#10220),
(#10221,#10222),(#10223,#10224),(#10225,#10226)),.UNSPECIFIED.,.F.,.F.,
 .F.,(4,1,4),(2,2),(0.,0.0461824572385367,0.0913347205334798),(0.,0.2),
 .UNSPECIFIED.);
#6374=B_SPLINE_SURFACE_WITH_KNOTS('',3,1,((#10240,#10241),(#10242,#10243),
(#10244,#10245),(#10246,#10247),(#10248,#10249)),.UNSPECIFIED.,.F.,.F.,
 .F.,(4,1,4),(2,2),(0.,0.0571736110184928,0.107218491024063),(0.,0.2),
 .UNSPECIFIED.);
#6375=B_SPLINE_SURFACE_WITH_KNOTS('',3,1,((#10263,#10264),(#10265,#10266),
(#10267,#10268),(#10269,#10270),(#10271,#10272)),.UNSPECIFIED.,.F.,.F.,
 .F.,(4,1,4),(2,2),(0.,0.0715041786668495,0.136162292764333),(0.,0.2),
 .UNSPECIFIED.);
#6376=B_SPLINE_SURFACE_WITH_KNOTS('',3,1,((#10286,#10287),(#10288,#10289),
(#10290,#10291),(#10292,#10293),(#10294,#10295)),.UNSPECIFIED.,.F.,.F.,
 .F.,(4,1,4),(2,2),(0.,0.0758156550684458,0.157157332118797),(0.,0.2),
 .UNSPECIFIED.);
#6377=B_SPLINE_SURFACE_WITH_KNOTS('',3,1,((#10309,#10310),(#10311,#10312),
(#10313,#10314),(#10315,#10316),(#10317,#10318)),.UNSPECIFIED.,.F.,.F.,
 .F.,(4,1,4),(2,2),(0.,0.060009742269638,0.128468816795528),(0.,0.2),
 .UNSPECIFIED.);
#6378=B_SPLINE_SURFACE_WITH_KNOTS('',3,1,((#10332,#10333),(#10334,#10335),
(#10336,#10337),(#10338,#10339),(#10340,#10341)),.UNSPECIFIED.,.F.,.F.,
 .F.,(4,1,4),(2,2),(0.,0.0698729528995113,0.130775251095127),(0.,0.2),
 .UNSPECIFIED.);
#6379=B_SPLINE_SURFACE_WITH_KNOTS('',3,1,((#10361,#10362),(#10363,#10364),
(#10365,#10366),(#10367,#10368),(#10369,#10370)),.UNSPECIFIED.,.F.,.F.,
 .F.,(4,1,4),(2,2),(0.,0.0935651144537266,0.189827196336428),(0.,0.2),
 .UNSPECIFIED.);
#6380=B_SPLINE_SURFACE_WITH_KNOTS('',3,1,((#10403,#10404),(#10405,#10406),
(#10407,#10408),(#10409,#10410),(#10411,#10412)),.UNSPECIFIED.,.F.,.F.,
 .F.,(4,1,4),(2,2),(0.,0.061647401042349,0.143572123310939),(0.,0.2),
 .UNSPECIFIED.);
#6381=B_SPLINE_SURFACE_WITH_KNOTS('',3,1,((#10426,#10427),(#10428,#10429),
(#10430,#10431),(#10432,#10433),(#10434,#10435)),.UNSPECIFIED.,.F.,.F.,
 .F.,(4,1,4),(2,2),(0.,0.0531728987335751,0.104609093623551),(0.,0.2),
 .UNSPECIFIED.);
#6382=B_SPLINE_SURFACE_WITH_KNOTS('',3,1,((#10449,#10450),(#10451,#10452),
(#10453,#10454),(#10455,#10456),(#10457,#10458)),.UNSPECIFIED.,.F.,.F.,
 .F.,(4,1,4),(2,2),(0.,0.0540125578462284,0.108459210965226),(0.,0.2),
 .UNSPECIFIED.);
#6383=B_SPLINE_SURFACE_WITH_KNOTS('',3,1,((#10472,#10473),(#10474,#10475),
(#10476,#10477),(#10478,#10479),(#10480,#10481)),.UNSPECIFIED.,.F.,.F.,
 .F.,(4,1,4),(2,2),(0.,0.0467889436779926,0.0980745561960349),(0.,0.2),
 .UNSPECIFIED.);
#6384=B_SPLINE_SURFACE_WITH_KNOTS('',3,1,((#10495,#10496),(#10497,#10498),
(#10499,#10500),(#10501,#10502),(#10503,#10504)),.UNSPECIFIED.,.F.,.F.,
 .F.,(4,1,4),(2,2),(0.,0.0468571380601937,0.0920334728242423),(0.,0.2),
 .UNSPECIFIED.);
#6385=B_SPLINE_SURFACE_WITH_KNOTS('',3,1,((#10518,#10519),(#10520,#10521),
(#10522,#10523),(#10524,#10525),(#10526,#10527)),.UNSPECIFIED.,.F.,.F.,
 .F.,(4,1,4),(2,2),(0.,0.0805129816468679,0.129947624249482),(0.,0.2),
 .UNSPECIFIED.);
#6386=B_SPLINE_SURFACE_WITH_KNOTS('',3,1,((#10559,#10560),(#10561,#10562),
(#10563,#10564),(#10565,#10566),(#10567,#10568)),.UNSPECIFIED.,.F.,.F.,
 .F.,(4,1,4),(2,2),(0.,0.0470634247980986,0.114961152106584),(0.,0.2),
 .UNSPECIFIED.);
#6387=B_SPLINE_SURFACE_WITH_KNOTS('',3,1,((#10582,#10583),(#10584,#10585),
(#10586,#10587),(#10588,#10589),(#10590,#10591)),.UNSPECIFIED.,.F.,.F.,
 .F.,(4,1,4),(2,2),(0.,0.0472890690291302,0.099190220016687),(0.,0.2),
 .UNSPECIFIED.);
#6388=B_SPLINE_SURFACE_WITH_KNOTS('',3,1,((#10605,#10606),(#10607,#10608),
(#10609,#10610),(#10611,#10612),(#10613,#10614)),.UNSPECIFIED.,.F.,.F.,
 .F.,(4,1,4),(2,2),(0.,0.0557989963027098,0.103972375985176),(0.,0.2),
 .UNSPECIFIED.);
#6389=B_SPLINE_SURFACE_WITH_KNOTS('',3,1,((#10628,#10629),(#10630,#10631),
(#10632,#10633),(#10634,#10635),(#10636,#10637)),.UNSPECIFIED.,.F.,.F.,
 .F.,(4,1,4),(2,2),(0.,0.0622911402793644,0.122883910045304),(0.,0.2),
 .UNSPECIFIED.);
#6390=B_SPLINE_SURFACE_WITH_KNOTS('',3,1,((#10651,#10652),(#10653,#10654),
(#10655,#10656),(#10657,#10658),(#10659,#10660)),.UNSPECIFIED.,.F.,.F.,
 .F.,(4,1,4),(2,2),(0.,0.135765776231105,0.269453014155426),(0.,0.2),
 .UNSPECIFIED.);
#6391=B_SPLINE_SURFACE_WITH_KNOTS('',3,1,((#10684,#10685),(#10686,#10687),
(#10688,#10689),(#10690,#10691),(#10692,#10693)),.UNSPECIFIED.,.F.,.F.,
 .F.,(4,1,4),(2,2),(0.,0.079124242571743,0.156243078076768),(0.,0.2),
 .UNSPECIFIED.);
#6392=B_SPLINE_SURFACE_WITH_KNOTS('',3,1,((#10710,#10711),(#10712,#10713),
(#10714,#10715),(#10716,#10717),(#10718,#10719)),.UNSPECIFIED.,.F.,.F.,
 .F.,(4,1,4),(2,2),(0.,0.0858387940420674,0.172428994096009),(0.,0.2),
 .UNSPECIFIED.);
#6393=B_SPLINE_SURFACE_WITH_KNOTS('',3,1,((#10733,#10734),(#10735,#10736),
(#10737,#10738),(#10739,#10740),(#10741,#10742)),.UNSPECIFIED.,.F.,.F.,
 .F.,(4,1,4),(2,2),(0.,0.081503791990215,0.146356293515904),(0.,0.2),
 .UNSPECIFIED.);
#6394=B_SPLINE_SURFACE_WITH_KNOTS('',3,1,((#10762,#10763),(#10764,#10765),
(#10766,#10767),(#10768,#10769),(#10770,#10771)),.UNSPECIFIED.,.F.,.F.,
 .F.,(4,1,4),(2,2),(0.,0.0798865610399272,0.167246938643427),(0.,0.2),
 .UNSPECIFIED.);
#6395=B_SPLINE_SURFACE_WITH_KNOTS('',3,1,((#10782,#10783),(#10784,#10785),
(#10786,#10787),(#10788,#10789),(#10790,#10791)),.UNSPECIFIED.,.F.,.F.,
 .F.,(4,1,4),(2,2),(0.,0.0632104685997126,0.122239361199419),(0.,0.2),
 .UNSPECIFIED.);
#6396=B_SPLINE_SURFACE_WITH_KNOTS('',3,1,((#10808,#10809),(#10810,#10811),
(#10812,#10813),(#10814,#10815),(#10816,#10817)),.UNSPECIFIED.,.F.,.F.,
 .F.,(4,1,4),(2,2),(0.,0.0831668247843591,0.167884078798029),(0.,0.2),
 .UNSPECIFIED.);
#6397=B_SPLINE_SURFACE_WITH_KNOTS('',3,1,((#10831,#10832),(#10833,#10834),
(#10835,#10836),(#10837,#10838),(#10839,#10840)),.UNSPECIFIED.,.F.,.F.,
 .F.,(4,1,4),(2,2),(0.,0.107324887136278,0.198019249617392),(0.,0.2),
 .UNSPECIFIED.);
#6398=B_SPLINE_SURFACE_WITH_KNOTS('',3,1,((#10860,#10861),(#10862,#10863),
(#10864,#10865),(#10866,#10867),(#10868,#10869)),.UNSPECIFIED.,.F.,.F.,
 .F.,(4,1,4),(2,2),(0.,0.0136436174962033,0.0327500497420271),(0.,0.2),
 .UNSPECIFIED.);
#6399=B_SPLINE_SURFACE_WITH_KNOTS('',3,1,((#10883,#10884),(#10885,#10886),
(#10887,#10888),(#10889,#10890),(#10891,#10892)),.UNSPECIFIED.,.F.,.F.,
 .F.,(4,1,4),(2,2),(0.,0.137617056274921,0.298549123634584),(0.,0.2),
 .UNSPECIFIED.);
#6400=B_SPLINE_SURFACE_WITH_KNOTS('',3,1,((#10906,#10907),(#10908,#10909),
(#10910,#10911),(#10912,#10913),(#10914,#10915)),.UNSPECIFIED.,.F.,.F.,
 .F.,(4,1,4),(2,2),(0.,0.134288066066595,0.263166892497726),(0.,0.2),
 .UNSPECIFIED.);
#6401=B_SPLINE_SURFACE_WITH_KNOTS('',3,1,((#10929,#10930),(#10931,#10932),
(#10933,#10934),(#10935,#10936),(#10937,#10938)),.UNSPECIFIED.,.F.,.F.,
 .F.,(4,1,4),(2,2),(0.,0.131993373501308,0.270398579907754),(0.,0.2),
 .UNSPECIFIED.);
#6402=B_SPLINE_SURFACE_WITH_KNOTS('',3,1,((#10952,#10953),(#10954,#10955),
(#10956,#10957),(#10958,#10959),(#10960,#10961)),.UNSPECIFIED.,.F.,.F.,
 .F.,(4,1,4),(2,2),(0.,0.164043341691686,0.304496056677605),(0.,0.2),
 .UNSPECIFIED.);
#6403=B_SPLINE_SURFACE_WITH_KNOTS('',3,1,((#10975,#10976),(#10977,#10978),
(#10979,#10980),(#10981,#10982),(#10983,#10984)),.UNSPECIFIED.,.F.,.F.,
 .F.,(4,1,4),(2,2),(0.,0.136755659209686,0.295446934493481),(0.,0.2),
 .UNSPECIFIED.);
#6404=B_SPLINE_SURFACE_WITH_KNOTS('',3,1,((#10998,#10999),(#11000,#11001),
(#11002,#11003),(#11004,#11005),(#11006,#11007)),.UNSPECIFIED.,.F.,.F.,
 .F.,(4,1,4),(2,2),(0.,0.144565675609674,0.276453838272329),(0.,0.2),
 .UNSPECIFIED.);
#6405=B_SPLINE_SURFACE_WITH_KNOTS('',3,1,((#11021,#11022),(#11023,#11024),
(#11025,#11026),(#11027,#11028),(#11029,#11030)),.UNSPECIFIED.,.F.,.F.,
 .F.,(4,1,4),(2,2),(0.,0.103262180586384,0.219221107915651),(0.,0.2),
 .UNSPECIFIED.);
#6406=B_SPLINE_SURFACE_WITH_KNOTS('',3,1,((#11044,#11045),(#11046,#11047),
(#11048,#11049),(#11050,#11051),(#11052,#11053)),.UNSPECIFIED.,.F.,.F.,
 .F.,(4,1,4),(2,2),(0.,0.107616582078834,0.208257856038807),(0.,0.2),
 .UNSPECIFIED.);
#6407=B_SPLINE_SURFACE_WITH_KNOTS('',3,1,((#11073,#11074),(#11075,#11076),
(#11077,#11078),(#11079,#11080),(#11081,#11082)),.UNSPECIFIED.,.F.,.F.,
 .F.,(4,1,4),(2,2),(0.,0.0628663543723153,0.137684151580877),(0.,0.2),
 .UNSPECIFIED.);
#6408=B_SPLINE_SURFACE_WITH_KNOTS('',3,1,((#11103,#11104),(#11105,#11106),
(#11107,#11108),(#11109,#11110),(#11111,#11112)),.UNSPECIFIED.,.F.,.F.,
 .F.,(4,1,4),(2,2),(0.,0.0702509813133225,0.145119006326439),(0.,0.2),
 .UNSPECIFIED.);
#6409=B_SPLINE_SURFACE_WITH_KNOTS('',3,1,((#11126,#11127),(#11128,#11129),
(#11130,#11131),(#11132,#11133),(#11134,#11135)),.UNSPECIFIED.,.F.,.F.,
 .F.,(4,1,4),(2,2),(0.,0.0398664351918436,0.0822767776851653),(0.,0.2),
 .UNSPECIFIED.);
#6410=B_SPLINE_SURFACE_WITH_KNOTS('',3,1,((#11149,#11150),(#11151,#11152),
(#11153,#11154),(#11155,#11156),(#11157,#11158)),.UNSPECIFIED.,.F.,.F.,
 .F.,(4,1,4),(2,2),(0.,0.0386761690622372,0.0773165921252373),(0.,0.2),
 .UNSPECIFIED.);
#6411=B_SPLINE_SURFACE_WITH_KNOTS('',3,1,((#11172,#11173),(#11174,#11175),
(#11176,#11177),(#11178,#11179),(#11180,#11181)),.UNSPECIFIED.,.F.,.F.,
 .F.,(4,1,4),(2,2),(0.,0.0492437248316367,0.094752437497521),(0.,0.2),
 .UNSPECIFIED.);
#6412=B_SPLINE_SURFACE_WITH_KNOTS('',3,1,((#11201,#11202),(#11203,#11204),
(#11205,#11206),(#11207,#11208),(#11209,#11210)),.UNSPECIFIED.,.F.,.F.,
 .F.,(4,1,4),(2,2),(0.,0.0633620984235782,0.133551277756489),(0.,0.2),
 .UNSPECIFIED.);
#6413=B_SPLINE_SURFACE_WITH_KNOTS('',3,1,((#11224,#11225),(#11226,#11227),
(#11228,#11229),(#11230,#11231),(#11232,#11233)),.UNSPECIFIED.,.F.,.F.,
 .F.,(4,1,4),(2,2),(0.,0.0418701297237398,0.0835086649442082),(0.,0.2),
 .UNSPECIFIED.);
#6414=B_SPLINE_SURFACE_WITH_KNOTS('',3,1,((#11247,#11248),(#11249,#11250),
(#11251,#11252),(#11253,#11254),(#11255,#11256)),.UNSPECIFIED.,.F.,.F.,
 .F.,(4,1,4),(2,2),(0.,0.0757877164406787,0.128905402756581),(0.,0.2),
 .UNSPECIFIED.);
#6415=B_SPLINE_SURFACE_WITH_KNOTS('',3,1,((#11292,#11293),(#11294,#11295),
(#11296,#11297),(#11298,#11299),(#11300,#11301)),.UNSPECIFIED.,.F.,.F.,
 .F.,(4,1,4),(2,2),(0.,0.0859855175685639,0.171831661105314),(0.,0.2),
 .UNSPECIFIED.);
#6416=B_SPLINE_SURFACE_WITH_KNOTS('',3,1,((#11318,#11319),(#11320,#11321),
(#11322,#11323),(#11324,#11325),(#11326,#11327)),.UNSPECIFIED.,.F.,.F.,
 .F.,(4,1,4),(2,2),(0.,0.0859323084094143,0.171016415042026),(0.,0.2),
 .UNSPECIFIED.);
#6417=B_SPLINE_SURFACE_WITH_KNOTS('',3,1,((#11341,#11342),(#11343,#11344),
(#11345,#11346),(#11347,#11348),(#11349,#11350)),.UNSPECIFIED.,.F.,.F.,
 .F.,(4,1,4),(2,2),(0.,0.119075688516835,0.216083670389878),(0.,0.2),
 .UNSPECIFIED.);
#6418=B_SPLINE_SURFACE_WITH_KNOTS('',3,1,((#11364,#11365),(#11366,#11367),
(#11368,#11369),(#11370,#11371),(#11372,#11373)),.UNSPECIFIED.,.F.,.F.,
 .F.,(4,1,4),(2,2),(0.,0.0989251885359925,0.224166155404234),(0.,0.2),
 .UNSPECIFIED.);
#6419=B_SPLINE_SURFACE_WITH_KNOTS('',3,1,((#11387,#11388),(#11389,#11390),
(#11391,#11392),(#11393,#11394),(#11395,#11396)),.UNSPECIFIED.,.F.,.F.,
 .F.,(4,1,4),(2,2),(0.,0.0855188365167947,0.171538447728897),(0.,0.2),
 .UNSPECIFIED.);
#6420=B_SPLINE_SURFACE_WITH_KNOTS('',3,1,((#11410,#11411),(#11412,#11413),
(#11414,#11415),(#11416,#11417),(#11418,#11419)),.UNSPECIFIED.,.F.,.F.,
 .F.,(4,1,4),(2,2),(0.,0.086000367536698,0.172002998955604),(0.,0.2),
 .UNSPECIFIED.);
#6421=B_SPLINE_SURFACE_WITH_KNOTS('',3,1,((#11433,#11434),(#11435,#11436),
(#11437,#11438),(#11439,#11440),(#11441,#11442)),.UNSPECIFIED.,.F.,.F.,
 .F.,(4,1,4),(2,2),(0.,0.122617521317218,0.220560235710631),(0.,0.2),
 .UNSPECIFIED.);
#6422=B_SPLINE_SURFACE_WITH_KNOTS('',3,1,((#11456,#11457),(#11458,#11459),
(#11460,#11461),(#11462,#11463),(#11464,#11465)),.UNSPECIFIED.,.F.,.F.,
 .F.,(4,1,4),(2,2),(0.,0.0977160136114226,0.220249074400767),(0.,0.2),
 .UNSPECIFIED.);
#6423=B_SPLINE_SURFACE_WITH_KNOTS('',3,1,((#11476,#11477),(#11478,#11479),
(#11480,#11481),(#11482,#11483),(#11484,#11485)),.UNSPECIFIED.,.F.,.F.,
 .F.,(4,1,4),(2,2),(0.,0.139679365891702,0.270434383139052),(0.,0.2),
 .UNSPECIFIED.);
#6424=B_SPLINE_SURFACE_WITH_KNOTS('',3,1,((#11502,#11503),(#11504,#11505),
(#11506,#11507),(#11508,#11509),(#11510,#11511)),.UNSPECIFIED.,.F.,.F.,
 .F.,(4,1,4),(2,2),(0.,0.0901721958203958,0.1819930419251),(0.,0.2),
 .UNSPECIFIED.);
#6425=B_SPLINE_SURFACE_WITH_KNOTS('',3,1,((#11525,#11526),(#11527,#11528),
(#11529,#11530),(#11531,#11532),(#11533,#11534)),.UNSPECIFIED.,.F.,.F.,
 .F.,(4,1,4),(2,2),(0.,0.087871306990112,0.17632692769689),(0.,0.2),
 .UNSPECIFIED.);
#6426=B_SPLINE_SURFACE_WITH_KNOTS('',3,1,((#11548,#11549),(#11550,#11551),
(#11552,#11553),(#11554,#11555),(#11556,#11557)),.UNSPECIFIED.,.F.,.F.,
 .F.,(4,1,4),(2,2),(0.,0.125354247813493,0.225496796135211),(0.,0.2),
 .UNSPECIFIED.);
#6427=B_SPLINE_SURFACE_WITH_KNOTS('',3,1,((#11571,#11572),(#11573,#11574),
(#11575,#11576),(#11577,#11578),(#11579,#11580)),.UNSPECIFIED.,.F.,.F.,
 .F.,(4,1,4),(2,2),(0.,0.136538670642359,0.292258541835226),(0.,0.2),
 .UNSPECIFIED.);
#6428=B_SPLINE_SURFACE_WITH_KNOTS('',3,1,((#11594,#11595),(#11596,#11597),
(#11598,#11599),(#11600,#11601),(#11602,#11603)),.UNSPECIFIED.,.F.,.F.,
 .F.,(4,1,4),(2,2),(0.,0.137931781826059,0.268900746858058),(0.,0.2),
 .UNSPECIFIED.);
#6429=B_SPLINE_SURFACE_WITH_KNOTS('',3,1,((#11617,#11618),(#11619,#11620),
(#11621,#11622),(#11623,#11624),(#11625,#11626)),.UNSPECIFIED.,.F.,.F.,
 .F.,(4,1,4),(2,2),(0.,0.1199775023854,0.245745170816491),(0.,0.2),
 .UNSPECIFIED.);
#6430=B_SPLINE_SURFACE_WITH_KNOTS('',3,1,((#11640,#11641),(#11642,#11643),
(#11644,#11645),(#11646,#11647),(#11648,#11649)),.UNSPECIFIED.,.F.,.F.,
 .F.,(4,1,4),(2,2),(0.,0.177355368701133,0.326208020821584),(0.,0.2),
 .UNSPECIFIED.);
#6431=B_SPLINE_SURFACE_WITH_KNOTS('',3,1,((#11663,#11664),(#11665,#11666),
(#11667,#11668),(#11669,#11670),(#11671,#11672)),.UNSPECIFIED.,.F.,.F.,
 .F.,(4,1,4),(2,2),(0.,0.13826349538741,0.301957066227685),(0.,0.2),
 .UNSPECIFIED.);
#6432=B_SPLINE_SURFACE_WITH_KNOTS('',3,1,((#11693,#11694),(#11695,#11696),
(#11697,#11698),(#11699,#11700),(#11701,#11702)),.UNSPECIFIED.,.F.,.F.,
 .F.,(4,1,4),(2,2),(0.,0.0796743255419173,0.143303041971482),(0.,0.2),
 .UNSPECIFIED.);
#6433=B_SPLINE_SURFACE_WITH_KNOTS('',3,1,((#11716,#11717),(#11718,#11719),
(#11720,#11721),(#11722,#11723),(#11724,#11725)),.UNSPECIFIED.,.F.,.F.,
 .F.,(4,1,4),(2,2),(0.,0.08532672473031,0.171839838115709),(0.,0.2),
 .UNSPECIFIED.);
#6434=B_SPLINE_SURFACE_WITH_KNOTS('',3,1,((#11739,#11740),(#11741,#11742),
(#11743,#11744),(#11745,#11746),(#11747,#11748)),.UNSPECIFIED.,.F.,.F.,
 .F.,(4,1,4),(2,2),(0.,0.0964505960593094,0.193247819274895),(0.,0.2),
 .UNSPECIFIED.);
#6435=B_SPLINE_SURFACE_WITH_KNOTS('',3,1,((#11762,#11763),(#11764,#11765),
(#11766,#11767),(#11768,#11769),(#11770,#11771)),.UNSPECIFIED.,.F.,.F.,
 .F.,(4,1,4),(2,2),(0.,0.0966921738611765,0.191876832301731),(0.,0.2),
 .UNSPECIFIED.);
#6436=B_SPLINE_SURFACE_WITH_KNOTS('',3,1,((#11785,#11786),(#11787,#11788),
(#11789,#11790),(#11791,#11792),(#11793,#11794)),.UNSPECIFIED.,.F.,.F.,
 .F.,(4,1,4),(2,2),(0.,0.123321511885046,0.230019343183169),(0.,0.2),
 .UNSPECIFIED.);
#6437=B_SPLINE_SURFACE_WITH_KNOTS('',3,1,((#11808,#11809),(#11810,#11811),
(#11812,#11813),(#11814,#11815),(#11816,#11817)),.UNSPECIFIED.,.F.,.F.,
 .F.,(4,1,4),(2,2),(0.,0.100846796903345,0.205818196692169),(0.,0.2),
 .UNSPECIFIED.);
#6438=B_SPLINE_SURFACE_WITH_KNOTS('',3,1,((#11831,#11832),(#11833,#11834),
(#11835,#11836),(#11837,#11838),(#11839,#11840)),.UNSPECIFIED.,.F.,.F.,
 .F.,(4,1,4),(2,2),(0.,0.0594326100399676,0.117746376709173),(0.,0.2),
 .UNSPECIFIED.);
#6439=B_SPLINE_SURFACE_WITH_KNOTS('',3,1,((#11854,#11855),(#11856,#11857),
(#11858,#11859),(#11860,#11861),(#11862,#11863)),.UNSPECIFIED.,.F.,.F.,
 .F.,(4,1,4),(2,2),(0.,0.0677866069577617,0.129927337899432),(0.,0.2),
 .UNSPECIFIED.);
#6440=B_SPLINE_SURFACE_WITH_KNOTS('',3,1,((#11877,#11878),(#11879,#11880),
(#11881,#11882),(#11883,#11884),(#11885,#11886)),.UNSPECIFIED.,.F.,.F.,
 .F.,(4,1,4),(2,2),(0.,0.084865264001581,0.160081037485835),(0.,0.2),
 .UNSPECIFIED.);
#6441=B_SPLINE_SURFACE_WITH_KNOTS('',3,1,((#11900,#11901),(#11902,#11903),
(#11904,#11905),(#11906,#11907),(#11908,#11909)),.UNSPECIFIED.,.F.,.F.,
 .F.,(4,1,4),(2,2),(0.,0.068382555851632,0.140985461710394),(0.,0.2),
 .UNSPECIFIED.);
#6442=B_SPLINE_SURFACE_WITH_KNOTS('',3,1,((#11923,#11924),(#11925,#11926),
(#11927,#11928),(#11929,#11930),(#11931,#11932)),.UNSPECIFIED.,.F.,.F.,
 .F.,(4,1,4),(2,2),(0.,0.0565010856720954,0.119367895230634),(0.,0.2),
 .UNSPECIFIED.);
#6443=B_SPLINE_SURFACE_WITH_KNOTS('',3,1,((#11946,#11947),(#11948,#11949),
(#11950,#11951),(#11952,#11953),(#11954,#11955)),.UNSPECIFIED.,.F.,.F.,
 .F.,(4,1,4),(2,2),(0.,0.0727323430046779,0.132980082790653),(0.,0.2),
 .UNSPECIFIED.);
#6444=B_SPLINE_SURFACE_WITH_KNOTS('',3,1,((#11975,#11976),(#11977,#11978),
(#11979,#11980),(#11981,#11982),(#11983,#11984)),.UNSPECIFIED.,.F.,.F.,
 .F.,(4,1,4),(2,2),(0.,0.0845510990450518,0.181359382726751),(0.,0.2),
 .UNSPECIFIED.);
#6445=B_SPLINE_SURFACE_WITH_KNOTS('',3,1,((#11998,#11999),(#12000,#12001),
(#12002,#12003),(#12004,#12005),(#12006,#12007)),.UNSPECIFIED.,.F.,.F.,
 .F.,(4,1,4),(2,2),(0.,0.0887724115364304,0.170202569340088),(0.,0.2),
 .UNSPECIFIED.);
#6446=B_SPLINE_SURFACE_WITH_KNOTS('',3,1,((#12021,#12022),(#12023,#12024),
(#12025,#12026),(#12027,#12028),(#12029,#12030)),.UNSPECIFIED.,.F.,.F.,
 .F.,(4,1,4),(2,2),(0.,0.103629992696777,0.200150345014595),(0.,0.2),
 .UNSPECIFIED.);
#6447=B_SPLINE_SURFACE_WITH_KNOTS('',3,1,((#12044,#12045),(#12046,#12047),
(#12048,#12049),(#12050,#12051),(#12052,#12053)),.UNSPECIFIED.,.F.,.F.,
 .F.,(4,1,4),(2,2),(0.,0.131611669141867,0.273135248383411),(0.,0.2),
 .UNSPECIFIED.);
#6448=B_SPLINE_SURFACE_WITH_KNOTS('',3,1,((#12067,#12068),(#12069,#12070),
(#12071,#12072),(#12073,#12074),(#12075,#12076)),.UNSPECIFIED.,.F.,.F.,
 .F.,(4,1,4),(2,2),(0.,0.133025417679803,0.260608131191093),(0.,0.2),
 .UNSPECIFIED.);
#6449=B_SPLINE_SURFACE_WITH_KNOTS('',3,1,((#12090,#12091),(#12092,#12093),
(#12094,#12095),(#12096,#12097),(#12098,#12099)),.UNSPECIFIED.,.F.,.F.,
 .F.,(4,1,4),(2,2),(0.,0.141938227229314,0.281082630801068),(0.,0.2),
 .UNSPECIFIED.);
#6450=B_SPLINE_SURFACE_WITH_KNOTS('',3,1,((#12113,#12114),(#12115,#12116),
(#12117,#12118),(#12119,#12120),(#12121,#12122)),.UNSPECIFIED.,.F.,.F.,
 .F.,(4,1,4),(2,2),(0.,0.134491450426527,0.275676053969752),(0.,0.2),
 .UNSPECIFIED.);
#6451=B_SPLINE_SURFACE_WITH_KNOTS('',3,1,((#12136,#12137),(#12138,#12139),
(#12140,#12141),(#12142,#12143),(#12144,#12145)),.UNSPECIFIED.,.F.,.F.,
 .F.,(4,1,4),(2,2),(0.,0.130825462584574,0.260773607699383),(0.,0.2),
 .UNSPECIFIED.);
#6452=B_SPLINE_SURFACE_WITH_KNOTS('',3,1,((#12159,#12160),(#12161,#12162),
(#12163,#12164),(#12165,#12166),(#12167,#12168)),.UNSPECIFIED.,.F.,.F.,
 .F.,(4,1,4),(2,2),(0.,0.14148586545738,0.277139470900231),(0.,0.2),
 .UNSPECIFIED.);
#6453=B_SPLINE_SURFACE_WITH_KNOTS('',3,1,((#12182,#12183),(#12184,#12185),
(#12186,#12187),(#12188,#12189),(#12190,#12191)),.UNSPECIFIED.,.F.,.F.,
 .F.,(4,1,4),(2,2),(0.,0.109088775514719,0.217310090840773),(0.,0.2),
 .UNSPECIFIED.);
#6454=B_SPLINE_SURFACE_WITH_KNOTS('',3,1,((#12205,#12206),(#12207,#12208),
(#12209,#12210),(#12211,#12212),(#12213,#12214)),.UNSPECIFIED.,.F.,.F.,
 .F.,(4,1,4),(2,2),(0.,0.120241558672604,0.233473328029515),(0.,0.2),
 .UNSPECIFIED.);
#6455=B_SPLINE_SURFACE_WITH_KNOTS('',3,1,((#12259,#12260),(#12261,#12262),
(#12263,#12264),(#12265,#12266),(#12267,#12268)),.UNSPECIFIED.,.F.,.F.,
 .F.,(4,1,4),(2,2),(0.,0.0611045833117592,0.153087810575813),(0.,0.2),
 .UNSPECIFIED.);
#6456=B_SPLINE_SURFACE_WITH_KNOTS('',3,1,((#12282,#12283),(#12284,#12285),
(#12286,#12287),(#12288,#12289),(#12290,#12291)),.UNSPECIFIED.,.F.,.F.,
 .F.,(4,1,4),(2,2),(0.,0.04309740299697,0.0871029172261418),(0.,0.2),
 .UNSPECIFIED.);
#6457=B_SPLINE_SURFACE_WITH_KNOTS('',3,1,((#12305,#12306),(#12307,#12308),
(#12309,#12310),(#12311,#12312),(#12313,#12314)),.UNSPECIFIED.,.F.,.F.,
 .F.,(4,1,4),(2,2),(0.,0.0471900835848537,0.0917851921033735),(0.,0.2),
 .UNSPECIFIED.);
#6458=B_SPLINE_SURFACE_WITH_KNOTS('',3,1,((#12328,#12329),(#12330,#12331),
(#12332,#12333),(#12334,#12335),(#12336,#12337)),.UNSPECIFIED.,.F.,.F.,
 .F.,(4,1,4),(2,2),(0.,0.0436629260926985,0.0921763037535777),(0.,0.2),
 .UNSPECIFIED.);
#6459=B_SPLINE_SURFACE_WITH_KNOTS('',3,1,((#12351,#12352),(#12353,#12354),
(#12355,#12356),(#12357,#12358),(#12359,#12360)),.UNSPECIFIED.,.F.,.F.,
 .F.,(4,1,4),(2,2),(0.,0.0485430696242338,0.0921563420223155),(0.,0.2),
 .UNSPECIFIED.);
#6460=B_SPLINE_SURFACE_WITH_KNOTS('',3,1,((#12374,#12375),(#12376,#12377),
(#12378,#12379),(#12380,#12381),(#12382,#12383)),.UNSPECIFIED.,.F.,.F.,
 .F.,(4,1,4),(2,2),(0.,0.0756012733990361,0.126990608525804),(0.,0.2),
 .UNSPECIFIED.);
#6461=B_SPLINE_SURFACE_WITH_KNOTS('',3,1,((#12415,#12416),(#12417,#12418),
(#12419,#12420),(#12421,#12422),(#12423,#12424)),.UNSPECIFIED.,.F.,.F.,
 .F.,(4,1,4),(2,2),(0.,0.0632429173712674,0.147674440092678),(0.,0.2),
 .UNSPECIFIED.);
#6462=B_SPLINE_SURFACE_WITH_KNOTS('',3,1,((#12438,#12439),(#12440,#12441),
(#12442,#12443),(#12444,#12445),(#12446,#12447)),.UNSPECIFIED.,.F.,.F.,
 .F.,(4,1,4),(2,2),(0.,0.0490220300628985,0.0997381349053986),(0.,0.2),
 .UNSPECIFIED.);
#6463=B_SPLINE_SURFACE_WITH_KNOTS('',3,1,((#12461,#12462),(#12463,#12464),
(#12465,#12466),(#12467,#12468),(#12469,#12470)),.UNSPECIFIED.,.F.,.F.,
 .F.,(4,1,4),(2,2),(0.,0.0527565352945926,0.102564849889208),(0.,0.2),
 .UNSPECIFIED.);
#6464=B_SPLINE_SURFACE_WITH_KNOTS('',3,1,((#12484,#12485),(#12486,#12487),
(#12488,#12489),(#12490,#12491),(#12492,#12493)),.UNSPECIFIED.,.F.,.F.,
 .F.,(4,1,4),(2,2),(0.,0.0420142991749754,0.087220848700571),(0.,0.2),
 .UNSPECIFIED.);
#6465=B_SPLINE_SURFACE_WITH_KNOTS('',3,1,((#12507,#12508),(#12509,#12510),
(#12511,#12512),(#12513,#12514),(#12515,#12516)),.UNSPECIFIED.,.F.,.F.,
 .F.,(4,1,4),(2,2),(0.,0.0364964088796509,0.0757396036136326),(0.,0.2),
 .UNSPECIFIED.);
#6466=B_SPLINE_SURFACE_WITH_KNOTS('',3,1,((#12530,#12531),(#12532,#12533),
(#12534,#12535),(#12536,#12537),(#12538,#12539)),.UNSPECIFIED.,.F.,.F.,
 .F.,(4,1,4),(2,2),(0.,0.0433473616099264,0.0814871003745237),(0.,0.2),
 .UNSPECIFIED.);
#6467=B_SPLINE_SURFACE_WITH_KNOTS('',3,1,((#12553,#12554),(#12555,#12556),
(#12557,#12558),(#12559,#12560),(#12561,#12562)),.UNSPECIFIED.,.F.,.F.,
 .F.,(4,1,4),(2,2),(0.,0.0545833106744261,0.0902343084980706),(0.,0.2),
 .UNSPECIFIED.);
#6468=B_SPLINE_SURFACE_WITH_KNOTS('',3,1,((#12585,#12586),(#12587,#12588),
(#12589,#12590),(#12591,#12592),(#12593,#12594)),.UNSPECIFIED.,.F.,.F.,
 .F.,(4,1,4),(2,2),(0.,0.0743082419449125,0.162487088801637),(0.,0.2),
 .UNSPECIFIED.);
#6469=B_SPLINE_SURFACE_WITH_KNOTS('',3,1,((#12611,#12612),(#12613,#12614),
(#12615,#12616),(#12617,#12618),(#12619,#12620)),.UNSPECIFIED.,.F.,.F.,
 .F.,(4,1,4),(2,2),(0.,0.0569751562387751,0.120719637425535),(0.,0.2),
 .UNSPECIFIED.);
#6470=B_SPLINE_SURFACE_WITH_KNOTS('',3,1,((#12634,#12635),(#12636,#12637),
(#12638,#12639),(#12640,#12641),(#12642,#12643)),.UNSPECIFIED.,.F.,.F.,
 .F.,(4,1,4),(2,2),(0.,0.0629151177367667,0.119349768797718),(0.,0.2),
 .UNSPECIFIED.);
#6471=B_SPLINE_SURFACE_WITH_KNOTS('',3,1,((#12657,#12658),(#12659,#12660),
(#12661,#12662),(#12663,#12664),(#12665,#12666)),.UNSPECIFIED.,.F.,.F.,
 .F.,(4,1,4),(2,2),(0.,0.0681911470496638,0.134856429202404),(0.,0.2),
 .UNSPECIFIED.);
#6472=B_SPLINE_SURFACE_WITH_KNOTS('',3,1,((#12680,#12681),(#12682,#12683),
(#12684,#12685),(#12686,#12687),(#12688,#12689)),.UNSPECIFIED.,.F.,.F.,
 .F.,(4,1,4),(2,2),(0.,0.0789086902441637,0.161329937120587),(0.,0.2),
 .UNSPECIFIED.);
#6473=B_SPLINE_SURFACE_WITH_KNOTS('',3,1,((#12703,#12704),(#12705,#12706),
(#12707,#12708),(#12709,#12710),(#12711,#12712)),.UNSPECIFIED.,.F.,.F.,
 .F.,(4,1,4),(2,2),(0.,0.0879342149452207,0.168608178862688),(0.,0.2),
 .UNSPECIFIED.);
#6474=B_SPLINE_SURFACE_WITH_KNOTS('',3,1,((#12726,#12727),(#12728,#12729),
(#12730,#12731),(#12732,#12733),(#12734,#12735)),.UNSPECIFIED.,.F.,.F.,
 .F.,(4,1,4),(2,2),(0.,0.0672545400932184,0.140661814775408),(0.,0.2),
 .UNSPECIFIED.);
#6475=B_SPLINE_SURFACE_WITH_KNOTS('',3,1,((#12749,#12750),(#12751,#12752),
(#12753,#12754),(#12755,#12756),(#12757,#12758)),.UNSPECIFIED.,.F.,.F.,
 .F.,(4,1,4),(2,2),(0.,0.0628488422493533,0.126896750210409),(0.,0.2),
 .UNSPECIFIED.);
#6476=B_SPLINE_SURFACE_WITH_KNOTS('',3,1,((#12772,#12773),(#12774,#12775),
(#12776,#12777),(#12778,#12779),(#12780,#12781)),.UNSPECIFIED.,.F.,.F.,
 .F.,(4,1,4),(2,2),(0.,0.0709336507623513,0.139088150433544),(0.,0.2),
 .UNSPECIFIED.);
#6477=B_SPLINE_SURFACE_WITH_KNOTS('',3,1,((#12795,#12796),(#12797,#12798),
(#12799,#12800),(#12801,#12802),(#12803,#12804)),.UNSPECIFIED.,.F.,.F.,
 .F.,(4,1,4),(2,2),(0.,0.0727754956312688,0.144876477224146),(0.,0.2),
 .UNSPECIFIED.);
#6478=B_SPLINE_SURFACE_WITH_KNOTS('',3,1,((#12818,#12819),(#12820,#12821),
(#12822,#12823),(#12824,#12825),(#12826,#12827)),.UNSPECIFIED.,.F.,.F.,
 .F.,(4,1,4),(2,2),(0.,0.103535661499399,0.187266422354074),(0.,0.2),
 .UNSPECIFIED.);
#6479=ADVANCED_FACE('',(#265),#6284,.F.);
#6480=ADVANCED_FACE('',(#266),#6285,.F.);
#6481=ADVANCED_FACE('',(#267),#6286,.F.);
#6482=ADVANCED_FACE('',(#268),#121,.F.);
#6483=ADVANCED_FACE('',(#269),#122,.F.);
#6484=ADVANCED_FACE('',(#270),#123,.F.);
#6485=ADVANCED_FACE('',(#271),#6287,.F.);
#6486=ADVANCED_FACE('',(#272),#6288,.F.);
#6487=ADVANCED_FACE('',(#273),#124,.F.);
#6488=ADVANCED_FACE('',(#274),#125,.F.);
#6489=ADVANCED_FACE('',(#275),#126,.F.);
#6490=ADVANCED_FACE('',(#276),#6289,.F.);
#6491=ADVANCED_FACE('',(#277),#6290,.F.);
#6492=ADVANCED_FACE('',(#278),#6291,.F.);
#6493=ADVANCED_FACE('',(#279),#6292,.F.);
#6494=ADVANCED_FACE('',(#280),#6293,.F.);
#6495=ADVANCED_FACE('',(#281),#127,.F.);
#6496=ADVANCED_FACE('',(#282),#6294,.F.);
#6497=ADVANCED_FACE('',(#283),#128,.T.);
#6498=ADVANCED_FACE('',(#284),#6295,.F.);
#6499=ADVANCED_FACE('',(#285),#6296,.F.);
#6500=ADVANCED_FACE('',(#286),#6297,.F.);
#6501=ADVANCED_FACE('',(#287),#129,.F.);
#6502=ADVANCED_FACE('',(#288),#6298,.F.);
#6503=ADVANCED_FACE('',(#289),#6299,.F.);
#6504=ADVANCED_FACE('',(#290),#6300,.F.);
#6505=ADVANCED_FACE('',(#291),#6301,.F.);
#6506=ADVANCED_FACE('',(#292),#130,.F.);
#6507=ADVANCED_FACE('',(#293),#6302,.F.);
#6508=ADVANCED_FACE('',(#294),#6303,.F.);
#6509=ADVANCED_FACE('',(#295),#6304,.F.);
#6510=ADVANCED_FACE('',(#296),#6305,.F.);
#6511=ADVANCED_FACE('',(#297),#6306,.F.);
#6512=ADVANCED_FACE('',(#298),#6307,.F.);
#6513=ADVANCED_FACE('',(#299),#6308,.F.);
#6514=ADVANCED_FACE('',(#300),#6309,.F.);
#6515=ADVANCED_FACE('',(#301),#6310,.F.);
#6516=ADVANCED_FACE('',(#302),#131,.F.);
#6517=ADVANCED_FACE('',(#303),#6311,.F.);
#6518=ADVANCED_FACE('',(#304,#70),#132,.T.);
#6519=ADVANCED_FACE('',(#305),#133,.F.);
#6520=ADVANCED_FACE('',(#306),#6312,.F.);
#6521=ADVANCED_FACE('',(#307),#6313,.F.);
#6522=ADVANCED_FACE('',(#308),#6314,.F.);
#6523=ADVANCED_FACE('',(#309),#6315,.F.);
#6524=ADVANCED_FACE('',(#310),#6316,.F.);
#6525=ADVANCED_FACE('',(#311),#134,.F.);
#6526=ADVANCED_FACE('',(#312),#135,.F.);
#6527=ADVANCED_FACE('',(#313),#136,.F.);
#6528=ADVANCED_FACE('',(#314),#6317,.F.);
#6529=ADVANCED_FACE('',(#315),#6318,.F.);
#6530=ADVANCED_FACE('',(#316),#6319,.F.);
#6531=ADVANCED_FACE('',(#317),#6320,.F.);
#6532=ADVANCED_FACE('',(#318),#6321,.F.);
#6533=ADVANCED_FACE('',(#319),#137,.F.);
#6534=ADVANCED_FACE('',(#320),#138,.F.);
#6535=ADVANCED_FACE('',(#321),#139,.F.);
#6536=ADVANCED_FACE('',(#322),#140,.F.);
#6537=ADVANCED_FACE('',(#323),#141,.T.);
#6538=ADVANCED_FACE('',(#324),#6322,.F.);
#6539=ADVANCED_FACE('',(#325),#6323,.F.);
#6540=ADVANCED_FACE('',(#326),#6324,.F.);
#6541=ADVANCED_FACE('',(#327),#6325,.F.);
#6542=ADVANCED_FACE('',(#328),#6326,.F.);
#6543=ADVANCED_FACE('',(#329),#6327,.F.);
#6544=ADVANCED_FACE('',(#330),#6328,.F.);
#6545=ADVANCED_FACE('',(#331),#6329,.F.);
#6546=ADVANCED_FACE('',(#332),#6330,.F.);
#6547=ADVANCED_FACE('',(#333),#6331,.F.);
#6548=ADVANCED_FACE('',(#334),#6332,.F.);
#6549=ADVANCED_FACE('',(#335),#6333,.F.);
#6550=ADVANCED_FACE('',(#336),#142,.F.);
#6551=ADVANCED_FACE('',(#337),#143,.F.);
#6552=ADVANCED_FACE('',(#338),#144,.F.);
#6553=ADVANCED_FACE('',(#339),#6334,.F.);
#6554=ADVANCED_FACE('',(#340),#6335,.F.);
#6555=ADVANCED_FACE('',(#341),#6336,.F.);
#6556=ADVANCED_FACE('',(#342),#6337,.F.);
#6557=ADVANCED_FACE('',(#343),#6338,.F.);
#6558=ADVANCED_FACE('',(#344),#6339,.F.);
#6559=ADVANCED_FACE('',(#345),#6340,.F.);
#6560=ADVANCED_FACE('',(#346),#6341,.F.);
#6561=ADVANCED_FACE('',(#347),#6342,.F.);
#6562=ADVANCED_FACE('',(#348),#6343,.F.);
#6563=ADVANCED_FACE('',(#349),#6344,.F.);
#6564=ADVANCED_FACE('',(#350),#6345,.F.);
#6565=ADVANCED_FACE('',(#351),#145,.F.);
#6566=ADVANCED_FACE('',(#352),#6346,.F.);
#6567=ADVANCED_FACE('',(#353,#71),#146,.T.);
#6568=ADVANCED_FACE('',(#354),#6347,.F.);
#6569=ADVANCED_FACE('',(#355),#6348,.F.);
#6570=ADVANCED_FACE('',(#356),#6349,.F.);
#6571=ADVANCED_FACE('',(#357),#6350,.F.);
#6572=ADVANCED_FACE('',(#358),#6351,.F.);
#6573=ADVANCED_FACE('',(#359),#6352,.F.);
#6574=ADVANCED_FACE('',(#360),#6353,.F.);
#6575=ADVANCED_FACE('',(#361),#6354,.F.);
#6576=ADVANCED_FACE('',(#362),#6355,.F.);
#6577=ADVANCED_FACE('',(#363),#6356,.F.);
#6578=ADVANCED_FACE('',(#364),#6357,.F.);
#6579=ADVANCED_FACE('',(#365),#6358,.F.);
#6580=ADVANCED_FACE('',(#366),#6359,.F.);
#6581=ADVANCED_FACE('',(#367),#6360,.F.);
#6582=ADVANCED_FACE('',(#368),#147,.F.);
#6583=ADVANCED_FACE('',(#369),#6361,.F.);
#6584=ADVANCED_FACE('',(#370),#6362,.F.);
#6585=ADVANCED_FACE('',(#371),#6363,.F.);
#6586=ADVANCED_FACE('',(#372),#6364,.F.);
#6587=ADVANCED_FACE('',(#373),#6365,.F.);
#6588=ADVANCED_FACE('',(#374),#6366,.F.);
#6589=ADVANCED_FACE('',(#375),#6367,.F.);
#6590=ADVANCED_FACE('',(#376),#6368,.F.);
#6591=ADVANCED_FACE('',(#377),#6369,.F.);
#6592=ADVANCED_FACE('',(#378),#6370,.F.);
#6593=ADVANCED_FACE('',(#379),#6371,.F.);
#6594=ADVANCED_FACE('',(#380),#6372,.F.);
#6595=ADVANCED_FACE('',(#381),#6373,.F.);
#6596=ADVANCED_FACE('',(#382),#6374,.F.);
#6597=ADVANCED_FACE('',(#383),#6375,.F.);
#6598=ADVANCED_FACE('',(#384),#6376,.F.);
#6599=ADVANCED_FACE('',(#385),#6377,.F.);
#6600=ADVANCED_FACE('',(#386),#6378,.F.);
#6601=ADVANCED_FACE('',(#387),#148,.F.);
#6602=ADVANCED_FACE('',(#388),#6379,.F.);
#6603=ADVANCED_FACE('',(#389),#149,.T.);
#6604=ADVANCED_FACE('',(#390),#150,.F.);
#6605=ADVANCED_FACE('',(#391),#151,.F.);
#6606=ADVANCED_FACE('',(#392),#152,.F.);
#6607=ADVANCED_FACE('',(#393),#6380,.F.);
#6608=ADVANCED_FACE('',(#394),#6381,.F.);
#6609=ADVANCED_FACE('',(#395),#6382,.F.);
#6610=ADVANCED_FACE('',(#396),#6383,.F.);
#6611=ADVANCED_FACE('',(#397),#6384,.F.);
#6612=ADVANCED_FACE('',(#398),#6385,.F.);
#6613=ADVANCED_FACE('',(#399),#153,.F.);
#6614=ADVANCED_FACE('',(#400),#154,.F.);
#6615=ADVANCED_FACE('',(#401),#155,.F.);
#6616=ADVANCED_FACE('',(#402),#6386,.F.);
#6617=ADVANCED_FACE('',(#403),#6387,.F.);
#6618=ADVANCED_FACE('',(#404),#6388,.F.);
#6619=ADVANCED_FACE('',(#405),#6389,.F.);
#6620=ADVANCED_FACE('',(#406),#6390,.F.);
#6621=ADVANCED_FACE('',(#407),#156,.F.);
#6622=ADVANCED_FACE('',(#408),#157,.F.);
#6623=ADVANCED_FACE('',(#409),#158,.T.);
#6624=ADVANCED_FACE('',(#410),#6391,.F.);
#6625=ADVANCED_FACE('',(#411),#6392,.F.);
#6626=ADVANCED_FACE('',(#412),#6393,.F.);
#6627=ADVANCED_FACE('',(#413),#159,.F.);
#6628=ADVANCED_FACE('',(#414),#6394,.F.);
#6629=ADVANCED_FACE('',(#415),#6395,.F.);
#6630=ADVANCED_FACE('',(#416),#6396,.F.);
#6631=ADVANCED_FACE('',(#417),#6397,.F.);
#6632=ADVANCED_FACE('',(#418),#160,.F.);
#6633=ADVANCED_FACE('',(#419),#6398,.F.);
#6634=ADVANCED_FACE('',(#420),#6399,.F.);
#6635=ADVANCED_FACE('',(#421),#6400,.F.);
#6636=ADVANCED_FACE('',(#422),#6401,.F.);
#6637=ADVANCED_FACE('',(#423),#6402,.F.);
#6638=ADVANCED_FACE('',(#424),#6403,.F.);
#6639=ADVANCED_FACE('',(#425),#6404,.F.);
#6640=ADVANCED_FACE('',(#426),#6405,.F.);
#6641=ADVANCED_FACE('',(#427),#6406,.F.);
#6642=ADVANCED_FACE('',(#428),#161,.F.);
#6643=ADVANCED_FACE('',(#429),#6407,.F.);
#6644=ADVANCED_FACE('',(#430,#72),#162,.T.);
#6645=ADVANCED_FACE('',(#431),#163,.F.);
#6646=ADVANCED_FACE('',(#432),#6408,.F.);
#6647=ADVANCED_FACE('',(#433),#6409,.F.);
#6648=ADVANCED_FACE('',(#434),#6410,.F.);
#6649=ADVANCED_FACE('',(#435),#6411,.F.);
#6650=ADVANCED_FACE('',(#436),#164,.F.);
#6651=ADVANCED_FACE('',(#437),#6412,.F.);
#6652=ADVANCED_FACE('',(#438),#6413,.F.);
#6653=ADVANCED_FACE('',(#439),#6414,.F.);
#6654=ADVANCED_FACE('',(#440),#165,.F.);
#6655=ADVANCED_FACE('',(#441),#166,.F.);
#6656=ADVANCED_FACE('',(#442),#167,.F.);
#6657=ADVANCED_FACE('',(#443),#168,.F.);
#6658=ADVANCED_FACE('',(#444),#169,.T.);
#6659=ADVANCED_FACE('',(#445),#6415,.F.);
#6660=ADVANCED_FACE('',(#446),#6416,.F.);
#6661=ADVANCED_FACE('',(#447),#6417,.F.);
#6662=ADVANCED_FACE('',(#448),#6418,.F.);
#6663=ADVANCED_FACE('',(#449),#6419,.F.);
#6664=ADVANCED_FACE('',(#450),#6420,.F.);
#6665=ADVANCED_FACE('',(#451),#6421,.F.);
#6666=ADVANCED_FACE('',(#452),#6422,.F.);
#6667=ADVANCED_FACE('',(#453),#6423,.F.);
#6668=ADVANCED_FACE('',(#454),#6424,.F.);
#6669=ADVANCED_FACE('',(#455),#6425,.F.);
#6670=ADVANCED_FACE('',(#456),#6426,.F.);
#6671=ADVANCED_FACE('',(#457),#6427,.F.);
#6672=ADVANCED_FACE('',(#458),#6428,.F.);
#6673=ADVANCED_FACE('',(#459),#6429,.F.);
#6674=ADVANCED_FACE('',(#460),#6430,.F.);
#6675=ADVANCED_FACE('',(#461),#6431,.F.);
#6676=ADVANCED_FACE('',(#462,#73),#170,.T.);
#6677=ADVANCED_FACE('',(#463),#171,.F.);
#6678=ADVANCED_FACE('',(#464),#6432,.F.);
#6679=ADVANCED_FACE('',(#465),#6433,.F.);
#6680=ADVANCED_FACE('',(#466),#6434,.F.);
#6681=ADVANCED_FACE('',(#467),#6435,.F.);
#6682=ADVANCED_FACE('',(#468),#6436,.F.);
#6683=ADVANCED_FACE('',(#469),#6437,.F.);
#6684=ADVANCED_FACE('',(#470),#6438,.F.);
#6685=ADVANCED_FACE('',(#471),#6439,.F.);
#6686=ADVANCED_FACE('',(#472),#6440,.F.);
#6687=ADVANCED_FACE('',(#473),#6441,.F.);
#6688=ADVANCED_FACE('',(#474),#6442,.F.);
#6689=ADVANCED_FACE('',(#475),#6443,.F.);
#6690=ADVANCED_FACE('',(#476),#172,.F.);
#6691=ADVANCED_FACE('',(#477),#6444,.F.);
#6692=ADVANCED_FACE('',(#478),#6445,.F.);
#6693=ADVANCED_FACE('',(#479),#6446,.F.);
#6694=ADVANCED_FACE('',(#480),#6447,.F.);
#6695=ADVANCED_FACE('',(#481),#6448,.F.);
#6696=ADVANCED_FACE('',(#482),#6449,.F.);
#6697=ADVANCED_FACE('',(#483),#6450,.F.);
#6698=ADVANCED_FACE('',(#484),#6451,.F.);
#6699=ADVANCED_FACE('',(#485),#6452,.F.);
#6700=ADVANCED_FACE('',(#486),#6453,.F.);
#6701=ADVANCED_FACE('',(#487),#6454,.F.);
#6702=ADVANCED_FACE('',(#488),#173,.F.);
#6703=ADVANCED_FACE('',(#489),#174,.F.);
#6704=ADVANCED_FACE('',(#490),#175,.F.);
#6705=ADVANCED_FACE('',(#491),#176,.F.);
#6706=ADVANCED_FACE('',(#492),#177,.T.);
#6707=ADVANCED_FACE('',(#493),#178,.F.);
#6708=ADVANCED_FACE('',(#494),#6455,.F.);
#6709=ADVANCED_FACE('',(#495),#6456,.F.);
#6710=ADVANCED_FACE('',(#496),#6457,.F.);
#6711=ADVANCED_FACE('',(#497),#6458,.F.);
#6712=ADVANCED_FACE('',(#498),#6459,.F.);
#6713=ADVANCED_FACE('',(#499),#6460,.F.);
#6714=ADVANCED_FACE('',(#500),#179,.F.);
#6715=ADVANCED_FACE('',(#501),#180,.F.);
#6716=ADVANCED_FACE('',(#502),#181,.F.);
#6717=ADVANCED_FACE('',(#503),#6461,.F.);
#6718=ADVANCED_FACE('',(#504),#6462,.F.);
#6719=ADVANCED_FACE('',(#505),#6463,.F.);
#6720=ADVANCED_FACE('',(#506),#6464,.F.);
#6721=ADVANCED_FACE('',(#507),#6465,.F.);
#6722=ADVANCED_FACE('',(#508),#6466,.F.);
#6723=ADVANCED_FACE('',(#509),#6467,.F.);
#6724=ADVANCED_FACE('',(#510),#182,.F.);
#6725=ADVANCED_FACE('',(#511),#183,.F.);
#6726=ADVANCED_FACE('',(#512),#6468,.F.);
#6727=ADVANCED_FACE('',(#513),#6469,.F.);
#6728=ADVANCED_FACE('',(#514),#6470,.F.);
#6729=ADVANCED_FACE('',(#515),#6471,.F.);
#6730=ADVANCED_FACE('',(#516),#6472,.F.);
#6731=ADVANCED_FACE('',(#517),#6473,.F.);
#6732=ADVANCED_FACE('',(#518),#6474,.F.);
#6733=ADVANCED_FACE('',(#519),#6475,.F.);
#6734=ADVANCED_FACE('',(#520),#6476,.F.);
#6735=ADVANCED_FACE('',(#521),#6477,.F.);
#6736=ADVANCED_FACE('',(#522),#6478,.F.);
#6737=ADVANCED_FACE('',(#523),#184,.F.);
#6738=ADVANCED_FACE('',(#524),#185,.F.);
#6739=ADVANCED_FACE('',(#525),#186,.F.);
#6740=ADVANCED_FACE('',(#526,#74,#75),#187,.T.);
#6741=ADVANCED_FACE('',(#527),#188,.T.);
#6742=ADVANCED_FACE('',(#528),#189,.T.);
#6743=ADVANCED_FACE('',(#529),#190,.T.);
#6744=ADVANCED_FACE('',(#530),#191,.T.);
#6745=ADVANCED_FACE('',(#531),#192,.T.);
#6746=ADVANCED_FACE('',(#532),#193,.T.);
#6747=ADVANCED_FACE('',(#533),#56,.T.);
#6748=ADVANCED_FACE('',(#534,#76),#194,.T.);
#6749=ADVANCED_FACE('',(#535),#195,.F.);
#6750=ADVANCED_FACE('',(#536),#57,.T.);
#6751=ADVANCED_FACE('',(#537,#77,#78,#79,#80,#81,#82,#83,#84,#85,#86,#87,
#88),#196,.T.);
#6752=ADVANCED_FACE('',(#538,#89,#90,#91,#92,#93),#197,.T.);
#6753=ADVANCED_FACE('',(#539),#58,.T.);
#6754=ADVANCED_FACE('',(#540,#94,#95,#96,#97,#98,#99,#100,#101),#198,.T.);
#6755=ADVANCED_FACE('',(#541),#59,.T.);
#6756=ADVANCED_FACE('',(#542),#20,.F.);
#6757=ADVANCED_FACE('',(#543),#60,.F.);
#6758=ADVANCED_FACE('',(#544),#21,.F.);
#6759=ADVANCED_FACE('',(#545),#61,.F.);
#6760=ADVANCED_FACE('',(#546),#22,.F.);
#6761=ADVANCED_FACE('',(#547),#62,.F.);
#6762=ADVANCED_FACE('',(#548),#23,.F.);
#6763=ADVANCED_FACE('',(#549),#63,.F.);
#6764=ADVANCED_FACE('',(#550),#199,.T.);
#6765=ADVANCED_FACE('',(#551,#102),#200,.T.);
#6766=ADVANCED_FACE('',(#552),#201,.T.);
#6767=ADVANCED_FACE('',(#553,#103,#104,#105,#106,#107,#108,#109,#110),#202,
 .T.);
#6768=ADVANCED_FACE('',(#554,#111,#112),#203,.T.);
#6769=ADVANCED_FACE('',(#555),#204,.T.);
#6770=ADVANCED_FACE('',(#556),#205,.T.);
#6771=ADVANCED_FACE('',(#557,#113),#206,.T.);
#6772=ADVANCED_FACE('',(#558),#207,.T.);
#6773=ADVANCED_FACE('',(#559),#208,.T.);
#6774=ADVANCED_FACE('',(#560),#209,.T.);
#6775=ADVANCED_FACE('',(#561),#210,.T.);
#6776=ADVANCED_FACE('',(#562),#211,.T.);
#6777=ADVANCED_FACE('',(#563,#114),#212,.T.);
#6778=ADVANCED_FACE('',(#564,#115),#213,.T.);
#6779=ADVANCED_FACE('',(#565),#214,.T.);
#6780=ADVANCED_FACE('',(#566),#215,.T.);
#6781=ADVANCED_FACE('',(#567,#116),#216,.T.);
#6782=ADVANCED_FACE('',(#568),#217,.F.);
#6783=ADVANCED_FACE('',(#569),#218,.F.);
#6784=ADVANCED_FACE('',(#570),#219,.F.);
#6785=ADVANCED_FACE('',(#571),#220,.F.);
#6786=ADVANCED_FACE('',(#572),#64,.F.);
#6787=ADVANCED_FACE('',(#573),#65,.F.);
#6788=ADVANCED_FACE('',(#574,#117,#118),#221,.F.);
#6789=ADVANCED_FACE('',(#575),#222,.F.);
#6790=ADVANCED_FACE('',(#576),#24,.F.);
#6791=ADVANCED_FACE('',(#577),#66,.F.);
#6792=ADVANCED_FACE('',(#578),#223,.T.);
#6793=ADVANCED_FACE('',(#579),#224,.F.);
#6794=ADVANCED_FACE('',(#580,#119),#225,.F.);
#6795=ADVANCED_FACE('',(#581),#226,.F.);
#6796=ADVANCED_FACE('',(#582),#227,.F.);
#6797=ADVANCED_FACE('',(#583),#228,.F.);
#6798=ADVANCED_FACE('',(#584),#229,.F.);
#6799=ADVANCED_FACE('',(#585),#230,.F.);
#6800=ADVANCED_FACE('',(#586),#231,.F.);
#6801=ADVANCED_FACE('',(#587),#25,.F.);
#6802=ADVANCED_FACE('',(#588),#67,.F.);
#6803=ADVANCED_FACE('',(#589),#26,.F.);
#6804=ADVANCED_FACE('',(#590),#68,.F.);
#6805=ADVANCED_FACE('',(#591),#27,.F.);
#6806=ADVANCED_FACE('',(#592),#69,.F.);
#6807=ADVANCED_FACE('',(#593),#232,.F.);
#6808=ADVANCED_FACE('',(#594),#233,.F.);
#6809=ADVANCED_FACE('',(#595),#234,.F.);
#6810=ADVANCED_FACE('',(#596),#235,.F.);
#6811=ADVANCED_FACE('',(#597),#236,.F.);
#6812=ADVANCED_FACE('',(#598),#237,.F.);
#6813=ADVANCED_FACE('',(#599),#238,.F.);
#6814=ADVANCED_FACE('',(#600),#239,.F.);
#6815=ADVANCED_FACE('',(#601),#240,.F.);
#6816=ADVANCED_FACE('',(#602),#241,.F.);
#6817=ADVANCED_FACE('',(#603),#242,.F.);
#6818=ADVANCED_FACE('',(#604),#243,.F.);
#6819=ADVANCED_FACE('',(#605),#244,.F.);
#6820=ADVANCED_FACE('',(#606),#245,.F.);
#6821=ADVANCED_FACE('',(#607),#246,.F.);
#6822=ADVANCED_FACE('',(#608),#247,.F.);
#6823=ADVANCED_FACE('',(#609),#248,.F.);
#6824=ADVANCED_FACE('',(#610),#249,.F.);
#6825=ADVANCED_FACE('',(#611),#250,.F.);
#6826=ADVANCED_FACE('',(#612),#251,.F.);
#6827=ADVANCED_FACE('',(#613),#252,.F.);
#6828=ADVANCED_FACE('',(#614),#253,.F.);
#6829=ADVANCED_FACE('',(#615),#254,.F.);
#6830=ADVANCED_FACE('',(#616),#255,.F.);
#6831=ADVANCED_FACE('',(#617),#256,.F.);
#6832=ADVANCED_FACE('',(#618),#257,.F.);
#6833=ADVANCED_FACE('',(#619),#258,.F.);
#6834=ADVANCED_FACE('',(#620),#259,.F.);
#6835=ADVANCED_FACE('',(#621),#260,.F.);
#6836=ADVANCED_FACE('',(#622),#261,.F.);
#6837=ADVANCED_FACE('',(#623),#262,.F.);
#6838=ADVANCED_FACE('',(#624),#263,.F.);
#6839=ADVANCED_FACE('',(#625,#120),#264,.T.);
#6840=CLOSED_SHELL('',(#6479,#6480,#6481,#6482,#6483,#6484,#6485,#6486,
#6487,#6488,#6489,#6490,#6491,#6492,#6493,#6494,#6495,#6496,#6497,#6498,
#6499,#6500,#6501,#6502,#6503,#6504,#6505,#6506,#6507,#6508,#6509,#6510,
#6511,#6512,#6513,#6514,#6515,#6516,#6517,#6518,#6519,#6520,#6521,#6522,
#6523,#6524,#6525,#6526,#6527,#6528,#6529,#6530,#6531,#6532,#6533,#6534,
#6535,#6536,#6537,#6538,#6539,#6540,#6541,#6542,#6543,#6544,#6545,#6546,
#6547,#6548,#6549,#6550,#6551,#6552,#6553,#6554,#6555,#6556,#6557,#6558,
#6559,#6560,#6561,#6562,#6563,#6564,#6565,#6566,#6567,#6568,#6569,#6570,
#6571,#6572,#6573,#6574,#6575,#6576,#6577,#6578,#6579,#6580,#6581,#6582,
#6583,#6584,#6585,#6586,#6587,#6588,#6589,#6590,#6591,#6592,#6593,#6594,
#6595,#6596,#6597,#6598,#6599,#6600,#6601,#6602,#6603,#6604,#6605,#6606,
#6607,#6608,#6609,#6610,#6611,#6612,#6613,#6614,#6615,#6616,#6617,#6618,
#6619,#6620,#6621,#6622,#6623,#6624,#6625,#6626,#6627,#6628,#6629,#6630,
#6631,#6632,#6633,#6634,#6635,#6636,#6637,#6638,#6639,#6640,#6641,#6642,
#6643,#6644,#6645,#6646,#6647,#6648,#6649,#6650,#6651,#6652,#6653,#6654,
#6655,#6656,#6657,#6658,#6659,#6660,#6661,#6662,#6663,#6664,#6665,#6666,
#6667,#6668,#6669,#6670,#6671,#6672,#6673,#6674,#6675,#6676,#6677,#6678,
#6679,#6680,#6681,#6682,#6683,#6684,#6685,#6686,#6687,#6688,#6689,#6690,
#6691,#6692,#6693,#6694,#6695,#6696,#6697,#6698,#6699,#6700,#6701,#6702,
#6703,#6704,#6705,#6706,#6707,#6708,#6709,#6710,#6711,#6712,#6713,#6714,
#6715,#6716,#6717,#6718,#6719,#6720,#6721,#6722,#6723,#6724,#6725,#6726,
#6727,#6728,#6729,#6730,#6731,#6732,#6733,#6734,#6735,#6736,#6737,#6738,
#6739,#6740,#6741,#6742,#6743,#6744,#6745,#6746,#6747,#6748,#6749,#6750,
#6751,#6752,#6753,#6754,#6755,#6756,#6757,#6758,#6759,#6760,#6761,#6762,
#6763,#6764,#6765,#6766,#6767,#6768,#6769,#6770,#6771,#6772,#6773,#6774,
#6775,#6776,#6777,#6778,#6779,#6780,#6781,#6782,#6783,#6784,#6785,#6786,
#6787,#6788,#6789,#6790,#6791,#6792,#6793,#6794,#6795,#6796,#6797,#6798,
#6799,#6800,#6801,#6802,#6803,#6804,#6805,#6806,#6807,#6808,#6809,#6810,
#6811,#6812,#6813,#6814,#6815,#6816,#6817,#6818,#6819,#6820,#6821,#6822,
#6823,#6824,#6825,#6826,#6827,#6828,#6829,#6830,#6831,#6832,#6833,#6834,
#6835,#6836,#6837,#6838,#6839));
#6841=DERIVED_UNIT_ELEMENT(#6843,1.);
#6842=DERIVED_UNIT_ELEMENT(#13382,-3.);
#6843=(
MASS_UNIT()
NAMED_UNIT(*)
SI_UNIT(.KILO.,.GRAM.)
);
#6844=DERIVED_UNIT((#6841,#6842));
#6845=MEASURE_REPRESENTATION_ITEM('density measure',
POSITIVE_RATIO_MEASURE(7850.),#6844);
#6846=PROPERTY_DEFINITION_REPRESENTATION(#6851,#6848);
#6847=PROPERTY_DEFINITION_REPRESENTATION(#6852,#6849);
#6848=REPRESENTATION('material name',(#6850),#13379);
#6849=REPRESENTATION('density',(#6845),#13379);
#6850=DESCRIPTIVE_REPRESENTATION_ITEM('Steel','Steel');
#6851=PROPERTY_DEFINITION('material property','material name',#13389);
#6852=PROPERTY_DEFINITION('material property','density of part',#13389);
#6853=AXIS2_PLACEMENT_3D('',#8024,#7048,#7049);
#6854=AXIS2_PLACEMENT_3D('',#8097,#7054,#7055);
#6855=AXIS2_PLACEMENT_3D('',#8103,#7059,#7060);
#6856=AXIS2_PLACEMENT_3D('',#8109,#7064,#7065);
#6857=AXIS2_PLACEMENT_3D('',#8161,#7071,#7072);
#6858=AXIS2_PLACEMENT_3D('',#8167,#7076,#7077);
#6859=AXIS2_PLACEMENT_3D('',#8173,#7081,#7082);
#6860=AXIS2_PLACEMENT_3D('',#8294,#7091,#7092);
#6861=AXIS2_PLACEMENT_3D('',#8320,#7096,#7097);
#6862=AXIS2_PLACEMENT_3D('',#8393,#7102,#7103);
#6863=AXIS2_PLACEMENT_3D('',#8491,#7111,#7112);
#6864=AXIS2_PLACEMENT_3D('',#8704,#7125,#7126);
#6865=AXIS2_PLACEMENT_3D('',#8730,#7130,#7131);
#6866=AXIS2_PLACEMENT_3D('',#8731,#7132,#7133);
#6867=AXIS2_PLACEMENT_3D('',#8855,#7143,#7144);
#6868=AXIS2_PLACEMENT_3D('',#8861,#7148,#7149);
#6869=AXIS2_PLACEMENT_3D('',#8867,#7153,#7154);
#6870=AXIS2_PLACEMENT_3D('',#8988,#7163,#7164);
#6871=AXIS2_PLACEMENT_3D('',#8994,#7168,#7169);
#6872=AXIS2_PLACEMENT_3D('',#9000,#7173,#7174);
#6873=AXIS2_PLACEMENT_3D('',#9006,#7178,#7179);
#6874=AXIS2_PLACEMENT_3D('',#9009,#7182,#7183);
#6875=AXIS2_PLACEMENT_3D('',#9289,#7197,#7198);
#6876=AXIS2_PLACEMENT_3D('',#9295,#7202,#7203);
#6877=AXIS2_PLACEMENT_3D('',#9301,#7207,#7208);
#6878=AXIS2_PLACEMENT_3D('',#9583,#7224,#7225);
#6879=AXIS2_PLACEMENT_3D('',#9609,#7229,#7230);
#6880=AXIS2_PLACEMENT_3D('',#9935,#7246,#7247);
#6881=AXIS2_PLACEMENT_3D('',#10355,#7269,#7270);
#6882=AXIS2_PLACEMENT_3D('',#10381,#7274,#7275);
#6883=AXIS2_PLACEMENT_3D('',#10382,#7276,#7277);
#6884=AXIS2_PLACEMENT_3D('',#10391,#7282,#7283);
#6885=AXIS2_PLACEMENT_3D('',#10397,#7287,#7288);
#6886=AXIS2_PLACEMENT_3D('',#10541,#7298,#7299);
#6887=AXIS2_PLACEMENT_3D('',#10547,#7303,#7304);
#6888=AXIS2_PLACEMENT_3D('',#10553,#7308,#7309);
#6889=AXIS2_PLACEMENT_3D('',#10674,#7318,#7319);
#6890=AXIS2_PLACEMENT_3D('',#10680,#7323,#7324);
#6891=AXIS2_PLACEMENT_3D('',#10683,#7327,#7328);
#6892=AXIS2_PLACEMENT_3D('',#10756,#7333,#7334);
#6893=AXIS2_PLACEMENT_3D('',#10854,#7342,#7343);
#6894=AXIS2_PLACEMENT_3D('',#11067,#7356,#7357);
#6895=AXIS2_PLACEMENT_3D('',#11093,#7361,#7362);
#6896=AXIS2_PLACEMENT_3D('',#11094,#7363,#7364);
#6897=AXIS2_PLACEMENT_3D('',#11195,#7373,#7374);
#6898=AXIS2_PLACEMENT_3D('',#11270,#7381,#7382);
#6899=AXIS2_PLACEMENT_3D('',#11276,#7386,#7387);
#6900=AXIS2_PLACEMENT_3D('',#11282,#7391,#7392);
#6901=AXIS2_PLACEMENT_3D('',#11288,#7396,#7397);
#6902=AXIS2_PLACEMENT_3D('',#11291,#7400,#7401);
#6903=AXIS2_PLACEMENT_3D('',#11683,#7419,#7420);
#6904=AXIS2_PLACEMENT_3D('',#11684,#7421,#7422);
#6905=AXIS2_PLACEMENT_3D('',#11969,#7439,#7440);
#6906=AXIS2_PLACEMENT_3D('',#12228,#7455,#7456);
#6907=AXIS2_PLACEMENT_3D('',#12234,#7460,#7461);
#6908=AXIS2_PLACEMENT_3D('',#12240,#7465,#7466);
#6909=AXIS2_PLACEMENT_3D('',#12246,#7470,#7471);
#6910=AXIS2_PLACEMENT_3D('',#12249,#7474,#7475);
#6911=AXIS2_PLACEMENT_3D('',#12250,#7476,#7477);
#6912=AXIS2_PLACEMENT_3D('',#12397,#7488,#7489);
#6913=AXIS2_PLACEMENT_3D('',#12403,#7493,#7494);
#6914=AXIS2_PLACEMENT_3D('',#12406,#7497,#7498);
#6915=AXIS2_PLACEMENT_3D('',#12576,#7510,#7511);
#6916=AXIS2_PLACEMENT_3D('',#12582,#7515,#7516);
#6917=AXIS2_PLACEMENT_3D('',#12841,#7531,#7532);
#6918=AXIS2_PLACEMENT_3D('',#12847,#7536,#7537);
#6919=AXIS2_PLACEMENT_3D('',#12853,#7541,#7542);
#6920=AXIS2_PLACEMENT_3D('',#12856,#7545,#7546);
#6921=AXIS2_PLACEMENT_3D('',#12857,#7547,#7548);
#6922=AXIS2_PLACEMENT_3D('',#12858,#7549,#7550);
#6923=AXIS2_PLACEMENT_3D('',#12859,#7551,#7552);
#6924=AXIS2_PLACEMENT_3D('',#12860,#7553,#7554);
#6925=AXIS2_PLACEMENT_3D('',#12861,#7555,#7556);
#6926=AXIS2_PLACEMENT_3D('',#12862,#7557,#7558);
#6927=AXIS2_PLACEMENT_3D('',#12863,#7559,#7560);
#6928=AXIS2_PLACEMENT_3D('',#12866,#7561,#7562);
#6929=AXIS2_PLACEMENT_3D('',#12870,#7564,#7565);
#6930=AXIS2_PLACEMENT_3D('',#12872,#7567,#7568);
#6931=AXIS2_PLACEMENT_3D('',#12886,#7576,#7577);
#6932=AXIS2_PLACEMENT_3D('',#12890,#7579,#7580);
#6933=AXIS2_PLACEMENT_3D('',#12894,#7582,#7583);
#6934=AXIS2_PLACEMENT_3D('',#12897,#7585,#7586);
#6935=AXIS2_PLACEMENT_3D('',#12898,#7587,#7588);
#6936=AXIS2_PLACEMENT_3D('',#12901,#7589,#7590);
#6937=AXIS2_PLACEMENT_3D('',#12904,#7593,#7594);
#6938=AXIS2_PLACEMENT_3D('',#12916,#7601,#7602);
#6939=AXIS2_PLACEMENT_3D('',#12918,#7603,#7604);
#6940=AXIS2_PLACEMENT_3D('',#12921,#7606,#7607);
#6941=AXIS2_PLACEMENT_3D('',#12924,#7609,#7610);
#6942=AXIS2_PLACEMENT_3D('',#12926,#7611,#7612);
#6943=AXIS2_PLACEMENT_3D('',#12928,#7613,#7614);
#6944=AXIS2_PLACEMENT_3D('',#12950,#7625,#7626);
#6945=AXIS2_PLACEMENT_3D('',#12951,#7627,#7628);
#6946=AXIS2_PLACEMENT_3D('',#12953,#7630,#7631);
#6947=AXIS2_PLACEMENT_3D('',#13019,#7665,#7666);
#6948=AXIS2_PLACEMENT_3D('',#13020,#7667,#7668);
#6949=AXIS2_PLACEMENT_3D('',#13024,#7670,#7671);
#6950=AXIS2_PLACEMENT_3D('',#13025,#7672,#7673);
#6951=AXIS2_PLACEMENT_3D('',#13027,#7674,#7675);
#6952=AXIS2_PLACEMENT_3D('',#13029,#7677,#7678);
#6953=AXIS2_PLACEMENT_3D('',#13033,#7680,#7681);
#6954=AXIS2_PLACEMENT_3D('',#13034,#7682,#7683);
#6955=AXIS2_PLACEMENT_3D('',#13036,#7684,#7685);
#6956=AXIS2_PLACEMENT_3D('',#13038,#7687,#7688);
#6957=AXIS2_PLACEMENT_3D('',#13042,#7690,#7691);
#6958=AXIS2_PLACEMENT_3D('',#13043,#7692,#7693);
#6959=AXIS2_PLACEMENT_3D('',#13045,#7694,#7695);
#6960=AXIS2_PLACEMENT_3D('',#13047,#7697,#7698);
#6961=AXIS2_PLACEMENT_3D('',#13051,#7700,#7701);
#6962=AXIS2_PLACEMENT_3D('',#13052,#7702,#7703);
#6963=AXIS2_PLACEMENT_3D('',#13054,#7704,#7705);
#6964=AXIS2_PLACEMENT_3D('',#13056,#7707,#7708);
#6965=AXIS2_PLACEMENT_3D('',#13065,#7713,#7714);
#6966=AXIS2_PLACEMENT_3D('',#13071,#7718,#7719);
#6967=AXIS2_PLACEMENT_3D('',#13075,#7722,#7723);
#6968=AXIS2_PLACEMENT_3D('',#13144,#7759,#7760);
#6969=AXIS2_PLACEMENT_3D('',#13158,#7768,#7769);
#6970=AXIS2_PLACEMENT_3D('',#13160,#7770,#7771);
#6971=AXIS2_PLACEMENT_3D('',#13161,#7772,#7773);
#6972=AXIS2_PLACEMENT_3D('',#13170,#7778,#7779);
#6973=AXIS2_PLACEMENT_3D('',#13173,#7782,#7783);
#6974=AXIS2_PLACEMENT_3D('',#13175,#7785,#7786);
#6975=AXIS2_PLACEMENT_3D('',#13183,#7791,#7792);
#6976=AXIS2_PLACEMENT_3D('',#13192,#7797,#7798);
#6977=AXIS2_PLACEMENT_3D('',#13198,#7802,#7803);
#6978=AXIS2_PLACEMENT_3D('',#13204,#7807,#7808);
#6979=AXIS2_PLACEMENT_3D('',#13207,#7811,#7812);
#6980=AXIS2_PLACEMENT_3D('',#13208,#7813,#7814);
#6981=AXIS2_PLACEMENT_3D('',#13214,#7818,#7819);
#6982=AXIS2_PLACEMENT_3D('',#13220,#7823,#7824);
#6983=AXIS2_PLACEMENT_3D('',#13222,#7826,#7827);
#6984=AXIS2_PLACEMENT_3D('',#13224,#7829,#7830);
#6985=AXIS2_PLACEMENT_3D('',#13230,#7834,#7835);
#6986=AXIS2_PLACEMENT_3D('',#13234,#7838,#7839);
#6987=AXIS2_PLACEMENT_3D('',#13238,#7842,#7843);
#6988=AXIS2_PLACEMENT_3D('',#13240,#7845,#7846);
#6989=AXIS2_PLACEMENT_3D('',#13242,#7847,#7848);
#6990=AXIS2_PLACEMENT_3D('',#13244,#7850,#7851);
#6991=AXIS2_PLACEMENT_3D('',#13246,#7852,#7853);
#6992=AXIS2_PLACEMENT_3D('',#13248,#7855,#7856);
#6993=AXIS2_PLACEMENT_3D('',#13254,#7860,#7861);
#6994=AXIS2_PLACEMENT_3D('',#13256,#7863,#7864);
#6995=AXIS2_PLACEMENT_3D('',#13260,#7866,#7867);
#6996=AXIS2_PLACEMENT_3D('',#13261,#7868,#7869);
#6997=AXIS2_PLACEMENT_3D('',#13263,#7871,#7872);
#6998=AXIS2_PLACEMENT_3D('',#13264,#7873,#7874);
#6999=AXIS2_PLACEMENT_3D('',#13270,#7878,#7879);
#7000=AXIS2_PLACEMENT_3D('',#13273,#7882,#7883);
#7001=AXIS2_PLACEMENT_3D('',#13279,#7887,#7888);
#7002=AXIS2_PLACEMENT_3D('',#13283,#7891,#7892);
#7003=AXIS2_PLACEMENT_3D('',#13287,#7895,#7896);
#7004=AXIS2_PLACEMENT_3D('',#13289,#7898,#7899);
#7005=AXIS2_PLACEMENT_3D('',#13290,#7900,#7901);
#7006=AXIS2_PLACEMENT_3D('',#13291,#7902,#7903);
#7007=AXIS2_PLACEMENT_3D('',#13295,#7905,#7906);
#7008=AXIS2_PLACEMENT_3D('',#13296,#7907,#7908);
#7009=AXIS2_PLACEMENT_3D('',#13298,#7910,#7911);
#7010=AXIS2_PLACEMENT_3D('',#13302,#7913,#7914);
#7011=AXIS2_PLACEMENT_3D('',#13303,#7915,#7916);
#7012=AXIS2_PLACEMENT_3D('',#13305,#7918,#7919);
#7013=AXIS2_PLACEMENT_3D('',#13309,#7921,#7922);
#7014=AXIS2_PLACEMENT_3D('',#13310,#7923,#7924);
#7015=AXIS2_PLACEMENT_3D('',#13312,#7926,#7927);
#7016=AXIS2_PLACEMENT_3D('',#13315,#7930,#7931);
#7017=AXIS2_PLACEMENT_3D('',#13317,#7933,#7934);
#7018=AXIS2_PLACEMENT_3D('',#13319,#7936,#7937);
#7019=AXIS2_PLACEMENT_3D('',#13320,#7938,#7939);
#7020=AXIS2_PLACEMENT_3D('',#13323,#7942,#7943);
#7021=AXIS2_PLACEMENT_3D('',#13325,#7945,#7946);
#7022=AXIS2_PLACEMENT_3D('',#13327,#7948,#7949);
#7023=AXIS2_PLACEMENT_3D('',#13328,#7950,#7951);
#7024=AXIS2_PLACEMENT_3D('',#13331,#7954,#7955);
#7025=AXIS2_PLACEMENT_3D('',#13333,#7957,#7958);
#7026=AXIS2_PLACEMENT_3D('',#13335,#7960,#7961);
#7027=AXIS2_PLACEMENT_3D('',#13336,#7962,#7963);
#7028=AXIS2_PLACEMENT_3D('',#13339,#7966,#7967);
#7029=AXIS2_PLACEMENT_3D('',#13341,#7969,#7970);
#7030=AXIS2_PLACEMENT_3D('',#13343,#7972,#7973);
#7031=AXIS2_PLACEMENT_3D('',#13344,#7974,#7975);
#7032=AXIS2_PLACEMENT_3D('',#13347,#7978,#7979);
#7033=AXIS2_PLACEMENT_3D('',#13349,#7981,#7982);
#7034=AXIS2_PLACEMENT_3D('',#13351,#7984,#7985);
#7035=AXIS2_PLACEMENT_3D('',#13352,#7986,#7987);
#7036=AXIS2_PLACEMENT_3D('',#13355,#7990,#7991);
#7037=AXIS2_PLACEMENT_3D('',#13357,#7993,#7994);
#7038=AXIS2_PLACEMENT_3D('',#13359,#7996,#7997);
#7039=AXIS2_PLACEMENT_3D('',#13360,#7998,#7999);
#7040=AXIS2_PLACEMENT_3D('',#13363,#8002,#8003);
#7041=AXIS2_PLACEMENT_3D('',#13365,#8005,#8006);
#7042=AXIS2_PLACEMENT_3D('',#13367,#8008,#8009);
#7043=AXIS2_PLACEMENT_3D('',#13368,#8010,#8011);
#7044=AXIS2_PLACEMENT_3D('',#13371,#8014,#8015);
#7045=AXIS2_PLACEMENT_3D('',#13373,#8017,#8018);
#7046=AXIS2_PLACEMENT_3D('',#13375,#8020,#8021);
#7047=AXIS2_PLACEMENT_3D('',#13376,#8022,#8023);
#7048=DIRECTION('axis',(0.,0.,1.));
#7049=DIRECTION('refdir',(1.,0.,0.));
#7050=DIRECTION('',(0.,-1.,0.));
#7051=DIRECTION('',(0.,-1.,0.));
#7052=DIRECTION('',(0.,-1.,0.));
#7053=DIRECTION('',(0.,-1.,0.));
#7054=DIRECTION('center_axis',(-0.936614037943024,0.,-0.350362874642938));
#7055=DIRECTION('ref_axis',(0.350362874642938,0.,-0.936614037943024));
#7056=DIRECTION('',(0.350362874642938,0.,-0.936614037943024));
#7057=DIRECTION('',(0.,-1.,0.));
#7058=DIRECTION('',(0.350362874642938,0.,-0.936614037943024));
#7059=DIRECTION('center_axis',(0.,0.,1.));
#7060=DIRECTION('ref_axis',(-1.,0.,0.));
#7061=DIRECTION('',(-1.,0.,0.));
#7062=DIRECTION('',(0.,-1.,0.));
#7063=DIRECTION('',(-1.,0.,0.));
#7064=DIRECTION('center_axis',(0.938859905644437,0.,0.344299401064422));
#7065=DIRECTION('ref_axis',(-0.344299401064422,0.,0.938859905644436));
#7066=DIRECTION('',(-0.344299401064422,0.,0.938859905644436));
#7067=DIRECTION('',(0.,-1.,0.));
#7068=DIRECTION('',(-0.344299401064422,0.,0.938859905644437));
#7069=DIRECTION('',(0.,-1.,0.));
#7070=DIRECTION('',(0.,-1.,0.));
#7071=DIRECTION('center_axis',(-0.941082371497245,0.,0.338177423931759));
#7072=DIRECTION('ref_axis',(-0.338177423931759,0.,-0.941082371497245));
#7073=DIRECTION('',(-0.338177423931759,0.,-0.941082371497245));
#7074=DIRECTION('',(0.,-1.,0.));
#7075=DIRECTION('',(-0.338177423931759,0.,-0.941082371497245));
#7076=DIRECTION('center_axis',(0.,0.,1.));
#7077=DIRECTION('ref_axis',(-1.,0.,0.));
#7078=DIRECTION('',(-1.,0.,0.));
#7079=DIRECTION('',(0.,-1.,0.));
#7080=DIRECTION('',(-1.,0.,0.));
#7081=DIRECTION('center_axis',(0.935168257516224,0.,-0.354203797458566));
#7082=DIRECTION('ref_axis',(0.354203797458566,0.,0.935168257516225));
#7083=DIRECTION('',(0.354203797458566,0.,0.935168257516225));
#7084=DIRECTION('',(0.,-1.,0.));
#7085=DIRECTION('',(0.354203797458566,0.,0.935168257516224));
#7086=DIRECTION('',(0.,-1.,0.));
#7087=DIRECTION('',(0.,-1.,0.));
#7088=DIRECTION('',(0.,-1.,0.));
#7089=DIRECTION('',(0.,-1.,0.));
#7090=DIRECTION('',(0.,-1.,0.));
#7091=DIRECTION('center_axis',(0.993070165302488,0.,-0.117522962803399));
#7092=DIRECTION('ref_axis',(0.117522962803399,0.,0.993070165302488));
#7093=DIRECTION('',(0.117522962803399,0.,0.993070165302488));
#7094=DIRECTION('',(0.,-1.,0.));
#7095=DIRECTION('',(0.117522962803399,0.,0.993070165302488));
#7096=DIRECTION('center_axis',(0.,1.,0.));
#7097=DIRECTION('ref_axis',(-1.,0.,0.));
#7098=DIRECTION('',(0.,-1.,0.));
#7099=DIRECTION('',(0.,-1.,0.));
#7100=DIRECTION('',(0.,-1.,0.));
#7101=DIRECTION('',(0.,-1.,0.));
#7102=DIRECTION('center_axis',(0.,0.,1.));
#7103=DIRECTION('ref_axis',(-1.,0.,0.));
#7104=DIRECTION('',(-1.,0.,0.));
#7105=DIRECTION('',(0.,-1.,0.));
#7106=DIRECTION('',(-1.,0.,0.));
#7107=DIRECTION('',(0.,-1.,0.));
#7108=DIRECTION('',(0.,-1.,0.));
#7109=DIRECTION('',(0.,-1.,0.));
#7110=DIRECTION('',(0.,-1.,0.));
#7111=DIRECTION('center_axis',(0.,0.,-1.));
#7112=DIRECTION('ref_axis',(1.,0.,0.));
#7113=DIRECTION('',(1.,0.,0.));
#7114=DIRECTION('',(0.,-1.,0.));
#7115=DIRECTION('',(1.,0.,0.));
#7116=DIRECTION('',(0.,-1.,0.));
#7117=DIRECTION('',(0.,-1.,0.));
#7118=DIRECTION('',(0.,-1.,0.));
#7119=DIRECTION('',(0.,-1.,0.));
#7120=DIRECTION('',(0.,-1.,0.));
#7121=DIRECTION('',(0.,-1.,0.));
#7122=DIRECTION('',(0.,-1.,0.));
#7123=DIRECTION('',(0.,-1.,0.));
#7124=DIRECTION('',(0.,-1.,0.));
#7125=DIRECTION('center_axis',(-0.122721705460977,0.,0.992441123195099));
#7126=DIRECTION('ref_axis',(-0.992441123195099,0.,-0.122721705460977));
#7127=DIRECTION('',(-0.992441123195099,0.,-0.122721705460977));
#7128=DIRECTION('',(0.,-1.,0.));
#7129=DIRECTION('',(-0.992441123195099,0.,-0.122721705460977));
#7130=DIRECTION('center_axis',(0.,1.,0.));
#7131=DIRECTION('ref_axis',(-1.,0.,0.));
#7132=DIRECTION('center_axis',(-1.,0.,0.));
#7133=DIRECTION('ref_axis',(0.,0.,-1.));
#7134=DIRECTION('',(0.,0.,-1.));
#7135=DIRECTION('',(0.,-1.,0.));
#7136=DIRECTION('',(0.,0.,-1.));
#7137=DIRECTION('',(0.,-1.,0.));
#7138=DIRECTION('',(0.,-1.,0.));
#7139=DIRECTION('',(0.,-1.,0.));
#7140=DIRECTION('',(0.,-1.,0.));
#7141=DIRECTION('',(0.,-1.,0.));
#7142=DIRECTION('',(0.,-1.,0.));
#7143=DIRECTION('center_axis',(1.,0.,0.));
#7144=DIRECTION('ref_axis',(0.,0.,1.));
#7145=DIRECTION('',(0.,0.,1.));
#7146=DIRECTION('',(0.,-1.,0.));
#7147=DIRECTION('',(0.,0.,1.));
#7148=DIRECTION('center_axis',(0.,0.,-1.));
#7149=DIRECTION('ref_axis',(1.,0.,0.));
#7150=DIRECTION('',(1.,0.,0.));
#7151=DIRECTION('',(0.,-1.,0.));
#7152=DIRECTION('',(1.,0.,0.));
#7153=DIRECTION('center_axis',(-1.,0.,0.));
#7154=DIRECTION('ref_axis',(0.,0.,-1.));
#7155=DIRECTION('',(0.,0.,-1.));
#7156=DIRECTION('',(0.,-1.,0.));
#7157=DIRECTION('',(0.,0.,-1.));
#7158=DIRECTION('',(0.,-1.,0.));
#7159=DIRECTION('',(0.,-1.,0.));
#7160=DIRECTION('',(0.,-1.,0.));
#7161=DIRECTION('',(0.,-1.,0.));
#7162=DIRECTION('',(0.,-1.,0.));
#7163=DIRECTION('center_axis',(-1.,0.,0.));
#7164=DIRECTION('ref_axis',(0.,0.,-1.));
#7165=DIRECTION('',(0.,0.,-1.));
#7166=DIRECTION('',(0.,-1.,0.));
#7167=DIRECTION('',(0.,0.,-1.));
#7168=DIRECTION('center_axis',(0.,0.,1.));
#7169=DIRECTION('ref_axis',(-1.,0.,0.));
#7170=DIRECTION('',(-1.,0.,0.));
#7171=DIRECTION('',(0.,-1.,0.));
#7172=DIRECTION('',(-1.,0.,0.));
#7173=DIRECTION('center_axis',(1.,0.,0.));
#7174=DIRECTION('ref_axis',(0.,0.,1.));
#7175=DIRECTION('',(0.,0.,1.));
#7176=DIRECTION('',(0.,-1.,0.));
#7177=DIRECTION('',(0.,0.,1.));
#7178=DIRECTION('center_axis',(0.,0.,-1.));
#7179=DIRECTION('ref_axis',(1.,0.,0.));
#7180=DIRECTION('',(1.,0.,0.));
#7181=DIRECTION('',(1.,0.,0.));
#7182=DIRECTION('center_axis',(0.,1.,0.));
#7183=DIRECTION('ref_axis',(-1.,0.,0.));
#7184=DIRECTION('',(0.,-1.,0.));
#7185=DIRECTION('',(0.,-1.,0.));
#7186=DIRECTION('',(0.,-1.,0.));
#7187=DIRECTION('',(0.,-1.,0.));
#7188=DIRECTION('',(0.,-1.,0.));
#7189=DIRECTION('',(0.,-1.,0.));
#7190=DIRECTION('',(0.,-1.,0.));
#7191=DIRECTION('',(0.,-1.,0.));
#7192=DIRECTION('',(0.,-1.,0.));
#7193=DIRECTION('',(0.,-1.,0.));
#7194=DIRECTION('',(0.,-1.,0.));
#7195=DIRECTION('',(0.,-1.,0.));
#7196=DIRECTION('',(0.,-1.,0.));
#7197=DIRECTION('center_axis',(-1.,0.,0.));
#7198=DIRECTION('ref_axis',(0.,0.,-1.));
#7199=DIRECTION('',(0.,0.,-1.));
#7200=DIRECTION('',(0.,-1.,0.));
#7201=DIRECTION('',(0.,0.,-1.));
#7202=DIRECTION('center_axis',(0.,0.,1.));
#7203=DIRECTION('ref_axis',(-1.,0.,0.));
#7204=DIRECTION('',(-1.,0.,0.));
#7205=DIRECTION('',(0.,-1.,0.));
#7206=DIRECTION('',(-1.,0.,0.));
#7207=DIRECTION('center_axis',(1.,0.,0.));
#7208=DIRECTION('ref_axis',(0.,0.,1.));
#7209=DIRECTION('',(0.,0.,1.));
#7210=DIRECTION('',(0.,-1.,0.));
#7211=DIRECTION('',(0.,0.,1.));
#7212=DIRECTION('',(0.,-1.,0.));
#7213=DIRECTION('',(0.,-1.,0.));
#7214=DIRECTION('',(0.,-1.,0.));
#7215=DIRECTION('',(0.,-1.,0.));
#7216=DIRECTION('',(0.,-1.,0.));
#7217=DIRECTION('',(0.,-1.,0.));
#7218=DIRECTION('',(0.,-1.,0.));
#7219=DIRECTION('',(0.,-1.,0.));
#7220=DIRECTION('',(0.,-1.,0.));
#7221=DIRECTION('',(0.,-1.,0.));
#7222=DIRECTION('',(0.,-1.,0.));
#7223=DIRECTION('',(0.,-1.,0.));
#7224=DIRECTION('center_axis',(-0.146957689697792,0.,0.98914277909647));
#7225=DIRECTION('ref_axis',(-0.98914277909647,0.,-0.146957689697792));
#7226=DIRECTION('',(-0.98914277909647,0.,-0.146957689697792));
#7227=DIRECTION('',(0.,-1.,0.));
#7228=DIRECTION('',(-0.98914277909647,0.,-0.146957689697792));
#7229=DIRECTION('center_axis',(0.,1.,0.));
#7230=DIRECTION('ref_axis',(-1.,0.,0.));
#7231=DIRECTION('',(0.,-1.,0.));
#7232=DIRECTION('',(0.,-1.,0.));
#7233=DIRECTION('',(0.,-1.,0.));
#7234=DIRECTION('',(0.,-1.,0.));
#7235=DIRECTION('',(0.,-1.,0.));
#7236=DIRECTION('',(0.,-1.,0.));
#7237=DIRECTION('',(0.,-1.,0.));
#7238=DIRECTION('',(0.,-1.,0.));
#7239=DIRECTION('',(0.,-1.,0.));
#7240=DIRECTION('',(0.,-1.,0.));
#7241=DIRECTION('',(0.,-1.,0.));
#7242=DIRECTION('',(0.,-1.,0.));
#7243=DIRECTION('',(0.,-1.,0.));
#7244=DIRECTION('',(0.,-1.,0.));
#7245=DIRECTION('',(0.,-1.,0.));
#7246=DIRECTION('center_axis',(-0.0750565001101665,0.,-0.997179282672486));
#7247=DIRECTION('ref_axis',(0.997179282672485,0.,-0.0750565001101664));
#7248=DIRECTION('',(0.997179282672485,0.,-0.0750565001101664));
#7249=DIRECTION('',(0.,-1.,0.));
#7250=DIRECTION('',(0.997179282672485,0.,-0.0750565001101664));
#7251=DIRECTION('',(0.,-1.,0.));
#7252=DIRECTION('',(0.,-1.,0.));
#7253=DIRECTION('',(0.,-1.,0.));
#7254=DIRECTION('',(0.,-1.,0.));
#7255=DIRECTION('',(0.,-1.,0.));
#7256=DIRECTION('',(0.,-1.,0.));
#7257=DIRECTION('',(0.,-1.,0.));
#7258=DIRECTION('',(0.,-1.,0.));
#7259=DIRECTION('',(0.,-1.,0.));
#7260=DIRECTION('',(0.,-1.,0.));
#7261=DIRECTION('',(0.,-1.,0.));
#7262=DIRECTION('',(0.,-1.,0.));
#7263=DIRECTION('',(0.,-1.,0.));
#7264=DIRECTION('',(0.,-1.,0.));
#7265=DIRECTION('',(0.,-1.,0.));
#7266=DIRECTION('',(0.,-1.,0.));
#7267=DIRECTION('',(0.,-1.,0.));
#7268=DIRECTION('',(0.,-1.,0.));
#7269=DIRECTION('center_axis',(0.087099351031122,0.,0.996199630119364));
#7270=DIRECTION('ref_axis',(-0.996199630119364,0.,0.087099351031122));
#7271=DIRECTION('',(-0.996199630119364,0.,0.087099351031122));
#7272=DIRECTION('',(0.,-1.,0.));
#7273=DIRECTION('',(-0.996199630119364,0.,0.087099351031122));
#7274=DIRECTION('center_axis',(0.,1.,0.));
#7275=DIRECTION('ref_axis',(-1.,0.,0.));
#7276=DIRECTION('center_axis',(-1.,0.,0.));
#7277=DIRECTION('ref_axis',(0.,0.,-1.));
#7278=DIRECTION('',(0.,0.,-1.));
#7279=DIRECTION('',(0.,-1.,0.));
#7280=DIRECTION('',(0.,0.,-1.));
#7281=DIRECTION('',(0.,-1.,0.));
#7282=DIRECTION('center_axis',(0.,0.,1.));
#7283=DIRECTION('ref_axis',(-1.,0.,0.));
#7284=DIRECTION('',(-1.,0.,0.));
#7285=DIRECTION('',(0.,-1.,0.));
#7286=DIRECTION('',(-1.,0.,0.));
#7287=DIRECTION('center_axis',(1.,0.,0.));
#7288=DIRECTION('ref_axis',(0.,0.,1.));
#7289=DIRECTION('',(0.,0.,1.));
#7290=DIRECTION('',(0.,-1.,0.));
#7291=DIRECTION('',(0.,0.,1.));
#7292=DIRECTION('',(0.,-1.,0.));
#7293=DIRECTION('',(0.,-1.,0.));
#7294=DIRECTION('',(0.,-1.,0.));
#7295=DIRECTION('',(0.,-1.,0.));
#7296=DIRECTION('',(0.,-1.,0.));
#7297=DIRECTION('',(0.,-1.,0.));
#7298=DIRECTION('center_axis',(-1.,0.,0.));
#7299=DIRECTION('ref_axis',(0.,0.,-1.));
#7300=DIRECTION('',(0.,0.,-1.));
#7301=DIRECTION('',(0.,-1.,0.));
#7302=DIRECTION('',(0.,0.,-1.));
#7303=DIRECTION('center_axis',(0.,0.,1.));
#7304=DIRECTION('ref_axis',(-1.,0.,0.));
#7305=DIRECTION('',(-1.,0.,0.));
#7306=DIRECTION('',(0.,-1.,0.));
#7307=DIRECTION('',(-1.,0.,0.));
#7308=DIRECTION('center_axis',(1.,0.,0.));
#7309=DIRECTION('ref_axis',(0.,0.,1.));
#7310=DIRECTION('',(0.,0.,1.));
#7311=DIRECTION('',(0.,-1.,0.));
#7312=DIRECTION('',(0.,0.,1.));
#7313=DIRECTION('',(0.,-1.,0.));
#7314=DIRECTION('',(0.,-1.,0.));
#7315=DIRECTION('',(0.,-1.,0.));
#7316=DIRECTION('',(0.,-1.,0.));
#7317=DIRECTION('',(0.,-1.,0.));
#7318=DIRECTION('center_axis',(1.,0.,0.));
#7319=DIRECTION('ref_axis',(0.,0.,1.));
#7320=DIRECTION('',(0.,0.,1.));
#7321=DIRECTION('',(0.,-1.,0.));
#7322=DIRECTION('',(0.,0.,1.));
#7323=DIRECTION('center_axis',(0.,0.,-1.));
#7324=DIRECTION('ref_axis',(1.,0.,0.));
#7325=DIRECTION('',(1.,0.,0.));
#7326=DIRECTION('',(1.,0.,0.));
#7327=DIRECTION('center_axis',(0.,1.,0.));
#7328=DIRECTION('ref_axis',(-1.,0.,0.));
#7329=DIRECTION('',(0.,-1.,0.));
#7330=DIRECTION('',(0.,-1.,0.));
#7331=DIRECTION('',(0.,-1.,0.));
#7332=DIRECTION('',(0.,-1.,0.));
#7333=DIRECTION('center_axis',(0.,0.,1.));
#7334=DIRECTION('ref_axis',(-1.,0.,0.));
#7335=DIRECTION('',(-1.,0.,0.));
#7336=DIRECTION('',(0.,-1.,0.));
#7337=DIRECTION('',(-1.,0.,0.));
#7338=DIRECTION('',(0.,-1.,0.));
#7339=DIRECTION('',(0.,-1.,0.));
#7340=DIRECTION('',(0.,-1.,0.));
#7341=DIRECTION('',(0.,-1.,0.));
#7342=DIRECTION('center_axis',(0.,0.,-1.));
#7343=DIRECTION('ref_axis',(1.,0.,0.));
#7344=DIRECTION('',(1.,0.,0.));
#7345=DIRECTION('',(0.,-1.,0.));
#7346=DIRECTION('',(1.,0.,0.));
#7347=DIRECTION('',(0.,-1.,0.));
#7348=DIRECTION('',(0.,-1.,0.));
#7349=DIRECTION('',(0.,-1.,0.));
#7350=DIRECTION('',(0.,-1.,0.));
#7351=DIRECTION('',(0.,-1.,0.));
#7352=DIRECTION('',(0.,-1.,0.));
#7353=DIRECTION('',(0.,-1.,0.));
#7354=DIRECTION('',(0.,-1.,0.));
#7355=DIRECTION('',(0.,-1.,0.));
#7356=DIRECTION('center_axis',(-0.122722159740869,0.,0.992441067020373));
#7357=DIRECTION('ref_axis',(-0.992441067020373,0.,-0.122722159740869));
#7358=DIRECTION('',(-0.992441067020373,0.,-0.122722159740869));
#7359=DIRECTION('',(0.,-1.,0.));
#7360=DIRECTION('',(-0.992441067020373,0.,-0.122722159740869));
#7361=DIRECTION('center_axis',(0.,1.,0.));
#7362=DIRECTION('ref_axis',(-1.,0.,0.));
#7363=DIRECTION('center_axis',(-1.,0.,0.));
#7364=DIRECTION('ref_axis',(0.,0.,-1.));
#7365=DIRECTION('',(0.,0.,-1.));
#7366=DIRECTION('',(0.,-1.,0.));
#7367=DIRECTION('',(0.,0.,-1.));
#7368=DIRECTION('',(0.,-1.,0.));
#7369=DIRECTION('',(0.,-1.,0.));
#7370=DIRECTION('',(0.,-1.,0.));
#7371=DIRECTION('',(0.,-1.,0.));
#7372=DIRECTION('',(0.,-1.,0.));
#7373=DIRECTION('center_axis',(-0.937477190728815,0.,-0.34804671649537));
#7374=DIRECTION('ref_axis',(0.34804671649537,0.,-0.937477190728816));
#7375=DIRECTION('',(0.34804671649537,0.,-0.937477190728816));
#7376=DIRECTION('',(0.,-1.,0.));
#7377=DIRECTION('',(0.34804671649537,0.,-0.937477190728816));
#7378=DIRECTION('',(0.,-1.,0.));
#7379=DIRECTION('',(0.,-1.,0.));
#7380=DIRECTION('',(0.,-1.,0.));
#7381=DIRECTION('center_axis',(-1.,0.,0.));
#7382=DIRECTION('ref_axis',(0.,0.,-1.));
#7383=DIRECTION('',(0.,0.,-1.));
#7384=DIRECTION('',(0.,-1.,0.));
#7385=DIRECTION('',(0.,0.,-1.));
#7386=DIRECTION('center_axis',(0.,0.,1.));
#7387=DIRECTION('ref_axis',(-1.,0.,0.));
#7388=DIRECTION('',(-1.,0.,0.));
#7389=DIRECTION('',(0.,-1.,0.));
#7390=DIRECTION('',(-1.,0.,0.));
#7391=DIRECTION('center_axis',(1.,0.,0.));
#7392=DIRECTION('ref_axis',(0.,0.,1.));
#7393=DIRECTION('',(0.,0.,1.));
#7394=DIRECTION('',(0.,-1.,0.));
#7395=DIRECTION('',(0.,0.,1.));
#7396=DIRECTION('center_axis',(0.,0.,-1.));
#7397=DIRECTION('ref_axis',(1.,0.,0.));
#7398=DIRECTION('',(1.,0.,0.));
#7399=DIRECTION('',(1.,0.,0.));
#7400=DIRECTION('center_axis',(0.,1.,0.));
#7401=DIRECTION('ref_axis',(-1.,0.,0.));
#7402=DIRECTION('',(0.,-1.,0.));
#7403=DIRECTION('',(0.,-1.,0.));
#7404=DIRECTION('',(0.,-1.,0.));
#7405=DIRECTION('',(0.,-1.,0.));
#7406=DIRECTION('',(0.,-1.,0.));
#7407=DIRECTION('',(0.,-1.,0.));
#7408=DIRECTION('',(0.,-1.,0.));
#7409=DIRECTION('',(0.,-1.,0.));
#7410=DIRECTION('',(0.,-1.,0.));
#7411=DIRECTION('',(0.,-1.,0.));
#7412=DIRECTION('',(0.,-1.,0.));
#7413=DIRECTION('',(0.,-1.,0.));
#7414=DIRECTION('',(0.,-1.,0.));
#7415=DIRECTION('',(0.,-1.,0.));
#7416=DIRECTION('',(0.,-1.,0.));
#7417=DIRECTION('',(0.,-1.,0.));
#7418=DIRECTION('',(0.,-1.,0.));
#7419=DIRECTION('center_axis',(0.,1.,0.));
#7420=DIRECTION('ref_axis',(-1.,0.,0.));
#7421=DIRECTION('center_axis',(1.,0.,0.));
#7422=DIRECTION('ref_axis',(0.,0.,1.));
#7423=DIRECTION('',(0.,0.,1.));
#7424=DIRECTION('',(0.,-1.,0.));
#7425=DIRECTION('',(0.,0.,1.));
#7426=DIRECTION('',(0.,-1.,0.));
#7427=DIRECTION('',(0.,-1.,0.));
#7428=DIRECTION('',(0.,-1.,0.));
#7429=DIRECTION('',(0.,-1.,0.));
#7430=DIRECTION('',(0.,-1.,0.));
#7431=DIRECTION('',(0.,-1.,0.));
#7432=DIRECTION('',(0.,-1.,0.));
#7433=DIRECTION('',(0.,-1.,0.));
#7434=DIRECTION('',(0.,-1.,0.));
#7435=DIRECTION('',(0.,-1.,0.));
#7436=DIRECTION('',(0.,-1.,0.));
#7437=DIRECTION('',(0.,-1.,0.));
#7438=DIRECTION('',(0.,-1.,0.));
#7439=DIRECTION('center_axis',(-0.264516068254975,0.,-0.964381278144142));
#7440=DIRECTION('ref_axis',(0.964381278144142,0.,-0.264516068254975));
#7441=DIRECTION('',(0.964381278144142,0.,-0.264516068254975));
#7442=DIRECTION('',(0.,-1.,0.));
#7443=DIRECTION('',(0.964381278144142,0.,-0.264516068254975));
#7444=DIRECTION('',(0.,-1.,0.));
#7445=DIRECTION('',(0.,-1.,0.));
#7446=DIRECTION('',(0.,-1.,0.));
#7447=DIRECTION('',(0.,-1.,0.));
#7448=DIRECTION('',(0.,-1.,0.));
#7449=DIRECTION('',(0.,-1.,0.));
#7450=DIRECTION('',(0.,-1.,0.));
#7451=DIRECTION('',(0.,-1.,0.));
#7452=DIRECTION('',(0.,-1.,0.));
#7453=DIRECTION('',(0.,-1.,0.));
#7454=DIRECTION('',(0.,-1.,0.));
#7455=DIRECTION('center_axis',(-1.,0.,0.));
#7456=DIRECTION('ref_axis',(0.,0.,-1.));
#7457=DIRECTION('',(0.,0.,-1.));
#7458=DIRECTION('',(0.,-1.,0.));
#7459=DIRECTION('',(0.,0.,-1.));
#7460=DIRECTION('center_axis',(0.00161027396122084,0.,0.999998703508045));
#7461=DIRECTION('ref_axis',(-0.999998703508044,0.,0.00161027396122084));
#7462=DIRECTION('',(-0.999998703508044,0.,0.00161027396122084));
#7463=DIRECTION('',(0.,-1.,0.));
#7464=DIRECTION('',(-0.999998703508044,0.,0.00161027396122084));
#7465=DIRECTION('center_axis',(1.,0.,0.));
#7466=DIRECTION('ref_axis',(0.,0.,1.));
#7467=DIRECTION('',(0.,0.,1.));
#7468=DIRECTION('',(0.,-1.,0.));
#7469=DIRECTION('',(0.,0.,1.));
#7470=DIRECTION('center_axis',(0.,0.,-1.));
#7471=DIRECTION('ref_axis',(1.,0.,0.));
#7472=DIRECTION('',(1.,0.,0.));
#7473=DIRECTION('',(1.,0.,0.));
#7474=DIRECTION('center_axis',(0.,1.,0.));
#7475=DIRECTION('ref_axis',(-1.,0.,0.));
#7476=DIRECTION('center_axis',(0.,0.,-1.));
#7477=DIRECTION('ref_axis',(1.,0.,0.));
#7478=DIRECTION('',(1.,0.,0.));
#7479=DIRECTION('',(0.,-1.,0.));
#7480=DIRECTION('',(1.,0.,0.));
#7481=DIRECTION('',(0.,-1.,0.));
#7482=DIRECTION('',(0.,-1.,0.));
#7483=DIRECTION('',(0.,-1.,0.));
#7484=DIRECTION('',(0.,-1.,0.));
#7485=DIRECTION('',(0.,-1.,0.));
#7486=DIRECTION('',(0.,-1.,0.));
#7487=DIRECTION('',(0.,-1.,0.));
#7488=DIRECTION('center_axis',(0.,0.,1.));
#7489=DIRECTION('ref_axis',(-1.,0.,0.));
#7490=DIRECTION('',(-1.,0.,0.));
#7491=DIRECTION('',(0.,-1.,0.));
#7492=DIRECTION('',(-1.,0.,0.));
#7493=DIRECTION('center_axis',(-1.,0.,0.));
#7494=DIRECTION('ref_axis',(0.,0.,-1.));
#7495=DIRECTION('',(0.,0.,-1.));
#7496=DIRECTION('',(0.,0.,-1.));
#7497=DIRECTION('center_axis',(0.,0.,-1.));
#7498=DIRECTION('ref_axis',(1.,0.,0.));
#7499=DIRECTION('',(1.,0.,0.));
#7500=DIRECTION('',(0.,-1.,0.));
#7501=DIRECTION('',(1.,0.,0.));
#7502=DIRECTION('',(0.,-1.,0.));
#7503=DIRECTION('',(0.,-1.,0.));
#7504=DIRECTION('',(0.,-1.,0.));
#7505=DIRECTION('',(0.,-1.,0.));
#7506=DIRECTION('',(0.,-1.,0.));
#7507=DIRECTION('',(0.,-1.,0.));
#7508=DIRECTION('',(0.,-1.,0.));
#7509=DIRECTION('',(0.,-1.,0.));
#7510=DIRECTION('center_axis',(0.,0.,1.));
#7511=DIRECTION('ref_axis',(-1.,0.,0.));
#7512=DIRECTION('',(-1.,0.,0.));
#7513=DIRECTION('',(0.,-1.,0.));
#7514=DIRECTION('',(-1.,0.,0.));
#7515=DIRECTION('center_axis',(-1.,0.,0.));
#7516=DIRECTION('ref_axis',(0.,0.,-1.));
#7517=DIRECTION('',(0.,0.,-1.));
#7518=DIRECTION('',(0.,0.,-1.));
#7519=DIRECTION('',(0.,-1.,0.));
#7520=DIRECTION('',(0.,-1.,0.));
#7521=DIRECTION('',(0.,-1.,0.));
#7522=DIRECTION('',(0.,-1.,0.));
#7523=DIRECTION('',(0.,-1.,0.));
#7524=DIRECTION('',(0.,-1.,0.));
#7525=DIRECTION('',(0.,-1.,0.));
#7526=DIRECTION('',(0.,-1.,0.));
#7527=DIRECTION('',(0.,-1.,0.));
#7528=DIRECTION('',(0.,-1.,0.));
#7529=DIRECTION('',(0.,-1.,0.));
#7530=DIRECTION('',(0.,-1.,0.));
#7531=DIRECTION('center_axis',(0.,0.,1.));
#7532=DIRECTION('ref_axis',(-1.,0.,0.));
#7533=DIRECTION('',(-1.,0.,0.));
#7534=DIRECTION('',(0.,-1.,0.));
#7535=DIRECTION('',(-1.,0.,0.));
#7536=DIRECTION('center_axis',(1.,0.,0.));
#7537=DIRECTION('ref_axis',(0.,0.,1.));
#7538=DIRECTION('',(0.,0.,1.));
#7539=DIRECTION('',(0.,-1.,0.));
#7540=DIRECTION('',(0.,0.,1.));
#7541=DIRECTION('center_axis',(0.,0.,-1.));
#7542=DIRECTION('ref_axis',(1.,0.,0.));
#7543=DIRECTION('',(1.,0.,0.));
#7544=DIRECTION('',(1.,0.,0.));
#7545=DIRECTION('center_axis',(0.,1.,0.));
#7546=DIRECTION('ref_axis',(-1.,0.,0.));
#7547=DIRECTION('center_axis',(0.,1.,0.));
#7548=DIRECTION('ref_axis',(-1.,0.,0.));
#7549=DIRECTION('center_axis',(0.,1.,0.));
#7550=DIRECTION('ref_axis',(-1.,0.,0.));
#7551=DIRECTION('center_axis',(0.,1.,0.));
#7552=DIRECTION('ref_axis',(-1.,0.,0.));
#7553=DIRECTION('center_axis',(0.,1.,0.));
#7554=DIRECTION('ref_axis',(-1.,0.,0.));
#7555=DIRECTION('center_axis',(0.,1.,0.));
#7556=DIRECTION('ref_axis',(-1.,0.,0.));
#7557=DIRECTION('center_axis',(0.,1.,0.));
#7558=DIRECTION('ref_axis',(-1.,0.,0.));
#7559=DIRECTION('center_axis',(0.,0.,1.));
#7560=DIRECTION('ref_axis',(-0.707106781186547,-0.707106781186547,0.));
#7561=DIRECTION('center_axis',(0.,0.,-1.));
#7562=DIRECTION('ref_axis',(-0.707106781186547,-0.707106781186547,0.));
#7563=DIRECTION('',(0.,0.,-1.));
#7564=DIRECTION('center_axis',(0.,0.,1.));
#7565=DIRECTION('ref_axis',(-0.707106781186547,-0.707106781186547,0.));
#7566=DIRECTION('',(0.,0.,1.));
#7567=DIRECTION('center_axis',(0.,-1.,0.));
#7568=DIRECTION('ref_axis',(1.,0.,0.));
#7569=DIRECTION('',(1.,0.,0.));
#7570=DIRECTION('',(0.,0.,-1.));
#7571=DIRECTION('',(1.,0.,0.));
#7572=DIRECTION('',(-1.,0.,0.));
#7573=DIRECTION('',(0.,0.,1.));
#7574=DIRECTION('',(1.,0.,0.));
#7575=DIRECTION('',(0.,0.,-1.));
#7576=DIRECTION('center_axis',(0.,0.,1.));
#7577=DIRECTION('ref_axis',(1.,0.,0.));
#7578=DIRECTION('',(0.,-1.,0.));
#7579=DIRECTION('center_axis',(0.,0.,1.));
#7580=DIRECTION('ref_axis',(-0.707106781186548,0.707106781186547,0.));
#7581=DIRECTION('',(-1.,0.,0.));
#7582=DIRECTION('center_axis',(0.,0.,1.));
#7583=DIRECTION('ref_axis',(0.707106781186547,0.707106781186547,0.));
#7584=DIRECTION('',(0.,1.,0.));
#7585=DIRECTION('center_axis',(0.,0.,1.));
#7586=DIRECTION('ref_axis',(0.707106781186547,-0.707106781186547,0.));
#7587=DIRECTION('center_axis',(0.,0.,1.));
#7588=DIRECTION('ref_axis',(-0.707106781186548,0.707106781186547,0.));
#7589=DIRECTION('center_axis',(0.,0.,-1.));
#7590=DIRECTION('ref_axis',(-0.707106781186548,0.707106781186547,0.));
#7591=DIRECTION('',(0.,0.,-1.));
#7592=DIRECTION('',(0.,0.,1.));
#7593=DIRECTION('center_axis',(0.,1.,0.));
#7594=DIRECTION('ref_axis',(-1.,0.,0.));
#7595=DIRECTION('',(-1.,0.,0.));
#7596=DIRECTION('',(0.,0.,1.));
#7597=DIRECTION('',(1.,0.,0.));
#7598=DIRECTION('',(0.,0.,1.));
#7599=DIRECTION('',(-1.,0.,0.));
#7600=DIRECTION('',(0.,0.,-1.));
#7601=DIRECTION('center_axis',(0.,0.,1.));
#7602=DIRECTION('ref_axis',(1.,0.,0.));
#7603=DIRECTION('center_axis',(0.,0.,-1.));
#7604=DIRECTION('ref_axis',(0.707106781186547,-0.707106781186547,0.));
#7605=DIRECTION('',(0.,1.,0.));
#7606=DIRECTION('center_axis',(0.,0.,-1.));
#7607=DIRECTION('ref_axis',(0.707106781186547,0.707106781186547,0.));
#7608=DIRECTION('',(0.,-1.,0.));
#7609=DIRECTION('center_axis',(0.,0.,-1.));
#7610=DIRECTION('ref_axis',(1.,0.,0.));
#7611=DIRECTION('center_axis',(0.,0.,-1.));
#7612=DIRECTION('ref_axis',(1.,0.,0.));
#7613=DIRECTION('center_axis',(0.,0.,-1.));
#7614=DIRECTION('ref_axis',(1.,0.,0.));
#7615=DIRECTION('',(1.,0.,0.));
#7616=DIRECTION('',(0.,1.,0.));
#7617=DIRECTION('',(-1.,0.,0.));
#7618=DIRECTION('',(0.,1.,0.));
#7619=DIRECTION('',(1.,0.,0.));
#7620=DIRECTION('',(0.,-1.,0.));
#7621=DIRECTION('',(-1.,0.,0.));
#7622=DIRECTION('',(0.,-1.,0.));
#7623=DIRECTION('',(-1.,0.,0.));
#7624=DIRECTION('',(0.,1.,0.));
#7625=DIRECTION('center_axis',(0.,0.,-1.));
#7626=DIRECTION('ref_axis',(1.,0.,0.));
#7627=DIRECTION('center_axis',(0.,0.,1.));
#7628=DIRECTION('ref_axis',(0.707106781186547,0.707106781186547,0.));
#7629=DIRECTION('',(0.,0.,-1.));
#7630=DIRECTION('center_axis',(1.,0.,0.));
#7631=DIRECTION('ref_axis',(0.,1.,0.));
#7632=DIRECTION('',(0.,0.,1.));
#7633=DIRECTION('',(0.,0.,-1.));
#7634=DIRECTION('',(0.,-1.,0.));
#7635=DIRECTION('',(0.,0.,1.));
#7636=DIRECTION('',(0.,1.,0.));
#7637=DIRECTION('',(0.,0.,-1.));
#7638=DIRECTION('',(0.,-1.,0.));
#7639=DIRECTION('',(0.,0.,1.));
#7640=DIRECTION('',(0.,1.,0.));
#7641=DIRECTION('',(0.,0.,-1.));
#7642=DIRECTION('',(0.,-1.,0.));
#7643=DIRECTION('',(0.,0.,1.));
#7644=DIRECTION('',(0.,1.,0.));
#7645=DIRECTION('',(0.,0.,-1.));
#7646=DIRECTION('',(0.,-1.,0.));
#7647=DIRECTION('',(0.,0.,1.));
#7648=DIRECTION('',(0.,1.,0.));
#7649=DIRECTION('',(0.,0.,-1.));
#7650=DIRECTION('',(0.,-1.,0.));
#7651=DIRECTION('',(0.,0.,1.));
#7652=DIRECTION('',(0.,1.,0.));
#7653=DIRECTION('',(0.,0.,-1.));
#7654=DIRECTION('',(0.,-1.,0.));
#7655=DIRECTION('',(0.,0.,1.));
#7656=DIRECTION('',(0.,1.,0.));
#7657=DIRECTION('',(0.,0.,-1.));
#7658=DIRECTION('',(0.,-1.,0.));
#7659=DIRECTION('',(0.,0.,1.));
#7660=DIRECTION('',(0.,1.,0.));
#7661=DIRECTION('',(0.,0.,-1.));
#7662=DIRECTION('',(0.,-1.,0.));
#7663=DIRECTION('',(0.,0.,1.));
#7664=DIRECTION('',(0.,1.,0.));
#7665=DIRECTION('center_axis',(0.,0.,1.));
#7666=DIRECTION('ref_axis',(0.707106781186547,-0.707106781186547,0.));
#7667=DIRECTION('center_axis',(0.,0.,1.));
#7668=DIRECTION('ref_axis',(1.,0.,0.));
#7669=DIRECTION('',(-0.85716730070211,-1.04972719113862E-16,0.515038074910058));
#7670=DIRECTION('center_axis',(0.,0.,-1.));
#7671=DIRECTION('ref_axis',(1.,0.,0.));
#7672=DIRECTION('center_axis',(0.,0.,-1.));
#7673=DIRECTION('ref_axis',(1.,0.,0.));
#7674=DIRECTION('center_axis',(0.,0.,-1.));
#7675=DIRECTION('ref_axis',(1.,0.,0.));
#7676=DIRECTION('',(0.,0.,-1.));
#7677=DIRECTION('center_axis',(0.,0.,1.));
#7678=DIRECTION('ref_axis',(1.,0.,0.));
#7679=DIRECTION('',(-0.85716730070211,-1.04972719113862E-16,0.515038074910058));
#7680=DIRECTION('center_axis',(0.,0.,-1.));
#7681=DIRECTION('ref_axis',(1.,0.,0.));
#7682=DIRECTION('center_axis',(0.,0.,-1.));
#7683=DIRECTION('ref_axis',(1.,0.,0.));
#7684=DIRECTION('center_axis',(0.,0.,-1.));
#7685=DIRECTION('ref_axis',(1.,0.,0.));
#7686=DIRECTION('',(0.,0.,-1.));
#7687=DIRECTION('center_axis',(0.,0.,1.));
#7688=DIRECTION('ref_axis',(1.,0.,0.));
#7689=DIRECTION('',(-0.85716730070211,-1.04972719113862E-16,0.515038074910058));
#7690=DIRECTION('center_axis',(0.,0.,-1.));
#7691=DIRECTION('ref_axis',(1.,0.,0.));
#7692=DIRECTION('center_axis',(0.,0.,-1.));
#7693=DIRECTION('ref_axis',(1.,0.,0.));
#7694=DIRECTION('center_axis',(0.,0.,-1.));
#7695=DIRECTION('ref_axis',(1.,0.,0.));
#7696=DIRECTION('',(0.,0.,-1.));
#7697=DIRECTION('center_axis',(0.,0.,1.));
#7698=DIRECTION('ref_axis',(1.,0.,0.));
#7699=DIRECTION('',(-0.85716730070211,-1.04972719113862E-16,0.515038074910058));
#7700=DIRECTION('center_axis',(0.,0.,-1.));
#7701=DIRECTION('ref_axis',(1.,0.,0.));
#7702=DIRECTION('center_axis',(0.,0.,-1.));
#7703=DIRECTION('ref_axis',(1.,0.,0.));
#7704=DIRECTION('center_axis',(0.,0.,-1.));
#7705=DIRECTION('ref_axis',(1.,0.,0.));
#7706=DIRECTION('',(0.,0.,-1.));
#7707=DIRECTION('center_axis',(-1.,0.,0.));
#7708=DIRECTION('ref_axis',(0.,-1.,0.));
#7709=DIRECTION('',(0.,1.,0.));
#7710=DIRECTION('',(0.,0.,-1.));
#7711=DIRECTION('',(0.,-1.,0.));
#7712=DIRECTION('',(0.,0.,1.));
#7713=DIRECTION('center_axis',(0.,0.,1.));
#7714=DIRECTION('ref_axis',(1.,0.,0.));
#7715=DIRECTION('',(-1.,0.,0.));
#7716=DIRECTION('',(0.,-1.,0.));
#7717=DIRECTION('',(-1.,0.,0.));
#7718=DIRECTION('center_axis',(0.,1.,0.));
#7719=DIRECTION('ref_axis',(-1.,0.,0.));
#7720=DIRECTION('',(1.,0.,0.));
#7721=DIRECTION('',(0.,0.,1.));
#7722=DIRECTION('center_axis',(-1.,0.,0.));
#7723=DIRECTION('ref_axis',(0.,-1.,0.));
#7724=DIRECTION('',(0.,0.,1.));
#7725=DIRECTION('',(0.,0.,1.));
#7726=DIRECTION('',(0.,1.,0.));
#7727=DIRECTION('',(0.,0.,1.));
#7728=DIRECTION('',(0.,-1.,0.));
#7729=DIRECTION('',(0.,0.,-1.));
#7730=DIRECTION('',(0.,1.,0.));
#7731=DIRECTION('',(0.,0.,1.));
#7732=DIRECTION('',(0.,-1.,0.));
#7733=DIRECTION('',(0.,0.,-1.));
#7734=DIRECTION('',(0.,1.,0.));
#7735=DIRECTION('',(0.,0.,1.));
#7736=DIRECTION('',(0.,-1.,0.));
#7737=DIRECTION('',(0.,0.,-1.));
#7738=DIRECTION('',(0.,1.,0.));
#7739=DIRECTION('',(0.,0.,1.));
#7740=DIRECTION('',(0.,-1.,0.));
#7741=DIRECTION('',(0.,0.,-1.));
#7742=DIRECTION('',(0.,1.,0.));
#7743=DIRECTION('',(0.,0.,1.));
#7744=DIRECTION('',(0.,-1.,0.));
#7745=DIRECTION('',(0.,0.,-1.));
#7746=DIRECTION('',(0.,1.,0.));
#7747=DIRECTION('',(0.,0.,1.));
#7748=DIRECTION('',(0.,-1.,0.));
#7749=DIRECTION('',(0.,0.,-1.));
#7750=DIRECTION('',(0.,1.,0.));
#7751=DIRECTION('',(0.,0.,1.));
#7752=DIRECTION('',(0.,-1.,0.));
#7753=DIRECTION('',(0.,0.,-1.));
#7754=DIRECTION('',(0.,1.,0.));
#7755=DIRECTION('',(0.,0.,1.));
#7756=DIRECTION('',(0.,-1.,0.));
#7757=DIRECTION('',(0.,0.,-1.));
#7758=DIRECTION('',(0.,1.,0.));
#7759=DIRECTION('center_axis',(0.,1.,0.));
#7760=DIRECTION('ref_axis',(-1.,0.,0.));
#7761=DIRECTION('',(1.,0.,0.));
#7762=DIRECTION('',(0.,0.,1.));
#7763=DIRECTION('',(-1.,0.,0.));
#7764=DIRECTION('',(0.,0.,1.));
#7765=DIRECTION('',(0.,0.,-1.));
#7766=DIRECTION('',(1.,0.,0.));
#7767=DIRECTION('',(0.,0.,1.));
#7768=DIRECTION('center_axis',(0.,-1.,0.));
#7769=DIRECTION('ref_axis',(0.,0.,-1.));
#7770=DIRECTION('center_axis',(0.,-1.,0.));
#7771=DIRECTION('ref_axis',(0.,0.,-1.));
#7772=DIRECTION('center_axis',(0.,1.,0.));
#7773=DIRECTION('ref_axis',(-1.,0.,0.));
#7774=DIRECTION('',(1.,0.,0.));
#7775=DIRECTION('',(0.,0.,-1.));
#7776=DIRECTION('',(-1.,0.,0.));
#7777=DIRECTION('',(0.,0.,1.));
#7778=DIRECTION('center_axis',(1.,0.,0.));
#7779=DIRECTION('ref_axis',(0.,1.,0.));
#7780=DIRECTION('',(0.,-1.,0.));
#7781=DIRECTION('',(0.,1.,0.));
#7782=DIRECTION('center_axis',(0.,0.,1.));
#7783=DIRECTION('ref_axis',(1.,0.,0.));
#7784=DIRECTION('',(0.,1.,0.));
#7785=DIRECTION('center_axis',(1.,0.,0.));
#7786=DIRECTION('ref_axis',(0.,1.,0.));
#7787=DIRECTION('',(0.,-1.,0.));
#7788=DIRECTION('',(0.,0.,1.));
#7789=DIRECTION('',(0.,1.,0.));
#7790=DIRECTION('',(0.,0.,1.));
#7791=DIRECTION('center_axis',(0.,-1.,0.));
#7792=DIRECTION('ref_axis',(1.,0.,0.));
#7793=DIRECTION('',(-1.,0.,0.));
#7794=DIRECTION('',(0.,0.,1.));
#7795=DIRECTION('',(1.,0.,0.));
#7796=DIRECTION('',(0.,0.,1.));
#7797=DIRECTION('center_axis',(1.,0.,0.));
#7798=DIRECTION('ref_axis',(0.,1.,0.));
#7799=DIRECTION('',(0.,-1.,0.));
#7800=DIRECTION('',(0.,0.,1.));
#7801=DIRECTION('',(0.,1.,0.));
#7802=DIRECTION('center_axis',(-1.,0.,0.));
#7803=DIRECTION('ref_axis',(0.,-1.,0.));
#7804=DIRECTION('',(0.,1.,0.));
#7805=DIRECTION('',(0.,-1.,0.));
#7806=DIRECTION('',(0.,0.,1.));
#7807=DIRECTION('center_axis',(0.,1.,0.));
#7808=DIRECTION('ref_axis',(-1.,0.,0.));
#7809=DIRECTION('',(1.,0.,0.));
#7810=DIRECTION('',(-1.,0.,0.));
#7811=DIRECTION('center_axis',(0.,0.,1.));
#7812=DIRECTION('ref_axis',(1.,0.,0.));
#7813=DIRECTION('center_axis',(0.,0.,1.));
#7814=DIRECTION('ref_axis',(1.,0.,0.));
#7815=DIRECTION('',(1.,0.,0.));
#7816=DIRECTION('',(1.,0.,0.));
#7817=DIRECTION('',(0.,1.,0.));
#7818=DIRECTION('center_axis',(1.,0.,0.));
#7819=DIRECTION('ref_axis',(0.,1.,0.));
#7820=DIRECTION('',(0.,0.,-1.));
#7821=DIRECTION('',(0.,0.,1.));
#7822=DIRECTION('',(0.,-1.,0.));
#7823=DIRECTION('center_axis',(0.,-1.,0.));
#7824=DIRECTION('ref_axis',(1.,0.,0.));
#7825=DIRECTION('',(-1.,0.,0.));
#7826=DIRECTION('center_axis',(0.,0.,1.));
#7827=DIRECTION('ref_axis',(1.,0.,0.));
#7828=DIRECTION('',(-1.,0.,0.));
#7829=DIRECTION('center_axis',(0.,0.,-1.));
#7830=DIRECTION('ref_axis',(-1.,0.,0.));
#7831=DIRECTION('',(0.,1.,0.));
#7832=DIRECTION('',(1.,0.,0.));
#7833=DIRECTION('',(0.,1.,0.));
#7834=DIRECTION('center_axis',(1.,0.,0.));
#7835=DIRECTION('ref_axis',(0.,0.,-1.));
#7836=DIRECTION('',(0.,1.,0.));
#7837=DIRECTION('',(0.,0.,1.));
#7838=DIRECTION('center_axis',(0.,0.,1.));
#7839=DIRECTION('ref_axis',(1.,0.,0.));
#7840=DIRECTION('',(0.,1.,0.));
#7841=DIRECTION('',(-1.,0.,0.));
#7842=DIRECTION('center_axis',(-1.,0.,0.));
#7843=DIRECTION('ref_axis',(0.,0.,1.));
#7844=DIRECTION('',(0.,0.,-1.));
#7845=DIRECTION('center_axis',(0.,1.,0.));
#7846=DIRECTION('ref_axis',(0.,0.,-1.));
#7847=DIRECTION('center_axis',(0.,1.,0.));
#7848=DIRECTION('ref_axis',(0.,0.,-1.));
#7849=DIRECTION('',(0.,1.,0.));
#7850=DIRECTION('center_axis',(0.,1.,0.));
#7851=DIRECTION('ref_axis',(0.,0.,-1.));
#7852=DIRECTION('center_axis',(0.,1.,0.));
#7853=DIRECTION('ref_axis',(0.,0.,-1.));
#7854=DIRECTION('',(0.,1.,0.));
#7855=DIRECTION('center_axis',(0.,1.,0.));
#7856=DIRECTION('ref_axis',(1.,0.,0.));
#7857=DIRECTION('',(0.,0.,1.));
#7858=DIRECTION('',(0.,0.,-1.));
#7859=DIRECTION('',(1.,0.,0.));
#7860=DIRECTION('center_axis',(-1.,0.,0.));
#7861=DIRECTION('ref_axis',(0.,1.,0.));
#7862=DIRECTION('',(0.,1.,0.));
#7863=DIRECTION('center_axis',(0.,0.,1.));
#7864=DIRECTION('ref_axis',(1.,0.,0.));
#7865=DIRECTION('',(-0.85716730070211,-1.04972719113862E-16,0.515038074910058));
#7866=DIRECTION('center_axis',(0.,0.,-1.));
#7867=DIRECTION('ref_axis',(1.,0.,0.));
#7868=DIRECTION('center_axis',(0.,0.,-1.));
#7869=DIRECTION('ref_axis',(1.,0.,0.));
#7870=DIRECTION('',(0.,0.,-1.));
#7871=DIRECTION('center_axis',(-1.,0.,0.));
#7872=DIRECTION('ref_axis',(0.,-1.,0.));
#7873=DIRECTION('center_axis',(0.,0.,-1.));
#7874=DIRECTION('ref_axis',(-1.,0.,0.));
#7875=DIRECTION('',(-1.,0.,0.));
#7876=DIRECTION('',(0.,-1.,0.));
#7877=DIRECTION('',(0.,1.,0.));
#7878=DIRECTION('center_axis',(0.,-1.,0.));
#7879=DIRECTION('ref_axis',(-1.,0.,0.));
#7880=DIRECTION('',(0.,0.,-1.));
#7881=DIRECTION('',(0.,0.,-1.));
#7882=DIRECTION('center_axis',(0.,0.,-1.));
#7883=DIRECTION('ref_axis',(1.,0.,0.));
#7884=DIRECTION('',(0.,-1.,0.));
#7885=DIRECTION('',(-1.,0.,0.));
#7886=DIRECTION('',(0.,-1.,0.));
#7887=DIRECTION('center_axis',(-1.,0.,0.));
#7888=DIRECTION('ref_axis',(0.,0.,-1.));
#7889=DIRECTION('',(0.,-1.,0.));
#7890=DIRECTION('',(0.,0.,1.));
#7891=DIRECTION('center_axis',(0.,0.,1.));
#7892=DIRECTION('ref_axis',(-1.,0.,0.));
#7893=DIRECTION('',(0.,-1.,0.));
#7894=DIRECTION('',(1.,0.,0.));
#7895=DIRECTION('center_axis',(1.,0.,0.));
#7896=DIRECTION('ref_axis',(0.,0.,1.));
#7897=DIRECTION('',(0.,0.,-1.));
#7898=DIRECTION('center_axis',(1.,0.,0.));
#7899=DIRECTION('ref_axis',(0.,-1.,0.));
#7900=DIRECTION('center_axis',(-1.,0.,0.));
#7901=DIRECTION('ref_axis',(0.,1.,0.));
#7902=DIRECTION('center_axis',(0.,0.,1.));
#7903=DIRECTION('ref_axis',(1.,0.,0.));
#7904=DIRECTION('',(-0.85716730070211,-1.04972719113862E-16,0.515038074910058));
#7905=DIRECTION('center_axis',(0.,0.,-1.));
#7906=DIRECTION('ref_axis',(1.,0.,0.));
#7907=DIRECTION('center_axis',(0.,0.,-1.));
#7908=DIRECTION('ref_axis',(1.,0.,0.));
#7909=DIRECTION('',(0.,0.,-1.));
#7910=DIRECTION('center_axis',(0.,0.,1.));
#7911=DIRECTION('ref_axis',(1.,0.,0.));
#7912=DIRECTION('',(-0.85716730070211,-1.04972719113862E-16,0.515038074910058));
#7913=DIRECTION('center_axis',(0.,0.,-1.));
#7914=DIRECTION('ref_axis',(1.,0.,0.));
#7915=DIRECTION('center_axis',(0.,0.,-1.));
#7916=DIRECTION('ref_axis',(1.,0.,0.));
#7917=DIRECTION('',(0.,0.,-1.));
#7918=DIRECTION('center_axis',(0.,0.,1.));
#7919=DIRECTION('ref_axis',(1.,0.,0.));
#7920=DIRECTION('',(-0.85716730070211,-1.04972719113862E-16,0.515038074910058));
#7921=DIRECTION('center_axis',(0.,0.,-1.));
#7922=DIRECTION('ref_axis',(1.,0.,0.));
#7923=DIRECTION('center_axis',(0.,0.,-1.));
#7924=DIRECTION('ref_axis',(1.,0.,0.));
#7925=DIRECTION('',(0.,0.,-1.));
#7926=DIRECTION('center_axis',(0.,-1.,0.));
#7927=DIRECTION('ref_axis',(0.,0.,1.));
#7928=DIRECTION('',(-1.,0.,0.));
#7929=DIRECTION('',(-1.,0.,0.));
#7930=DIRECTION('center_axis',(0.,0.,-1.));
#7931=DIRECTION('ref_axis',(0.,-1.,0.));
#7932=DIRECTION('',(-1.,0.,0.));
#7933=DIRECTION('center_axis',(0.,1.,0.));
#7934=DIRECTION('ref_axis',(0.,0.,-1.));
#7935=DIRECTION('',(-1.,0.,0.));
#7936=DIRECTION('center_axis',(0.,0.,1.));
#7937=DIRECTION('ref_axis',(0.,1.,0.));
#7938=DIRECTION('center_axis',(0.,-1.,0.));
#7939=DIRECTION('ref_axis',(0.,0.,1.));
#7940=DIRECTION('',(-1.,0.,0.));
#7941=DIRECTION('',(-1.,0.,0.));
#7942=DIRECTION('center_axis',(0.,0.,-1.));
#7943=DIRECTION('ref_axis',(0.,-1.,0.));
#7944=DIRECTION('',(-1.,0.,0.));
#7945=DIRECTION('center_axis',(0.,1.,0.));
#7946=DIRECTION('ref_axis',(0.,0.,-1.));
#7947=DIRECTION('',(-1.,0.,0.));
#7948=DIRECTION('center_axis',(0.,0.,1.));
#7949=DIRECTION('ref_axis',(0.,1.,0.));
#7950=DIRECTION('center_axis',(0.,-1.,0.));
#7951=DIRECTION('ref_axis',(0.,0.,1.));
#7952=DIRECTION('',(-1.,0.,0.));
#7953=DIRECTION('',(-1.,0.,0.));
#7954=DIRECTION('center_axis',(0.,0.,-1.));
#7955=DIRECTION('ref_axis',(0.,-1.,0.));
#7956=DIRECTION('',(-1.,0.,0.));
#7957=DIRECTION('center_axis',(0.,1.,0.));
#7958=DIRECTION('ref_axis',(0.,0.,-1.));
#7959=DIRECTION('',(-1.,0.,0.));
#7960=DIRECTION('center_axis',(0.,0.,1.));
#7961=DIRECTION('ref_axis',(0.,1.,0.));
#7962=DIRECTION('center_axis',(0.,-1.,0.));
#7963=DIRECTION('ref_axis',(0.,0.,1.));
#7964=DIRECTION('',(-1.,0.,0.));
#7965=DIRECTION('',(-1.,0.,0.));
#7966=DIRECTION('center_axis',(0.,0.,-1.));
#7967=DIRECTION('ref_axis',(0.,-1.,0.));
#7968=DIRECTION('',(-1.,0.,0.));
#7969=DIRECTION('center_axis',(0.,1.,0.));
#7970=DIRECTION('ref_axis',(0.,0.,-1.));
#7971=DIRECTION('',(-1.,0.,0.));
#7972=DIRECTION('center_axis',(0.,0.,1.));
#7973=DIRECTION('ref_axis',(0.,1.,0.));
#7974=DIRECTION('center_axis',(0.,-1.,0.));
#7975=DIRECTION('ref_axis',(0.,0.,1.));
#7976=DIRECTION('',(-1.,0.,0.));
#7977=DIRECTION('',(-1.,0.,0.));
#7978=DIRECTION('center_axis',(0.,0.,-1.));
#7979=DIRECTION('ref_axis',(0.,-1.,0.));
#7980=DIRECTION('',(-1.,0.,0.));
#7981=DIRECTION('center_axis',(0.,1.,0.));
#7982=DIRECTION('ref_axis',(0.,0.,-1.));
#7983=DIRECTION('',(-1.,0.,0.));
#7984=DIRECTION('center_axis',(0.,0.,1.));
#7985=DIRECTION('ref_axis',(0.,1.,0.));
#7986=DIRECTION('center_axis',(0.,-1.,0.));
#7987=DIRECTION('ref_axis',(0.,0.,1.));
#7988=DIRECTION('',(-1.,0.,0.));
#7989=DIRECTION('',(-1.,0.,0.));
#7990=DIRECTION('center_axis',(0.,0.,-1.));
#7991=DIRECTION('ref_axis',(0.,-1.,0.));
#7992=DIRECTION('',(-1.,0.,0.));
#7993=DIRECTION('center_axis',(0.,1.,0.));
#7994=DIRECTION('ref_axis',(0.,0.,-1.));
#7995=DIRECTION('',(-1.,0.,0.));
#7996=DIRECTION('center_axis',(0.,0.,1.));
#7997=DIRECTION('ref_axis',(0.,1.,0.));
#7998=DIRECTION('center_axis',(0.,-1.,0.));
#7999=DIRECTION('ref_axis',(0.,0.,1.));
#8000=DIRECTION('',(-1.,0.,0.));
#8001=DIRECTION('',(-1.,0.,0.));
#8002=DIRECTION('center_axis',(0.,0.,-1.));
#8003=DIRECTION('ref_axis',(0.,-1.,0.));
#8004=DIRECTION('',(-1.,0.,0.));
#8005=DIRECTION('center_axis',(0.,1.,0.));
#8006=DIRECTION('ref_axis',(0.,0.,-1.));
#8007=DIRECTION('',(-1.,0.,0.));
#8008=DIRECTION('center_axis',(0.,0.,1.));
#8009=DIRECTION('ref_axis',(0.,1.,0.));
#8010=DIRECTION('center_axis',(0.,-1.,0.));
#8011=DIRECTION('ref_axis',(0.,0.,1.));
#8012=DIRECTION('',(-1.,0.,0.));
#8013=DIRECTION('',(-1.,0.,0.));
#8014=DIRECTION('center_axis',(0.,0.,-1.));
#8015=DIRECTION('ref_axis',(0.,-1.,0.));
#8016=DIRECTION('',(-1.,0.,0.));
#8017=DIRECTION('center_axis',(0.,1.,0.));
#8018=DIRECTION('ref_axis',(0.,0.,-1.));
#8019=DIRECTION('',(-1.,0.,0.));
#8020=DIRECTION('center_axis',(0.,0.,1.));
#8021=DIRECTION('ref_axis',(0.,1.,0.));
#8022=DIRECTION('center_axis',(0.,-1.,0.));
#8023=DIRECTION('ref_axis',(1.,0.,0.));
#8024=CARTESIAN_POINT('',(0.,0.,0.));
#8025=CARTESIAN_POINT('Ctrl Pts',(84.0381991118193,59.4386235824792,7.34310984611511));
#8026=CARTESIAN_POINT('Ctrl Pts',(84.0381991118193,57.4386235824792,7.34310984611511));
#8027=CARTESIAN_POINT('Ctrl Pts',(84.1894441127548,59.4386235824792,7.26057677162362));
#8028=CARTESIAN_POINT('Ctrl Pts',(84.1894441127548,57.4386235824792,7.26057677162362));
#8029=CARTESIAN_POINT('Ctrl Pts',(84.5038359179937,59.4386235824792,7.08901591261472));
#8030=CARTESIAN_POINT('Ctrl Pts',(84.5038359179937,57.4386235824792,7.08901591261472));
#8031=CARTESIAN_POINT('Ctrl Pts',(84.8619260854188,59.4386235824792,7.06993088393953));
#8032=CARTESIAN_POINT('Ctrl Pts',(84.8619260854188,57.4386235824792,7.06993088393953));
#8033=CARTESIAN_POINT('Ctrl Pts',(85.0477492064238,59.4386235824792,7.06002712249756));
#8034=CARTESIAN_POINT('Ctrl Pts',(85.0477492064238,57.4386235824792,7.06002712249756));
#8035=CARTESIAN_POINT('',(84.0381991118193,59.4386235824792,7.34310984611511));
#8036=CARTESIAN_POINT('',(85.0477492064238,59.4386235824792,7.06002712249756));
#8037=CARTESIAN_POINT('Ctrl Pts',(84.0381991118193,59.4386235824792,7.34310984611511));
#8038=CARTESIAN_POINT('Ctrl Pts',(84.1894441127548,59.4386235824792,7.26057677162362));
#8039=CARTESIAN_POINT('Ctrl Pts',(84.5038359179937,59.4386235824792,7.08901591261472));
#8040=CARTESIAN_POINT('Ctrl Pts',(84.8619260854188,59.4386235824792,7.06993088393953));
#8041=CARTESIAN_POINT('Ctrl Pts',(85.0477492064238,59.4386235824792,7.06002712249756));
#8042=CARTESIAN_POINT('',(84.0381991118193,57.4386235824792,7.34310984611511));
#8043=CARTESIAN_POINT('',(84.0381991118193,59.4386235824792,7.34310984611511));
#8044=CARTESIAN_POINT('',(85.0477492064238,57.4386235824792,7.06002712249756));
#8045=CARTESIAN_POINT('Ctrl Pts',(84.0381991118193,57.4386235824792,7.34310984611511));
#8046=CARTESIAN_POINT('Ctrl Pts',(84.1894441127548,57.4386235824792,7.26057677162362));
#8047=CARTESIAN_POINT('Ctrl Pts',(84.5038359179937,57.4386235824792,7.08901591261472));
#8048=CARTESIAN_POINT('Ctrl Pts',(84.8619260854188,57.4386235824792,7.06993088393953));
#8049=CARTESIAN_POINT('Ctrl Pts',(85.0477492064238,57.4386235824792,7.06002712249756));
#8050=CARTESIAN_POINT('',(85.0477492064238,59.4386235824792,7.06002712249756));
#8051=CARTESIAN_POINT('Ctrl Pts',(83.287857696414,59.4386235824792,8.23328733444214));
#8052=CARTESIAN_POINT('Ctrl Pts',(83.287857696414,57.4386235824792,8.23328733444214));
#8053=CARTESIAN_POINT('Ctrl Pts',(83.3945264616285,59.4386235824792,8.04895939138929));
#8054=CARTESIAN_POINT('Ctrl Pts',(83.3945264616285,57.4386235824792,8.04895939138929));
#8055=CARTESIAN_POINT('Ctrl Pts',(83.5922805863501,59.4386235824792,7.7072322609885));
#8056=CARTESIAN_POINT('Ctrl Pts',(83.5922805863501,57.4386235824792,7.7072322609885));
#8057=CARTESIAN_POINT('Ctrl Pts',(83.8975789701108,59.4386235824792,7.45793563301159));
#8058=CARTESIAN_POINT('Ctrl Pts',(83.8975789701108,57.4386235824792,7.45793563301159));
#8059=CARTESIAN_POINT('Ctrl Pts',(84.0381991118193,59.4386235824792,7.34310984611511));
#8060=CARTESIAN_POINT('Ctrl Pts',(84.0381991118193,57.4386235824792,7.34310984611511));
#8061=CARTESIAN_POINT('',(83.287857696414,59.4386235824792,8.23328733444214));
#8062=CARTESIAN_POINT('Ctrl Pts',(83.287857696414,59.4386235824792,8.23328733444214));
#8063=CARTESIAN_POINT('Ctrl Pts',(83.3945264616285,59.4386235824792,8.04895939138929));
#8064=CARTESIAN_POINT('Ctrl Pts',(83.5922805863501,59.4386235824792,7.7072322609885));
#8065=CARTESIAN_POINT('Ctrl Pts',(83.8975789701108,59.4386235824792,7.45793563301159));
#8066=CARTESIAN_POINT('Ctrl Pts',(84.0381991118193,59.4386235824792,7.34310984611511));
#8067=CARTESIAN_POINT('',(83.287857696414,57.4386235824792,8.23328733444214));
#8068=CARTESIAN_POINT('',(83.287857696414,59.4386235824792,8.23328733444214));
#8069=CARTESIAN_POINT('Ctrl Pts',(83.287857696414,57.4386235824792,8.23328733444214));
#8070=CARTESIAN_POINT('Ctrl Pts',(83.3945264616285,57.4386235824792,8.04895939138929));
#8071=CARTESIAN_POINT('Ctrl Pts',(83.5922805863501,57.4386235824792,7.7072322609885));
#8072=CARTESIAN_POINT('Ctrl Pts',(83.8975789701108,57.4386235824792,7.45793563301159));
#8073=CARTESIAN_POINT('Ctrl Pts',(84.0381991118193,57.4386235824792,7.34310984611511));
#8074=CARTESIAN_POINT('Ctrl Pts',(82.5989078730345,59.4386235824792,9.87721681594849));
#8075=CARTESIAN_POINT('Ctrl Pts',(82.5989078730345,57.4386235824792,9.87721681594849));
#8076=CARTESIAN_POINT('Ctrl Pts',(82.7240113859702,59.4386235824792,9.53861915328013));
#8077=CARTESIAN_POINT('Ctrl Pts',(82.7240113859702,57.4386235824792,9.53861915328013));
#8078=CARTESIAN_POINT('Ctrl Pts',(82.9301787268196,59.4386235824792,8.98061899731287));
#8079=CARTESIAN_POINT('Ctrl Pts',(82.9301787268196,57.4386235824792,8.98061899731287));
#8080=CARTESIAN_POINT('Ctrl Pts',(83.1869117351368,59.4386235824792,8.44420304242156));
#8081=CARTESIAN_POINT('Ctrl Pts',(83.1869117351368,57.4386235824792,8.44420304242156));
#8082=CARTESIAN_POINT('Ctrl Pts',(83.287857696414,59.4386235824792,8.23328733444214));
#8083=CARTESIAN_POINT('Ctrl Pts',(83.287857696414,57.4386235824792,8.23328733444214));
#8084=CARTESIAN_POINT('',(82.5989078730345,59.4386235824792,9.87721681594849));
#8085=CARTESIAN_POINT('Ctrl Pts',(82.5989078730345,59.4386235824792,9.87721681594849));
#8086=CARTESIAN_POINT('Ctrl Pts',(82.7240113859702,59.4386235824792,9.53861915328013));
#8087=CARTESIAN_POINT('Ctrl Pts',(82.9301787268196,59.4386235824792,8.98061899731287));
#8088=CARTESIAN_POINT('Ctrl Pts',(83.1869117351368,59.4386235824792,8.44420304242156));
#8089=CARTESIAN_POINT('Ctrl Pts',(83.287857696414,59.4386235824792,8.23328733444214));
#8090=CARTESIAN_POINT('',(82.5989078730345,57.4386235824792,9.87721681594849));
#8091=CARTESIAN_POINT('',(82.5989078730345,59.4386235824792,9.87721681594849));
#8092=CARTESIAN_POINT('Ctrl Pts',(82.5989078730345,57.4386235824792,9.87721681594849));
#8093=CARTESIAN_POINT('Ctrl Pts',(82.7240113859702,57.4386235824792,9.53861915328013));
#8094=CARTESIAN_POINT('Ctrl Pts',(82.9301787268196,57.4386235824792,8.98061899731287));
#8095=CARTESIAN_POINT('Ctrl Pts',(83.1869117351368,57.4386235824792,8.44420304242156));
#8096=CARTESIAN_POINT('Ctrl Pts',(83.287857696414,57.4386235824792,8.23328733444214));
#8097=CARTESIAN_POINT('Origin',(79.8431109637022,59.4386235824792,17.2442018985748));
#8098=CARTESIAN_POINT('',(79.8431109637022,59.4386235824792,17.2442018985748));
#8099=CARTESIAN_POINT('',(84.2183477392259,59.4386235824792,5.54801922666259));
#8100=CARTESIAN_POINT('',(79.8431109637022,57.4386235824792,17.2442018985748));
#8101=CARTESIAN_POINT('',(79.8431109637022,59.4386235824792,17.2442018985748));
#8102=CARTESIAN_POINT('',(79.8431109637022,57.4386235824792,17.2442018985748));
#8103=CARTESIAN_POINT('Origin',(81.0709404200315,59.4386235824792,17.2442018985748));
#8104=CARTESIAN_POINT('',(81.0709404200315,59.4386235824792,17.2442018985748));
#8105=CARTESIAN_POINT('',(93.0501083168653,59.4386235824792,17.2442018985748));
#8106=CARTESIAN_POINT('',(81.0709404200315,57.4386235824792,17.2442018985748));
#8107=CARTESIAN_POINT('',(81.0709404200315,59.4386235824792,17.2442018985748));
#8108=CARTESIAN_POINT('',(81.0709404200315,57.4386235824792,17.2442018985748));
#8109=CARTESIAN_POINT('Origin',(82.6193725317717,59.4386235824792,13.0218279361725));
#8110=CARTESIAN_POINT('',(82.6193725317717,59.4386235824792,13.0218279361725));
#8111=CARTESIAN_POINT('',(86.0522766011009,59.4386235824792,3.66074284380009));
#8112=CARTESIAN_POINT('',(82.6193725317717,57.4386235824792,13.0218279361725));
#8113=CARTESIAN_POINT('',(82.6193725317717,59.4386235824792,13.0218279361725));
#8114=CARTESIAN_POINT('',(82.6193725317717,57.4386235824792,13.0218279361725));
#8115=CARTESIAN_POINT('Ctrl Pts',(83.1241475790739,59.4386235824792,11.371077299118));
#8116=CARTESIAN_POINT('Ctrl Pts',(83.1241475790739,57.4386235824792,11.371077299118));
#8117=CARTESIAN_POINT('Ctrl Pts',(83.0504670239441,59.4386235824792,11.6507226639727));
#8118=CARTESIAN_POINT('Ctrl Pts',(83.0504670239441,57.4386235824792,11.6507226639727));
#8119=CARTESIAN_POINT('Ctrl Pts',(82.9037515216828,59.4386235824792,12.2075630689809));
#8120=CARTESIAN_POINT('Ctrl Pts',(82.9037515216828,57.4386235824792,12.2075630689809));
#8121=CARTESIAN_POINT('Ctrl Pts',(82.7138870347038,59.4386235824792,12.7512037272541));
#8122=CARTESIAN_POINT('Ctrl Pts',(82.7138870347038,57.4386235824792,12.7512037272541));
#8123=CARTESIAN_POINT('Ctrl Pts',(82.6193725317717,59.4386235824792,13.0218279361725));
#8124=CARTESIAN_POINT('Ctrl Pts',(82.6193725317717,57.4386235824792,13.0218279361725));
#8125=CARTESIAN_POINT('',(83.1241475790739,59.4386235824792,11.371077299118));
#8126=CARTESIAN_POINT('Ctrl Pts',(83.1241475790739,59.4386235824792,11.371077299118));
#8127=CARTESIAN_POINT('Ctrl Pts',(83.0504670239441,59.4386235824792,11.6507226639727));
#8128=CARTESIAN_POINT('Ctrl Pts',(82.9037515216828,59.4386235824792,12.2075630689809));
#8129=CARTESIAN_POINT('Ctrl Pts',(82.7138870347038,59.4386235824792,12.7512037272541));
#8130=CARTESIAN_POINT('Ctrl Pts',(82.6193725317717,59.4386235824792,13.0218279361725));
#8131=CARTESIAN_POINT('',(83.1241475790739,57.4386235824792,11.371077299118));
#8132=CARTESIAN_POINT('',(83.1241475790739,59.4386235824792,11.371077299118));
#8133=CARTESIAN_POINT('Ctrl Pts',(83.1241475790739,57.4386235824792,11.371077299118));
#8134=CARTESIAN_POINT('Ctrl Pts',(83.0504670239441,57.4386235824792,11.6507226639727));
#8135=CARTESIAN_POINT('Ctrl Pts',(82.9037515216828,57.4386235824792,12.2075630689809));
#8136=CARTESIAN_POINT('Ctrl Pts',(82.7138870347038,57.4386235824792,12.7512037272541));
#8137=CARTESIAN_POINT('Ctrl Pts',(82.6193725317717,57.4386235824792,13.0218279361725));
#8138=CARTESIAN_POINT('Ctrl Pts',(83.6493860930204,59.4386235824792,13.0491131544113));
#8139=CARTESIAN_POINT('Ctrl Pts',(83.6493860930204,57.4386235824792,13.0491131544113));
#8140=CARTESIAN_POINT('Ctrl Pts',(83.5535389094382,59.4386235824792,12.7772622946528));
#8141=CARTESIAN_POINT('Ctrl Pts',(83.5535389094382,57.4386235824792,12.7772622946528));
#8142=CARTESIAN_POINT('Ctrl Pts',(83.3585313643722,59.4386235824792,12.2241634261807));
#8143=CARTESIAN_POINT('Ctrl Pts',(83.3585313643722,57.4386235824792,12.2241634261807));
#8144=CARTESIAN_POINT('Ctrl Pts',(83.2031554530079,59.4386235824792,11.6586420770997));
#8145=CARTESIAN_POINT('Ctrl Pts',(83.2031554530079,57.4386235824792,11.6586420770997));
#8146=CARTESIAN_POINT('Ctrl Pts',(83.1241475790739,59.4386235824792,11.371077299118));
#8147=CARTESIAN_POINT('Ctrl Pts',(83.1241475790739,57.4386235824792,11.371077299118));
#8148=CARTESIAN_POINT('',(83.6493860930204,59.4386235824792,13.0491131544113));
#8149=CARTESIAN_POINT('Ctrl Pts',(83.6493860930204,59.4386235824792,13.0491131544113));
#8150=CARTESIAN_POINT('Ctrl Pts',(83.5535389094382,59.4386235824792,12.7772622946528));
#8151=CARTESIAN_POINT('Ctrl Pts',(83.3585313643722,59.4386235824792,12.2241634261807));
#8152=CARTESIAN_POINT('Ctrl Pts',(83.2031554530079,59.4386235824792,11.6586420770997));
#8153=CARTESIAN_POINT('Ctrl Pts',(83.1241475790739,59.4386235824792,11.371077299118));
#8154=CARTESIAN_POINT('',(83.6493860930204,57.4386235824792,13.0491131544113));
#8155=CARTESIAN_POINT('',(83.6493860930204,59.4386235824792,13.0491131544113));
#8156=CARTESIAN_POINT('Ctrl Pts',(83.6493860930204,57.4386235824792,13.0491131544113));
#8157=CARTESIAN_POINT('Ctrl Pts',(83.5535389094382,57.4386235824792,12.7772622946528));
#8158=CARTESIAN_POINT('Ctrl Pts',(83.3585313643722,57.4386235824792,12.2241634261807));
#8159=CARTESIAN_POINT('Ctrl Pts',(83.2031554530079,57.4386235824792,11.6586420770997));
#8160=CARTESIAN_POINT('Ctrl Pts',(83.1241475790739,57.4386235824792,11.371077299118));
#8161=CARTESIAN_POINT('Origin',(85.1568888872862,59.4386235824792,17.2442018985748));
#8162=CARTESIAN_POINT('',(85.1568888872862,59.4386235824792,17.2442018985748));
#8163=CARTESIAN_POINT('',(83.5492235685415,59.4386235824792,12.7703802189721));
#8164=CARTESIAN_POINT('',(85.1568888872862,57.4386235824792,17.2442018985748));
#8165=CARTESIAN_POINT('',(85.1568888872862,59.4386235824792,17.2442018985748));
#8166=CARTESIAN_POINT('',(85.1568888872862,57.4386235824792,17.2442018985748));
#8167=CARTESIAN_POINT('Origin',(86.4802180975676,59.4386235824792,17.2442018985748));
#8168=CARTESIAN_POINT('',(86.4802180975676,59.4386235824792,17.2442018985748));
#8169=CARTESIAN_POINT('',(95.7547471556333,59.4386235824792,17.2442018985748));
#8170=CARTESIAN_POINT('',(86.4802180975676,57.4386235824792,17.2442018985748));
#8171=CARTESIAN_POINT('',(86.4802180975676,59.4386235824792,17.2442018985748));
#8172=CARTESIAN_POINT('',(86.4802180975676,57.4386235824792,17.2442018985748));
#8173=CARTESIAN_POINT('Origin',(83.7312411516905,59.4386235824792,9.98635768890381));
#8174=CARTESIAN_POINT('',(83.7312411516905,59.4386235824792,9.98635768890381));
#8175=CARTESIAN_POINT('',(83.4133291069328,59.4386235824792,9.14700685451795));
#8176=CARTESIAN_POINT('',(83.7312411516905,57.4386235824792,9.98635768890381));
#8177=CARTESIAN_POINT('',(83.7312411516905,59.4386235824792,9.98635768890381));
#8178=CARTESIAN_POINT('',(83.7312411516905,57.4386235824792,9.98635768890381));
#8179=CARTESIAN_POINT('Ctrl Pts',(83.8403820246458,59.4386235824792,9.68622088432312));
#8180=CARTESIAN_POINT('Ctrl Pts',(83.8403820246458,57.4386235824792,9.68622088432312));
#8181=CARTESIAN_POINT('Ctrl Pts',(83.8257669617813,59.4386235824792,9.72834500841399));
#8182=CARTESIAN_POINT('Ctrl Pts',(83.8257669617813,57.4386235824792,9.72834500841399));
#8183=CARTESIAN_POINT('Ctrl Pts',(83.7908696889149,59.4386235824792,9.82892733681679));
#8184=CARTESIAN_POINT('Ctrl Pts',(83.7908696889149,57.4386235824792,9.82892733681679));
#8185=CARTESIAN_POINT('Ctrl Pts',(83.7531586915301,59.4386235824792,9.9284913354019));
#8186=CARTESIAN_POINT('Ctrl Pts',(83.7531586915301,57.4386235824792,9.9284913354019));
#8187=CARTESIAN_POINT('Ctrl Pts',(83.7312411516905,59.4386235824792,9.98635768890381));
#8188=CARTESIAN_POINT('Ctrl Pts',(83.7312411516905,57.4386235824792,9.98635768890381));
#8189=CARTESIAN_POINT('',(83.8403820246458,59.4386235824792,9.68622088432312));
#8190=CARTESIAN_POINT('Ctrl Pts',(83.8403820246458,59.4386235824792,9.68622088432312));
#8191=CARTESIAN_POINT('Ctrl Pts',(83.8257669617813,59.4386235824792,9.72834500841399));
#8192=CARTESIAN_POINT('Ctrl Pts',(83.7908696889149,59.4386235824792,9.82892733681679));
#8193=CARTESIAN_POINT('Ctrl Pts',(83.7531586915301,59.4386235824792,9.9284913354019));
#8194=CARTESIAN_POINT('Ctrl Pts',(83.7312411516905,59.4386235824792,9.98635768890381));
#8195=CARTESIAN_POINT('',(83.8403820246458,57.4386235824792,9.68622088432312));
#8196=CARTESIAN_POINT('',(83.8403820246458,59.4386235824792,9.68622088432312));
#8197=CARTESIAN_POINT('Ctrl Pts',(83.8403820246458,57.4386235824792,9.68622088432312));
#8198=CARTESIAN_POINT('Ctrl Pts',(83.8257669617813,57.4386235824792,9.72834500841399));
#8199=CARTESIAN_POINT('Ctrl Pts',(83.7908696889149,57.4386235824792,9.82892733681679));
#8200=CARTESIAN_POINT('Ctrl Pts',(83.7531586915301,57.4386235824792,9.9284913354019));
#8201=CARTESIAN_POINT('Ctrl Pts',(83.7312411516905,57.4386235824792,9.98635768890381));
#8202=CARTESIAN_POINT('Ctrl Pts',(84.2155527323484,59.4386235824792,8.77216935157776));
#8203=CARTESIAN_POINT('Ctrl Pts',(84.2155527323484,57.4386235824792,8.77216935157776));
#8204=CARTESIAN_POINT('Ctrl Pts',(84.1633587450432,59.4386235824792,8.87835681566443));
#8205=CARTESIAN_POINT('Ctrl Pts',(84.1633587450432,57.4386235824792,8.87835681566443));
#8206=CARTESIAN_POINT('Ctrl Pts',(84.0178595479444,59.4386235824792,9.17437157836503));
#8207=CARTESIAN_POINT('Ctrl Pts',(84.0178595479444,57.4386235824792,9.17437157836503));
#8208=CARTESIAN_POINT('Ctrl Pts',(83.9097257095489,59.4386235824792,9.48623208387931));
#8209=CARTESIAN_POINT('Ctrl Pts',(83.9097257095489,57.4386235824792,9.48623208387931));
#8210=CARTESIAN_POINT('Ctrl Pts',(83.8403820246458,59.4386235824792,9.68622088432312));
#8211=CARTESIAN_POINT('Ctrl Pts',(83.8403820246458,57.4386235824792,9.68622088432312));
#8212=CARTESIAN_POINT('',(84.2155527323484,59.4386235824792,8.77216935157776));
#8213=CARTESIAN_POINT('Ctrl Pts',(84.2155527323484,59.4386235824792,8.77216935157776));
#8214=CARTESIAN_POINT('Ctrl Pts',(84.1633587450432,59.4386235824792,8.87835681566443));
#8215=CARTESIAN_POINT('Ctrl Pts',(84.0178595479444,59.4386235824792,9.17437157836503));
#8216=CARTESIAN_POINT('Ctrl Pts',(83.9097257095489,59.4386235824792,9.48623208387931));
#8217=CARTESIAN_POINT('Ctrl Pts',(83.8403820246458,59.4386235824792,9.68622088432312));
#8218=CARTESIAN_POINT('',(84.2155527323484,57.4386235824792,8.77216935157776));
#8219=CARTESIAN_POINT('',(84.2155527323484,59.4386235824792,8.77216935157776));
#8220=CARTESIAN_POINT('Ctrl Pts',(84.2155527323484,57.4386235824792,8.77216935157776));
#8221=CARTESIAN_POINT('Ctrl Pts',(84.1633587450432,57.4386235824792,8.87835681566443));
#8222=CARTESIAN_POINT('Ctrl Pts',(84.0178595479444,57.4386235824792,9.17437157836503));
#8223=CARTESIAN_POINT('Ctrl Pts',(83.9097257095489,57.4386235824792,9.48623208387931));
#8224=CARTESIAN_POINT('Ctrl Pts',(83.8403820246458,57.4386235824792,9.68622088432312));
#8225=CARTESIAN_POINT('Ctrl Pts',(84.6180080622435,59.4386235824792,8.39017748832703));
#8226=CARTESIAN_POINT('Ctrl Pts',(84.6180080622435,57.4386235824792,8.39017748832703));
#8227=CARTESIAN_POINT('Ctrl Pts',(84.5396021040489,59.4386235824792,8.44058646587219));
#8228=CARTESIAN_POINT('Ctrl Pts',(84.5396021040489,57.4386235824792,8.44058646587219));
#8229=CARTESIAN_POINT('Ctrl Pts',(84.3812713508024,59.4386235824792,8.54238091579543));
#8230=CARTESIAN_POINT('Ctrl Pts',(84.3812713508024,57.4386235824792,8.54238091579543));
#8231=CARTESIAN_POINT('Ctrl Pts',(84.2711444140987,59.4386235824792,8.69508491947792));
#8232=CARTESIAN_POINT('Ctrl Pts',(84.2711444140987,57.4386235824792,8.69508491947792));
#8233=CARTESIAN_POINT('Ctrl Pts',(84.2155527323484,59.4386235824792,8.77216935157776));
#8234=CARTESIAN_POINT('Ctrl Pts',(84.2155527323484,57.4386235824792,8.77216935157776));
#8235=CARTESIAN_POINT('',(84.6180080622435,59.4386235824792,8.39017748832703));
#8236=CARTESIAN_POINT('Ctrl Pts',(84.6180080622435,59.4386235824792,8.39017748832703));
#8237=CARTESIAN_POINT('Ctrl Pts',(84.5396021040489,59.4386235824792,8.44058646587219));
#8238=CARTESIAN_POINT('Ctrl Pts',(84.3812713508024,59.4386235824792,8.54238091579543));
#8239=CARTESIAN_POINT('Ctrl Pts',(84.2711444140987,59.4386235824792,8.69508491947792));
#8240=CARTESIAN_POINT('Ctrl Pts',(84.2155527323484,59.4386235824792,8.77216935157776));
#8241=CARTESIAN_POINT('',(84.6180080622435,57.4386235824792,8.39017748832703));
#8242=CARTESIAN_POINT('',(84.6180080622435,59.4386235824792,8.39017748832703));
#8243=CARTESIAN_POINT('Ctrl Pts',(84.6180080622435,57.4386235824792,8.39017748832703));
#8244=CARTESIAN_POINT('Ctrl Pts',(84.5396021040489,57.4386235824792,8.44058646587219));
#8245=CARTESIAN_POINT('Ctrl Pts',(84.3812713508024,57.4386235824792,8.54238091579543));
#8246=CARTESIAN_POINT('Ctrl Pts',(84.2711444140987,57.4386235824792,8.69508491947792));
#8247=CARTESIAN_POINT('Ctrl Pts',(84.2155527323484,57.4386235824792,8.77216935157776));
#8248=CARTESIAN_POINT('Ctrl Pts',(85.2728509157896,59.4386235824792,8.25375199317932));
#8249=CARTESIAN_POINT('Ctrl Pts',(85.2728509157896,57.4386235824792,8.25375199317932));
#8250=CARTESIAN_POINT('Ctrl Pts',(85.1482408264487,59.4386235824792,8.25686082240625));
#8251=CARTESIAN_POINT('Ctrl Pts',(85.1482408264487,57.4386235824792,8.25686082240625));
#8252=CARTESIAN_POINT('Ctrl Pts',(84.9211547098035,59.4386235824792,8.26252627020579));
#8253=CARTESIAN_POINT('Ctrl Pts',(84.9211547098035,57.4386235824792,8.26252627020579));
#8254=CARTESIAN_POINT('Ctrl Pts',(84.7122702968566,59.4386235824792,8.35048485386103));
#8255=CARTESIAN_POINT('Ctrl Pts',(84.7122702968566,57.4386235824792,8.35048485386103));
#8256=CARTESIAN_POINT('Ctrl Pts',(84.6180080622435,59.4386235824792,8.39017748832703));
#8257=CARTESIAN_POINT('Ctrl Pts',(84.6180080622435,57.4386235824792,8.39017748832703));
#8258=CARTESIAN_POINT('',(85.2728509157896,59.4386235824792,8.25375199317932));
#8259=CARTESIAN_POINT('Ctrl Pts',(85.2728509157896,59.4386235824792,8.25375199317932));
#8260=CARTESIAN_POINT('Ctrl Pts',(85.1482408264487,59.4386235824792,8.25686082240625));
#8261=CARTESIAN_POINT('Ctrl Pts',(84.9211547098035,59.4386235824792,8.26252627020579));
#8262=CARTESIAN_POINT('Ctrl Pts',(84.7122702968566,59.4386235824792,8.35048485386103));
#8263=CARTESIAN_POINT('Ctrl Pts',(84.6180080622435,59.4386235824792,8.39017748832703));
#8264=CARTESIAN_POINT('',(85.2728509157896,57.4386235824792,8.25375199317932));
#8265=CARTESIAN_POINT('',(85.2728509157896,59.4386235824792,8.25375199317932));
#8266=CARTESIAN_POINT('Ctrl Pts',(85.2728509157896,57.4386235824792,8.25375199317932));
#8267=CARTESIAN_POINT('Ctrl Pts',(85.1482408264487,57.4386235824792,8.25686082240625));
#8268=CARTESIAN_POINT('Ctrl Pts',(84.9211547098035,57.4386235824792,8.26252627020579));
#8269=CARTESIAN_POINT('Ctrl Pts',(84.7122702968566,57.4386235824792,8.35048485386103));
#8270=CARTESIAN_POINT('Ctrl Pts',(84.6180080622435,57.4386235824792,8.39017748832703));
#8271=CARTESIAN_POINT('Ctrl Pts',(85.9754430502653,59.4386235824792,8.36289167404175));
#8272=CARTESIAN_POINT('Ctrl Pts',(85.9754430502653,57.4386235824792,8.36289167404175));
#8273=CARTESIAN_POINT('Ctrl Pts',(85.8504891535018,59.4386235824792,8.33112663027595));
#8274=CARTESIAN_POINT('Ctrl Pts',(85.8504891535018,57.4386235824792,8.33112663027595));
#8275=CARTESIAN_POINT('Ctrl Pts',(85.6196339696749,59.4386235824792,8.2724399849791));
#8276=CARTESIAN_POINT('Ctrl Pts',(85.6196339696749,57.4386235824792,8.2724399849791));
#8277=CARTESIAN_POINT('Ctrl Pts',(85.3819053064629,59.4386235824792,8.25962888807311));
#8278=CARTESIAN_POINT('Ctrl Pts',(85.3819053064629,57.4386235824792,8.25962888807311));
#8279=CARTESIAN_POINT('Ctrl Pts',(85.2728509157896,59.4386235824792,8.25375199317932));
#8280=CARTESIAN_POINT('Ctrl Pts',(85.2728509157896,57.4386235824792,8.25375199317932));
#8281=CARTESIAN_POINT('',(85.9754430502653,59.4386235824792,8.36289167404175));
#8282=CARTESIAN_POINT('Ctrl Pts',(85.9754430502653,59.4386235824792,8.36289167404175));
#8283=CARTESIAN_POINT('Ctrl Pts',(85.8504891535018,59.4386235824792,8.33112663027595));
#8284=CARTESIAN_POINT('Ctrl Pts',(85.6196339696749,59.4386235824792,8.2724399849791));
#8285=CARTESIAN_POINT('Ctrl Pts',(85.3819053064629,59.4386235824792,8.25962888807311));
#8286=CARTESIAN_POINT('Ctrl Pts',(85.2728509157896,59.4386235824792,8.25375199317932));
#8287=CARTESIAN_POINT('',(85.9754430502653,57.4386235824792,8.36289167404175));
#8288=CARTESIAN_POINT('',(85.9754430502653,59.4386235824792,8.36289167404175));
#8289=CARTESIAN_POINT('Ctrl Pts',(85.9754430502653,57.4386235824792,8.36289167404175));
#8290=CARTESIAN_POINT('Ctrl Pts',(85.8504891535018,57.4386235824792,8.33112663027595));
#8291=CARTESIAN_POINT('Ctrl Pts',(85.6196339696749,57.4386235824792,8.2724399849791));
#8292=CARTESIAN_POINT('Ctrl Pts',(85.3819053064629,57.4386235824792,8.25962888807311));
#8293=CARTESIAN_POINT('Ctrl Pts',(85.2728509157896,57.4386235824792,8.25375199317932));
#8294=CARTESIAN_POINT('Origin',(85.8390175551176,59.4386235824792,7.21009492874146));
#8295=CARTESIAN_POINT('',(85.8390175551176,59.4386235824792,7.21009492874146));
#8296=CARTESIAN_POINT('',(85.5508022368895,59.4386235824792,4.77467271942984));
#8297=CARTESIAN_POINT('',(85.8390175551176,57.4386235824792,7.21009492874146));
#8298=CARTESIAN_POINT('',(85.8390175551176,59.4386235824792,7.21009492874146));
#8299=CARTESIAN_POINT('',(85.8390175551176,57.4386235824792,7.21009492874146));
#8300=CARTESIAN_POINT('Ctrl Pts',(85.0477492064238,59.4386235824792,7.06002712249756));
#8301=CARTESIAN_POINT('Ctrl Pts',(85.0477492064238,57.4386235824792,7.06002712249756));
#8302=CARTESIAN_POINT('Ctrl Pts',(85.1736777428395,59.4386235824792,7.06779421668149));
#8303=CARTESIAN_POINT('Ctrl Pts',(85.1736777428395,57.4386235824792,7.06779421668149));
#8304=CARTESIAN_POINT('Ctrl Pts',(85.4435734319431,59.4386235824792,7.08444100141173));
#8305=CARTESIAN_POINT('Ctrl Pts',(85.4435734319431,57.4386235824792,7.08444100141173));
#8306=CARTESIAN_POINT('Ctrl Pts',(85.7014575745836,59.4386235824792,7.1663847032392));
#8307=CARTESIAN_POINT('Ctrl Pts',(85.7014575745836,57.4386235824792,7.1663847032392));
#8308=CARTESIAN_POINT('Ctrl Pts',(85.8390175551176,59.4386235824792,7.21009492874146));
#8309=CARTESIAN_POINT('Ctrl Pts',(85.8390175551176,57.4386235824792,7.21009492874146));
#8310=CARTESIAN_POINT('Ctrl Pts',(85.0477492064238,59.4386235824792,7.06002712249756));
#8311=CARTESIAN_POINT('Ctrl Pts',(85.1736777428395,59.4386235824792,7.06779421668149));
#8312=CARTESIAN_POINT('Ctrl Pts',(85.4435734319431,59.4386235824792,7.08444100141173));
#8313=CARTESIAN_POINT('Ctrl Pts',(85.7014575745836,59.4386235824792,7.1663847032392));
#8314=CARTESIAN_POINT('Ctrl Pts',(85.8390175551176,59.4386235824792,7.21009492874146));
#8315=CARTESIAN_POINT('Ctrl Pts',(85.0477492064238,57.4386235824792,7.06002712249756));
#8316=CARTESIAN_POINT('Ctrl Pts',(85.1736777428395,57.4386235824792,7.06779421668149));
#8317=CARTESIAN_POINT('Ctrl Pts',(85.4435734319431,57.4386235824792,7.08444100141173));
#8318=CARTESIAN_POINT('Ctrl Pts',(85.7014575745836,57.4386235824792,7.1663847032392));
#8319=CARTESIAN_POINT('Ctrl Pts',(85.8390175551176,57.4386235824792,7.21009492874146));
#8320=CARTESIAN_POINT('Origin',(48.232582513493,57.4386235824792,13.6152791976929));
#8321=CARTESIAN_POINT('Ctrl Pts',(61.0641192644835,59.4386235824792,16.3983631134033));
#8322=CARTESIAN_POINT('Ctrl Pts',(61.0641192644835,57.4386235824792,16.3983631134033));
#8323=CARTESIAN_POINT('Ctrl Pts',(61.3335703502195,59.4386235824792,16.3760074486581));
#8324=CARTESIAN_POINT('Ctrl Pts',(61.3335703502195,57.4386235824792,16.3760074486581));
#8325=CARTESIAN_POINT('Ctrl Pts',(61.8656432732349,59.4386235824792,16.3318627243775));
#8326=CARTESIAN_POINT('Ctrl Pts',(61.8656432732349,57.4386235824792,16.3318627243775));
#8327=CARTESIAN_POINT('Ctrl Pts',(62.2812308804034,59.4386235824792,15.9973205886878));
#8328=CARTESIAN_POINT('Ctrl Pts',(62.2812308804034,57.4386235824792,15.9973205886878));
#8329=CARTESIAN_POINT('Ctrl Pts',(62.486357614398,59.4386235824792,15.8321964740753));
#8330=CARTESIAN_POINT('Ctrl Pts',(62.486357614398,57.4386235824792,15.8321964740753));
#8331=CARTESIAN_POINT('',(61.0641192644835,59.4386235824792,16.3983631134033));
#8332=CARTESIAN_POINT('',(62.486357614398,59.4386235824792,15.8321964740753));
#8333=CARTESIAN_POINT('Ctrl Pts',(61.0641192644835,59.4386235824792,16.3983631134033));
#8334=CARTESIAN_POINT('Ctrl Pts',(61.3335703502195,59.4386235824792,16.3760074486581));
#8335=CARTESIAN_POINT('Ctrl Pts',(61.8656432732349,59.4386235824792,16.3318627243775));
#8336=CARTESIAN_POINT('Ctrl Pts',(62.2812308804034,59.4386235824792,15.9973205886878));
#8337=CARTESIAN_POINT('Ctrl Pts',(62.486357614398,59.4386235824792,15.8321964740753));
#8338=CARTESIAN_POINT('',(61.0641192644835,57.4386235824792,16.3983631134033));
#8339=CARTESIAN_POINT('',(61.0641192644835,59.4386235824792,16.3983631134033));
#8340=CARTESIAN_POINT('',(62.486357614398,57.4386235824792,15.8321964740753));
#8341=CARTESIAN_POINT('Ctrl Pts',(61.0641192644835,57.4386235824792,16.3983631134033));
#8342=CARTESIAN_POINT('Ctrl Pts',(61.3335703502195,57.4386235824792,16.3760074486581));
#8343=CARTESIAN_POINT('Ctrl Pts',(61.8656432732349,57.4386235824792,16.3318627243775));
#8344=CARTESIAN_POINT('Ctrl Pts',(62.2812308804034,57.4386235824792,15.9973205886878));
#8345=CARTESIAN_POINT('Ctrl Pts',(62.486357614398,57.4386235824792,15.8321964740753));
#8346=CARTESIAN_POINT('',(62.486357614398,59.4386235824792,15.8321964740753));
#8347=CARTESIAN_POINT('Ctrl Pts',(59.5429753512144,59.4386235824792,15.6889498233795));
#8348=CARTESIAN_POINT('Ctrl Pts',(59.5429753512144,57.4386235824792,15.6889498233795));
#8349=CARTESIAN_POINT('Ctrl Pts',(59.7536867078443,59.4386235824792,15.8958607654882));
#8350=CARTESIAN_POINT('Ctrl Pts',(59.7536867078443,57.4386235824792,15.8958607654882));
#8351=CARTESIAN_POINT('Ctrl Pts',(60.1769548491325,59.4386235824792,16.3114947933797));
#8352=CARTESIAN_POINT('Ctrl Pts',(60.1769548491325,57.4386235824792,16.3114947933797));
#8353=CARTESIAN_POINT('Ctrl Pts',(60.7675394861591,59.4386235824792,16.3693229640801));
#8354=CARTESIAN_POINT('Ctrl Pts',(60.7675394861591,57.4386235824792,16.3693229640801));
#8355=CARTESIAN_POINT('Ctrl Pts',(61.0641192644835,59.4386235824792,16.3983631134033));
#8356=CARTESIAN_POINT('Ctrl Pts',(61.0641192644835,57.4386235824792,16.3983631134033));
#8357=CARTESIAN_POINT('',(59.5429753512144,59.4386235824792,15.6889498233795));
#8358=CARTESIAN_POINT('Ctrl Pts',(59.5429753512144,59.4386235824792,15.6889498233795));
#8359=CARTESIAN_POINT('Ctrl Pts',(59.7536867078443,59.4386235824792,15.8958607654882));
#8360=CARTESIAN_POINT('Ctrl Pts',(60.1769548491325,59.4386235824792,16.3114947933797));
#8361=CARTESIAN_POINT('Ctrl Pts',(60.7675394861591,59.4386235824792,16.3693229640801));
#8362=CARTESIAN_POINT('Ctrl Pts',(61.0641192644835,59.4386235824792,16.3983631134033));
#8363=CARTESIAN_POINT('',(59.5429753512144,57.4386235824792,15.6889498233795));
#8364=CARTESIAN_POINT('',(59.5429753512144,59.4386235824792,15.6889498233795));
#8365=CARTESIAN_POINT('Ctrl Pts',(59.5429753512144,57.4386235824792,15.6889498233795));
#8366=CARTESIAN_POINT('Ctrl Pts',(59.7536867078443,57.4386235824792,15.8958607654882));
#8367=CARTESIAN_POINT('Ctrl Pts',(60.1769548491325,57.4386235824792,16.3114947933797));
#8368=CARTESIAN_POINT('Ctrl Pts',(60.7675394861591,57.4386235824792,16.3693229640801));
#8369=CARTESIAN_POINT('Ctrl Pts',(61.0641192644835,57.4386235824792,16.3983631134033));
#8370=CARTESIAN_POINT('Ctrl Pts',(59.0791272372007,59.4386235824792,14.317871928215));
#8371=CARTESIAN_POINT('Ctrl Pts',(59.0791272372007,57.4386235824792,14.317871928215));
#8372=CARTESIAN_POINT('Ctrl Pts',(59.1101800033782,59.4386235824792,14.5920658406908));
#8373=CARTESIAN_POINT('Ctrl Pts',(59.1101800033782,57.4386235824792,14.5920658406908));
#8374=CARTESIAN_POINT('Ctrl Pts',(59.1659415165371,59.4386235824792,15.0844363873679));
#8375=CARTESIAN_POINT('Ctrl Pts',(59.1659415165371,57.4386235824792,15.0844363873679));
#8376=CARTESIAN_POINT('Ctrl Pts',(59.4272054555008,59.4386235824792,15.503331316477));
#8377=CARTESIAN_POINT('Ctrl Pts',(59.4272054555008,57.4386235824792,15.503331316477));
#8378=CARTESIAN_POINT('Ctrl Pts',(59.5429753512144,59.4386235824792,15.6889498233795));
#8379=CARTESIAN_POINT('Ctrl Pts',(59.5429753512144,57.4386235824792,15.6889498233795));
#8380=CARTESIAN_POINT('',(59.0791272372007,59.4386235824792,14.317871928215));
#8381=CARTESIAN_POINT('Ctrl Pts',(59.0791272372007,59.4386235824792,14.317871928215));
#8382=CARTESIAN_POINT('Ctrl Pts',(59.1101800033782,59.4386235824792,14.5920658406908));
#8383=CARTESIAN_POINT('Ctrl Pts',(59.1659415165371,59.4386235824792,15.0844363873679));
#8384=CARTESIAN_POINT('Ctrl Pts',(59.4272054555008,59.4386235824792,15.503331316477));
#8385=CARTESIAN_POINT('Ctrl Pts',(59.5429753512144,59.4386235824792,15.6889498233795));
#8386=CARTESIAN_POINT('',(59.0791272372007,57.4386235824792,14.317871928215));
#8387=CARTESIAN_POINT('',(59.0791272372007,59.4386235824792,14.317871928215));
#8388=CARTESIAN_POINT('Ctrl Pts',(59.0791272372007,57.4386235824792,14.317871928215));
#8389=CARTESIAN_POINT('Ctrl Pts',(59.1101800033782,57.4386235824792,14.5920658406908));
#8390=CARTESIAN_POINT('Ctrl Pts',(59.1659415165371,57.4386235824792,15.0844363873679));
#8391=CARTESIAN_POINT('Ctrl Pts',(59.4272054555008,57.4386235824792,15.503331316477));
#8392=CARTESIAN_POINT('Ctrl Pts',(59.5429753512144,57.4386235824792,15.6889498233795));
#8393=CARTESIAN_POINT('Origin',(63.1241487711668,59.4386235824792,14.317871928215));
#8394=CARTESIAN_POINT('',(63.1241487711668,59.4386235824792,14.317871928215));
#8395=CARTESIAN_POINT('',(84.0767124924329,59.4386235824792,14.317871928215));
#8396=CARTESIAN_POINT('',(63.1241487711668,57.4386235824792,14.317871928215));
#8397=CARTESIAN_POINT('',(63.1241487711668,59.4386235824792,14.317871928215));
#8398=CARTESIAN_POINT('',(63.1241487711668,57.4386235824792,14.317871928215));
#8399=CARTESIAN_POINT('Ctrl Pts',(62.486357614398,59.4386235824792,15.8321964740753));
#8400=CARTESIAN_POINT('Ctrl Pts',(62.486357614398,57.4386235824792,15.8321964740753));
#8401=CARTESIAN_POINT('Ctrl Pts',(62.6573682152141,59.4386235824792,15.6210395224829));
#8402=CARTESIAN_POINT('Ctrl Pts',(62.6573682152141,57.4386235824792,15.6210395224829));
#8403=CARTESIAN_POINT('Ctrl Pts',(63.0153880636795,59.4386235824792,15.1789711392905));
#8404=CARTESIAN_POINT('Ctrl Pts',(63.0153880636795,57.4386235824792,15.1789711392905));
#8405=CARTESIAN_POINT('Ctrl Pts',(63.0868310238649,59.4386235824792,14.6133304950376));
#8406=CARTESIAN_POINT('Ctrl Pts',(63.0868310238649,57.4386235824792,14.6133304950376));
#8407=CARTESIAN_POINT('Ctrl Pts',(63.1241487711668,59.4386235824792,14.317871928215));
#8408=CARTESIAN_POINT('Ctrl Pts',(63.1241487711668,57.4386235824792,14.317871928215));
#8409=CARTESIAN_POINT('Ctrl Pts',(62.486357614398,59.4386235824792,15.8321964740753));
#8410=CARTESIAN_POINT('Ctrl Pts',(62.6573682152141,59.4386235824792,15.6210395224829));
#8411=CARTESIAN_POINT('Ctrl Pts',(63.0153880636795,59.4386235824792,15.1789711392905));
#8412=CARTESIAN_POINT('Ctrl Pts',(63.0868310238649,59.4386235824792,14.6133304950376));
#8413=CARTESIAN_POINT('Ctrl Pts',(63.1241487711668,59.4386235824792,14.317871928215));
#8414=CARTESIAN_POINT('Ctrl Pts',(62.486357614398,57.4386235824792,15.8321964740753));
#8415=CARTESIAN_POINT('Ctrl Pts',(62.6573682152141,57.4386235824792,15.6210395224829));
#8416=CARTESIAN_POINT('Ctrl Pts',(63.0153880636795,57.4386235824792,15.1789711392905));
#8417=CARTESIAN_POINT('Ctrl Pts',(63.0868310238649,57.4386235824792,14.6133304950376));
#8418=CARTESIAN_POINT('Ctrl Pts',(63.1241487711668,57.4386235824792,14.317871928215));
#8419=CARTESIAN_POINT('Ctrl Pts',(61.0027288645506,59.4386235824792,10.8458387851715));
#8420=CARTESIAN_POINT('Ctrl Pts',(61.0027288645506,57.4386235824792,10.8458387851715));
#8421=CARTESIAN_POINT('Ctrl Pts',(60.7888045212409,59.4386235824792,10.8584890442272));
#8422=CARTESIAN_POINT('Ctrl Pts',(60.7888045212409,57.4386235824792,10.8584890442272));
#8423=CARTESIAN_POINT('Ctrl Pts',(60.3751061522919,59.4386235824792,10.8829527936873));
#8424=CARTESIAN_POINT('Ctrl Pts',(60.3751061522919,57.4386235824792,10.8829527936873));
#8425=CARTESIAN_POINT('Ctrl Pts',(60.0209522526213,59.4386235824792,11.0971234775699));
#8426=CARTESIAN_POINT('Ctrl Pts',(60.0209522526213,57.4386235824792,11.0971234775699));
#8427=CARTESIAN_POINT('Ctrl Pts',(59.8499321192503,59.4386235824792,11.2005460262299));
#8428=CARTESIAN_POINT('Ctrl Pts',(59.8499321192503,57.4386235824792,11.2005460262299));
#8429=CARTESIAN_POINT('',(61.0027288645506,59.4386235824792,10.8458387851715));
#8430=CARTESIAN_POINT('',(59.8499321192503,59.4386235824792,11.2005460262299));
#8431=CARTESIAN_POINT('Ctrl Pts',(61.0027288645506,59.4386235824792,10.8458387851715));
#8432=CARTESIAN_POINT('Ctrl Pts',(60.7888045212409,59.4386235824792,10.8584890442272));
#8433=CARTESIAN_POINT('Ctrl Pts',(60.3751061522919,59.4386235824792,10.8829527936873));
#8434=CARTESIAN_POINT('Ctrl Pts',(60.0209522526213,59.4386235824792,11.0971234775699));
#8435=CARTESIAN_POINT('Ctrl Pts',(59.8499321192503,59.4386235824792,11.2005460262299));
#8436=CARTESIAN_POINT('',(61.0027288645506,57.4386235824792,10.8458387851715));
#8437=CARTESIAN_POINT('',(61.0027288645506,59.4386235824792,10.8458387851715));
#8438=CARTESIAN_POINT('',(59.8499321192503,57.4386235824792,11.2005460262299));
#8439=CARTESIAN_POINT('Ctrl Pts',(61.0027288645506,57.4386235824792,10.8458387851715));
#8440=CARTESIAN_POINT('Ctrl Pts',(60.7888045212409,57.4386235824792,10.8584890442272));
#8441=CARTESIAN_POINT('Ctrl Pts',(60.3751061522919,57.4386235824792,10.8829527936873));
#8442=CARTESIAN_POINT('Ctrl Pts',(60.0209522526213,57.4386235824792,11.0971234775699));
#8443=CARTESIAN_POINT('Ctrl Pts',(59.8499321192503,57.4386235824792,11.2005460262299));
#8444=CARTESIAN_POINT('',(59.8499321192503,59.4386235824792,11.2005460262299));
#8445=CARTESIAN_POINT('Ctrl Pts',(62.5170540064573,59.4386235824792,11.4802181720734));
#8446=CARTESIAN_POINT('Ctrl Pts',(62.5170540064573,57.4386235824792,11.4802181720734));
#8447=CARTESIAN_POINT('Ctrl Pts',(62.3008098875364,59.4386235824792,11.2951953183502));
#8448=CARTESIAN_POINT('Ctrl Pts',(62.3008098875364,57.4386235824792,11.2951953183502));
#8449=CARTESIAN_POINT('Ctrl Pts',(61.864290340293,59.4386235824792,10.9217003408223));
#8450=CARTESIAN_POINT('Ctrl Pts',(61.864290340293,57.4386235824792,10.9217003408223));
#8451=CARTESIAN_POINT('Ctrl Pts',(61.2916787349904,59.4386235824792,10.8712811793521));
#8452=CARTESIAN_POINT('Ctrl Pts',(61.2916787349904,57.4386235824792,10.8712811793521));
#8453=CARTESIAN_POINT('Ctrl Pts',(61.0027288645506,59.4386235824792,10.8458387851715));
#8454=CARTESIAN_POINT('Ctrl Pts',(61.0027288645506,57.4386235824792,10.8458387851715));
#8455=CARTESIAN_POINT('',(62.5170540064573,59.4386235824792,11.4802181720734));
#8456=CARTESIAN_POINT('Ctrl Pts',(62.5170540064573,59.4386235824792,11.4802181720734));
#8457=CARTESIAN_POINT('Ctrl Pts',(62.3008098875364,59.4386235824792,11.2951953183502));
#8458=CARTESIAN_POINT('Ctrl Pts',(61.864290340293,59.4386235824792,10.9217003408223));
#8459=CARTESIAN_POINT('Ctrl Pts',(61.2916787349904,59.4386235824792,10.8712811793521));
#8460=CARTESIAN_POINT('Ctrl Pts',(61.0027288645506,59.4386235824792,10.8458387851715));
#8461=CARTESIAN_POINT('',(62.5170540064573,57.4386235824792,11.4802181720734));
#8462=CARTESIAN_POINT('',(62.5170540064573,59.4386235824792,11.4802181720734));
#8463=CARTESIAN_POINT('Ctrl Pts',(62.5170540064573,57.4386235824792,11.4802181720734));
#8464=CARTESIAN_POINT('Ctrl Pts',(62.3008098875364,57.4386235824792,11.2951953183502));
#8465=CARTESIAN_POINT('Ctrl Pts',(61.864290340293,57.4386235824792,10.9217003408223));
#8466=CARTESIAN_POINT('Ctrl Pts',(61.2916787349904,57.4386235824792,10.8712811793521));
#8467=CARTESIAN_POINT('Ctrl Pts',(61.0027288645506,57.4386235824792,10.8458387851715));
#8468=CARTESIAN_POINT('Ctrl Pts',(63.1923603266478,59.4386235824792,13.308322429657));
#8469=CARTESIAN_POINT('Ctrl Pts',(63.1923603266478,57.4386235824792,13.308322429657));
#8470=CARTESIAN_POINT('Ctrl Pts',(63.1568798572653,59.4386235824792,12.9445868731382));
#8471=CARTESIAN_POINT('Ctrl Pts',(63.1568798572653,57.4386235824792,12.9445868731382));
#8472=CARTESIAN_POINT('Ctrl Pts',(63.0914167935655,59.4386235824792,12.2734783923106));
#8473=CARTESIAN_POINT('Ctrl Pts',(63.0914167935655,57.4386235824792,12.2734783923106));
#8474=CARTESIAN_POINT('Ctrl Pts',(62.6974800917777,59.4386235824792,11.7294070808786));
#8475=CARTESIAN_POINT('Ctrl Pts',(62.6974800917777,57.4386235824792,11.7294070808786));
#8476=CARTESIAN_POINT('Ctrl Pts',(62.5170540064573,59.4386235824792,11.4802181720734));
#8477=CARTESIAN_POINT('Ctrl Pts',(62.5170540064573,57.4386235824792,11.4802181720734));
#8478=CARTESIAN_POINT('',(63.1923603266478,59.4386235824792,13.308322429657));
#8479=CARTESIAN_POINT('Ctrl Pts',(63.1923603266478,59.4386235824792,13.308322429657));
#8480=CARTESIAN_POINT('Ctrl Pts',(63.1568798572653,59.4386235824792,12.9445868731382));
#8481=CARTESIAN_POINT('Ctrl Pts',(63.0914167935655,59.4386235824792,12.2734783923106));
#8482=CARTESIAN_POINT('Ctrl Pts',(62.6974800917777,59.4386235824792,11.7294070808786));
#8483=CARTESIAN_POINT('Ctrl Pts',(62.5170540064573,59.4386235824792,11.4802181720734));
#8484=CARTESIAN_POINT('',(63.1923603266478,57.4386235824792,13.308322429657));
#8485=CARTESIAN_POINT('',(63.1923603266478,59.4386235824792,13.308322429657));
#8486=CARTESIAN_POINT('Ctrl Pts',(63.1923603266478,57.4386235824792,13.308322429657));
#8487=CARTESIAN_POINT('Ctrl Pts',(63.1568798572653,57.4386235824792,12.9445868731382));
#8488=CARTESIAN_POINT('Ctrl Pts',(63.0914167935655,57.4386235824792,12.2734783923106));
#8489=CARTESIAN_POINT('Ctrl Pts',(62.6974800917777,57.4386235824792,11.7294070808786));
#8490=CARTESIAN_POINT('Ctrl Pts',(62.5170540064573,57.4386235824792,11.4802181720734));
#8491=CARTESIAN_POINT('Origin',(57.7899049967527,59.4386235824792,13.308322429657));
#8492=CARTESIAN_POINT('',(57.7899049967527,59.4386235824792,13.308322429657));
#8493=CARTESIAN_POINT('',(81.4095906052259,59.4386235824792,13.308322429657));
#8494=CARTESIAN_POINT('',(57.7899049967527,57.4386235824792,13.308322429657));
#8495=CARTESIAN_POINT('',(57.7899049967527,59.4386235824792,13.308322429657));
#8496=CARTESIAN_POINT('',(57.7899049967527,57.4386235824792,13.308322429657));
#8497=CARTESIAN_POINT('Ctrl Pts',(57.7830838412046,59.4386235824792,13.6357438564301));
#8498=CARTESIAN_POINT('Ctrl Pts',(57.7830838412046,57.4386235824792,13.6357438564301));
#8499=CARTESIAN_POINT('Ctrl Pts',(57.7835167545833,59.4386235824792,13.590266033626));
#8500=CARTESIAN_POINT('Ctrl Pts',(57.7835167545833,57.4386235824792,13.590266033626));
#8501=CARTESIAN_POINT('Ctrl Pts',(57.7845559175489,59.4386235824792,13.4811013102896));
#8502=CARTESIAN_POINT('Ctrl Pts',(57.7845559175489,57.4386235824792,13.4811013102896));
#8503=CARTESIAN_POINT('Ctrl Pts',(57.7879341371937,59.4386235824792,13.3719825280619));
#8504=CARTESIAN_POINT('Ctrl Pts',(57.7879341371937,57.4386235824792,13.3719825280619));
#8505=CARTESIAN_POINT('Ctrl Pts',(57.7899049967527,59.4386235824792,13.308322429657));
#8506=CARTESIAN_POINT('Ctrl Pts',(57.7899049967527,57.4386235824792,13.308322429657));
#8507=CARTESIAN_POINT('',(57.7830838412046,59.4386235824792,13.6357438564301));
#8508=CARTESIAN_POINT('Ctrl Pts',(57.7830838412046,59.4386235824792,13.6357438564301));
#8509=CARTESIAN_POINT('Ctrl Pts',(57.7835167545833,59.4386235824792,13.590266033626));
#8510=CARTESIAN_POINT('Ctrl Pts',(57.7845559175489,59.4386235824792,13.4811013102896));
#8511=CARTESIAN_POINT('Ctrl Pts',(57.7879341371937,59.4386235824792,13.3719825280619));
#8512=CARTESIAN_POINT('Ctrl Pts',(57.7899049967527,59.4386235824792,13.308322429657));
#8513=CARTESIAN_POINT('',(57.7830838412046,57.4386235824792,13.6357438564301));
#8514=CARTESIAN_POINT('',(57.7830838412046,59.4386235824792,13.6357438564301));
#8515=CARTESIAN_POINT('Ctrl Pts',(57.7830838412046,57.4386235824792,13.6357438564301));
#8516=CARTESIAN_POINT('Ctrl Pts',(57.7835167545833,57.4386235824792,13.590266033626));
#8517=CARTESIAN_POINT('Ctrl Pts',(57.7845559175489,57.4386235824792,13.4811013102896));
#8518=CARTESIAN_POINT('Ctrl Pts',(57.7879341371937,57.4386235824792,13.3719825280619));
#8519=CARTESIAN_POINT('Ctrl Pts',(57.7899049967527,57.4386235824792,13.308322429657));
#8520=CARTESIAN_POINT('Ctrl Pts',(58.7039565294981,59.4386235824792,16.4188265800476));
#8521=CARTESIAN_POINT('Ctrl Pts',(58.7039565294981,57.4386235824792,16.4188265800476));
#8522=CARTESIAN_POINT('Ctrl Pts',(58.4358021969786,59.4386235824792,16.0352467158545));
#8523=CARTESIAN_POINT('Ctrl Pts',(58.4358021969786,57.4386235824792,16.0352467158545));
#8524=CARTESIAN_POINT('Ctrl Pts',(57.8540635077768,59.4386235824792,15.2031018636591));
#8525=CARTESIAN_POINT('Ctrl Pts',(57.8540635077768,57.4386235824792,15.2031018636591));
#8526=CARTESIAN_POINT('Ctrl Pts',(57.8079442680437,59.4386235824792,14.1847065516799));
#8527=CARTESIAN_POINT('Ctrl Pts',(57.8079442680437,57.4386235824792,14.1847065516799));
#8528=CARTESIAN_POINT('Ctrl Pts',(57.7830838412046,59.4386235824792,13.6357438564301));
#8529=CARTESIAN_POINT('Ctrl Pts',(57.7830838412046,57.4386235824792,13.6357438564301));
#8530=CARTESIAN_POINT('',(58.7039565294981,59.4386235824792,16.4188265800476));
#8531=CARTESIAN_POINT('Ctrl Pts',(58.7039565294981,59.4386235824792,16.4188265800476));
#8532=CARTESIAN_POINT('Ctrl Pts',(58.4358021969786,59.4386235824792,16.0352467158545));
#8533=CARTESIAN_POINT('Ctrl Pts',(57.8540635077768,59.4386235824792,15.2031018636591));
#8534=CARTESIAN_POINT('Ctrl Pts',(57.8079442680437,59.4386235824792,14.1847065516799));
#8535=CARTESIAN_POINT('Ctrl Pts',(57.7830838412046,59.4386235824792,13.6357438564301));
#8536=CARTESIAN_POINT('',(58.7039565294981,57.4386235824792,16.4188265800476));
#8537=CARTESIAN_POINT('',(58.7039565294981,59.4386235824792,16.4188265800476));
#8538=CARTESIAN_POINT('Ctrl Pts',(58.7039565294981,57.4386235824792,16.4188265800476));
#8539=CARTESIAN_POINT('Ctrl Pts',(58.4358021969786,57.4386235824792,16.0352467158545));
#8540=CARTESIAN_POINT('Ctrl Pts',(57.8540635077768,57.4386235824792,15.2031018636591));
#8541=CARTESIAN_POINT('Ctrl Pts',(57.8079442680437,57.4386235824792,14.1847065516799));
#8542=CARTESIAN_POINT('Ctrl Pts',(57.7830838412046,57.4386235824792,13.6357438564301));
#8543=CARTESIAN_POINT('Ctrl Pts',(61.0777639597654,59.4386235824792,17.4079126119614));
#8544=CARTESIAN_POINT('Ctrl Pts',(61.0777639597654,57.4386235824792,17.4079126119614));
#8545=CARTESIAN_POINT('Ctrl Pts',(60.6189273231909,59.4386235824792,17.370196043269));
#8546=CARTESIAN_POINT('Ctrl Pts',(60.6189273231909,57.4386235824792,17.370196043269));
#8547=CARTESIAN_POINT('Ctrl Pts',(59.7197384880078,59.4386235824792,17.2962823346279));
#8548=CARTESIAN_POINT('Ctrl Pts',(59.7197384880078,57.4386235824792,17.2962823346279));
#8549=CARTESIAN_POINT('Ctrl Pts',(59.0378782291347,59.4386235824792,16.7072758032994));
#8550=CARTESIAN_POINT('Ctrl Pts',(59.0378782291347,57.4386235824792,16.7072758032994));
#8551=CARTESIAN_POINT('Ctrl Pts',(58.7039565294981,59.4386235824792,16.4188265800476));
#8552=CARTESIAN_POINT('Ctrl Pts',(58.7039565294981,57.4386235824792,16.4188265800476));
#8553=CARTESIAN_POINT('',(61.0777639597654,59.4386235824792,17.4079126119614));
#8554=CARTESIAN_POINT('Ctrl Pts',(61.0777639597654,59.4386235824792,17.4079126119614));
#8555=CARTESIAN_POINT('Ctrl Pts',(60.6189273231909,59.4386235824792,17.370196043269));
#8556=CARTESIAN_POINT('Ctrl Pts',(59.7197384880078,59.4386235824792,17.2962823346279));
#8557=CARTESIAN_POINT('Ctrl Pts',(59.0378782291347,59.4386235824792,16.7072758032994));
#8558=CARTESIAN_POINT('Ctrl Pts',(58.7039565294981,59.4386235824792,16.4188265800476));
#8559=CARTESIAN_POINT('',(61.0777639597654,57.4386235824792,17.4079126119614));
#8560=CARTESIAN_POINT('',(61.0777639597654,59.4386235824792,17.4079126119614));
#8561=CARTESIAN_POINT('Ctrl Pts',(61.0777639597654,57.4386235824792,17.4079126119614));
#8562=CARTESIAN_POINT('Ctrl Pts',(60.6189273231909,57.4386235824792,17.370196043269));
#8563=CARTESIAN_POINT('Ctrl Pts',(59.7197384880078,57.4386235824792,17.2962823346279));
#8564=CARTESIAN_POINT('Ctrl Pts',(59.0378782291347,57.4386235824792,16.7072758032994));
#8565=CARTESIAN_POINT('Ctrl Pts',(58.7039565294981,57.4386235824792,16.4188265800476));
#8566=CARTESIAN_POINT('Ctrl Pts',(63.5197829455137,59.4386235824792,16.3983631134033));
#8567=CARTESIAN_POINT('Ctrl Pts',(63.5197829455137,57.4386235824792,16.3983631134033));
#8568=CARTESIAN_POINT('Ctrl Pts',(63.1770155047104,59.4386235824792,16.6927687773644));
#8569=CARTESIAN_POINT('Ctrl Pts',(63.1770155047104,57.4386235824792,16.6927687773644));
#8570=CARTESIAN_POINT('Ctrl Pts',(62.4748317053295,59.4386235824792,17.2958799923472));
#8571=CARTESIAN_POINT('Ctrl Pts',(62.4748317053295,57.4386235824792,17.2958799923472));
#8572=CARTESIAN_POINT('Ctrl Pts',(61.5507565436799,59.4386235824792,17.3699827417727));
#8573=CARTESIAN_POINT('Ctrl Pts',(61.5507565436799,57.4386235824792,17.3699827417727));
#8574=CARTESIAN_POINT('Ctrl Pts',(61.0777639597654,59.4386235824792,17.4079126119614));
#8575=CARTESIAN_POINT('Ctrl Pts',(61.0777639597654,57.4386235824792,17.4079126119614));
#8576=CARTESIAN_POINT('',(63.5197829455137,59.4386235824792,16.3983631134033));
#8577=CARTESIAN_POINT('Ctrl Pts',(63.5197829455137,59.4386235824792,16.3983631134033));
#8578=CARTESIAN_POINT('Ctrl Pts',(63.1770155047104,59.4386235824792,16.6927687773644));
#8579=CARTESIAN_POINT('Ctrl Pts',(62.4748317053295,59.4386235824792,17.2958799923472));
#8580=CARTESIAN_POINT('Ctrl Pts',(61.5507565436799,59.4386235824792,17.3699827417727));
#8581=CARTESIAN_POINT('Ctrl Pts',(61.0777639597654,59.4386235824792,17.4079126119614));
#8582=CARTESIAN_POINT('',(63.5197829455137,57.4386235824792,16.3983631134033));
#8583=CARTESIAN_POINT('',(63.5197829455137,59.4386235824792,16.3983631134033));
#8584=CARTESIAN_POINT('Ctrl Pts',(63.5197829455137,57.4386235824792,16.3983631134033));
#8585=CARTESIAN_POINT('Ctrl Pts',(63.1770155047104,57.4386235824792,16.6927687773644));
#8586=CARTESIAN_POINT('Ctrl Pts',(62.4748317053295,57.4386235824792,17.2958799923472));
#8587=CARTESIAN_POINT('Ctrl Pts',(61.5507565436799,57.4386235824792,17.3699827417727));
#8588=CARTESIAN_POINT('Ctrl Pts',(61.0777639597654,57.4386235824792,17.4079126119614));
#8589=CARTESIAN_POINT('Ctrl Pts',(64.4611191004515,59.4386235824792,13.5607093572617));
#8590=CARTESIAN_POINT('Ctrl Pts',(64.4611191004515,57.4386235824792,13.5607093572617));
#8591=CARTESIAN_POINT('Ctrl Pts',(64.4355820670526,59.4386235824792,14.1203016846704));
#8592=CARTESIAN_POINT('Ctrl Pts',(64.4355820670526,57.4386235824792,14.1203016846704));
#8593=CARTESIAN_POINT('Ctrl Pts',(64.3881804534286,59.4386235824792,15.1590119716637));
#8594=CARTESIAN_POINT('Ctrl Pts',(64.3881804534286,57.4386235824792,15.1590119716637));
#8595=CARTESIAN_POINT('Ctrl Pts',(63.7939014717954,59.4386235824792,16.0071492909053));
#8596=CARTESIAN_POINT('Ctrl Pts',(63.7939014717954,57.4386235824792,16.0071492909053));
#8597=CARTESIAN_POINT('Ctrl Pts',(63.5197829455137,59.4386235824792,16.3983631134033));
#8598=CARTESIAN_POINT('Ctrl Pts',(63.5197829455137,57.4386235824792,16.3983631134033));
#8599=CARTESIAN_POINT('',(64.4611191004515,59.4386235824792,13.5607093572617));
#8600=CARTESIAN_POINT('Ctrl Pts',(64.4611191004515,59.4386235824792,13.5607093572617));
#8601=CARTESIAN_POINT('Ctrl Pts',(64.4355820670526,59.4386235824792,14.1203016846704));
#8602=CARTESIAN_POINT('Ctrl Pts',(64.3881804534286,59.4386235824792,15.1590119716637));
#8603=CARTESIAN_POINT('Ctrl Pts',(63.7939014717954,59.4386235824792,16.0071492909053));
#8604=CARTESIAN_POINT('Ctrl Pts',(63.5197829455137,59.4386235824792,16.3983631134033));
#8605=CARTESIAN_POINT('',(64.4611191004515,57.4386235824792,13.5607093572617));
#8606=CARTESIAN_POINT('',(64.4611191004515,59.4386235824792,13.5607093572617));
#8607=CARTESIAN_POINT('Ctrl Pts',(64.4611191004515,57.4386235824792,13.5607093572617));
#8608=CARTESIAN_POINT('Ctrl Pts',(64.4355820670526,57.4386235824792,14.1203016846704));
#8609=CARTESIAN_POINT('Ctrl Pts',(64.3881804534286,57.4386235824792,15.1590119716637));
#8610=CARTESIAN_POINT('Ctrl Pts',(63.7939014717954,57.4386235824792,16.0071492909053));
#8611=CARTESIAN_POINT('Ctrl Pts',(63.5197829455137,57.4386235824792,16.3983631134033));
#8612=CARTESIAN_POINT('Ctrl Pts',(63.530013486743,59.4386235824792,10.8151435852051));
#8613=CARTESIAN_POINT('Ctrl Pts',(63.530013486743,57.4386235824792,10.8151435852051));
#8614=CARTESIAN_POINT('Ctrl Pts',(63.8011883742676,59.4386235824792,11.193432270611));
#8615=CARTESIAN_POINT('Ctrl Pts',(63.8011883742676,57.4386235824792,11.193432270611));
#8616=CARTESIAN_POINT('Ctrl Pts',(64.3870342683253,59.4386235824792,12.0106866820966));
#8617=CARTESIAN_POINT('Ctrl Pts',(64.3870342683253,57.4386235824792,12.0106866820966));
#8618=CARTESIAN_POINT('Ctrl Pts',(64.4352313590013,59.4386235824792,13.0190791057657));
#8619=CARTESIAN_POINT('Ctrl Pts',(64.4352313590013,57.4386235824792,13.0190791057657));
#8620=CARTESIAN_POINT('Ctrl Pts',(64.4611191004515,59.4386235824792,13.5607093572617));
#8621=CARTESIAN_POINT('Ctrl Pts',(64.4611191004515,57.4386235824792,13.5607093572617));
#8622=CARTESIAN_POINT('',(63.530013486743,59.4386235824792,10.8151435852051));
#8623=CARTESIAN_POINT('Ctrl Pts',(63.530013486743,59.4386235824792,10.8151435852051));
#8624=CARTESIAN_POINT('Ctrl Pts',(63.8011883742676,59.4386235824792,11.193432270611));
#8625=CARTESIAN_POINT('Ctrl Pts',(64.3870342683253,59.4386235824792,12.0106866820966));
#8626=CARTESIAN_POINT('Ctrl Pts',(64.4352313590013,59.4386235824792,13.0190791057657));
#8627=CARTESIAN_POINT('Ctrl Pts',(64.4611191004515,59.4386235824792,13.5607093572617));
#8628=CARTESIAN_POINT('',(63.530013486743,57.4386235824792,10.8151435852051));
#8629=CARTESIAN_POINT('',(63.530013486743,59.4386235824792,10.8151435852051));
#8630=CARTESIAN_POINT('Ctrl Pts',(63.530013486743,57.4386235824792,10.8151435852051));
#8631=CARTESIAN_POINT('Ctrl Pts',(63.8011883742676,57.4386235824792,11.193432270611));
#8632=CARTESIAN_POINT('Ctrl Pts',(64.3870342683253,57.4386235824792,12.0106866820966));
#8633=CARTESIAN_POINT('Ctrl Pts',(64.4352313590013,57.4386235824792,13.0190791057657));
#8634=CARTESIAN_POINT('Ctrl Pts',(64.4611191004515,57.4386235824792,13.5607093572617));
#8635=CARTESIAN_POINT('Ctrl Pts',(61.0095500200987,59.4386235824792,9.83628869056702));
#8636=CARTESIAN_POINT('Ctrl Pts',(61.0095500200987,57.4386235824792,9.83628869056702));
#8637=CARTESIAN_POINT('Ctrl Pts',(61.5039882343774,59.4386235824792,9.86905364171926));
#8638=CARTESIAN_POINT('Ctrl Pts',(61.5039882343774,57.4386235824792,9.86905364171926));
#8639=CARTESIAN_POINT('Ctrl Pts',(62.4495047655732,59.4386235824792,9.93171021247696));
#8640=CARTESIAN_POINT('Ctrl Pts',(62.4495047655732,57.4386235824792,9.93171021247696));
#8641=CARTESIAN_POINT('Ctrl Pts',(63.18102605061,59.4386235824792,10.5298084077075));
#8642=CARTESIAN_POINT('Ctrl Pts',(63.18102605061,57.4386235824792,10.5298084077075));
#8643=CARTESIAN_POINT('Ctrl Pts',(63.530013486743,59.4386235824792,10.8151435852051));
#8644=CARTESIAN_POINT('Ctrl Pts',(63.530013486743,57.4386235824792,10.8151435852051));
#8645=CARTESIAN_POINT('',(61.0095500200987,59.4386235824792,9.83628869056702));
#8646=CARTESIAN_POINT('Ctrl Pts',(61.0095500200987,59.4386235824792,9.83628869056702));
#8647=CARTESIAN_POINT('Ctrl Pts',(61.5039882343774,59.4386235824792,9.86905364171926));
#8648=CARTESIAN_POINT('Ctrl Pts',(62.4495047655732,59.4386235824792,9.93171021247696));
#8649=CARTESIAN_POINT('Ctrl Pts',(63.18102605061,59.4386235824792,10.5298084077075));
#8650=CARTESIAN_POINT('Ctrl Pts',(63.530013486743,59.4386235824792,10.8151435852051));
#8651=CARTESIAN_POINT('',(61.0095500200987,57.4386235824792,9.83628869056702));
#8652=CARTESIAN_POINT('',(61.0095500200987,59.4386235824792,9.83628869056702));
#8653=CARTESIAN_POINT('Ctrl Pts',(61.0095500200987,57.4386235824792,9.83628869056702));
#8654=CARTESIAN_POINT('Ctrl Pts',(61.5039882343774,57.4386235824792,9.86905364171926));
#8655=CARTESIAN_POINT('Ctrl Pts',(62.4495047655732,57.4386235824792,9.93171021247696));
#8656=CARTESIAN_POINT('Ctrl Pts',(63.18102605061,57.4386235824792,10.5298084077075));
#8657=CARTESIAN_POINT('Ctrl Pts',(63.530013486743,57.4386235824792,10.8151435852051));
#8658=CARTESIAN_POINT('Ctrl Pts',(58.9358805865049,59.4386235824792,10.4502046108246));
#8659=CARTESIAN_POINT('Ctrl Pts',(58.9358805865049,57.4386235824792,10.4502046108246));
#8660=CARTESIAN_POINT('Ctrl Pts',(59.2361827716501,59.4386235824792,10.2713083159847));
#8661=CARTESIAN_POINT('Ctrl Pts',(59.2361827716501,57.4386235824792,10.2713083159847));
#8662=CARTESIAN_POINT('Ctrl Pts',(59.8737126136075,59.4386235824792,9.89151845025019));
#8663=CARTESIAN_POINT('Ctrl Pts',(59.8737126136075,57.4386235824792,9.89151845025019));
#8664=CARTESIAN_POINT('Ctrl Pts',(60.6165950671036,59.4386235824792,9.8553960095338));
#8665=CARTESIAN_POINT('Ctrl Pts',(60.6165950671036,57.4386235824792,9.8553960095338));
#8666=CARTESIAN_POINT('Ctrl Pts',(61.0095500200987,59.4386235824792,9.83628869056702));
#8667=CARTESIAN_POINT('Ctrl Pts',(61.0095500200987,57.4386235824792,9.83628869056702));
#8668=CARTESIAN_POINT('',(58.9358805865049,59.4386235824792,10.4502046108246));
#8669=CARTESIAN_POINT('Ctrl Pts',(58.9358805865049,59.4386235824792,10.4502046108246));
#8670=CARTESIAN_POINT('Ctrl Pts',(59.2361827716501,59.4386235824792,10.2713083159847));
#8671=CARTESIAN_POINT('Ctrl Pts',(59.8737126136075,59.4386235824792,9.89151845025019));
#8672=CARTESIAN_POINT('Ctrl Pts',(60.6165950671036,59.4386235824792,9.8553960095338));
#8673=CARTESIAN_POINT('Ctrl Pts',(61.0095500200987,59.4386235824792,9.83628869056702));
#8674=CARTESIAN_POINT('',(58.9358805865049,57.4386235824792,10.4502046108246));
#8675=CARTESIAN_POINT('',(58.9358805865049,59.4386235824792,10.4502046108246));
#8676=CARTESIAN_POINT('Ctrl Pts',(58.9358805865049,57.4386235824792,10.4502046108246));
#8677=CARTESIAN_POINT('Ctrl Pts',(59.2361827716501,57.4386235824792,10.2713083159847));
#8678=CARTESIAN_POINT('Ctrl Pts',(59.8737126136075,57.4386235824792,9.89151845025019));
#8679=CARTESIAN_POINT('Ctrl Pts',(60.6165950671036,57.4386235824792,9.8553960095338));
#8680=CARTESIAN_POINT('Ctrl Pts',(61.0095500200987,57.4386235824792,9.83628869056702));
#8681=CARTESIAN_POINT('Ctrl Pts',(57.8240107744932,59.4386235824792,12.175989151001));
#8682=CARTESIAN_POINT('Ctrl Pts',(57.8240107744932,57.4386235824792,12.175989151001));
#8683=CARTESIAN_POINT('Ctrl Pts',(57.9405777791214,59.4386235824792,11.8298269915577));
#8684=CARTESIAN_POINT('Ctrl Pts',(57.9405777791214,57.4386235824792,11.8298269915577));
#8685=CARTESIAN_POINT('Ctrl Pts',(58.166156154916,59.4386235824792,11.1599401917911));
#8686=CARTESIAN_POINT('Ctrl Pts',(58.166156154916,57.4386235824792,11.1599401917911));
#8687=CARTESIAN_POINT('Ctrl Pts',(58.6850996929781,59.4386235824792,10.6814407725703));
#8688=CARTESIAN_POINT('Ctrl Pts',(58.6850996929781,57.4386235824792,10.6814407725703));
#8689=CARTESIAN_POINT('Ctrl Pts',(58.9358805865049,59.4386235824792,10.4502046108246));
#8690=CARTESIAN_POINT('Ctrl Pts',(58.9358805865049,57.4386235824792,10.4502046108246));
#8691=CARTESIAN_POINT('',(57.8240107744932,59.4386235824792,12.175989151001));
#8692=CARTESIAN_POINT('Ctrl Pts',(57.8240107744932,59.4386235824792,12.175989151001));
#8693=CARTESIAN_POINT('Ctrl Pts',(57.9405777791214,59.4386235824792,11.8298269915577));
#8694=CARTESIAN_POINT('Ctrl Pts',(58.166156154916,59.4386235824792,11.1599401917911));
#8695=CARTESIAN_POINT('Ctrl Pts',(58.6850996929781,59.4386235824792,10.6814407725703));
#8696=CARTESIAN_POINT('Ctrl Pts',(58.9358805865049,59.4386235824792,10.4502046108246));
#8697=CARTESIAN_POINT('',(57.8240107744932,57.4386235824792,12.175989151001));
#8698=CARTESIAN_POINT('',(57.8240107744932,59.4386235824792,12.175989151001));
#8699=CARTESIAN_POINT('Ctrl Pts',(57.8240107744932,57.4386235824792,12.175989151001));
#8700=CARTESIAN_POINT('Ctrl Pts',(57.9405777791214,57.4386235824792,11.8298269915577));
#8701=CARTESIAN_POINT('Ctrl Pts',(58.166156154916,57.4386235824792,11.1599401917911));
#8702=CARTESIAN_POINT('Ctrl Pts',(58.6850996929781,57.4386235824792,10.6814407725703));
#8703=CARTESIAN_POINT('Ctrl Pts',(58.9358805865049,57.4386235824792,10.4502046108246));
#8704=CARTESIAN_POINT('Origin',(59.0927695482969,59.4386235824792,12.3328793048859));
#8705=CARTESIAN_POINT('',(59.0927695482969,59.4386235824792,12.3328793048859));
#8706=CARTESIAN_POINT('',(80.9640710491317,59.4386235824792,15.0374059091367));
#8707=CARTESIAN_POINT('',(59.0927695482969,57.4386235824792,12.3328793048859));
#8708=CARTESIAN_POINT('',(59.0927695482969,59.4386235824792,12.3328793048859));
#8709=CARTESIAN_POINT('',(59.0927695482969,57.4386235824792,12.3328793048859));
#8710=CARTESIAN_POINT('Ctrl Pts',(59.8499321192503,59.4386235824792,11.2005460262299));
#8711=CARTESIAN_POINT('Ctrl Pts',(59.8499321192503,57.4386235824792,11.2005460262299));
#8712=CARTESIAN_POINT('Ctrl Pts',(59.6957258504883,59.4386235824792,11.3461005633035));
#8713=CARTESIAN_POINT('Ctrl Pts',(59.6957258504883,57.4386235824792,11.3461005633035));
#8714=CARTESIAN_POINT('Ctrl Pts',(59.3579968810503,59.4386235824792,11.6648812730473));
#8715=CARTESIAN_POINT('Ctrl Pts',(59.3579968810503,57.4386235824792,11.6648812730473));
#8716=CARTESIAN_POINT('Ctrl Pts',(59.1861509975868,59.4386235824792,12.0976900289984));
#8717=CARTESIAN_POINT('Ctrl Pts',(59.1861509975868,57.4386235824792,12.0976900289984));
#8718=CARTESIAN_POINT('Ctrl Pts',(59.0927695482969,59.4386235824792,12.3328793048859));
#8719=CARTESIAN_POINT('Ctrl Pts',(59.0927695482969,57.4386235824792,12.3328793048859));
#8720=CARTESIAN_POINT('Ctrl Pts',(59.8499321192503,59.4386235824792,11.2005460262299));
#8721=CARTESIAN_POINT('Ctrl Pts',(59.6957258504883,59.4386235824792,11.3461005633035));
#8722=CARTESIAN_POINT('Ctrl Pts',(59.3579968810503,59.4386235824792,11.6648812730473));
#8723=CARTESIAN_POINT('Ctrl Pts',(59.1861509975868,59.4386235824792,12.0976900289984));
#8724=CARTESIAN_POINT('Ctrl Pts',(59.0927695482969,59.4386235824792,12.3328793048859));
#8725=CARTESIAN_POINT('Ctrl Pts',(59.8499321192503,57.4386235824792,11.2005460262299));
#8726=CARTESIAN_POINT('Ctrl Pts',(59.6957258504883,57.4386235824792,11.3461005633035));
#8727=CARTESIAN_POINT('Ctrl Pts',(59.3579968810503,57.4386235824792,11.6648812730473));
#8728=CARTESIAN_POINT('Ctrl Pts',(59.1861509975868,57.4386235824792,12.0976900289984));
#8729=CARTESIAN_POINT('Ctrl Pts',(59.0927695482969,57.4386235824792,12.3328793048859));
#8730=CARTESIAN_POINT('Origin',(48.232582513493,57.4386235824792,13.6152791976929));
#8731=CARTESIAN_POINT('Origin',(6.1255120486021,59.4386235824792,13.956344127655));
#8732=CARTESIAN_POINT('',(6.1255120486021,59.4386235824792,13.956344127655));
#8733=CARTESIAN_POINT('',(6.1255120486021,59.4386235824792,10.));
#8734=CARTESIAN_POINT('',(6.1255120486021,59.4386235824792,6.97817206382751));
#8735=CARTESIAN_POINT('',(6.1255120486021,57.4386235824792,13.956344127655));
#8736=CARTESIAN_POINT('',(6.1255120486021,59.4386235824792,13.956344127655));
#8737=CARTESIAN_POINT('',(6.1255120486021,57.4386235824792,10.));
#8738=CARTESIAN_POINT('',(6.1255120486021,57.4386235824792,13.956344127655));
#8739=CARTESIAN_POINT('',(6.1255120486021,59.4386235824792,10.));
#8740=CARTESIAN_POINT('Ctrl Pts',(5.55593006312847,59.4386235824792,15.8458387851715));
#8741=CARTESIAN_POINT('Ctrl Pts',(5.55593006312847,57.4386235824792,15.8458387851715));
#8742=CARTESIAN_POINT('Ctrl Pts',(5.72091293199428,59.4386235824792,15.6130741045061));
#8743=CARTESIAN_POINT('Ctrl Pts',(5.72091293199428,57.4386235824792,15.6130741045061));
#8744=CARTESIAN_POINT('Ctrl Pts',(6.11748084626043,59.4386235824792,15.0535796275287));
#8745=CARTESIAN_POINT('Ctrl Pts',(6.11748084626043,57.4386235824792,15.0535796275287));
#8746=CARTESIAN_POINT('Ctrl Pts',(6.12255113545142,59.4386235824792,14.3608687408767));
#8747=CARTESIAN_POINT('Ctrl Pts',(6.12255113545142,57.4386235824792,14.3608687408767));
#8748=CARTESIAN_POINT('Ctrl Pts',(6.1255120486021,59.4386235824792,13.956344127655));
#8749=CARTESIAN_POINT('Ctrl Pts',(6.1255120486021,57.4386235824792,13.956344127655));
#8750=CARTESIAN_POINT('',(5.55593006312847,59.4386235824792,15.8458387851715));
#8751=CARTESIAN_POINT('Ctrl Pts',(5.55593006312847,59.4386235824792,15.8458387851715));
#8752=CARTESIAN_POINT('Ctrl Pts',(5.72091293199428,59.4386235824792,15.6130741045061));
#8753=CARTESIAN_POINT('Ctrl Pts',(6.11748084626043,59.4386235824792,15.0535796275287));
#8754=CARTESIAN_POINT('Ctrl Pts',(6.12255113545142,59.4386235824792,14.3608687408767));
#8755=CARTESIAN_POINT('Ctrl Pts',(6.1255120486021,59.4386235824792,13.956344127655));
#8756=CARTESIAN_POINT('',(5.55593006312847,57.4386235824792,15.8458387851715));
#8757=CARTESIAN_POINT('',(5.55593006312847,59.4386235824792,15.8458387851715));
#8758=CARTESIAN_POINT('Ctrl Pts',(5.55593006312847,57.4386235824792,15.8458387851715));
#8759=CARTESIAN_POINT('Ctrl Pts',(5.72091293199428,57.4386235824792,15.6130741045061));
#8760=CARTESIAN_POINT('Ctrl Pts',(6.11748084626043,57.4386235824792,15.0535796275287));
#8761=CARTESIAN_POINT('Ctrl Pts',(6.12255113545142,57.4386235824792,14.3608687408767));
#8762=CARTESIAN_POINT('Ctrl Pts',(6.1255120486021,57.4386235824792,13.956344127655));
#8763=CARTESIAN_POINT('Ctrl Pts',(4.20190326869488,59.4386235824792,16.3437926769257));
#8764=CARTESIAN_POINT('Ctrl Pts',(4.20190326869488,57.4386235824792,16.3437926769257));
#8765=CARTESIAN_POINT('Ctrl Pts',(4.45346656246471,59.4386235824792,16.3238851999669));
#8766=CARTESIAN_POINT('Ctrl Pts',(4.45346656246471,57.4386235824792,16.3238851999669));
#8767=CARTESIAN_POINT('Ctrl Pts',(4.95162263322964,59.4386235824792,16.2844635882048));
#8768=CARTESIAN_POINT('Ctrl Pts',(4.95162263322964,57.4386235824792,16.2844635882048));
#8769=CARTESIAN_POINT('Ctrl Pts',(5.35583865278829,59.4386235824792,15.9910712465096));
#8770=CARTESIAN_POINT('Ctrl Pts',(5.35583865278829,57.4386235824792,15.9910712465096));
#8771=CARTESIAN_POINT('Ctrl Pts',(5.55593006312847,59.4386235824792,15.8458387851715));
#8772=CARTESIAN_POINT('Ctrl Pts',(5.55593006312847,57.4386235824792,15.8458387851715));
#8773=CARTESIAN_POINT('',(4.20190326869488,59.4386235824792,16.3437926769257));
#8774=CARTESIAN_POINT('Ctrl Pts',(4.20190326869488,59.4386235824792,16.3437926769257));
#8775=CARTESIAN_POINT('Ctrl Pts',(4.45346656246471,59.4386235824792,16.3238851999669));
#8776=CARTESIAN_POINT('Ctrl Pts',(4.95162263322964,59.4386235824792,16.2844635882048));
#8777=CARTESIAN_POINT('Ctrl Pts',(5.35583865278829,59.4386235824792,15.9910712465096));
#8778=CARTESIAN_POINT('Ctrl Pts',(5.55593006312847,59.4386235824792,15.8458387851715));
#8779=CARTESIAN_POINT('',(4.20190326869488,57.4386235824792,16.3437926769257));
#8780=CARTESIAN_POINT('',(4.20190326869488,59.4386235824792,16.3437926769257));
#8781=CARTESIAN_POINT('Ctrl Pts',(4.20190326869488,57.4386235824792,16.3437926769257));
#8782=CARTESIAN_POINT('Ctrl Pts',(4.45346656246471,57.4386235824792,16.3238851999669));
#8783=CARTESIAN_POINT('Ctrl Pts',(4.95162263322964,57.4386235824792,16.2844635882048));
#8784=CARTESIAN_POINT('Ctrl Pts',(5.35583865278829,57.4386235824792,15.9910712465096));
#8785=CARTESIAN_POINT('Ctrl Pts',(5.55593006312847,57.4386235824792,15.8458387851715));
#8786=CARTESIAN_POINT('Ctrl Pts',(3.34583751857281,59.4386235824792,16.1221009492874));
#8787=CARTESIAN_POINT('Ctrl Pts',(3.34583751857281,57.4386235824792,16.1221009492874));
#8788=CARTESIAN_POINT('Ctrl Pts',(3.4755611868475,59.4386235824792,16.1867367974284));
#8789=CARTESIAN_POINT('Ctrl Pts',(3.4755611868475,57.4386235824792,16.1867367974284));
#8790=CARTESIAN_POINT('Ctrl Pts',(3.74496023060242,59.4386235824792,16.320967010874));
#8791=CARTESIAN_POINT('Ctrl Pts',(3.74496023060242,57.4386235824792,16.320967010874));
#8792=CARTESIAN_POINT('Ctrl Pts',(4.04588351429913,59.4386235824792,16.3359990253883));
#8793=CARTESIAN_POINT('Ctrl Pts',(4.04588351429913,57.4386235824792,16.3359990253883));
#8794=CARTESIAN_POINT('Ctrl Pts',(4.20190326869488,59.4386235824792,16.3437926769257));
#8795=CARTESIAN_POINT('Ctrl Pts',(4.20190326869488,57.4386235824792,16.3437926769257));
#8796=CARTESIAN_POINT('',(3.34583751857281,59.4386235824792,16.1221009492874));
#8797=CARTESIAN_POINT('Ctrl Pts',(3.34583751857281,59.4386235824792,16.1221009492874));
#8798=CARTESIAN_POINT('Ctrl Pts',(3.4755611868475,59.4386235824792,16.1867367974284));
#8799=CARTESIAN_POINT('Ctrl Pts',(3.74496023060242,59.4386235824792,16.320967010874));
#8800=CARTESIAN_POINT('Ctrl Pts',(4.04588351429913,59.4386235824792,16.3359990253883));
#8801=CARTESIAN_POINT('Ctrl Pts',(4.20190326869488,59.4386235824792,16.3437926769257));
#8802=CARTESIAN_POINT('',(3.34583751857281,57.4386235824792,16.1221009492874));
#8803=CARTESIAN_POINT('',(3.34583751857281,59.4386235824792,16.1221009492874));
#8804=CARTESIAN_POINT('Ctrl Pts',(3.34583751857281,57.4386235824792,16.1221009492874));
#8805=CARTESIAN_POINT('Ctrl Pts',(3.4755611868475,57.4386235824792,16.1867367974284));
#8806=CARTESIAN_POINT('Ctrl Pts',(3.74496023060242,57.4386235824792,16.320967010874));
#8807=CARTESIAN_POINT('Ctrl Pts',(4.04588351429913,57.4386235824792,16.3359990253883));
#8808=CARTESIAN_POINT('Ctrl Pts',(4.20190326869488,57.4386235824792,16.3437926769257));
#8809=CARTESIAN_POINT('Ctrl Pts',(2.83765308558941,59.4386235824792,15.528649687767));
#8810=CARTESIAN_POINT('Ctrl Pts',(2.83765308558941,57.4386235824792,15.528649687767));
#8811=CARTESIAN_POINT('Ctrl Pts',(2.89574606762079,59.4386235824792,15.6469809450182));
#8812=CARTESIAN_POINT('Ctrl Pts',(2.89574606762079,57.4386235824792,15.6469809450182));
#8813=CARTESIAN_POINT('Ctrl Pts',(3.01415667409303,59.4386235824792,15.8881748972956));
#8814=CARTESIAN_POINT('Ctrl Pts',(3.01415667409303,57.4386235824792,15.8881748972956));
#8815=CARTESIAN_POINT('Ctrl Pts',(3.23390108575886,59.4386235824792,16.0431550341464));
#8816=CARTESIAN_POINT('Ctrl Pts',(3.23390108575886,57.4386235824792,16.0431550341464));
#8817=CARTESIAN_POINT('Ctrl Pts',(3.34583751857281,59.4386235824792,16.1221009492874));
#8818=CARTESIAN_POINT('Ctrl Pts',(3.34583751857281,57.4386235824792,16.1221009492874));
#8819=CARTESIAN_POINT('',(2.83765308558941,59.4386235824792,15.528649687767));
#8820=CARTESIAN_POINT('Ctrl Pts',(2.83765308558941,59.4386235824792,15.528649687767));
#8821=CARTESIAN_POINT('Ctrl Pts',(2.89574606762079,59.4386235824792,15.6469809450182));
#8822=CARTESIAN_POINT('Ctrl Pts',(3.01415667409303,59.4386235824792,15.8881748972956));
#8823=CARTESIAN_POINT('Ctrl Pts',(3.23390108575886,59.4386235824792,16.0431550341464));
#8824=CARTESIAN_POINT('Ctrl Pts',(3.34583751857281,59.4386235824792,16.1221009492874));
#8825=CARTESIAN_POINT('',(2.83765308558941,57.4386235824792,15.528649687767));
#8826=CARTESIAN_POINT('',(2.83765308558941,59.4386235824792,15.528649687767));
#8827=CARTESIAN_POINT('Ctrl Pts',(2.83765308558941,57.4386235824792,15.528649687767));
#8828=CARTESIAN_POINT('Ctrl Pts',(2.89574606762079,57.4386235824792,15.6469809450182));
#8829=CARTESIAN_POINT('Ctrl Pts',(3.01415667409303,57.4386235824792,15.8881748972956));
#8830=CARTESIAN_POINT('Ctrl Pts',(3.23390108575886,57.4386235824792,16.0431550341464));
#8831=CARTESIAN_POINT('Ctrl Pts',(3.34583751857281,57.4386235824792,16.1221009492874));
#8832=CARTESIAN_POINT('Ctrl Pts',(2.69440166652203,59.4386235824792,14.4065487384796));
#8833=CARTESIAN_POINT('Ctrl Pts',(2.69440166652203,57.4386235824792,14.4065487384796));
#8834=CARTESIAN_POINT('Ctrl Pts',(2.69557994638951,59.4386235824792,14.626635441365));
#8835=CARTESIAN_POINT('Ctrl Pts',(2.69557994638951,57.4386235824792,14.626635441365));
#8836=CARTESIAN_POINT('Ctrl Pts',(2.6976170229818,59.4386235824792,15.0071337279747));
#8837=CARTESIAN_POINT('Ctrl Pts',(2.6976170229818,57.4386235824792,15.0071337279747));
#8838=CARTESIAN_POINT('Ctrl Pts',(2.79612415847346,59.4386235824792,15.3739895389401));
#8839=CARTESIAN_POINT('Ctrl Pts',(2.79612415847346,57.4386235824792,15.3739895389401));
#8840=CARTESIAN_POINT('Ctrl Pts',(2.83765308558941,59.4386235824792,15.528649687767));
#8841=CARTESIAN_POINT('Ctrl Pts',(2.83765308558941,57.4386235824792,15.528649687767));
#8842=CARTESIAN_POINT('',(2.69440166652203,59.4386235824792,14.4065487384796));
#8843=CARTESIAN_POINT('Ctrl Pts',(2.69440166652203,59.4386235824792,14.4065487384796));
#8844=CARTESIAN_POINT('Ctrl Pts',(2.69557994638951,59.4386235824792,14.626635441365));
#8845=CARTESIAN_POINT('Ctrl Pts',(2.6976170229818,59.4386235824792,15.0071337279747));
#8846=CARTESIAN_POINT('Ctrl Pts',(2.79612415847346,59.4386235824792,15.3739895389401));
#8847=CARTESIAN_POINT('Ctrl Pts',(2.83765308558941,59.4386235824792,15.528649687767));
#8848=CARTESIAN_POINT('',(2.69440166652203,57.4386235824792,14.4065487384796));
#8849=CARTESIAN_POINT('',(2.69440166652203,59.4386235824792,14.4065487384796));
#8850=CARTESIAN_POINT('Ctrl Pts',(2.69440166652203,57.4386235824792,14.4065487384796));
#8851=CARTESIAN_POINT('Ctrl Pts',(2.69557994638951,57.4386235824792,14.626635441365));
#8852=CARTESIAN_POINT('Ctrl Pts',(2.6976170229818,57.4386235824792,15.0071337279747));
#8853=CARTESIAN_POINT('Ctrl Pts',(2.79612415847346,57.4386235824792,15.3739895389401));
#8854=CARTESIAN_POINT('Ctrl Pts',(2.83765308558941,57.4386235824792,15.528649687767));
#8855=CARTESIAN_POINT('Origin',(2.69440166652203,59.4386235824792,10.));
#8856=CARTESIAN_POINT('',(2.69440166652203,59.4386235824792,10.));
#8857=CARTESIAN_POINT('',(2.69440166652203,59.4386235824792,5.));
#8858=CARTESIAN_POINT('',(2.69440166652203,57.4386235824792,10.));
#8859=CARTESIAN_POINT('',(2.69440166652203,59.4386235824792,10.));
#8860=CARTESIAN_POINT('',(2.69440166652203,57.4386235824792,10.));
#8861=CARTESIAN_POINT('Origin',(1.46657459437847,59.4386235824792,10.));
#8862=CARTESIAN_POINT('',(1.46657459437847,59.4386235824792,10.));
#8863=CARTESIAN_POINT('',(53.2479254040387,59.4386235824792,10.));
#8864=CARTESIAN_POINT('',(1.46657459437847,57.4386235824792,10.));
#8865=CARTESIAN_POINT('',(1.46657459437847,59.4386235824792,10.));
#8866=CARTESIAN_POINT('',(1.46657459437847,57.4386235824792,10.));
#8867=CARTESIAN_POINT('Origin',(1.46657459437847,59.4386235824792,14.4542974233627));
#8868=CARTESIAN_POINT('',(1.46657459437847,59.4386235824792,14.4542974233627));
#8869=CARTESIAN_POINT('',(1.46657459437847,59.4386235824792,7.22714871168137));
#8870=CARTESIAN_POINT('',(1.46657459437847,57.4386235824792,14.4542974233627));
#8871=CARTESIAN_POINT('',(1.46657459437847,59.4386235824792,14.4542974233627));
#8872=CARTESIAN_POINT('',(1.46657459437847,57.4386235824792,14.4542974233627));
#8873=CARTESIAN_POINT('Ctrl Pts',(1.53478138148785,59.4386235824792,15.648021697998));
#8874=CARTESIAN_POINT('Ctrl Pts',(1.53478138148785,57.4386235824792,15.648021697998));
#8875=CARTESIAN_POINT('Ctrl Pts',(1.51509777463451,59.4386235824792,15.4918749581578));
#8876=CARTESIAN_POINT('Ctrl Pts',(1.51509777463451,57.4386235824792,15.4918749581578));
#8877=CARTESIAN_POINT('Ctrl Pts',(1.46516502698603,59.4386235824792,15.0957668762061));
#8878=CARTESIAN_POINT('Ctrl Pts',(1.46516502698603,57.4386235824792,15.0957668762061));
#8879=CARTESIAN_POINT('Ctrl Pts',(1.46604282587885,59.4386235824792,14.6962959615797));
#8880=CARTESIAN_POINT('Ctrl Pts',(1.46604282587885,57.4386235824792,14.6962959615797));
#8881=CARTESIAN_POINT('Ctrl Pts',(1.46657459437847,59.4386235824792,14.4542974233627));
#8882=CARTESIAN_POINT('Ctrl Pts',(1.46657459437847,57.4386235824792,14.4542974233627));
#8883=CARTESIAN_POINT('',(1.53478138148785,59.4386235824792,15.648021697998));
#8884=CARTESIAN_POINT('Ctrl Pts',(1.53478138148785,59.4386235824792,15.648021697998));
#8885=CARTESIAN_POINT('Ctrl Pts',(1.51509777463451,59.4386235824792,15.4918749581578));
#8886=CARTESIAN_POINT('Ctrl Pts',(1.46516502698603,59.4386235824792,15.0957668762061));
#8887=CARTESIAN_POINT('Ctrl Pts',(1.46604282587885,59.4386235824792,14.6962959615797));
#8888=CARTESIAN_POINT('Ctrl Pts',(1.46657459437847,59.4386235824792,14.4542974233627));
#8889=CARTESIAN_POINT('',(1.53478138148785,57.4386235824792,15.648021697998));
#8890=CARTESIAN_POINT('',(1.53478138148785,59.4386235824792,15.648021697998));
#8891=CARTESIAN_POINT('Ctrl Pts',(1.53478138148785,57.4386235824792,15.648021697998));
#8892=CARTESIAN_POINT('Ctrl Pts',(1.51509777463451,57.4386235824792,15.4918749581578));
#8893=CARTESIAN_POINT('Ctrl Pts',(1.46516502698603,57.4386235824792,15.0957668762061));
#8894=CARTESIAN_POINT('Ctrl Pts',(1.46604282587885,57.4386235824792,14.6962959615797));
#8895=CARTESIAN_POINT('Ctrl Pts',(1.46657459437847,57.4386235824792,14.4542974233627));
#8896=CARTESIAN_POINT('Ctrl Pts',(1.91677562892437,59.4386235824792,16.5552526712418));
#8897=CARTESIAN_POINT('Ctrl Pts',(1.91677562892437,57.4386235824792,16.5552526712418));
#8898=CARTESIAN_POINT('Ctrl Pts',(1.83207776788723,59.4386235824792,16.4191276426848));
#8899=CARTESIAN_POINT('Ctrl Pts',(1.83207776788723,57.4386235824792,16.4191276426848));
#8900=CARTESIAN_POINT('Ctrl Pts',(1.65664530047479,59.4386235824792,16.1371754263726));
#8901=CARTESIAN_POINT('Ctrl Pts',(1.65664530047479,57.4386235824792,16.1371754263726));
#8902=CARTESIAN_POINT('Ctrl Pts',(1.57632399065914,59.4386235824792,15.814770989597));
#8903=CARTESIAN_POINT('Ctrl Pts',(1.57632399065914,57.4386235824792,15.814770989597));
#8904=CARTESIAN_POINT('Ctrl Pts',(1.53478138148785,59.4386235824792,15.648021697998));
#8905=CARTESIAN_POINT('Ctrl Pts',(1.53478138148785,57.4386235824792,15.648021697998));
#8906=CARTESIAN_POINT('',(1.91677562892437,59.4386235824792,16.5552526712418));
#8907=CARTESIAN_POINT('Ctrl Pts',(1.91677562892437,59.4386235824792,16.5552526712418));
#8908=CARTESIAN_POINT('Ctrl Pts',(1.83207776788723,59.4386235824792,16.4191276426848));
#8909=CARTESIAN_POINT('Ctrl Pts',(1.65664530047479,59.4386235824792,16.1371754263726));
#8910=CARTESIAN_POINT('Ctrl Pts',(1.57632399065914,59.4386235824792,15.814770989597));
#8911=CARTESIAN_POINT('Ctrl Pts',(1.53478138148785,59.4386235824792,15.648021697998));
#8912=CARTESIAN_POINT('',(1.91677562892437,57.4386235824792,16.5552526712418));
#8913=CARTESIAN_POINT('',(1.91677562892437,59.4386235824792,16.5552526712418));
#8914=CARTESIAN_POINT('Ctrl Pts',(1.91677562892437,57.4386235824792,16.5552526712418));
#8915=CARTESIAN_POINT('Ctrl Pts',(1.83207776788723,57.4386235824792,16.4191276426848));
#8916=CARTESIAN_POINT('Ctrl Pts',(1.65664530047479,57.4386235824792,16.1371754263726));
#8917=CARTESIAN_POINT('Ctrl Pts',(1.57632399065914,57.4386235824792,15.814770989597));
#8918=CARTESIAN_POINT('Ctrl Pts',(1.53478138148785,57.4386235824792,15.648021697998));
#8919=CARTESIAN_POINT('Ctrl Pts',(2.73873798549175,59.4386235824792,17.1725785732269));
#8920=CARTESIAN_POINT('Ctrl Pts',(2.73873798549175,57.4386235824792,17.1725785732269));
#8921=CARTESIAN_POINT('Ctrl Pts',(2.57058592339853,59.4386235824792,17.0925527679973));
#8922=CARTESIAN_POINT('Ctrl Pts',(2.57058592339853,57.4386235824792,17.0925527679973));
#8923=CARTESIAN_POINT('Ctrl Pts',(2.25432969304364,59.4386235824792,16.9420422171424));
#8924=CARTESIAN_POINT('Ctrl Pts',(2.25432969304364,57.4386235824792,16.9420422171424));
#8925=CARTESIAN_POINT('Ctrl Pts',(2.02443589465474,59.4386235824792,16.6786162142109));
#8926=CARTESIAN_POINT('Ctrl Pts',(2.02443589465474,57.4386235824792,16.6786162142109));
#8927=CARTESIAN_POINT('Ctrl Pts',(1.91677562892437,59.4386235824792,16.5552526712418));
#8928=CARTESIAN_POINT('Ctrl Pts',(1.91677562892437,57.4386235824792,16.5552526712418));
#8929=CARTESIAN_POINT('',(2.73873798549175,59.4386235824792,17.1725785732269));
#8930=CARTESIAN_POINT('Ctrl Pts',(2.73873798549175,59.4386235824792,17.1725785732269));
#8931=CARTESIAN_POINT('Ctrl Pts',(2.57058592339853,59.4386235824792,17.0925527679973));
#8932=CARTESIAN_POINT('Ctrl Pts',(2.25432969304364,59.4386235824792,16.9420422171424));
#8933=CARTESIAN_POINT('Ctrl Pts',(2.02443589465474,59.4386235824792,16.6786162142109));
#8934=CARTESIAN_POINT('Ctrl Pts',(1.91677562892437,59.4386235824792,16.5552526712418));
#8935=CARTESIAN_POINT('',(2.73873798549175,57.4386235824792,17.1725785732269));
#8936=CARTESIAN_POINT('',(2.73873798549175,59.4386235824792,17.1725785732269));
#8937=CARTESIAN_POINT('Ctrl Pts',(2.73873798549175,57.4386235824792,17.1725785732269));
#8938=CARTESIAN_POINT('Ctrl Pts',(2.57058592339853,57.4386235824792,17.0925527679973));
#8939=CARTESIAN_POINT('Ctrl Pts',(2.25432969304364,57.4386235824792,16.9420422171424));
#8940=CARTESIAN_POINT('Ctrl Pts',(2.02443589465474,57.4386235824792,16.6786162142109));
#8941=CARTESIAN_POINT('Ctrl Pts',(1.91677562892437,57.4386235824792,16.5552526712418));
#8942=CARTESIAN_POINT('Ctrl Pts',(3.94269458949566,59.4386235824792,17.4079126119614));
#8943=CARTESIAN_POINT('Ctrl Pts',(3.94269458949566,57.4386235824792,17.4079126119614));
#8944=CARTESIAN_POINT('Ctrl Pts',(3.7310915240905,59.4386235824792,17.399068413232));
#8945=CARTESIAN_POINT('Ctrl Pts',(3.7310915240905,57.4386235824792,17.399068413232));
#8946=CARTESIAN_POINT('Ctrl Pts',(3.31766296080911,59.4386235824792,17.3817886806957));
#8947=CARTESIAN_POINT('Ctrl Pts',(3.31766296080911,57.4386235824792,17.3817886806957));
#8948=CARTESIAN_POINT('Ctrl Pts',(2.92864623438096,59.4386235824792,17.2412070257091));
#8949=CARTESIAN_POINT('Ctrl Pts',(2.92864623438096,57.4386235824792,17.2412070257091));
#8950=CARTESIAN_POINT('Ctrl Pts',(2.73873798549175,59.4386235824792,17.1725785732269));
#8951=CARTESIAN_POINT('Ctrl Pts',(2.73873798549175,57.4386235824792,17.1725785732269));
#8952=CARTESIAN_POINT('',(3.94269458949566,59.4386235824792,17.4079126119614));
#8953=CARTESIAN_POINT('Ctrl Pts',(3.94269458949566,59.4386235824792,17.4079126119614));
#8954=CARTESIAN_POINT('Ctrl Pts',(3.7310915240905,59.4386235824792,17.399068413232));
#8955=CARTESIAN_POINT('Ctrl Pts',(3.31766296080911,59.4386235824792,17.3817886806957));
#8956=CARTESIAN_POINT('Ctrl Pts',(2.92864623438096,59.4386235824792,17.2412070257091));
#8957=CARTESIAN_POINT('Ctrl Pts',(2.73873798549175,59.4386235824792,17.1725785732269));
#8958=CARTESIAN_POINT('',(3.94269458949566,57.4386235824792,17.4079126119614));
#8959=CARTESIAN_POINT('',(3.94269458949566,59.4386235824792,17.4079126119614));
#8960=CARTESIAN_POINT('Ctrl Pts',(3.94269458949566,57.4386235824792,17.4079126119614));
#8961=CARTESIAN_POINT('Ctrl Pts',(3.7310915240905,57.4386235824792,17.399068413232));
#8962=CARTESIAN_POINT('Ctrl Pts',(3.31766296080911,57.4386235824792,17.3817886806957));
#8963=CARTESIAN_POINT('Ctrl Pts',(2.92864623438096,57.4386235824792,17.2412070257091));
#8964=CARTESIAN_POINT('Ctrl Pts',(2.73873798549175,57.4386235824792,17.1725785732269));
#8965=CARTESIAN_POINT('Ctrl Pts',(6.24828808009624,59.4386235824792,16.214188337326));
#8966=CARTESIAN_POINT('Ctrl Pts',(6.24828808009624,57.4386235824792,16.214188337326));
#8967=CARTESIAN_POINT('Ctrl Pts',(5.94912984704955,59.4386235824792,16.5623371239211));
#8968=CARTESIAN_POINT('Ctrl Pts',(5.94912984704955,57.4386235824792,16.5623371239211));
#8969=CARTESIAN_POINT('Ctrl Pts',(5.3419554935572,59.4386235824792,17.268943164033));
#8970=CARTESIAN_POINT('Ctrl Pts',(5.3419554935572,57.4386235824792,17.268943164033));
#8971=CARTESIAN_POINT('Ctrl Pts',(4.41362925002132,59.4386235824792,17.3611411130982));
#8972=CARTESIAN_POINT('Ctrl Pts',(4.41362925002132,57.4386235824792,17.3611411130982));
#8973=CARTESIAN_POINT('Ctrl Pts',(3.94269458949566,59.4386235824792,17.4079126119614));
#8974=CARTESIAN_POINT('Ctrl Pts',(3.94269458949566,57.4386235824792,17.4079126119614));
#8975=CARTESIAN_POINT('',(6.24828808009624,59.4386235824792,16.214188337326));
#8976=CARTESIAN_POINT('Ctrl Pts',(6.24828808009624,59.4386235824792,16.214188337326));
#8977=CARTESIAN_POINT('Ctrl Pts',(5.94912984704955,59.4386235824792,16.5623371239211));
#8978=CARTESIAN_POINT('Ctrl Pts',(5.3419554935572,59.4386235824792,17.268943164033));
#8979=CARTESIAN_POINT('Ctrl Pts',(4.41362925002132,59.4386235824792,17.3611411130982));
#8980=CARTESIAN_POINT('Ctrl Pts',(3.94269458949566,59.4386235824792,17.4079126119614));
#8981=CARTESIAN_POINT('',(6.24828808009624,57.4386235824792,16.214188337326));
#8982=CARTESIAN_POINT('',(6.24828808009624,59.4386235824792,16.214188337326));
#8983=CARTESIAN_POINT('Ctrl Pts',(6.24828808009624,57.4386235824792,16.214188337326));
#8984=CARTESIAN_POINT('Ctrl Pts',(5.94912984704955,57.4386235824792,16.5623371239211));
#8985=CARTESIAN_POINT('Ctrl Pts',(5.3419554935572,57.4386235824792,17.268943164033));
#8986=CARTESIAN_POINT('Ctrl Pts',(4.41362925002132,57.4386235824792,17.3611411130982));
#8987=CARTESIAN_POINT('Ctrl Pts',(3.94269458949566,57.4386235824792,17.4079126119614));
#8988=CARTESIAN_POINT('Origin',(6.24828808009624,59.4386235824792,17.2442018985748));
#8989=CARTESIAN_POINT('',(6.24828808009624,59.4386235824792,17.2442018985748));
#8990=CARTESIAN_POINT('',(6.24828808009624,59.4386235824792,8.62210094928741));
#8991=CARTESIAN_POINT('',(6.24828808009624,57.4386235824792,17.2442018985748));
#8992=CARTESIAN_POINT('',(6.24828808009624,59.4386235824792,17.2442018985748));
#8993=CARTESIAN_POINT('',(6.24828808009624,57.4386235824792,17.2442018985748));
#8994=CARTESIAN_POINT('Origin',(7.35333912074566,59.4386235824792,17.2442018985748));
#8995=CARTESIAN_POINT('',(7.35333912074566,59.4386235824792,17.2442018985748));
#8996=CARTESIAN_POINT('',(56.1913076672223,59.4386235824792,17.2442018985748));
#8997=CARTESIAN_POINT('',(7.35333912074566,57.4386235824792,17.2442018985748));
#8998=CARTESIAN_POINT('',(7.35333912074566,59.4386235824792,17.2442018985748));
#8999=CARTESIAN_POINT('',(7.35333912074566,57.4386235824792,17.2442018985748));
#9000=CARTESIAN_POINT('Origin',(7.35333912074566,59.4386235824792,10.));
#9001=CARTESIAN_POINT('',(7.35333912074566,59.4386235824792,10.));
#9002=CARTESIAN_POINT('',(7.35333912074566,59.4386235824792,5.));
#9003=CARTESIAN_POINT('',(7.35333912074566,57.4386235824792,10.));
#9004=CARTESIAN_POINT('',(7.35333912074566,59.4386235824792,10.));
#9005=CARTESIAN_POINT('',(7.35333912074566,57.4386235824792,10.));
#9006=CARTESIAN_POINT('Origin',(6.1255120486021,59.4386235824792,10.));
#9007=CARTESIAN_POINT('',(55.5773941311506,59.4386235824792,10.));
#9008=CARTESIAN_POINT('',(6.1255120486021,57.4386235824792,10.));
#9009=CARTESIAN_POINT('Origin',(48.232582513493,57.4386235824792,13.6152791976929));
#9010=CARTESIAN_POINT('Ctrl Pts',(41.105046197772,59.4386235824792,16.3915407657623));
#9011=CARTESIAN_POINT('Ctrl Pts',(41.105046197772,57.4386235824792,16.3915407657623));
#9012=CARTESIAN_POINT('Ctrl Pts',(41.3695000960396,59.4386235824792,16.3616674680682));
#9013=CARTESIAN_POINT('Ctrl Pts',(41.3695000960396,57.4386235824792,16.3616674680682));
#9014=CARTESIAN_POINT('Ctrl Pts',(41.9092549321786,59.4386235824792,16.3006955670774));
#9015=CARTESIAN_POINT('Ctrl Pts',(41.9092549321786,57.4386235824792,16.3006955670774));
#9016=CARTESIAN_POINT('Ctrl Pts',(42.2982033587947,59.4386235824792,15.9204229269377));
#9017=CARTESIAN_POINT('Ctrl Pts',(42.2982033587947,57.4386235824792,15.9204229269377));
#9018=CARTESIAN_POINT('Ctrl Pts',(42.4965857714415,59.4386235824792,15.7264655828476));
#9019=CARTESIAN_POINT('Ctrl Pts',(42.4965857714415,57.4386235824792,15.7264655828476));
#9020=CARTESIAN_POINT('',(41.105046197772,59.4386235824792,16.3915407657623));
#9021=CARTESIAN_POINT('',(42.4965857714415,59.4386235824792,15.7264655828476));
#9022=CARTESIAN_POINT('Ctrl Pts',(41.105046197772,59.4386235824792,16.3915407657623));
#9023=CARTESIAN_POINT('Ctrl Pts',(41.3695000960396,59.4386235824792,16.3616674680682));
#9024=CARTESIAN_POINT('Ctrl Pts',(41.9092549321786,59.4386235824792,16.3006955670774));
#9025=CARTESIAN_POINT('Ctrl Pts',(42.2982033587947,59.4386235824792,15.9204229269377));
#9026=CARTESIAN_POINT('Ctrl Pts',(42.4965857714415,59.4386235824792,15.7264655828476));
#9027=CARTESIAN_POINT('',(41.105046197772,57.4386235824792,16.3915407657623));
#9028=CARTESIAN_POINT('',(41.105046197772,59.4386235824792,16.3915407657623));
#9029=CARTESIAN_POINT('',(42.4965857714415,57.4386235824792,15.7264655828476));
#9030=CARTESIAN_POINT('Ctrl Pts',(41.105046197772,57.4386235824792,16.3915407657623));
#9031=CARTESIAN_POINT('Ctrl Pts',(41.3695000960396,57.4386235824792,16.3616674680682));
#9032=CARTESIAN_POINT('Ctrl Pts',(41.9092549321786,57.4386235824792,16.3006955670774));
#9033=CARTESIAN_POINT('Ctrl Pts',(42.2982033587947,57.4386235824792,15.9204229269377));
#9034=CARTESIAN_POINT('Ctrl Pts',(42.4965857714415,57.4386235824792,15.7264655828476));
#9035=CARTESIAN_POINT('',(42.4965857714415,59.4386235824792,15.7264655828476));
#9036=CARTESIAN_POINT('Ctrl Pts',(39.6828078478575,59.4386235824792,15.7162338495255));
#9037=CARTESIAN_POINT('Ctrl Pts',(39.6828078478575,57.4386235824792,15.7162338495255));
#9038=CARTESIAN_POINT('Ctrl Pts',(39.8864877393993,59.4386235824792,15.9131720591023));
#9039=CARTESIAN_POINT('Ctrl Pts',(39.8864877393993,57.4386235824792,15.9131720591023));
#9040=CARTESIAN_POINT('Ctrl Pts',(40.28530518574,59.4386235824792,16.298788887724));
#9041=CARTESIAN_POINT('Ctrl Pts',(40.28530518574,57.4386235824792,16.298788887724));
#9042=CARTESIAN_POINT('Ctrl Pts',(40.8357290670981,59.4386235824792,16.3610681295379));
#9043=CARTESIAN_POINT('Ctrl Pts',(40.8357290670981,57.4386235824792,16.3610681295379));
#9044=CARTESIAN_POINT('Ctrl Pts',(41.105046197772,59.4386235824792,16.3915407657623));
#9045=CARTESIAN_POINT('Ctrl Pts',(41.105046197772,57.4386235824792,16.3915407657623));
#9046=CARTESIAN_POINT('',(39.6828078478575,59.4386235824792,15.7162338495255));
#9047=CARTESIAN_POINT('Ctrl Pts',(39.6828078478575,59.4386235824792,15.7162338495255));
#9048=CARTESIAN_POINT('Ctrl Pts',(39.8864877393993,59.4386235824792,15.9131720591023));
#9049=CARTESIAN_POINT('Ctrl Pts',(40.28530518574,59.4386235824792,16.298788887724));
#9050=CARTESIAN_POINT('Ctrl Pts',(40.8357290670981,59.4386235824792,16.3610681295379));
#9051=CARTESIAN_POINT('Ctrl Pts',(41.105046197772,59.4386235824792,16.3915407657623));
#9052=CARTESIAN_POINT('',(39.6828078478575,57.4386235824792,15.7162338495255));
#9053=CARTESIAN_POINT('',(39.6828078478575,59.4386235824792,15.7162338495255));
#9054=CARTESIAN_POINT('Ctrl Pts',(39.6828078478575,57.4386235824792,15.7162338495255));
#9055=CARTESIAN_POINT('Ctrl Pts',(39.8864877393993,57.4386235824792,15.9131720591023));
#9056=CARTESIAN_POINT('Ctrl Pts',(40.28530518574,57.4386235824792,16.298788887724));
#9057=CARTESIAN_POINT('Ctrl Pts',(40.8357290670981,57.4386235824792,16.3610681295379));
#9058=CARTESIAN_POINT('Ctrl Pts',(41.105046197772,57.4386235824792,16.3915407657623));
#9059=CARTESIAN_POINT('Ctrl Pts',(39.0927647799253,59.4386235824792,13.7107771635056));
#9060=CARTESIAN_POINT('Ctrl Pts',(39.0927647799253,57.4386235824792,13.7107771635056));
#9061=CARTESIAN_POINT('Ctrl Pts',(39.1049446740703,59.4386235824792,14.1112589341976));
#9062=CARTESIAN_POINT('Ctrl Pts',(39.1049446740703,57.4386235824792,14.1112589341976));
#9063=CARTESIAN_POINT('Ctrl Pts',(39.1269512284633,59.4386235824792,14.8348468213575));
#9064=CARTESIAN_POINT('Ctrl Pts',(39.1269512284633,57.4386235824792,14.8348468213575));
#9065=CARTESIAN_POINT('Ctrl Pts',(39.5112193291663,59.4386235824792,15.4441566819966));
#9066=CARTESIAN_POINT('Ctrl Pts',(39.5112193291663,57.4386235824792,15.4441566819966));
#9067=CARTESIAN_POINT('Ctrl Pts',(39.6828078478575,59.4386235824792,15.7162338495255));
#9068=CARTESIAN_POINT('Ctrl Pts',(39.6828078478575,57.4386235824792,15.7162338495255));
#9069=CARTESIAN_POINT('',(39.0927647799253,59.4386235824792,13.7107771635056));
#9070=CARTESIAN_POINT('Ctrl Pts',(39.0927647799253,59.4386235824792,13.7107771635056));
#9071=CARTESIAN_POINT('Ctrl Pts',(39.1049446740703,59.4386235824792,14.1112589341976));
#9072=CARTESIAN_POINT('Ctrl Pts',(39.1269512284633,59.4386235824792,14.8348468213575));
#9073=CARTESIAN_POINT('Ctrl Pts',(39.5112193291663,59.4386235824792,15.4441566819966));
#9074=CARTESIAN_POINT('Ctrl Pts',(39.6828078478575,59.4386235824792,15.7162338495255));
#9075=CARTESIAN_POINT('',(39.0927647799253,57.4386235824792,13.7107771635056));
#9076=CARTESIAN_POINT('',(39.0927647799253,59.4386235824792,13.7107771635056));
#9077=CARTESIAN_POINT('Ctrl Pts',(39.0927647799253,57.4386235824792,13.7107771635056));
#9078=CARTESIAN_POINT('Ctrl Pts',(39.1049446740703,57.4386235824792,14.1112589341976));
#9079=CARTESIAN_POINT('Ctrl Pts',(39.1269512284633,57.4386235824792,14.8348468213575));
#9080=CARTESIAN_POINT('Ctrl Pts',(39.5112193291663,57.4386235824792,15.4441566819966));
#9081=CARTESIAN_POINT('Ctrl Pts',(39.6828078478575,57.4386235824792,15.7162338495255));
#9082=CARTESIAN_POINT('Ctrl Pts',(39.6657561510801,59.4386235824792,11.6678035259247));
#9083=CARTESIAN_POINT('Ctrl Pts',(39.6657561510801,57.4386235824792,11.6678035259247));
#9084=CARTESIAN_POINT('Ctrl Pts',(39.4993205268891,59.4386235824792,11.9395423115176));
#9085=CARTESIAN_POINT('Ctrl Pts',(39.4993205268891,57.4386235824792,11.9395423115176));
#9086=CARTESIAN_POINT('Ctrl Pts',(39.1178507178081,59.4386235824792,12.5623665606159));
#9087=CARTESIAN_POINT('Ctrl Pts',(39.1178507178081,57.4386235824792,12.5623665606159));
#9088=CARTESIAN_POINT('Ctrl Pts',(39.1018080290223,59.4386235824792,13.2967857394627));
#9089=CARTESIAN_POINT('Ctrl Pts',(39.1018080290223,57.4386235824792,13.2967857394627));
#9090=CARTESIAN_POINT('Ctrl Pts',(39.0927647799253,59.4386235824792,13.7107771635056));
#9091=CARTESIAN_POINT('Ctrl Pts',(39.0927647799253,57.4386235824792,13.7107771635056));
#9092=CARTESIAN_POINT('',(39.6657561510801,59.4386235824792,11.6678035259247));
#9093=CARTESIAN_POINT('Ctrl Pts',(39.6657561510801,59.4386235824792,11.6678035259247));
#9094=CARTESIAN_POINT('Ctrl Pts',(39.4993205268891,59.4386235824792,11.9395423115176));
#9095=CARTESIAN_POINT('Ctrl Pts',(39.1178507178081,59.4386235824792,12.5623665606159));
#9096=CARTESIAN_POINT('Ctrl Pts',(39.1018080290223,59.4386235824792,13.2967857394627));
#9097=CARTESIAN_POINT('Ctrl Pts',(39.0927647799253,59.4386235824792,13.7107771635056));
#9098=CARTESIAN_POINT('',(39.6657561510801,57.4386235824792,11.6678035259247));
#9099=CARTESIAN_POINT('',(39.6657561510801,59.4386235824792,11.6678035259247));
#9100=CARTESIAN_POINT('Ctrl Pts',(39.6657561510801,57.4386235824792,11.6678035259247));
#9101=CARTESIAN_POINT('Ctrl Pts',(39.4993205268891,57.4386235824792,11.9395423115176));
#9102=CARTESIAN_POINT('Ctrl Pts',(39.1178507178081,57.4386235824792,12.5623665606159));
#9103=CARTESIAN_POINT('Ctrl Pts',(39.1018080290223,57.4386235824792,13.2967857394627));
#9104=CARTESIAN_POINT('Ctrl Pts',(39.0927647799253,57.4386235824792,13.7107771635056));
#9105=CARTESIAN_POINT('Ctrl Pts',(41.0845803469419,59.4386235824792,11.0163700580597));
#9106=CARTESIAN_POINT('Ctrl Pts',(41.0845803469419,57.4386235824792,11.0163700580597));
#9107=CARTESIAN_POINT('Ctrl Pts',(40.8133200192492,59.4386235824792,11.0442937395234));
#9108=CARTESIAN_POINT('Ctrl Pts',(40.8133200192492,57.4386235824792,11.0442937395234));
#9109=CARTESIAN_POINT('Ctrl Pts',(40.2668286925226,59.4386235824792,11.1005498454567));
#9110=CARTESIAN_POINT('Ctrl Pts',(40.2668286925226,57.4386235824792,11.1005498454567));
#9111=CARTESIAN_POINT('Ctrl Pts',(39.8670818189935,59.4386235824792,11.4778052840778));
#9112=CARTESIAN_POINT('Ctrl Pts',(39.8670818189935,57.4386235824792,11.4778052840778));
#9113=CARTESIAN_POINT('Ctrl Pts',(39.6657561510801,59.4386235824792,11.6678035259247));
#9114=CARTESIAN_POINT('Ctrl Pts',(39.6657561510801,57.4386235824792,11.6678035259247));
#9115=CARTESIAN_POINT('',(41.0845803469419,59.4386235824792,11.0163700580597));
#9116=CARTESIAN_POINT('Ctrl Pts',(41.0845803469419,59.4386235824792,11.0163700580597));
#9117=CARTESIAN_POINT('Ctrl Pts',(40.8133200192492,59.4386235824792,11.0442937395234));
#9118=CARTESIAN_POINT('Ctrl Pts',(40.2668286925226,59.4386235824792,11.1005498454567));
#9119=CARTESIAN_POINT('Ctrl Pts',(39.8670818189935,59.4386235824792,11.4778052840778));
#9120=CARTESIAN_POINT('Ctrl Pts',(39.6657561510801,59.4386235824792,11.6678035259247));
#9121=CARTESIAN_POINT('',(41.0845803469419,57.4386235824792,11.0163700580597));
#9122=CARTESIAN_POINT('',(41.0845803469419,59.4386235824792,11.0163700580597));
#9123=CARTESIAN_POINT('Ctrl Pts',(41.0845803469419,57.4386235824792,11.0163700580597));
#9124=CARTESIAN_POINT('Ctrl Pts',(40.8133200192492,57.4386235824792,11.0442937395234));
#9125=CARTESIAN_POINT('Ctrl Pts',(40.2668286925226,57.4386235824792,11.1005498454567));
#9126=CARTESIAN_POINT('Ctrl Pts',(39.8670818189935,57.4386235824792,11.4778052840778));
#9127=CARTESIAN_POINT('Ctrl Pts',(39.6657561510801,57.4386235824792,11.6678035259247));
#9128=CARTESIAN_POINT('Ctrl Pts',(42.5034093111753,59.4386235824792,11.6712141036987));
#9129=CARTESIAN_POINT('Ctrl Pts',(42.5034093111753,57.4386235824792,11.6712141036987));
#9130=CARTESIAN_POINT('Ctrl Pts',(42.3033728509435,59.4386235824792,11.480219107137));
#9131=CARTESIAN_POINT('Ctrl Pts',(42.3033728509435,57.4386235824792,11.480219107137));
#9132=CARTESIAN_POINT('Ctrl Pts',(41.9050300959762,59.4386235824792,11.0998810776238));
#9133=CARTESIAN_POINT('Ctrl Pts',(41.9050300959762,57.4386235824792,11.0998810776238));
#9134=CARTESIAN_POINT('Ctrl Pts',(41.3572705487092,59.4386235824792,11.0441263427091));
#9135=CARTESIAN_POINT('Ctrl Pts',(41.3572705487092,57.4386235824792,11.0441263427091));
#9136=CARTESIAN_POINT('Ctrl Pts',(41.0845803469419,59.4386235824792,11.0163700580597));
#9137=CARTESIAN_POINT('Ctrl Pts',(41.0845803469419,57.4386235824792,11.0163700580597));
#9138=CARTESIAN_POINT('',(42.5034093111753,59.4386235824792,11.6712141036987));
#9139=CARTESIAN_POINT('Ctrl Pts',(42.5034093111753,59.4386235824792,11.6712141036987));
#9140=CARTESIAN_POINT('Ctrl Pts',(42.3033728509435,59.4386235824792,11.480219107137));
#9141=CARTESIAN_POINT('Ctrl Pts',(41.9050300959762,59.4386235824792,11.0998810776238));
#9142=CARTESIAN_POINT('Ctrl Pts',(41.3572705487092,59.4386235824792,11.0441263427091));
#9143=CARTESIAN_POINT('Ctrl Pts',(41.0845803469419,59.4386235824792,11.0163700580597));
#9144=CARTESIAN_POINT('',(42.5034093111753,57.4386235824792,11.6712141036987));
#9145=CARTESIAN_POINT('',(42.5034093111753,59.4386235824792,11.6712141036987));
#9146=CARTESIAN_POINT('Ctrl Pts',(42.5034093111753,57.4386235824792,11.6712141036987));
#9147=CARTESIAN_POINT('Ctrl Pts',(42.3033728509435,57.4386235824792,11.480219107137));
#9148=CARTESIAN_POINT('Ctrl Pts',(41.9050300959762,57.4386235824792,11.0998810776238));
#9149=CARTESIAN_POINT('Ctrl Pts',(41.3572705487092,57.4386235824792,11.0441263427091));
#9150=CARTESIAN_POINT('Ctrl Pts',(41.0845803469419,57.4386235824792,11.0163700580597));
#9151=CARTESIAN_POINT('Ctrl Pts',(43.0695771425962,59.4386235824792,13.7517046928406));
#9152=CARTESIAN_POINT('Ctrl Pts',(43.0695771425962,57.4386235824792,13.7517046928406));
#9153=CARTESIAN_POINT('Ctrl Pts',(43.0615486849173,59.4386235824792,13.3290655682045));
#9154=CARTESIAN_POINT('Ctrl Pts',(43.0615486849173,57.4386235824792,13.3290655682045));
#9155=CARTESIAN_POINT('Ctrl Pts',(43.0473877340152,59.4386235824792,12.5835958736936));
#9156=CARTESIAN_POINT('Ctrl Pts',(43.0473877340152,57.4386235824792,12.5835958736936));
#9157=CARTESIAN_POINT('Ctrl Pts',(42.6677946156627,59.4386235824792,11.9469275305041));
#9158=CARTESIAN_POINT('Ctrl Pts',(42.6677946156627,57.4386235824792,11.9469275305041));
#9159=CARTESIAN_POINT('Ctrl Pts',(42.5034093111753,59.4386235824792,11.6712141036987));
#9160=CARTESIAN_POINT('Ctrl Pts',(42.5034093111753,57.4386235824792,11.6712141036987));
#9161=CARTESIAN_POINT('',(43.0695771425962,59.4386235824792,13.7517046928406));
#9162=CARTESIAN_POINT('Ctrl Pts',(43.0695771425962,59.4386235824792,13.7517046928406));
#9163=CARTESIAN_POINT('Ctrl Pts',(43.0615486849173,59.4386235824792,13.3290655682045));
#9164=CARTESIAN_POINT('Ctrl Pts',(43.0473877340152,59.4386235824792,12.5835958736936));
#9165=CARTESIAN_POINT('Ctrl Pts',(42.6677946156627,59.4386235824792,11.9469275305041));
#9166=CARTESIAN_POINT('Ctrl Pts',(42.5034093111753,59.4386235824792,11.6712141036987));
#9167=CARTESIAN_POINT('',(43.0695771425962,57.4386235824792,13.7517046928406));
#9168=CARTESIAN_POINT('',(43.0695771425962,59.4386235824792,13.7517046928406));
#9169=CARTESIAN_POINT('Ctrl Pts',(43.0695771425962,57.4386235824792,13.7517046928406));
#9170=CARTESIAN_POINT('Ctrl Pts',(43.0615486849173,57.4386235824792,13.3290655682045));
#9171=CARTESIAN_POINT('Ctrl Pts',(43.0473877340152,57.4386235824792,12.5835958736936));
#9172=CARTESIAN_POINT('Ctrl Pts',(42.6677946156627,57.4386235824792,11.9469275305041));
#9173=CARTESIAN_POINT('Ctrl Pts',(42.5034093111753,57.4386235824792,11.6712141036987));
#9174=CARTESIAN_POINT('Ctrl Pts',(42.4965857714415,59.4386235824792,15.7264655828476));
#9175=CARTESIAN_POINT('Ctrl Pts',(42.4965857714415,57.4386235824792,15.7264655828476));
#9176=CARTESIAN_POINT('Ctrl Pts',(42.6632016097087,59.4386235824792,15.4583329069274));
#9177=CARTESIAN_POINT('Ctrl Pts',(42.6632016097087,57.4386235824792,15.4583329069274));
#9178=CARTESIAN_POINT('Ctrl Pts',(43.0368890395009,59.4386235824792,14.8569626437521));
#9179=CARTESIAN_POINT('Ctrl Pts',(43.0368890395009,57.4386235824792,14.8569626437521));
#9180=CARTESIAN_POINT('Ctrl Pts',(43.0579220889795,59.4386235824792,14.1457881500752));
#9181=CARTESIAN_POINT('Ctrl Pts',(43.0579220889795,57.4386235824792,14.1457881500752));
#9182=CARTESIAN_POINT('Ctrl Pts',(43.0695771425962,59.4386235824792,13.7517046928406));
#9183=CARTESIAN_POINT('Ctrl Pts',(43.0695771425962,57.4386235824792,13.7517046928406));
#9184=CARTESIAN_POINT('Ctrl Pts',(42.4965857714415,59.4386235824792,15.7264655828476));
#9185=CARTESIAN_POINT('Ctrl Pts',(42.6632016097087,59.4386235824792,15.4583329069274));
#9186=CARTESIAN_POINT('Ctrl Pts',(43.0368890395009,59.4386235824792,14.8569626437521));
#9187=CARTESIAN_POINT('Ctrl Pts',(43.0579220889795,59.4386235824792,14.1457881500752));
#9188=CARTESIAN_POINT('Ctrl Pts',(43.0695771425962,59.4386235824792,13.7517046928406));
#9189=CARTESIAN_POINT('Ctrl Pts',(42.4965857714415,57.4386235824792,15.7264655828476));
#9190=CARTESIAN_POINT('Ctrl Pts',(42.6632016097087,57.4386235824792,15.4583329069274));
#9191=CARTESIAN_POINT('Ctrl Pts',(43.0368890395009,57.4386235824792,14.8569626437521));
#9192=CARTESIAN_POINT('Ctrl Pts',(43.0579220889795,57.4386235824792,14.1457881500752));
#9193=CARTESIAN_POINT('Ctrl Pts',(43.0695771425962,57.4386235824792,13.7517046928406));
#9194=CARTESIAN_POINT('Ctrl Pts',(41.2210082262754,59.4386235824792,7.06002712249756));
#9195=CARTESIAN_POINT('Ctrl Pts',(41.2210082262754,57.4386235824792,7.06002712249756));
#9196=CARTESIAN_POINT('Ctrl Pts',(41.620892051395,59.4386235824792,7.07645687702317));
#9197=CARTESIAN_POINT('Ctrl Pts',(41.620892051395,57.4386235824792,7.07645687702317));
#9198=CARTESIAN_POINT('Ctrl Pts',(42.3666103611043,59.4386235824792,7.1070956976109));
#9199=CARTESIAN_POINT('Ctrl Pts',(42.3666103611043,57.4386235824792,7.1070956976109));
#9200=CARTESIAN_POINT('Ctrl Pts',(43.0146216535617,59.4386235824792,7.47337901855669));
#9201=CARTESIAN_POINT('Ctrl Pts',(43.0146216535617,57.4386235824792,7.47337901855669));
#9202=CARTESIAN_POINT('Ctrl Pts',(43.3151435106993,59.4386235824792,7.6432466506958));
#9203=CARTESIAN_POINT('Ctrl Pts',(43.3151435106993,57.4386235824792,7.6432466506958));
#9204=CARTESIAN_POINT('',(41.2210082262754,59.4386235824792,7.06002712249756));
#9205=CARTESIAN_POINT('',(43.3151435106993,59.4386235824792,7.6432466506958));
#9206=CARTESIAN_POINT('Ctrl Pts',(41.2210082262754,59.4386235824792,7.06002712249756));
#9207=CARTESIAN_POINT('Ctrl Pts',(41.620892051395,59.4386235824792,7.07645687702317));
#9208=CARTESIAN_POINT('Ctrl Pts',(42.3666103611043,59.4386235824792,7.1070956976109));
#9209=CARTESIAN_POINT('Ctrl Pts',(43.0146216535617,59.4386235824792,7.47337901855669));
#9210=CARTESIAN_POINT('Ctrl Pts',(43.3151435106993,59.4386235824792,7.6432466506958));
#9211=CARTESIAN_POINT('',(41.2210082262754,57.4386235824792,7.06002712249756));
#9212=CARTESIAN_POINT('',(41.2210082262754,59.4386235824792,7.06002712249756));
#9213=CARTESIAN_POINT('',(43.3151435106993,57.4386235824792,7.6432466506958));
#9214=CARTESIAN_POINT('Ctrl Pts',(41.2210082262754,57.4386235824792,7.06002712249756));
#9215=CARTESIAN_POINT('Ctrl Pts',(41.620892051395,57.4386235824792,7.07645687702317));
#9216=CARTESIAN_POINT('Ctrl Pts',(42.3666103611043,57.4386235824792,7.1070956976109));
#9217=CARTESIAN_POINT('Ctrl Pts',(43.0146216535617,57.4386235824792,7.47337901855669));
#9218=CARTESIAN_POINT('Ctrl Pts',(43.3151435106993,57.4386235824792,7.6432466506958));
#9219=CARTESIAN_POINT('',(43.3151435106993,59.4386235824792,7.6432466506958));
#9220=CARTESIAN_POINT('Ctrl Pts',(39.3826722353697,59.4386235824792,7.46930360794067));
#9221=CARTESIAN_POINT('Ctrl Pts',(39.3826722353697,57.4386235824792,7.46930360794067));
#9222=CARTESIAN_POINT('Ctrl Pts',(39.6564429554529,59.4386235824792,7.35006538515136));
#9223=CARTESIAN_POINT('Ctrl Pts',(39.6564429554529,57.4386235824792,7.35006538515136));
#9224=CARTESIAN_POINT('Ctrl Pts',(40.2418146955579,59.4386235824792,7.09511231369073));
#9225=CARTESIAN_POINT('Ctrl Pts',(40.2418146955579,57.4386235824792,7.09511231369073));
#9226=CARTESIAN_POINT('Ctrl Pts',(40.8808443812472,59.4386235824792,7.0722154317188));
#9227=CARTESIAN_POINT('Ctrl Pts',(40.8808443812472,57.4386235824792,7.0722154317188));
#9228=CARTESIAN_POINT('Ctrl Pts',(41.2210082262754,59.4386235824792,7.06002712249756));
#9229=CARTESIAN_POINT('Ctrl Pts',(41.2210082262754,57.4386235824792,7.06002712249756));
#9230=CARTESIAN_POINT('',(39.3826722353697,59.4386235824792,7.46930360794067));
#9231=CARTESIAN_POINT('Ctrl Pts',(39.3826722353697,59.4386235824792,7.46930360794067));
#9232=CARTESIAN_POINT('Ctrl Pts',(39.6564429554529,59.4386235824792,7.35006538515136));
#9233=CARTESIAN_POINT('Ctrl Pts',(40.2418146955579,59.4386235824792,7.09511231369073));
#9234=CARTESIAN_POINT('Ctrl Pts',(40.8808443812472,59.4386235824792,7.0722154317188));
#9235=CARTESIAN_POINT('Ctrl Pts',(41.2210082262754,59.4386235824792,7.06002712249756));
#9236=CARTESIAN_POINT('',(39.3826722353697,57.4386235824792,7.46930360794067));
#9237=CARTESIAN_POINT('',(39.3826722353697,59.4386235824792,7.46930360794067));
#9238=CARTESIAN_POINT('Ctrl Pts',(39.3826722353697,57.4386235824792,7.46930360794067));
#9239=CARTESIAN_POINT('Ctrl Pts',(39.6564429554529,57.4386235824792,7.35006538515136));
#9240=CARTESIAN_POINT('Ctrl Pts',(40.2418146955579,57.4386235824792,7.09511231369073));
#9241=CARTESIAN_POINT('Ctrl Pts',(40.8808443812472,57.4386235824792,7.0722154317188));
#9242=CARTESIAN_POINT('Ctrl Pts',(41.2210082262754,57.4386235824792,7.06002712249756));
#9243=CARTESIAN_POINT('Ctrl Pts',(38.291268274188,59.4386235824792,8.58458399772644));
#9244=CARTESIAN_POINT('Ctrl Pts',(38.291268274188,57.4386235824792,8.58458399772644));
#9245=CARTESIAN_POINT('Ctrl Pts',(38.4254638907801,59.4386235824792,8.36020793799765));
#9246=CARTESIAN_POINT('Ctrl Pts',(38.4254638907801,57.4386235824792,8.36020793799765));
#9247=CARTESIAN_POINT('Ctrl Pts',(38.699806414322,59.4386235824792,7.90150521721135));
#9248=CARTESIAN_POINT('Ctrl Pts',(38.699806414322,57.4386235824792,7.90150521721135));
#9249=CARTESIAN_POINT('Ctrl Pts',(39.1517820711306,59.4386235824792,7.6154393456992));
#9250=CARTESIAN_POINT('Ctrl Pts',(39.1517820711306,57.4386235824792,7.6154393456992));
#9251=CARTESIAN_POINT('Ctrl Pts',(39.3826722353697,59.4386235824792,7.46930360794067));
#9252=CARTESIAN_POINT('Ctrl Pts',(39.3826722353697,57.4386235824792,7.46930360794067));
#9253=CARTESIAN_POINT('',(38.291268274188,59.4386235824792,8.58458399772644));
#9254=CARTESIAN_POINT('Ctrl Pts',(38.291268274188,59.4386235824792,8.58458399772644));
#9255=CARTESIAN_POINT('Ctrl Pts',(38.4254638907801,59.4386235824792,8.36020793799765));
#9256=CARTESIAN_POINT('Ctrl Pts',(38.699806414322,59.4386235824792,7.90150521721135));
#9257=CARTESIAN_POINT('Ctrl Pts',(39.1517820711306,59.4386235824792,7.6154393456992));
#9258=CARTESIAN_POINT('Ctrl Pts',(39.3826722353697,59.4386235824792,7.46930360794067));
#9259=CARTESIAN_POINT('',(38.291268274188,57.4386235824792,8.58458399772644));
#9260=CARTESIAN_POINT('',(38.291268274188,59.4386235824792,8.58458399772644));
#9261=CARTESIAN_POINT('Ctrl Pts',(38.291268274188,57.4386235824792,8.58458399772644));
#9262=CARTESIAN_POINT('Ctrl Pts',(38.4254638907801,57.4386235824792,8.36020793799765));
#9263=CARTESIAN_POINT('Ctrl Pts',(38.699806414322,57.4386235824792,7.90150521721135));
#9264=CARTESIAN_POINT('Ctrl Pts',(39.1517820711306,57.4386235824792,7.6154393456992));
#9265=CARTESIAN_POINT('Ctrl Pts',(39.3826722353697,57.4386235824792,7.46930360794067));
#9266=CARTESIAN_POINT('Ctrl Pts',(37.9467915743589,59.4386235824792,10.9822642803192));
#9267=CARTESIAN_POINT('Ctrl Pts',(37.9467915743589,57.4386235824792,10.9822642803192));
#9268=CARTESIAN_POINT('Ctrl Pts',(37.9464643703132,59.4386235824792,10.4957603652073));
#9269=CARTESIAN_POINT('Ctrl Pts',(37.9464643703132,57.4386235824792,10.4957603652073));
#9270=CARTESIAN_POINT('Ctrl Pts',(37.9459141426356,59.4386235824792,9.6776533678074));
#9271=CARTESIAN_POINT('Ctrl Pts',(37.9459141426356,57.4386235824792,9.6776533678074));
#9272=CARTESIAN_POINT('Ctrl Pts',(38.1916601238143,59.4386235824792,8.89985058421393));
#9273=CARTESIAN_POINT('Ctrl Pts',(38.1916601238143,57.4386235824792,8.89985058421393));
#9274=CARTESIAN_POINT('Ctrl Pts',(38.291268274188,59.4386235824792,8.58458399772644));
#9275=CARTESIAN_POINT('Ctrl Pts',(38.291268274188,57.4386235824792,8.58458399772644));
#9276=CARTESIAN_POINT('',(37.9467915743589,59.4386235824792,10.9822642803192));
#9277=CARTESIAN_POINT('Ctrl Pts',(37.9467915743589,59.4386235824792,10.9822642803192));
#9278=CARTESIAN_POINT('Ctrl Pts',(37.9464643703132,59.4386235824792,10.4957603652073));
#9279=CARTESIAN_POINT('Ctrl Pts',(37.9459141426356,59.4386235824792,9.6776533678074));
#9280=CARTESIAN_POINT('Ctrl Pts',(38.1916601238143,59.4386235824792,8.89985058421393));
#9281=CARTESIAN_POINT('Ctrl Pts',(38.291268274188,59.4386235824792,8.58458399772644));
#9282=CARTESIAN_POINT('',(37.9467915743589,57.4386235824792,10.9822642803192));
#9283=CARTESIAN_POINT('',(37.9467915743589,59.4386235824792,10.9822642803192));
#9284=CARTESIAN_POINT('Ctrl Pts',(37.9467915743589,57.4386235824792,10.9822642803192));
#9285=CARTESIAN_POINT('Ctrl Pts',(37.9464643703132,57.4386235824792,10.4957603652073));
#9286=CARTESIAN_POINT('Ctrl Pts',(37.9459141426356,57.4386235824792,9.6776533678074));
#9287=CARTESIAN_POINT('Ctrl Pts',(38.1916601238143,57.4386235824792,8.89985058421393));
#9288=CARTESIAN_POINT('Ctrl Pts',(38.291268274188,57.4386235824792,8.58458399772644));
#9289=CARTESIAN_POINT('Origin',(37.9467915743589,59.4386235824792,17.2442007064819));
#9290=CARTESIAN_POINT('',(37.9467915743589,59.4386235824792,17.2442007064819));
#9291=CARTESIAN_POINT('',(37.9467915743589,59.4386235824792,8.62210035324097));
#9292=CARTESIAN_POINT('',(37.9467915743589,57.4386235824792,17.2442007064819));
#9293=CARTESIAN_POINT('',(37.9467915743589,59.4386235824792,17.2442007064819));
#9294=CARTESIAN_POINT('',(37.9467915743589,57.4386235824792,17.2442007064819));
#9295=CARTESIAN_POINT('Origin',(39.0791272372007,59.4386235824792,17.2442007064819));
#9296=CARTESIAN_POINT('',(39.0791272372007,59.4386235824792,17.2442007064819));
#9297=CARTESIAN_POINT('',(72.0542017254499,59.4386235824792,17.2442007064819));
#9298=CARTESIAN_POINT('',(39.0791272372007,57.4386235824792,17.2442007064819));
#9299=CARTESIAN_POINT('',(39.0791272372007,59.4386235824792,17.2442007064819));
#9300=CARTESIAN_POINT('',(39.0791272372007,57.4386235824792,17.2442007064819));
#9301=CARTESIAN_POINT('Origin',(39.0791272372007,59.4386235824792,16.3710767030716));
#9302=CARTESIAN_POINT('',(39.0791272372007,59.4386235824792,16.3710767030716));
#9303=CARTESIAN_POINT('',(39.0791272372007,59.4386235824792,8.1855383515358));
#9304=CARTESIAN_POINT('',(39.0791272372007,57.4386235824792,16.3710767030716));
#9305=CARTESIAN_POINT('',(39.0791272372007,59.4386235824792,16.3710767030716));
#9306=CARTESIAN_POINT('',(39.0791272372007,57.4386235824792,16.3710767030716));
#9307=CARTESIAN_POINT('Ctrl Pts',(41.1937236040831,59.4386235824792,17.4079120159149));
#9308=CARTESIAN_POINT('Ctrl Pts',(41.1937236040831,57.4386235824792,17.4079120159149));
#9309=CARTESIAN_POINT('Ctrl Pts',(40.7835953065918,59.4386235824792,17.3629263969601));
#9310=CARTESIAN_POINT('Ctrl Pts',(40.7835953065918,57.4386235824792,17.3629263969601));
#9311=CARTESIAN_POINT('Ctrl Pts',(39.9546444272467,59.4386235824792,17.272001511702));
#9312=CARTESIAN_POINT('Ctrl Pts',(39.9546444272467,57.4386235824792,17.272001511702));
#9313=CARTESIAN_POINT('Ctrl Pts',(39.3729997881044,59.4386235824792,16.6734774722338));
#9314=CARTESIAN_POINT('Ctrl Pts',(39.3729997881044,57.4386235824792,16.6734774722338));
#9315=CARTESIAN_POINT('Ctrl Pts',(39.0791272372007,59.4386235824792,16.3710767030716));
#9316=CARTESIAN_POINT('Ctrl Pts',(39.0791272372007,57.4386235824792,16.3710767030716));
#9317=CARTESIAN_POINT('',(41.1937236040831,59.4386235824792,17.4079120159149));
#9318=CARTESIAN_POINT('Ctrl Pts',(41.1937236040831,59.4386235824792,17.4079120159149));
#9319=CARTESIAN_POINT('Ctrl Pts',(40.7835953065918,59.4386235824792,17.3629263969601));
#9320=CARTESIAN_POINT('Ctrl Pts',(39.9546444272467,59.4386235824792,17.272001511702));
#9321=CARTESIAN_POINT('Ctrl Pts',(39.3729997881044,59.4386235824792,16.6734774722338));
#9322=CARTESIAN_POINT('Ctrl Pts',(39.0791272372007,59.4386235824792,16.3710767030716));
#9323=CARTESIAN_POINT('',(41.1937236040831,57.4386235824792,17.4079120159149));
#9324=CARTESIAN_POINT('',(41.1937236040831,59.4386235824792,17.4079120159149));
#9325=CARTESIAN_POINT('Ctrl Pts',(41.1937236040831,57.4386235824792,17.4079120159149));
#9326=CARTESIAN_POINT('Ctrl Pts',(40.7835953065918,57.4386235824792,17.3629263969601));
#9327=CARTESIAN_POINT('Ctrl Pts',(39.9546444272467,57.4386235824792,17.272001511702));
#9328=CARTESIAN_POINT('Ctrl Pts',(39.3729997881044,57.4386235824792,16.6734774722338));
#9329=CARTESIAN_POINT('Ctrl Pts',(39.0791272372007,57.4386235824792,16.3710767030716));
#9330=CARTESIAN_POINT('Ctrl Pts',(42.8683470934629,59.4386235824792,16.9304221868515));
#9331=CARTESIAN_POINT('Ctrl Pts',(42.8683470934629,57.4386235824792,16.9304221868515));
#9332=CARTESIAN_POINT('Ctrl Pts',(42.6157538450691,59.4386235824792,17.069654158115));
#9333=CARTESIAN_POINT('Ctrl Pts',(42.6157538450691,57.4386235824792,17.069654158115));
#9334=CARTESIAN_POINT('Ctrl Pts',(42.0946969863805,59.4386235824792,17.3568660057668));
#9335=CARTESIAN_POINT('Ctrl Pts',(42.0946969863805,57.4386235824792,17.3568660057668));
#9336=CARTESIAN_POINT('Ctrl Pts',(41.5000849670792,59.4386235824792,17.3905546493692));
#9337=CARTESIAN_POINT('Ctrl Pts',(41.5000849670792,57.4386235824792,17.3905546493692));
#9338=CARTESIAN_POINT('Ctrl Pts',(41.1937236040831,59.4386235824792,17.4079120159149));
#9339=CARTESIAN_POINT('Ctrl Pts',(41.1937236040831,57.4386235824792,17.4079120159149));
#9340=CARTESIAN_POINT('',(42.8683470934629,59.4386235824792,16.9304221868515));
#9341=CARTESIAN_POINT('Ctrl Pts',(42.8683470934629,59.4386235824792,16.9304221868515));
#9342=CARTESIAN_POINT('Ctrl Pts',(42.6157538450691,59.4386235824792,17.069654158115));
#9343=CARTESIAN_POINT('Ctrl Pts',(42.0946969863805,59.4386235824792,17.3568660057668));
#9344=CARTESIAN_POINT('Ctrl Pts',(41.5000849670792,59.4386235824792,17.3905546493692));
#9345=CARTESIAN_POINT('Ctrl Pts',(41.1937236040831,59.4386235824792,17.4079120159149));
#9346=CARTESIAN_POINT('',(42.8683470934629,57.4386235824792,16.9304221868515));
#9347=CARTESIAN_POINT('',(42.8683470934629,59.4386235824792,16.9304221868515));
#9348=CARTESIAN_POINT('Ctrl Pts',(42.8683470934629,57.4386235824792,16.9304221868515));
#9349=CARTESIAN_POINT('Ctrl Pts',(42.6157538450691,57.4386235824792,17.069654158115));
#9350=CARTESIAN_POINT('Ctrl Pts',(42.0946969863805,57.4386235824792,17.3568660057668));
#9351=CARTESIAN_POINT('Ctrl Pts',(41.5000849670792,57.4386235824792,17.3905546493692));
#9352=CARTESIAN_POINT('Ctrl Pts',(41.1937236040831,57.4386235824792,17.4079120159149));
#9353=CARTESIAN_POINT('Ctrl Pts',(43.9563416689634,59.4386235824792,15.5763977766037));
#9354=CARTESIAN_POINT('Ctrl Pts',(43.9563416689634,57.4386235824792,15.5763977766037));
#9355=CARTESIAN_POINT('Ctrl Pts',(43.8207172723806,59.4386235824792,15.8495609424472));
#9356=CARTESIAN_POINT('Ctrl Pts',(43.8207172723806,57.4386235824792,15.8495609424472));
#9357=CARTESIAN_POINT('Ctrl Pts',(43.556869363796,59.4386235824792,16.3809810396131));
#9358=CARTESIAN_POINT('Ctrl Pts',(43.556869363796,57.4386235824792,16.3809810396131));
#9359=CARTESIAN_POINT('Ctrl Pts',(43.0935222502277,59.4386235824792,16.7507322889451));
#9360=CARTESIAN_POINT('Ctrl Pts',(43.0935222502277,57.4386235824792,16.7507322889451));
#9361=CARTESIAN_POINT('Ctrl Pts',(42.8683470934629,59.4386235824792,16.9304221868515));
#9362=CARTESIAN_POINT('Ctrl Pts',(42.8683470934629,57.4386235824792,16.9304221868515));
#9363=CARTESIAN_POINT('',(43.9563416689634,59.4386235824792,15.5763977766037));
#9364=CARTESIAN_POINT('Ctrl Pts',(43.9563416689634,59.4386235824792,15.5763977766037));
#9365=CARTESIAN_POINT('Ctrl Pts',(43.8207172723806,59.4386235824792,15.8495609424472));
#9366=CARTESIAN_POINT('Ctrl Pts',(43.556869363796,59.4386235824792,16.3809810396131));
#9367=CARTESIAN_POINT('Ctrl Pts',(43.0935222502277,59.4386235824792,16.7507322889451));
#9368=CARTESIAN_POINT('Ctrl Pts',(42.8683470934629,59.4386235824792,16.9304221868515));
#9369=CARTESIAN_POINT('',(43.9563416689634,57.4386235824792,15.5763977766037));
#9370=CARTESIAN_POINT('',(43.9563416689634,59.4386235824792,15.5763977766037));
#9371=CARTESIAN_POINT('Ctrl Pts',(43.9563416689634,57.4386235824792,15.5763977766037));
#9372=CARTESIAN_POINT('Ctrl Pts',(43.8207172723806,57.4386235824792,15.8495609424472));
#9373=CARTESIAN_POINT('Ctrl Pts',(43.556869363796,57.4386235824792,16.3809810396131));
#9374=CARTESIAN_POINT('Ctrl Pts',(43.0935222502277,57.4386235824792,16.7507322889451));
#9375=CARTESIAN_POINT('Ctrl Pts',(42.8683470934629,57.4386235824792,16.9304221868515));
#9376=CARTESIAN_POINT('Ctrl Pts',(44.3315123766661,59.4386235824792,13.663027882576));
#9377=CARTESIAN_POINT('Ctrl Pts',(44.3315123766661,57.4386235824792,13.663027882576));
#9378=CARTESIAN_POINT('Ctrl Pts',(44.317277385956,59.4386235824792,13.9986590099722));
#9379=CARTESIAN_POINT('Ctrl Pts',(44.317277385956,57.4386235824792,13.9986590099722));
#9380=CARTESIAN_POINT('Ctrl Pts',(44.2894093405791,59.4386235824792,14.6557288794726));
#9381=CARTESIAN_POINT('Ctrl Pts',(44.2894093405791,57.4386235824792,14.6557288794726));
#9382=CARTESIAN_POINT('Ctrl Pts',(44.0657539440625,59.4386235824792,15.2739593016852));
#9383=CARTESIAN_POINT('Ctrl Pts',(44.0657539440625,57.4386235824792,15.2739593016852));
#9384=CARTESIAN_POINT('Ctrl Pts',(43.9563416689634,59.4386235824792,15.5763977766037));
#9385=CARTESIAN_POINT('Ctrl Pts',(43.9563416689634,57.4386235824792,15.5763977766037));
#9386=CARTESIAN_POINT('',(44.3315123766661,59.4386235824792,13.663027882576));
#9387=CARTESIAN_POINT('Ctrl Pts',(44.3315123766661,59.4386235824792,13.663027882576));
#9388=CARTESIAN_POINT('Ctrl Pts',(44.317277385956,59.4386235824792,13.9986590099722));
#9389=CARTESIAN_POINT('Ctrl Pts',(44.2894093405791,59.4386235824792,14.6557288794726));
#9390=CARTESIAN_POINT('Ctrl Pts',(44.0657539440625,59.4386235824792,15.2739593016852));
#9391=CARTESIAN_POINT('Ctrl Pts',(43.9563416689634,59.4386235824792,15.5763977766037));
#9392=CARTESIAN_POINT('',(44.3315123766661,57.4386235824792,13.663027882576));
#9393=CARTESIAN_POINT('',(44.3315123766661,59.4386235824792,13.663027882576));
#9394=CARTESIAN_POINT('Ctrl Pts',(44.3315123766661,57.4386235824792,13.663027882576));
#9395=CARTESIAN_POINT('Ctrl Pts',(44.317277385956,57.4386235824792,13.9986590099722));
#9396=CARTESIAN_POINT('Ctrl Pts',(44.2894093405791,57.4386235824792,14.6557288794726));
#9397=CARTESIAN_POINT('Ctrl Pts',(44.0657539440625,57.4386235824792,15.2739593016852));
#9398=CARTESIAN_POINT('Ctrl Pts',(43.9563416689634,57.4386235824792,15.5763977766037));
#9399=CARTESIAN_POINT('Ctrl Pts',(43.5129594057798,59.4386235824792,11.0777628421783));
#9400=CARTESIAN_POINT('Ctrl Pts',(43.5129594057798,57.4386235824792,11.0777628421783));
#9401=CARTESIAN_POINT('Ctrl Pts',(43.7516470726905,59.4386235824792,11.4618636799379));
#9402=CARTESIAN_POINT('Ctrl Pts',(43.7516470726905,57.4386235824792,11.4618636799379));
#9403=CARTESIAN_POINT('Ctrl Pts',(44.2433616469582,59.4386235824792,12.253140340183));
#9404=CARTESIAN_POINT('Ctrl Pts',(44.2433616469582,57.4386235824792,12.253140340183));
#9405=CARTESIAN_POINT('Ctrl Pts',(44.3015630491886,59.4386235824792,13.1840167177962));
#9406=CARTESIAN_POINT('Ctrl Pts',(44.3015630491886,57.4386235824792,13.1840167177962));
#9407=CARTESIAN_POINT('Ctrl Pts',(44.3315123766661,59.4386235824792,13.663027882576));
#9408=CARTESIAN_POINT('Ctrl Pts',(44.3315123766661,57.4386235824792,13.663027882576));
#9409=CARTESIAN_POINT('',(43.5129594057798,59.4386235824792,11.0777628421783));
#9410=CARTESIAN_POINT('Ctrl Pts',(43.5129594057798,59.4386235824792,11.0777628421783));
#9411=CARTESIAN_POINT('Ctrl Pts',(43.7516470726905,59.4386235824792,11.4618636799379));
#9412=CARTESIAN_POINT('Ctrl Pts',(44.2433616469582,59.4386235824792,12.253140340183));
#9413=CARTESIAN_POINT('Ctrl Pts',(44.3015630491886,59.4386235824792,13.1840167177962));
#9414=CARTESIAN_POINT('Ctrl Pts',(44.3315123766661,59.4386235824792,13.663027882576));
#9415=CARTESIAN_POINT('',(43.5129594057798,57.4386235824792,11.0777628421783));
#9416=CARTESIAN_POINT('',(43.5129594057798,59.4386235824792,11.0777628421783));
#9417=CARTESIAN_POINT('Ctrl Pts',(43.5129594057798,57.4386235824792,11.0777628421783));
#9418=CARTESIAN_POINT('Ctrl Pts',(43.7516470726905,57.4386235824792,11.4618636799379));
#9419=CARTESIAN_POINT('Ctrl Pts',(44.2433616469582,57.4386235824792,12.253140340183));
#9420=CARTESIAN_POINT('Ctrl Pts',(44.3015630491886,57.4386235824792,13.1840167177962));
#9421=CARTESIAN_POINT('Ctrl Pts',(44.3315123766661,57.4386235824792,13.663027882576));
#9422=CARTESIAN_POINT('Ctrl Pts',(41.2005423754454,59.4386235824792,10.));
#9423=CARTESIAN_POINT('Ctrl Pts',(41.2005423754454,57.4386235824792,10.));
#9424=CARTESIAN_POINT('Ctrl Pts',(41.6661260062492,59.4386235824792,10.0394722049888));
#9425=CARTESIAN_POINT('Ctrl Pts',(41.6661260062492,57.4386235824792,10.0394722049888));
#9426=CARTESIAN_POINT('Ctrl Pts',(42.571086930715,59.4386235824792,10.1161948403094));
#9427=CARTESIAN_POINT('Ctrl Pts',(42.571086930715,57.4386235824792,10.1161948403094));
#9428=CARTESIAN_POINT('Ctrl Pts',(43.2051221565755,59.4386235824792,10.7634883979678));
#9429=CARTESIAN_POINT('Ctrl Pts',(43.2051221565755,57.4386235824792,10.7634883979678));
#9430=CARTESIAN_POINT('Ctrl Pts',(43.5129594057798,59.4386235824792,11.0777628421783));
#9431=CARTESIAN_POINT('Ctrl Pts',(43.5129594057798,57.4386235824792,11.0777628421783));
#9432=CARTESIAN_POINT('',(41.2005423754454,59.4386235824792,10.));
#9433=CARTESIAN_POINT('Ctrl Pts',(41.2005423754454,59.4386235824792,10.));
#9434=CARTESIAN_POINT('Ctrl Pts',(41.6661260062492,59.4386235824792,10.0394722049888));
#9435=CARTESIAN_POINT('Ctrl Pts',(42.571086930715,59.4386235824792,10.1161948403094));
#9436=CARTESIAN_POINT('Ctrl Pts',(43.2051221565755,59.4386235824792,10.7634883979678));
#9437=CARTESIAN_POINT('Ctrl Pts',(43.5129594057798,59.4386235824792,11.0777628421783));
#9438=CARTESIAN_POINT('',(41.2005423754454,57.4386235824792,10.));
#9439=CARTESIAN_POINT('',(41.2005423754454,59.4386235824792,10.));
#9440=CARTESIAN_POINT('Ctrl Pts',(41.2005423754454,57.4386235824792,10.));
#9441=CARTESIAN_POINT('Ctrl Pts',(41.6661260062492,57.4386235824792,10.0394722049888));
#9442=CARTESIAN_POINT('Ctrl Pts',(42.571086930715,57.4386235824792,10.1161948403094));
#9443=CARTESIAN_POINT('Ctrl Pts',(43.2051221565755,57.4386235824792,10.7634883979678));
#9444=CARTESIAN_POINT('Ctrl Pts',(43.5129594057798,57.4386235824792,11.0777628421783));
#9445=CARTESIAN_POINT('Ctrl Pts',(39.1950844973326,59.4386235824792,10.9481585025787));
#9446=CARTESIAN_POINT('Ctrl Pts',(39.1950844973326,57.4386235824792,10.9481585025787));
#9447=CARTESIAN_POINT('Ctrl Pts',(39.4777974864279,59.4386235824792,10.6716204002509));
#9448=CARTESIAN_POINT('Ctrl Pts',(39.4777974864279,57.4386235824792,10.6716204002509));
#9449=CARTESIAN_POINT('Ctrl Pts',(40.0375237107884,59.4386235824792,10.1241194580301));
#9450=CARTESIAN_POINT('Ctrl Pts',(40.0375237107884,57.4386235824792,10.1241194580301));
#9451=CARTESIAN_POINT('Ctrl Pts',(40.815510261489,59.4386235824792,10.0410913244652));
#9452=CARTESIAN_POINT('Ctrl Pts',(40.815510261489,57.4386235824792,10.0410913244652));
#9453=CARTESIAN_POINT('Ctrl Pts',(41.2005423754454,59.4386235824792,10.));
#9454=CARTESIAN_POINT('Ctrl Pts',(41.2005423754454,57.4386235824792,10.));
#9455=CARTESIAN_POINT('',(39.1950844973326,59.4386235824792,10.9481585025787));
#9456=CARTESIAN_POINT('Ctrl Pts',(39.1950844973326,59.4386235824792,10.9481585025787));
#9457=CARTESIAN_POINT('Ctrl Pts',(39.4777974864279,59.4386235824792,10.6716204002509));
#9458=CARTESIAN_POINT('Ctrl Pts',(40.0375237107884,59.4386235824792,10.1241194580301));
#9459=CARTESIAN_POINT('Ctrl Pts',(40.815510261489,59.4386235824792,10.0410913244652));
#9460=CARTESIAN_POINT('Ctrl Pts',(41.2005423754454,59.4386235824792,10.));
#9461=CARTESIAN_POINT('',(39.1950844973326,57.4386235824792,10.9481585025787));
#9462=CARTESIAN_POINT('',(39.1950844973326,59.4386235824792,10.9481585025787));
#9463=CARTESIAN_POINT('Ctrl Pts',(39.1950844973326,57.4386235824792,10.9481585025787));
#9464=CARTESIAN_POINT('Ctrl Pts',(39.4777974864279,57.4386235824792,10.6716204002509));
#9465=CARTESIAN_POINT('Ctrl Pts',(40.0375237107884,57.4386235824792,10.1241194580301));
#9466=CARTESIAN_POINT('Ctrl Pts',(40.815510261489,57.4386235824792,10.0410913244652));
#9467=CARTESIAN_POINT('Ctrl Pts',(41.2005423754454,57.4386235824792,10.));
#9468=CARTESIAN_POINT('Ctrl Pts',(39.2837619036436,59.4386235824792,9.37244176864624));
#9469=CARTESIAN_POINT('Ctrl Pts',(39.2837619036436,57.4386235824792,9.37244176864624));
#9470=CARTESIAN_POINT('Ctrl Pts',(39.2568187485264,59.4386235824792,9.56602773626967));
#9471=CARTESIAN_POINT('Ctrl Pts',(39.2568187485264,57.4386235824792,9.56602773626967));
#9472=CARTESIAN_POINT('Ctrl Pts',(39.1841327864762,59.4386235824792,10.0882747498393));
#9473=CARTESIAN_POINT('Ctrl Pts',(39.1841327864762,57.4386235824792,10.0882747498393));
#9474=CARTESIAN_POINT('Ctrl Pts',(39.1908544272272,59.4386235824792,10.6160306182474));
#9475=CARTESIAN_POINT('Ctrl Pts',(39.1908544272272,57.4386235824792,10.6160306182474));
#9476=CARTESIAN_POINT('Ctrl Pts',(39.1950844973326,59.4386235824792,10.9481585025787));
#9477=CARTESIAN_POINT('Ctrl Pts',(39.1950844973326,57.4386235824792,10.9481585025787));
#9478=CARTESIAN_POINT('',(39.2837619036436,59.4386235824792,9.37244176864624));
#9479=CARTESIAN_POINT('Ctrl Pts',(39.2837619036436,59.4386235824792,9.37244176864624));
#9480=CARTESIAN_POINT('Ctrl Pts',(39.2568187485264,59.4386235824792,9.56602773626967));
#9481=CARTESIAN_POINT('Ctrl Pts',(39.1841327864762,59.4386235824792,10.0882747498393));
#9482=CARTESIAN_POINT('Ctrl Pts',(39.1908544272272,59.4386235824792,10.6160306182474));
#9483=CARTESIAN_POINT('Ctrl Pts',(39.1950844973326,59.4386235824792,10.9481585025787));
#9484=CARTESIAN_POINT('',(39.2837619036436,57.4386235824792,9.37244176864624));
#9485=CARTESIAN_POINT('',(39.2837619036436,59.4386235824792,9.37244176864624));
#9486=CARTESIAN_POINT('Ctrl Pts',(39.2837619036436,57.4386235824792,9.37244176864624));
#9487=CARTESIAN_POINT('Ctrl Pts',(39.2568187485264,57.4386235824792,9.56602773626967));
#9488=CARTESIAN_POINT('Ctrl Pts',(39.1841327864762,57.4386235824792,10.0882747498393));
#9489=CARTESIAN_POINT('Ctrl Pts',(39.1908544272272,57.4386235824792,10.6160306182474));
#9490=CARTESIAN_POINT('Ctrl Pts',(39.1950844973326,57.4386235824792,10.9481585025787));
#9491=CARTESIAN_POINT('Ctrl Pts',(39.9113225191832,59.4386235824792,8.41746211051941));
#9492=CARTESIAN_POINT('Ctrl Pts',(39.9113225191832,57.4386235824792,8.41746211051941));
#9493=CARTESIAN_POINT('Ctrl Pts',(39.7685364936916,59.4386235824792,8.54513620945494));
#9494=CARTESIAN_POINT('Ctrl Pts',(39.7685364936916,57.4386235824792,8.54513620945494));
#9495=CARTESIAN_POINT('Ctrl Pts',(39.4750920082631,59.4386235824792,8.80752365343426));
#9496=CARTESIAN_POINT('Ctrl Pts',(39.4750920082631,57.4386235824792,8.80752365343426));
#9497=CARTESIAN_POINT('Ctrl Pts',(39.3486691491423,59.4386235824792,9.18079770477205));
#9498=CARTESIAN_POINT('Ctrl Pts',(39.3486691491423,57.4386235824792,9.18079770477205));
#9499=CARTESIAN_POINT('Ctrl Pts',(39.2837619036436,59.4386235824792,9.37244176864624));
#9500=CARTESIAN_POINT('Ctrl Pts',(39.2837619036436,57.4386235824792,9.37244176864624));
#9501=CARTESIAN_POINT('',(39.9113225191832,59.4386235824792,8.41746211051941));
#9502=CARTESIAN_POINT('Ctrl Pts',(39.9113225191832,59.4386235824792,8.41746211051941));
#9503=CARTESIAN_POINT('Ctrl Pts',(39.7685364936916,59.4386235824792,8.54513620945494));
#9504=CARTESIAN_POINT('Ctrl Pts',(39.4750920082631,59.4386235824792,8.80752365343426));
#9505=CARTESIAN_POINT('Ctrl Pts',(39.3486691491423,59.4386235824792,9.18079770477205));
#9506=CARTESIAN_POINT('Ctrl Pts',(39.2837619036436,59.4386235824792,9.37244176864624));
#9507=CARTESIAN_POINT('',(39.9113225191832,57.4386235824792,8.41746211051941));
#9508=CARTESIAN_POINT('',(39.9113225191832,59.4386235824792,8.41746211051941));
#9509=CARTESIAN_POINT('Ctrl Pts',(39.9113225191832,57.4386235824792,8.41746211051941));
#9510=CARTESIAN_POINT('Ctrl Pts',(39.7685364936916,57.4386235824792,8.54513620945494));
#9511=CARTESIAN_POINT('Ctrl Pts',(39.4750920082631,57.4386235824792,8.80752365343426));
#9512=CARTESIAN_POINT('Ctrl Pts',(39.3486691491423,57.4386235824792,9.18079770477205));
#9513=CARTESIAN_POINT('Ctrl Pts',(39.2837619036436,57.4386235824792,9.37244176864624));
#9514=CARTESIAN_POINT('Ctrl Pts',(41.2278269976377,59.4386235824792,8.07639837265015));
#9515=CARTESIAN_POINT('Ctrl Pts',(41.2278269976377,57.4386235824792,8.07639837265015));
#9516=CARTESIAN_POINT('Ctrl Pts',(40.9701465501243,59.4386235824792,8.08364369890699));
#9517=CARTESIAN_POINT('Ctrl Pts',(40.9701465501243,57.4386235824792,8.08364369890699));
#9518=CARTESIAN_POINT('Ctrl Pts',(40.5034704322506,59.4386235824792,8.09676545790305));
#9519=CARTESIAN_POINT('Ctrl Pts',(40.5034704322506,57.4386235824792,8.09676545790305));
#9520=CARTESIAN_POINT('Ctrl Pts',(40.0944829710461,59.4386235824792,8.3182657061956));
#9521=CARTESIAN_POINT('Ctrl Pts',(40.0944829710461,57.4386235824792,8.3182657061956));
#9522=CARTESIAN_POINT('Ctrl Pts',(39.9113225191832,59.4386235824792,8.41746211051941));
#9523=CARTESIAN_POINT('Ctrl Pts',(39.9113225191832,57.4386235824792,8.41746211051941));
#9524=CARTESIAN_POINT('',(41.2278269976377,59.4386235824792,8.07639837265015));
#9525=CARTESIAN_POINT('Ctrl Pts',(41.2278269976377,59.4386235824792,8.07639837265015));
#9526=CARTESIAN_POINT('Ctrl Pts',(40.9701465501243,59.4386235824792,8.08364369890699));
#9527=CARTESIAN_POINT('Ctrl Pts',(40.5034704322506,59.4386235824792,8.09676545790305));
#9528=CARTESIAN_POINT('Ctrl Pts',(40.0944829710461,59.4386235824792,8.3182657061956));
#9529=CARTESIAN_POINT('Ctrl Pts',(39.9113225191832,59.4386235824792,8.41746211051941));
#9530=CARTESIAN_POINT('',(41.2278269976377,57.4386235824792,8.07639837265015));
#9531=CARTESIAN_POINT('',(41.2278269976377,59.4386235824792,8.07639837265015));
#9532=CARTESIAN_POINT('Ctrl Pts',(41.2278269976377,57.4386235824792,8.07639837265015));
#9533=CARTESIAN_POINT('Ctrl Pts',(40.9701465501243,57.4386235824792,8.08364369890699));
#9534=CARTESIAN_POINT('Ctrl Pts',(40.5034704322506,57.4386235824792,8.09676545790305));
#9535=CARTESIAN_POINT('Ctrl Pts',(40.0944829710461,57.4386235824792,8.3182657061956));
#9536=CARTESIAN_POINT('Ctrl Pts',(39.9113225191832,57.4386235824792,8.41746211051941));
#9537=CARTESIAN_POINT('Ctrl Pts',(42.476124688983,59.4386235824792,8.41746211051941));
#9538=CARTESIAN_POINT('Ctrl Pts',(42.476124688983,57.4386235824792,8.41746211051941));
#9539=CARTESIAN_POINT('Ctrl Pts',(42.2999725408124,59.4386235824792,8.31818540001485));
#9540=CARTESIAN_POINT('Ctrl Pts',(42.2999725408124,57.4386235824792,8.31818540001485));
#9541=CARTESIAN_POINT('Ctrl Pts',(41.9138608945763,59.4386235824792,8.10057866331644));
#9542=CARTESIAN_POINT('Ctrl Pts',(41.9138608945763,57.4386235824792,8.10057866331644));
#9543=CARTESIAN_POINT('Ctrl Pts',(41.4694748848642,59.4386235824792,8.08491561382162));
#9544=CARTESIAN_POINT('Ctrl Pts',(41.4694748848642,57.4386235824792,8.08491561382162));
#9545=CARTESIAN_POINT('Ctrl Pts',(41.2278269976377,59.4386235824792,8.07639837265015));
#9546=CARTESIAN_POINT('Ctrl Pts',(41.2278269976377,57.4386235824792,8.07639837265015));
#9547=CARTESIAN_POINT('',(42.476124688983,59.4386235824792,8.41746211051941));
#9548=CARTESIAN_POINT('Ctrl Pts',(42.476124688983,59.4386235824792,8.41746211051941));
#9549=CARTESIAN_POINT('Ctrl Pts',(42.2999725408124,59.4386235824792,8.31818540001485));
#9550=CARTESIAN_POINT('Ctrl Pts',(41.9138608945763,59.4386235824792,8.10057866331644));
#9551=CARTESIAN_POINT('Ctrl Pts',(41.4694748848642,59.4386235824792,8.08491561382162));
#9552=CARTESIAN_POINT('Ctrl Pts',(41.2278269976377,59.4386235824792,8.07639837265015));
#9553=CARTESIAN_POINT('',(42.476124688983,57.4386235824792,8.41746211051941));
#9554=CARTESIAN_POINT('',(42.476124688983,59.4386235824792,8.41746211051941));
#9555=CARTESIAN_POINT('Ctrl Pts',(42.476124688983,57.4386235824792,8.41746211051941));
#9556=CARTESIAN_POINT('Ctrl Pts',(42.2999725408124,57.4386235824792,8.31818540001485));
#9557=CARTESIAN_POINT('Ctrl Pts',(41.9138608945763,57.4386235824792,8.10057866331644));
#9558=CARTESIAN_POINT('Ctrl Pts',(41.4694748848642,57.4386235824792,8.08491561382162));
#9559=CARTESIAN_POINT('Ctrl Pts',(41.2278269976377,57.4386235824792,8.07639837265015));
#9560=CARTESIAN_POINT('Ctrl Pts',(42.8922223299742,59.4386235824792,9.22237396240234));
#9561=CARTESIAN_POINT('Ctrl Pts',(42.8922223299742,57.4386235824792,9.22237396240234));
#9562=CARTESIAN_POINT('Ctrl Pts',(42.8610486616898,59.4386235824792,9.05461095404858));
#9563=CARTESIAN_POINT('Ctrl Pts',(42.8610486616898,57.4386235824792,9.05461095404858));
#9564=CARTESIAN_POINT('Ctrl Pts',(42.8031284428577,59.4386235824792,8.74290974304195));
#9565=CARTESIAN_POINT('Ctrl Pts',(42.8031284428577,57.4386235824792,8.74290974304195));
#9566=CARTESIAN_POINT('Ctrl Pts',(42.5794264034142,59.4386235824792,8.520272240369));
#9567=CARTESIAN_POINT('Ctrl Pts',(42.5794264034142,57.4386235824792,8.520272240369));
#9568=CARTESIAN_POINT('Ctrl Pts',(42.476124688983,59.4386235824792,8.41746211051941));
#9569=CARTESIAN_POINT('Ctrl Pts',(42.476124688983,57.4386235824792,8.41746211051941));
#9570=CARTESIAN_POINT('',(42.8922223299742,59.4386235824792,9.22237396240234));
#9571=CARTESIAN_POINT('Ctrl Pts',(42.8922223299742,59.4386235824792,9.22237396240234));
#9572=CARTESIAN_POINT('Ctrl Pts',(42.8610486616898,59.4386235824792,9.05461095404858));
#9573=CARTESIAN_POINT('Ctrl Pts',(42.8031284428577,59.4386235824792,8.74290974304195));
#9574=CARTESIAN_POINT('Ctrl Pts',(42.5794264034142,59.4386235824792,8.520272240369));
#9575=CARTESIAN_POINT('Ctrl Pts',(42.476124688983,59.4386235824792,8.41746211051941));
#9576=CARTESIAN_POINT('',(42.8922223299742,57.4386235824792,9.22237396240234));
#9577=CARTESIAN_POINT('',(42.8922223299742,59.4386235824792,9.22237396240234));
#9578=CARTESIAN_POINT('Ctrl Pts',(42.8922223299742,57.4386235824792,9.22237396240234));
#9579=CARTESIAN_POINT('Ctrl Pts',(42.8610486616898,57.4386235824792,9.05461095404858));
#9580=CARTESIAN_POINT('Ctrl Pts',(42.8031284428577,57.4386235824792,8.74290974304195));
#9581=CARTESIAN_POINT('Ctrl Pts',(42.5794264034142,57.4386235824792,8.520272240369));
#9582=CARTESIAN_POINT('Ctrl Pts',(42.476124688983,57.4386235824792,8.41746211051941));
#9583=CARTESIAN_POINT('Origin',(44.085946008563,59.4386235824792,9.39972639083862));
#9584=CARTESIAN_POINT('',(44.085946008563,59.4386235824792,9.39972639083862));
#9585=CARTESIAN_POINT('',(73.2163457288952,59.4386235824792,13.7276518767666));
#9586=CARTESIAN_POINT('',(44.085946008563,57.4386235824792,9.39972639083862));
#9587=CARTESIAN_POINT('',(44.085946008563,59.4386235824792,9.39972639083862));
#9588=CARTESIAN_POINT('',(44.085946008563,57.4386235824792,9.39972639083862));
#9589=CARTESIAN_POINT('Ctrl Pts',(43.3151435106993,59.4386235824792,7.6432466506958));
#9590=CARTESIAN_POINT('Ctrl Pts',(43.3151435106993,57.4386235824792,7.6432466506958));
#9591=CARTESIAN_POINT('Ctrl Pts',(43.5464010806663,59.4386235824792,7.87135837425723));
#9592=CARTESIAN_POINT('Ctrl Pts',(43.5464010806663,57.4386235824792,7.87135837425723));
#9593=CARTESIAN_POINT('Ctrl Pts',(44.0337530505388,59.4386235824792,8.35208079058522));
#9594=CARTESIAN_POINT('Ctrl Pts',(44.0337530505388,57.4386235824792,8.35208079058522));
#9595=CARTESIAN_POINT('Ctrl Pts',(44.0679671404054,59.4386235824792,9.03884471568746));
#9596=CARTESIAN_POINT('Ctrl Pts',(44.0679671404054,57.4386235824792,9.03884471568746));
#9597=CARTESIAN_POINT('Ctrl Pts',(44.085946008563,59.4386235824792,9.39972639083862));
#9598=CARTESIAN_POINT('Ctrl Pts',(44.085946008563,57.4386235824792,9.39972639083862));
#9599=CARTESIAN_POINT('Ctrl Pts',(43.3151435106993,59.4386235824792,7.6432466506958));
#9600=CARTESIAN_POINT('Ctrl Pts',(43.5464010806663,59.4386235824792,7.87135837425723));
#9601=CARTESIAN_POINT('Ctrl Pts',(44.0337530505388,59.4386235824792,8.35208079058522));
#9602=CARTESIAN_POINT('Ctrl Pts',(44.0679671404054,59.4386235824792,9.03884471568746));
#9603=CARTESIAN_POINT('Ctrl Pts',(44.085946008563,59.4386235824792,9.39972639083862));
#9604=CARTESIAN_POINT('Ctrl Pts',(43.3151435106993,57.4386235824792,7.6432466506958));
#9605=CARTESIAN_POINT('Ctrl Pts',(43.5464010806663,57.4386235824792,7.87135837425723));
#9606=CARTESIAN_POINT('Ctrl Pts',(44.0337530505388,57.4386235824792,8.35208079058522));
#9607=CARTESIAN_POINT('Ctrl Pts',(44.0679671404054,57.4386235824792,9.03884471568746));
#9608=CARTESIAN_POINT('Ctrl Pts',(44.085946008563,57.4386235824792,9.39972639083862));
#9609=CARTESIAN_POINT('Origin',(48.232582513493,57.4386235824792,13.6152791976929));
#9610=CARTESIAN_POINT('Ctrl Pts',(22.7455662935972,59.4386235824792,10.2251017093658));
#9611=CARTESIAN_POINT('Ctrl Pts',(22.7455662935972,57.4386235824792,10.2251017093658));
#9612=CARTESIAN_POINT('Ctrl Pts',(23.0337155785439,59.4386235824792,10.3718117953985));
#9613=CARTESIAN_POINT('Ctrl Pts',(23.0337155785439,57.4386235824792,10.3718117953985));
#9614=CARTESIAN_POINT('Ctrl Pts',(23.602483085976,59.4386235824792,10.6613975563465));
#9615=CARTESIAN_POINT('Ctrl Pts',(23.602483085976,57.4386235824792,10.6613975563465));
#9616=CARTESIAN_POINT('Ctrl Pts',(23.9924563156626,59.4386235824792,11.1663050170468));
#9617=CARTESIAN_POINT('Ctrl Pts',(23.9924563156626,57.4386235824792,11.1663050170468));
#9618=CARTESIAN_POINT('Ctrl Pts',(24.1848611086607,59.4386235824792,11.4154160022736));
#9619=CARTESIAN_POINT('Ctrl Pts',(24.1848611086607,57.4386235824792,11.4154160022736));
#9620=CARTESIAN_POINT('',(22.7455662935972,59.4386235824792,10.2251017093658));
#9621=CARTESIAN_POINT('',(24.1848611086607,59.4386235824792,11.4154160022736));
#9622=CARTESIAN_POINT('Ctrl Pts',(22.7455662935972,59.4386235824792,10.2251017093658));
#9623=CARTESIAN_POINT('Ctrl Pts',(23.0337155785439,59.4386235824792,10.3718117953985));
#9624=CARTESIAN_POINT('Ctrl Pts',(23.602483085976,59.4386235824792,10.6613975563465));
#9625=CARTESIAN_POINT('Ctrl Pts',(23.9924563156626,59.4386235824792,11.1663050170468));
#9626=CARTESIAN_POINT('Ctrl Pts',(24.1848611086607,59.4386235824792,11.4154160022736));
#9627=CARTESIAN_POINT('',(22.7455662935972,57.4386235824792,10.2251017093658));
#9628=CARTESIAN_POINT('',(22.7455662935972,59.4386235824792,10.2251017093658));
#9629=CARTESIAN_POINT('',(24.1848611086607,57.4386235824792,11.4154160022736));
#9630=CARTESIAN_POINT('Ctrl Pts',(22.7455662935972,57.4386235824792,10.2251017093658));
#9631=CARTESIAN_POINT('Ctrl Pts',(23.0337155785439,57.4386235824792,10.3718117953985));
#9632=CARTESIAN_POINT('Ctrl Pts',(23.602483085976,57.4386235824792,10.6613975563465));
#9633=CARTESIAN_POINT('Ctrl Pts',(23.9924563156626,57.4386235824792,11.1663050170468));
#9634=CARTESIAN_POINT('Ctrl Pts',(24.1848611086607,57.4386235824792,11.4154160022736));
#9635=CARTESIAN_POINT('',(24.1848611086607,59.4386235824792,11.4154160022736));
#9636=CARTESIAN_POINT('Ctrl Pts',(20.4706715792418,59.4386235824792,9.82946753501892));
#9637=CARTESIAN_POINT('Ctrl Pts',(20.4706715792418,57.4386235824792,9.82946753501892));
#9638=CARTESIAN_POINT('Ctrl Pts',(20.8905497225313,59.4386235824792,9.84012381142023));
#9639=CARTESIAN_POINT('Ctrl Pts',(20.8905497225313,57.4386235824792,9.84012381142023));
#9640=CARTESIAN_POINT('Ctrl Pts',(21.6692651568663,59.4386235824792,9.85988718095701));
#9641=CARTESIAN_POINT('Ctrl Pts',(21.6692651568663,57.4386235824792,9.85988718095701));
#9642=CARTESIAN_POINT('Ctrl Pts',(22.4060506160935,59.4386235824792,10.109895979468));
#9643=CARTESIAN_POINT('Ctrl Pts',(22.4060506160935,57.4386235824792,10.109895979468));
#9644=CARTESIAN_POINT('Ctrl Pts',(22.7455662935972,59.4386235824792,10.2251017093658));
#9645=CARTESIAN_POINT('Ctrl Pts',(22.7455662935972,57.4386235824792,10.2251017093658));
#9646=CARTESIAN_POINT('',(20.4706715792418,59.4386235824792,9.82946753501892));
#9647=CARTESIAN_POINT('Ctrl Pts',(20.4706715792418,59.4386235824792,9.82946753501892));
#9648=CARTESIAN_POINT('Ctrl Pts',(20.8905497225313,59.4386235824792,9.84012381142023));
#9649=CARTESIAN_POINT('Ctrl Pts',(21.6692651568663,59.4386235824792,9.85988718095701));
#9650=CARTESIAN_POINT('Ctrl Pts',(22.4060506160935,59.4386235824792,10.109895979468));
#9651=CARTESIAN_POINT('Ctrl Pts',(22.7455662935972,59.4386235824792,10.2251017093658));
#9652=CARTESIAN_POINT('',(20.4706715792418,57.4386235824792,9.82946753501892));
#9653=CARTESIAN_POINT('',(20.4706715792418,59.4386235824792,9.82946753501892));
#9654=CARTESIAN_POINT('Ctrl Pts',(20.4706715792418,57.4386235824792,9.82946753501892));
#9655=CARTESIAN_POINT('Ctrl Pts',(20.8905497225313,57.4386235824792,9.84012381142023));
#9656=CARTESIAN_POINT('Ctrl Pts',(21.6692651568663,57.4386235824792,9.85988718095701));
#9657=CARTESIAN_POINT('Ctrl Pts',(22.4060506160935,57.4386235824792,10.109895979468));
#9658=CARTESIAN_POINT('Ctrl Pts',(22.7455662935972,57.4386235824792,10.2251017093658));
#9659=CARTESIAN_POINT('Ctrl Pts',(18.543658182025,59.4386235824792,10.2216911315918));
#9660=CARTESIAN_POINT('Ctrl Pts',(18.543658182025,57.4386235824792,10.2216911315918));
#9661=CARTESIAN_POINT('Ctrl Pts',(18.8435395712869,59.4386235824792,10.1073280020332));
#9662=CARTESIAN_POINT('Ctrl Pts',(18.8435395712869,57.4386235824792,10.1073280020332));
#9663=CARTESIAN_POINT('Ctrl Pts',(19.4639331959822,59.4386235824792,9.87073393845032));
#9664=CARTESIAN_POINT('Ctrl Pts',(19.4639331959822,57.4386235824792,9.87073393845032));
#9665=CARTESIAN_POINT('Ctrl Pts',(20.1277340087701,59.4386235824792,9.84352461317367));
#9666=CARTESIAN_POINT('Ctrl Pts',(20.1277340087701,57.4386235824792,9.84352461317367));
#9667=CARTESIAN_POINT('Ctrl Pts',(20.4706715792418,59.4386235824792,9.82946753501892));
#9668=CARTESIAN_POINT('Ctrl Pts',(20.4706715792418,57.4386235824792,9.82946753501892));
#9669=CARTESIAN_POINT('',(18.543658182025,59.4386235824792,10.2216911315918));
#9670=CARTESIAN_POINT('Ctrl Pts',(18.543658182025,59.4386235824792,10.2216911315918));
#9671=CARTESIAN_POINT('Ctrl Pts',(18.8435395712869,59.4386235824792,10.1073280020332));
#9672=CARTESIAN_POINT('Ctrl Pts',(19.4639331959822,59.4386235824792,9.87073393845032));
#9673=CARTESIAN_POINT('Ctrl Pts',(20.1277340087701,59.4386235824792,9.84352461317367));
#9674=CARTESIAN_POINT('Ctrl Pts',(20.4706715792418,59.4386235824792,9.82946753501892));
#9675=CARTESIAN_POINT('',(18.543658182025,57.4386235824792,10.2216911315918));
#9676=CARTESIAN_POINT('',(18.543658182025,59.4386235824792,10.2216911315918));
#9677=CARTESIAN_POINT('Ctrl Pts',(18.543658182025,57.4386235824792,10.2216911315918));
#9678=CARTESIAN_POINT('Ctrl Pts',(18.8435395712869,57.4386235824792,10.1073280020332));
#9679=CARTESIAN_POINT('Ctrl Pts',(19.4639331959822,57.4386235824792,9.87073393845032));
#9680=CARTESIAN_POINT('Ctrl Pts',(20.1277340087701,57.4386235824792,9.84352461317367));
#9681=CARTESIAN_POINT('Ctrl Pts',(20.4706715792418,57.4386235824792,9.82946753501892));
#9682=CARTESIAN_POINT('Ctrl Pts',(17.2305630892515,59.4386235824792,11.3199174404144));
#9683=CARTESIAN_POINT('Ctrl Pts',(17.2305630892515,57.4386235824792,11.3199174404144));
#9684=CARTESIAN_POINT('Ctrl Pts',(17.4035896170463,59.4386235824792,11.0958351253767));
#9685=CARTESIAN_POINT('Ctrl Pts',(17.4035896170463,57.4386235824792,11.0958351253767));
#9686=CARTESIAN_POINT('Ctrl Pts',(17.7603363123974,59.4386235824792,10.6338214307415));
#9687=CARTESIAN_POINT('Ctrl Pts',(17.7603363123974,57.4386235824792,10.6338214307415));
#9688=CARTESIAN_POINT('Ctrl Pts',(18.2773846414709,59.4386235824792,10.3617860251205));
#9689=CARTESIAN_POINT('Ctrl Pts',(18.2773846414709,57.4386235824792,10.3617860251205));
#9690=CARTESIAN_POINT('Ctrl Pts',(18.543658182025,59.4386235824792,10.2216911315918));
#9691=CARTESIAN_POINT('Ctrl Pts',(18.543658182025,57.4386235824792,10.2216911315918));
#9692=CARTESIAN_POINT('',(17.2305630892515,59.4386235824792,11.3199174404144));
#9693=CARTESIAN_POINT('Ctrl Pts',(17.2305630892515,59.4386235824792,11.3199174404144));
#9694=CARTESIAN_POINT('Ctrl Pts',(17.4035896170463,59.4386235824792,11.0958351253767));
#9695=CARTESIAN_POINT('Ctrl Pts',(17.7603363123974,59.4386235824792,10.6338214307415));
#9696=CARTESIAN_POINT('Ctrl Pts',(18.2773846414709,59.4386235824792,10.3617860251205));
#9697=CARTESIAN_POINT('Ctrl Pts',(18.543658182025,59.4386235824792,10.2216911315918));
#9698=CARTESIAN_POINT('',(17.2305630892515,57.4386235824792,11.3199174404144));
#9699=CARTESIAN_POINT('',(17.2305630892515,59.4386235824792,11.3199174404144));
#9700=CARTESIAN_POINT('Ctrl Pts',(17.2305630892515,57.4386235824792,11.3199174404144));
#9701=CARTESIAN_POINT('Ctrl Pts',(17.4035896170463,57.4386235824792,11.0958351253767));
#9702=CARTESIAN_POINT('Ctrl Pts',(17.7603363123974,57.4386235824792,10.6338214307415));
#9703=CARTESIAN_POINT('Ctrl Pts',(18.2773846414709,57.4386235824792,10.3617860251205));
#9704=CARTESIAN_POINT('Ctrl Pts',(18.543658182025,57.4386235824792,10.2216911315918));
#9705=CARTESIAN_POINT('Ctrl Pts',(16.7735337466002,59.4386235824792,12.824010848999));
#9706=CARTESIAN_POINT('Ctrl Pts',(16.7735337466002,57.4386235824792,12.824010848999));
#9707=CARTESIAN_POINT('Ctrl Pts',(16.7936149805406,59.4386235824792,12.5602243821159));
#9708=CARTESIAN_POINT('Ctrl Pts',(16.7936149805406,57.4386235824792,12.5602243821159));
#9709=CARTESIAN_POINT('Ctrl Pts',(16.8343449973609,59.4386235824792,12.0251961430667));
#9710=CARTESIAN_POINT('Ctrl Pts',(16.8343449973609,57.4386235824792,12.0251961430667));
#9711=CARTESIAN_POINT('Ctrl Pts',(17.0972691605257,59.4386235824792,11.5571841656025));
#9712=CARTESIAN_POINT('Ctrl Pts',(17.0972691605257,57.4386235824792,11.5571841656025));
#9713=CARTESIAN_POINT('Ctrl Pts',(17.2305630892515,59.4386235824792,11.3199174404144));
#9714=CARTESIAN_POINT('Ctrl Pts',(17.2305630892515,57.4386235824792,11.3199174404144));
#9715=CARTESIAN_POINT('',(16.7735337466002,59.4386235824792,12.824010848999));
#9716=CARTESIAN_POINT('Ctrl Pts',(16.7735337466002,59.4386235824792,12.824010848999));
#9717=CARTESIAN_POINT('Ctrl Pts',(16.7936149805406,59.4386235824792,12.5602243821159));
#9718=CARTESIAN_POINT('Ctrl Pts',(16.8343449973609,59.4386235824792,12.0251961430667));
#9719=CARTESIAN_POINT('Ctrl Pts',(17.0972691605257,59.4386235824792,11.5571841656025));
#9720=CARTESIAN_POINT('Ctrl Pts',(17.2305630892515,59.4386235824792,11.3199174404144));
#9721=CARTESIAN_POINT('',(16.7735337466002,57.4386235824792,12.824010848999));
#9722=CARTESIAN_POINT('',(16.7735337466002,59.4386235824792,12.824010848999));
#9723=CARTESIAN_POINT('Ctrl Pts',(16.7735337466002,57.4386235824792,12.824010848999));
#9724=CARTESIAN_POINT('Ctrl Pts',(16.7936149805406,57.4386235824792,12.5602243821159));
#9725=CARTESIAN_POINT('Ctrl Pts',(16.8343449973609,57.4386235824792,12.0251961430667));
#9726=CARTESIAN_POINT('Ctrl Pts',(17.0972691605257,57.4386235824792,11.5571841656025));
#9727=CARTESIAN_POINT('Ctrl Pts',(17.2305630892515,57.4386235824792,11.3199174404144));
#9728=CARTESIAN_POINT('Ctrl Pts',(17.1896361559629,59.4386235824792,14.2462480068207));
#9729=CARTESIAN_POINT('Ctrl Pts',(17.1896361559629,57.4386235824792,14.2462480068207));
#9730=CARTESIAN_POINT('Ctrl Pts',(17.0682882922574,59.4386235824792,14.0299685190924));
#9731=CARTESIAN_POINT('Ctrl Pts',(17.0682882922574,57.4386235824792,14.0299685190924));
#9732=CARTESIAN_POINT('Ctrl Pts',(16.8204273384689,59.4386235824792,13.5882035100001));
#9733=CARTESIAN_POINT('Ctrl Pts',(16.8204273384689,57.4386235824792,13.5882035100001));
#9734=CARTESIAN_POINT('Ctrl Pts',(16.7893806070049,59.4386235824792,13.0822562496742));
#9735=CARTESIAN_POINT('Ctrl Pts',(16.7893806070049,57.4386235824792,13.0822562496742));
#9736=CARTESIAN_POINT('Ctrl Pts',(16.7735337466002,59.4386235824792,12.824010848999));
#9737=CARTESIAN_POINT('Ctrl Pts',(16.7735337466002,57.4386235824792,12.824010848999));
#9738=CARTESIAN_POINT('',(17.1896361559629,59.4386235824792,14.2462480068207));
#9739=CARTESIAN_POINT('Ctrl Pts',(17.1896361559629,59.4386235824792,14.2462480068207));
#9740=CARTESIAN_POINT('Ctrl Pts',(17.0682882922574,59.4386235824792,14.0299685190924));
#9741=CARTESIAN_POINT('Ctrl Pts',(16.8204273384689,59.4386235824792,13.5882035100001));
#9742=CARTESIAN_POINT('Ctrl Pts',(16.7893806070049,59.4386235824792,13.0822562496742));
#9743=CARTESIAN_POINT('Ctrl Pts',(16.7735337466002,59.4386235824792,12.824010848999));
#9744=CARTESIAN_POINT('',(17.1896361559629,57.4386235824792,14.2462480068207));
#9745=CARTESIAN_POINT('',(17.1896361559629,59.4386235824792,14.2462480068207));
#9746=CARTESIAN_POINT('Ctrl Pts',(17.1896361559629,57.4386235824792,14.2462480068207));
#9747=CARTESIAN_POINT('Ctrl Pts',(17.0682882922574,57.4386235824792,14.0299685190924));
#9748=CARTESIAN_POINT('Ctrl Pts',(16.8204273384689,57.4386235824792,13.5882035100001));
#9749=CARTESIAN_POINT('Ctrl Pts',(16.7893806070049,57.4386235824792,13.0822562496742));
#9750=CARTESIAN_POINT('Ctrl Pts',(16.7735337466002,57.4386235824792,12.824010848999));
#9751=CARTESIAN_POINT('Ctrl Pts',(18.4788560122252,59.4386235824792,15.2660298347473));
#9752=CARTESIAN_POINT('Ctrl Pts',(18.4788560122252,57.4386235824792,15.2660298347473));
#9753=CARTESIAN_POINT('Ctrl Pts',(18.2123741840965,59.4386235824792,15.1307491559904));
#9754=CARTESIAN_POINT('Ctrl Pts',(18.2123741840965,57.4386235824792,15.1307491559904));
#9755=CARTESIAN_POINT('Ctrl Pts',(17.7129739146351,59.4386235824792,14.8772264002416));
#9756=CARTESIAN_POINT('Ctrl Pts',(17.7129739146351,57.4386235824792,14.8772264002416));
#9757=CARTESIAN_POINT('Ctrl Pts',(17.3560869283436,59.4386235824792,14.4469345408994));
#9758=CARTESIAN_POINT('Ctrl Pts',(17.3560869283436,57.4386235824792,14.4469345408994));
#9759=CARTESIAN_POINT('Ctrl Pts',(17.1896361559629,59.4386235824792,14.2462480068207));
#9760=CARTESIAN_POINT('Ctrl Pts',(17.1896361559629,57.4386235824792,14.2462480068207));
#9761=CARTESIAN_POINT('',(18.4788560122252,59.4386235824792,15.2660298347473));
#9762=CARTESIAN_POINT('Ctrl Pts',(18.4788560122252,59.4386235824792,15.2660298347473));
#9763=CARTESIAN_POINT('Ctrl Pts',(18.2123741840965,59.4386235824792,15.1307491559904));
#9764=CARTESIAN_POINT('Ctrl Pts',(17.7129739146351,59.4386235824792,14.8772264002416));
#9765=CARTESIAN_POINT('Ctrl Pts',(17.3560869283436,59.4386235824792,14.4469345408994));
#9766=CARTESIAN_POINT('Ctrl Pts',(17.1896361559629,59.4386235824792,14.2462480068207));
#9767=CARTESIAN_POINT('',(18.4788560122252,57.4386235824792,15.2660298347473));
#9768=CARTESIAN_POINT('',(18.4788560122252,59.4386235824792,15.2660298347473));
#9769=CARTESIAN_POINT('Ctrl Pts',(18.4788560122252,57.4386235824792,15.2660298347473));
#9770=CARTESIAN_POINT('Ctrl Pts',(18.2123741840965,57.4386235824792,15.1307491559904));
#9771=CARTESIAN_POINT('Ctrl Pts',(17.7129739146351,57.4386235824792,14.8772264002416));
#9772=CARTESIAN_POINT('Ctrl Pts',(17.3560869283436,57.4386235824792,14.4469345408994));
#9773=CARTESIAN_POINT('Ctrl Pts',(17.1896361559629,57.4386235824792,14.2462480068207));
#9774=CARTESIAN_POINT('Ctrl Pts',(20.6923627108335,59.4386235824792,15.9038197994232));
#9775=CARTESIAN_POINT('Ctrl Pts',(20.6923627108335,57.4386235824792,15.9038197994232));
#9776=CARTESIAN_POINT('Ctrl Pts',(20.2354795413764,59.4386235824792,15.8017467520599));
#9777=CARTESIAN_POINT('Ctrl Pts',(20.2354795413764,57.4386235824792,15.8017467520599));
#9778=CARTESIAN_POINT('Ctrl Pts',(19.4842838933931,59.4386235824792,15.6339208523954));
#9779=CARTESIAN_POINT('Ctrl Pts',(19.4842838933931,57.4386235824792,15.6339208523954));
#9780=CARTESIAN_POINT('Ctrl Pts',(18.7618858272815,59.4386235824792,15.3695918391796));
#9781=CARTESIAN_POINT('Ctrl Pts',(18.7618858272815,57.4386235824792,15.3695918391796));
#9782=CARTESIAN_POINT('Ctrl Pts',(18.4788560122252,59.4386235824792,15.2660298347473));
#9783=CARTESIAN_POINT('Ctrl Pts',(18.4788560122252,57.4386235824792,15.2660298347473));
#9784=CARTESIAN_POINT('',(20.6923627108335,59.4386235824792,15.9038197994232));
#9785=CARTESIAN_POINT('Ctrl Pts',(20.6923627108335,59.4386235824792,15.9038197994232));
#9786=CARTESIAN_POINT('Ctrl Pts',(20.2354795413764,59.4386235824792,15.8017467520599));
#9787=CARTESIAN_POINT('Ctrl Pts',(19.4842838933931,59.4386235824792,15.6339208523954));
#9788=CARTESIAN_POINT('Ctrl Pts',(18.7618858272815,59.4386235824792,15.3695918391796));
#9789=CARTESIAN_POINT('Ctrl Pts',(18.4788560122252,59.4386235824792,15.2660298347473));
#9790=CARTESIAN_POINT('',(20.6923627108335,57.4386235824792,15.9038197994232));
#9791=CARTESIAN_POINT('',(20.6923627108335,59.4386235824792,15.9038197994232));
#9792=CARTESIAN_POINT('Ctrl Pts',(20.6923627108335,57.4386235824792,15.9038197994232));
#9793=CARTESIAN_POINT('Ctrl Pts',(20.2354795413764,57.4386235824792,15.8017467520599));
#9794=CARTESIAN_POINT('Ctrl Pts',(19.4842838933931,57.4386235824792,15.6339208523954));
#9795=CARTESIAN_POINT('Ctrl Pts',(18.7618858272815,57.4386235824792,15.3695918391796));
#9796=CARTESIAN_POINT('Ctrl Pts',(18.4788560122252,57.4386235824792,15.2660298347473));
#9797=CARTESIAN_POINT('Ctrl Pts',(22.6875876635313,59.4386235824792,16.6166436672211));
#9798=CARTESIAN_POINT('Ctrl Pts',(22.6875876635313,57.4386235824792,16.6166436672211));
#9799=CARTESIAN_POINT('Ctrl Pts',(22.4610927999619,59.4386235824792,16.4904144098553));
#9800=CARTESIAN_POINT('Ctrl Pts',(22.4610927999619,57.4386235824792,16.4904144098553));
#9801=CARTESIAN_POINT('Ctrl Pts',(21.8385322404405,59.4386235824792,16.1434513226791));
#9802=CARTESIAN_POINT('Ctrl Pts',(21.8385322404405,57.4386235824792,16.1434513226791));
#9803=CARTESIAN_POINT('Ctrl Pts',(21.1380202127716,59.4386235824792,15.9969941364486));
#9804=CARTESIAN_POINT('Ctrl Pts',(21.1380202127716,57.4386235824792,15.9969941364486));
#9805=CARTESIAN_POINT('Ctrl Pts',(20.6923627108335,59.4386235824792,15.9038197994232));
#9806=CARTESIAN_POINT('Ctrl Pts',(20.6923627108335,57.4386235824792,15.9038197994232));
#9807=CARTESIAN_POINT('',(22.6875876635313,59.4386235824792,16.6166436672211));
#9808=CARTESIAN_POINT('Ctrl Pts',(22.6875876635313,59.4386235824792,16.6166436672211));
#9809=CARTESIAN_POINT('Ctrl Pts',(22.4610927999619,59.4386235824792,16.4904144098553));
#9810=CARTESIAN_POINT('Ctrl Pts',(21.8385322404405,59.4386235824792,16.1434513226791));
#9811=CARTESIAN_POINT('Ctrl Pts',(21.1380202127716,59.4386235824792,15.9969941364486));
#9812=CARTESIAN_POINT('Ctrl Pts',(20.6923627108335,59.4386235824792,15.9038197994232));
#9813=CARTESIAN_POINT('',(22.6875876635313,57.4386235824792,16.6166436672211));
#9814=CARTESIAN_POINT('',(22.6875876635313,59.4386235824792,16.6166436672211));
#9815=CARTESIAN_POINT('Ctrl Pts',(22.6875876635313,57.4386235824792,16.6166436672211));
#9816=CARTESIAN_POINT('Ctrl Pts',(22.4610927999619,57.4386235824792,16.4904144098553));
#9817=CARTESIAN_POINT('Ctrl Pts',(21.8385322404405,57.4386235824792,16.1434513226791));
#9818=CARTESIAN_POINT('Ctrl Pts',(21.1380202127716,57.4386235824792,15.9969941364486));
#9819=CARTESIAN_POINT('Ctrl Pts',(20.6923627108335,57.4386235824792,15.9038197994232));
#9820=CARTESIAN_POINT('Ctrl Pts',(23.0764006823301,59.4386235824792,17.5034099817276));
#9821=CARTESIAN_POINT('Ctrl Pts',(23.0764006823301,57.4386235824792,17.5034099817276));
#9822=CARTESIAN_POINT('Ctrl Pts',(23.0608073636587,59.4386235824792,17.332288280529));
#9823=CARTESIAN_POINT('Ctrl Pts',(23.0608073636587,57.4386235824792,17.332288280529));
#9824=CARTESIAN_POINT('Ctrl Pts',(23.0299062872111,59.4386235824792,16.9931786347897));
#9825=CARTESIAN_POINT('Ctrl Pts',(23.0299062872111,57.4386235824792,16.9931786347897));
#9826=CARTESIAN_POINT('Ctrl Pts',(22.8009887190129,59.4386235824792,16.7413796873915));
#9827=CARTESIAN_POINT('Ctrl Pts',(22.8009887190129,57.4386235824792,16.7413796873915));
#9828=CARTESIAN_POINT('Ctrl Pts',(22.6875876635313,59.4386235824792,16.6166436672211));
#9829=CARTESIAN_POINT('Ctrl Pts',(22.6875876635313,57.4386235824792,16.6166436672211));
#9830=CARTESIAN_POINT('',(23.0764006823301,59.4386235824792,17.5034099817276));
#9831=CARTESIAN_POINT('Ctrl Pts',(23.0764006823301,59.4386235824792,17.5034099817276));
#9832=CARTESIAN_POINT('Ctrl Pts',(23.0608073636587,59.4386235824792,17.332288280529));
#9833=CARTESIAN_POINT('Ctrl Pts',(23.0299062872111,59.4386235824792,16.9931786347897));
#9834=CARTESIAN_POINT('Ctrl Pts',(22.8009887190129,59.4386235824792,16.7413796873915));
#9835=CARTESIAN_POINT('Ctrl Pts',(22.6875876635313,59.4386235824792,16.6166436672211));
#9836=CARTESIAN_POINT('',(23.0764006823301,57.4386235824792,17.5034099817276));
#9837=CARTESIAN_POINT('',(23.0764006823301,59.4386235824792,17.5034099817276));
#9838=CARTESIAN_POINT('Ctrl Pts',(23.0764006823301,57.4386235824792,17.5034099817276));
#9839=CARTESIAN_POINT('Ctrl Pts',(23.0608073636587,57.4386235824792,17.332288280529));
#9840=CARTESIAN_POINT('Ctrl Pts',(23.0299062872111,57.4386235824792,16.9931786347897));
#9841=CARTESIAN_POINT('Ctrl Pts',(22.8009887190129,57.4386235824792,16.7413796873915));
#9842=CARTESIAN_POINT('Ctrl Pts',(22.6875876635313,57.4386235824792,16.6166436672211));
#9843=CARTESIAN_POINT('Ctrl Pts',(22.5272893160582,59.4386235824792,18.5641193389893));
#9844=CARTESIAN_POINT('Ctrl Pts',(22.5272893160582,57.4386235824792,18.5641193389893));
#9845=CARTESIAN_POINT('Ctrl Pts',(22.6873820677937,59.4386235824792,18.413958963507));
#9846=CARTESIAN_POINT('Ctrl Pts',(22.6873820677937,57.4386235824792,18.413958963507));
#9847=CARTESIAN_POINT('Ctrl Pts',(22.9963240610704,59.4386235824792,18.1241841597774));
#9848=CARTESIAN_POINT('Ctrl Pts',(22.9963240610704,57.4386235824792,18.1241841597774));
#9849=CARTESIAN_POINT('Ctrl Pts',(23.050364045031,59.4386235824792,17.705252565297));
#9850=CARTESIAN_POINT('Ctrl Pts',(23.050364045031,57.4386235824792,17.705252565297));
#9851=CARTESIAN_POINT('Ctrl Pts',(23.0764006823301,59.4386235824792,17.5034099817276));
#9852=CARTESIAN_POINT('Ctrl Pts',(23.0764006823301,57.4386235824792,17.5034099817276));
#9853=CARTESIAN_POINT('',(22.5272893160582,59.4386235824792,18.5641193389893));
#9854=CARTESIAN_POINT('Ctrl Pts',(22.5272893160582,59.4386235824792,18.5641193389893));
#9855=CARTESIAN_POINT('Ctrl Pts',(22.6873820677937,59.4386235824792,18.413958963507));
#9856=CARTESIAN_POINT('Ctrl Pts',(22.9963240610704,59.4386235824792,18.1241841597774));
#9857=CARTESIAN_POINT('Ctrl Pts',(23.050364045031,59.4386235824792,17.705252565297));
#9858=CARTESIAN_POINT('Ctrl Pts',(23.0764006823301,59.4386235824792,17.5034099817276));
#9859=CARTESIAN_POINT('',(22.5272893160582,57.4386235824792,18.5641193389893));
#9860=CARTESIAN_POINT('',(22.5272893160582,59.4386235824792,18.5641193389893));
#9861=CARTESIAN_POINT('Ctrl Pts',(22.5272893160582,57.4386235824792,18.5641193389893));
#9862=CARTESIAN_POINT('Ctrl Pts',(22.6873820677937,57.4386235824792,18.413958963507));
#9863=CARTESIAN_POINT('Ctrl Pts',(22.9963240610704,57.4386235824792,18.1241841597774));
#9864=CARTESIAN_POINT('Ctrl Pts',(23.050364045031,57.4386235824792,17.705252565297));
#9865=CARTESIAN_POINT('Ctrl Pts',(23.0764006823301,57.4386235824792,17.5034099817276));
#9866=CARTESIAN_POINT('Ctrl Pts',(20.7776307314634,59.4386235824792,19.0040922164917));
#9867=CARTESIAN_POINT('Ctrl Pts',(20.7776307314634,57.4386235824792,19.0040922164917));
#9868=CARTESIAN_POINT('Ctrl Pts',(21.1321750796268,59.4386235824792,18.9987060898704));
#9869=CARTESIAN_POINT('Ctrl Pts',(21.1321750796268,57.4386235824792,18.9987060898704));
#9870=CARTESIAN_POINT('Ctrl Pts',(21.7533424048495,59.4386235824792,18.9892695105426));
#9871=CARTESIAN_POINT('Ctrl Pts',(21.7533424048495,57.4386235824792,18.9892695105426));
#9872=CARTESIAN_POINT('Ctrl Pts',(22.2948560161878,59.4386235824792,18.6918012973813));
#9873=CARTESIAN_POINT('Ctrl Pts',(22.2948560161878,57.4386235824792,18.6918012973813));
#9874=CARTESIAN_POINT('Ctrl Pts',(22.5272893160582,59.4386235824792,18.5641193389893));
#9875=CARTESIAN_POINT('Ctrl Pts',(22.5272893160582,57.4386235824792,18.5641193389893));
#9876=CARTESIAN_POINT('',(20.7776307314634,59.4386235824792,19.0040922164917));
#9877=CARTESIAN_POINT('Ctrl Pts',(20.7776307314634,59.4386235824792,19.0040922164917));
#9878=CARTESIAN_POINT('Ctrl Pts',(21.1321750796268,59.4386235824792,18.9987060898704));
#9879=CARTESIAN_POINT('Ctrl Pts',(21.7533424048495,59.4386235824792,18.9892695105426));
#9880=CARTESIAN_POINT('Ctrl Pts',(22.2948560161878,59.4386235824792,18.6918012973813));
#9881=CARTESIAN_POINT('Ctrl Pts',(22.5272893160582,59.4386235824792,18.5641193389893));
#9882=CARTESIAN_POINT('',(20.7776307314634,57.4386235824792,19.0040922164917));
#9883=CARTESIAN_POINT('',(20.7776307314634,59.4386235824792,19.0040922164917));
#9884=CARTESIAN_POINT('Ctrl Pts',(20.7776307314634,57.4386235824792,19.0040922164917));
#9885=CARTESIAN_POINT('Ctrl Pts',(21.1321750796268,57.4386235824792,18.9987060898704));
#9886=CARTESIAN_POINT('Ctrl Pts',(21.7533424048495,57.4386235824792,18.9892695105426));
#9887=CARTESIAN_POINT('Ctrl Pts',(22.2948560161878,57.4386235824792,18.6918012973813));
#9888=CARTESIAN_POINT('Ctrl Pts',(22.5272893160582,57.4386235824792,18.5641193389893));
#9889=CARTESIAN_POINT('Ctrl Pts',(19.034790918231,59.4386235824792,18.5197812318802));
#9890=CARTESIAN_POINT('Ctrl Pts',(19.034790918231,57.4386235824792,18.5197812318802));
#9891=CARTESIAN_POINT('Ctrl Pts',(19.2724760300446,59.4386235824792,18.6605929036377));
#9892=CARTESIAN_POINT('Ctrl Pts',(19.2724760300446,57.4386235824792,18.6605929036377));
#9893=CARTESIAN_POINT('Ctrl Pts',(19.8070580225418,59.4386235824792,18.9772950457307));
#9894=CARTESIAN_POINT('Ctrl Pts',(19.8070580225418,57.4386235824792,18.9772950457307));
#9895=CARTESIAN_POINT('Ctrl Pts',(20.4310674945009,59.4386235824792,18.9945237275418));
#9896=CARTESIAN_POINT('Ctrl Pts',(20.4310674945009,57.4386235824792,18.9945237275418));
#9897=CARTESIAN_POINT('Ctrl Pts',(20.7776307314634,59.4386235824792,19.0040922164917));
#9898=CARTESIAN_POINT('Ctrl Pts',(20.7776307314634,57.4386235824792,19.0040922164917));
#9899=CARTESIAN_POINT('',(19.034790918231,59.4386235824792,18.5197812318802));
#9900=CARTESIAN_POINT('Ctrl Pts',(19.034790918231,59.4386235824792,18.5197812318802));
#9901=CARTESIAN_POINT('Ctrl Pts',(19.2724760300446,59.4386235824792,18.6605929036377));
#9902=CARTESIAN_POINT('Ctrl Pts',(19.8070580225418,59.4386235824792,18.9772950457307));
#9903=CARTESIAN_POINT('Ctrl Pts',(20.4310674945009,59.4386235824792,18.9945237275418));
#9904=CARTESIAN_POINT('Ctrl Pts',(20.7776307314634,59.4386235824792,19.0040922164917));
#9905=CARTESIAN_POINT('',(19.034790918231,57.4386235824792,18.5197812318802));
#9906=CARTESIAN_POINT('',(19.034790918231,59.4386235824792,18.5197812318802));
#9907=CARTESIAN_POINT('Ctrl Pts',(19.034790918231,57.4386235824792,18.5197812318802));
#9908=CARTESIAN_POINT('Ctrl Pts',(19.2724760300446,57.4386235824792,18.6605929036377));
#9909=CARTESIAN_POINT('Ctrl Pts',(19.8070580225418,57.4386235824792,18.9772950457307));
#9910=CARTESIAN_POINT('Ctrl Pts',(20.4310674945009,57.4386235824792,18.9945237275418));
#9911=CARTESIAN_POINT('Ctrl Pts',(20.7776307314634,57.4386235824792,19.0040922164917));
#9912=CARTESIAN_POINT('Ctrl Pts',(18.3424329012632,59.4386235824792,17.0873117446899));
#9913=CARTESIAN_POINT('Ctrl Pts',(18.3424329012632,57.4386235824792,17.0873117446899));
#9914=CARTESIAN_POINT('Ctrl Pts',(18.3901212409156,59.4386235824792,17.3782111032517));
#9915=CARTESIAN_POINT('Ctrl Pts',(18.3901212409156,57.4386235824792,17.3782111032517));
#9916=CARTESIAN_POINT('Ctrl Pts',(18.479928317106,59.4386235824792,17.9260351845371));
#9917=CARTESIAN_POINT('Ctrl Pts',(18.479928317106,57.4386235824792,17.9260351845371));
#9918=CARTESIAN_POINT('Ctrl Pts',(18.8576450570212,59.4386235824792,18.3302214116954));
#9919=CARTESIAN_POINT('Ctrl Pts',(18.8576450570212,57.4386235824792,18.3302214116954));
#9920=CARTESIAN_POINT('Ctrl Pts',(19.034790918231,59.4386235824792,18.5197812318802));
#9921=CARTESIAN_POINT('Ctrl Pts',(19.034790918231,57.4386235824792,18.5197812318802));
#9922=CARTESIAN_POINT('',(18.3424329012632,59.4386235824792,17.0873117446899));
#9923=CARTESIAN_POINT('Ctrl Pts',(18.3424329012632,59.4386235824792,17.0873117446899));
#9924=CARTESIAN_POINT('Ctrl Pts',(18.3901212409156,59.4386235824792,17.3782111032517));
#9925=CARTESIAN_POINT('Ctrl Pts',(18.479928317106,59.4386235824792,17.9260351845371));
#9926=CARTESIAN_POINT('Ctrl Pts',(18.8576450570212,59.4386235824792,18.3302214116954));
#9927=CARTESIAN_POINT('Ctrl Pts',(19.034790918231,59.4386235824792,18.5197812318802));
#9928=CARTESIAN_POINT('',(18.3424329012632,57.4386235824792,17.0873117446899));
#9929=CARTESIAN_POINT('',(18.3424329012632,59.4386235824792,17.0873117446899));
#9930=CARTESIAN_POINT('Ctrl Pts',(18.3424329012632,57.4386235824792,17.0873117446899));
#9931=CARTESIAN_POINT('Ctrl Pts',(18.3901212409156,57.4386235824792,17.3782111032517));
#9932=CARTESIAN_POINT('Ctrl Pts',(18.479928317106,57.4386235824792,17.9260351845371));
#9933=CARTESIAN_POINT('Ctrl Pts',(18.8576450570212,57.4386235824792,18.3302214116954));
#9934=CARTESIAN_POINT('Ctrl Pts',(19.034790918231,57.4386235824792,18.5197812318802));
#9935=CARTESIAN_POINT('Origin',(17.0736741274595,59.4386235824792,17.1828097105026));
#9936=CARTESIAN_POINT('',(17.0736741274595,59.4386235824792,17.1828097105026));
#9937=CARTESIAN_POINT('',(61.446749052637,59.4386235824792,13.8429010693161));
#9938=CARTESIAN_POINT('',(17.0736741274595,57.4386235824792,17.1828097105026));
#9939=CARTESIAN_POINT('',(17.0736741274595,59.4386235824792,17.1828097105026));
#9940=CARTESIAN_POINT('',(17.0736741274595,57.4386235824792,17.1828097105026));
#9941=CARTESIAN_POINT('Ctrl Pts',(17.5648068636656,59.4386235824792,18.7585258483887));
#9942=CARTESIAN_POINT('Ctrl Pts',(17.5648068636656,57.4386235824792,18.7585258483887));
#9943=CARTESIAN_POINT('Ctrl Pts',(17.4300125422379,59.4386235824792,18.5168100806798));
#9944=CARTESIAN_POINT('Ctrl Pts',(17.4300125422379,57.4386235824792,18.5168100806798));
#9945=CARTESIAN_POINT('Ctrl Pts',(17.1563585690368,59.4386235824792,18.0260885167572));
#9946=CARTESIAN_POINT('Ctrl Pts',(17.1563585690368,57.4386235824792,18.0260885167572));
#9947=CARTESIAN_POINT('Ctrl Pts',(17.1015072269486,59.4386235824792,17.4666728226401));
#9948=CARTESIAN_POINT('Ctrl Pts',(17.1015072269486,57.4386235824792,17.4666728226401));
#9949=CARTESIAN_POINT('Ctrl Pts',(17.0736741274595,59.4386235824792,17.1828097105026));
#9950=CARTESIAN_POINT('Ctrl Pts',(17.0736741274595,57.4386235824792,17.1828097105026));
#9951=CARTESIAN_POINT('',(17.5648068636656,59.4386235824792,18.7585258483887));
#9952=CARTESIAN_POINT('Ctrl Pts',(17.5648068636656,59.4386235824792,18.7585258483887));
#9953=CARTESIAN_POINT('Ctrl Pts',(17.4300125422379,59.4386235824792,18.5168100806798));
#9954=CARTESIAN_POINT('Ctrl Pts',(17.1563585690368,59.4386235824792,18.0260885167572));
#9955=CARTESIAN_POINT('Ctrl Pts',(17.1015072269486,59.4386235824792,17.4666728226401));
#9956=CARTESIAN_POINT('Ctrl Pts',(17.0736741274595,59.4386235824792,17.1828097105026));
#9957=CARTESIAN_POINT('',(17.5648068636656,57.4386235824792,18.7585258483887));
#9958=CARTESIAN_POINT('',(17.5648068636656,59.4386235824792,18.7585258483887));
#9959=CARTESIAN_POINT('Ctrl Pts',(17.5648068636656,57.4386235824792,18.7585258483887));
#9960=CARTESIAN_POINT('Ctrl Pts',(17.4300125422379,57.4386235824792,18.5168100806798));
#9961=CARTESIAN_POINT('Ctrl Pts',(17.1563585690368,57.4386235824792,18.0260885167572));
#9962=CARTESIAN_POINT('Ctrl Pts',(17.1015072269486,57.4386235824792,17.4666728226401));
#9963=CARTESIAN_POINT('Ctrl Pts',(17.0736741274595,57.4386235824792,17.1828097105026));
#9964=CARTESIAN_POINT('Ctrl Pts',(18.8710784167051,59.4386235824792,19.8124140501022));
#9965=CARTESIAN_POINT('Ctrl Pts',(18.8710784167051,57.4386235824792,19.8124140501022));
#9966=CARTESIAN_POINT('Ctrl Pts',(18.6065476428723,59.4386235824792,19.6822757524986));
#9967=CARTESIAN_POINT('Ctrl Pts',(18.6065476428723,57.4386235824792,19.6822757524986));
#9968=CARTESIAN_POINT('Ctrl Pts',(18.0914711084373,59.4386235824792,19.4288792105547));
#9969=CARTESIAN_POINT('Ctrl Pts',(18.0914711084373,57.4386235824792,19.4288792105547));
#9970=CARTESIAN_POINT('Ctrl Pts',(17.7371548930316,59.4386235824792,18.9778953652965));
#9971=CARTESIAN_POINT('Ctrl Pts',(17.7371548930316,57.4386235824792,18.9778953652965));
#9972=CARTESIAN_POINT('Ctrl Pts',(17.5648068636656,59.4386235824792,18.7585258483887));
#9973=CARTESIAN_POINT('Ctrl Pts',(17.5648068636656,57.4386235824792,18.7585258483887));
#9974=CARTESIAN_POINT('',(18.8710784167051,59.4386235824792,19.8124140501022));
#9975=CARTESIAN_POINT('Ctrl Pts',(18.8710784167051,59.4386235824792,19.8124140501022));
#9976=CARTESIAN_POINT('Ctrl Pts',(18.6065476428723,59.4386235824792,19.6822757524986));
#9977=CARTESIAN_POINT('Ctrl Pts',(18.0914711084373,59.4386235824792,19.4288792105547));
#9978=CARTESIAN_POINT('Ctrl Pts',(17.7371548930316,59.4386235824792,18.9778953652965));
#9979=CARTESIAN_POINT('Ctrl Pts',(17.5648068636656,59.4386235824792,18.7585258483887));
#9980=CARTESIAN_POINT('',(18.8710784167051,57.4386235824792,19.8124140501022));
#9981=CARTESIAN_POINT('',(18.8710784167051,59.4386235824792,19.8124140501022));
#9982=CARTESIAN_POINT('Ctrl Pts',(18.8710784167051,57.4386235824792,19.8124140501022));
#9983=CARTESIAN_POINT('Ctrl Pts',(18.6065476428723,57.4386235824792,19.6822757524986));
#9984=CARTESIAN_POINT('Ctrl Pts',(18.0914711084373,57.4386235824792,19.4288792105547));
#9985=CARTESIAN_POINT('Ctrl Pts',(17.7371548930316,57.4386235824792,18.9778953652965));
#9986=CARTESIAN_POINT('Ctrl Pts',(17.5648068636656,57.4386235824792,18.7585258483887));
#9987=CARTESIAN_POINT('Ctrl Pts',(20.8321999758482,59.4386235824792,20.1705312728882));
#9988=CARTESIAN_POINT('Ctrl Pts',(20.8321999758482,57.4386235824792,20.1705312728882));
#9989=CARTESIAN_POINT('Ctrl Pts',(20.4800820656173,59.4386235824792,20.158703455698));
#9990=CARTESIAN_POINT('Ctrl Pts',(20.4800820656173,57.4386235824792,20.158703455698));
#9991=CARTESIAN_POINT('Ctrl Pts',(19.8082132800734,59.4386235824792,20.1361350462525));
#9992=CARTESIAN_POINT('Ctrl Pts',(19.8082132800734,57.4386235824792,20.1361350462525));
#9993=CARTESIAN_POINT('Ctrl Pts',(19.1732604978766,59.4386235824792,19.9167989024425));
#9994=CARTESIAN_POINT('Ctrl Pts',(19.1732604978766,57.4386235824792,19.9167989024425));
#9995=CARTESIAN_POINT('Ctrl Pts',(18.8710784167051,59.4386235824792,19.8124140501022));
#9996=CARTESIAN_POINT('Ctrl Pts',(18.8710784167051,57.4386235824792,19.8124140501022));
#9997=CARTESIAN_POINT('',(20.8321999758482,59.4386235824792,20.1705312728882));
#9998=CARTESIAN_POINT('Ctrl Pts',(20.8321999758482,59.4386235824792,20.1705312728882));
#9999=CARTESIAN_POINT('Ctrl Pts',(20.4800820656173,59.4386235824792,20.158703455698));
#10000=CARTESIAN_POINT('Ctrl Pts',(19.8082132800734,59.4386235824792,20.1361350462525));
#10001=CARTESIAN_POINT('Ctrl Pts',(19.1732604978766,59.4386235824792,19.9167989024425));
#10002=CARTESIAN_POINT('Ctrl Pts',(18.8710784167051,59.4386235824792,19.8124140501022));
#10003=CARTESIAN_POINT('',(20.8321999758482,57.4386235824792,20.1705312728882));
#10004=CARTESIAN_POINT('',(20.8321999758482,59.4386235824792,20.1705312728882));
#10005=CARTESIAN_POINT('Ctrl Pts',(20.8321999758482,57.4386235824792,20.1705312728882));
#10006=CARTESIAN_POINT('Ctrl Pts',(20.4800820656173,57.4386235824792,20.158703455698));
#10007=CARTESIAN_POINT('Ctrl Pts',(19.8082132800734,57.4386235824792,20.1361350462525));
#10008=CARTESIAN_POINT('Ctrl Pts',(19.1732604978766,57.4386235824792,19.9167989024425));
#10009=CARTESIAN_POINT('Ctrl Pts',(18.8710784167051,57.4386235824792,19.8124140501022));
#10010=CARTESIAN_POINT('Ctrl Pts',(22.6671218127012,59.4386235824792,19.8294675350189));
#10011=CARTESIAN_POINT('Ctrl Pts',(22.6671218127012,57.4386235824792,19.8294675350189));
#10012=CARTESIAN_POINT('Ctrl Pts',(22.3793322377218,59.4386235824792,19.9289171071039));
#10013=CARTESIAN_POINT('Ctrl Pts',(22.3793322377218,57.4386235824792,19.9289171071039));
#10014=CARTESIAN_POINT('Ctrl Pts',(21.7850287104475,59.4386235824792,20.1342867125881));
#10015=CARTESIAN_POINT('Ctrl Pts',(21.7850287104475,57.4386235824792,20.1342867125881));
#10016=CARTESIAN_POINT('Ctrl Pts',(21.156411381517,59.4386235824792,20.15819862651));
#10017=CARTESIAN_POINT('Ctrl Pts',(21.156411381517,57.4386235824792,20.15819862651));
#10018=CARTESIAN_POINT('Ctrl Pts',(20.8321999758482,59.4386235824792,20.1705312728882));
#10019=CARTESIAN_POINT('Ctrl Pts',(20.8321999758482,57.4386235824792,20.1705312728882));
#10020=CARTESIAN_POINT('',(22.6671218127012,59.4386235824792,19.8294675350189));
#10021=CARTESIAN_POINT('Ctrl Pts',(22.6671218127012,59.4386235824792,19.8294675350189));
#10022=CARTESIAN_POINT('Ctrl Pts',(22.3793322377218,59.4386235824792,19.9289171071039));
#10023=CARTESIAN_POINT('Ctrl Pts',(21.7850287104475,59.4386235824792,20.1342867125881));
#10024=CARTESIAN_POINT('Ctrl Pts',(21.156411381517,59.4386235824792,20.15819862651));
#10025=CARTESIAN_POINT('Ctrl Pts',(20.8321999758482,59.4386235824792,20.1705312728882));
#10026=CARTESIAN_POINT('',(22.6671218127012,57.4386235824792,19.8294675350189));
#10027=CARTESIAN_POINT('',(22.6671218127012,59.4386235824792,19.8294675350189));
#10028=CARTESIAN_POINT('Ctrl Pts',(22.6671218127012,57.4386235824792,19.8294675350189));
#10029=CARTESIAN_POINT('Ctrl Pts',(22.3793322377218,57.4386235824792,19.9289171071039));
#10030=CARTESIAN_POINT('Ctrl Pts',(21.7850287104475,57.4386235824792,20.1342867125881));
#10031=CARTESIAN_POINT('Ctrl Pts',(21.156411381517,57.4386235824792,20.15819862651));
#10032=CARTESIAN_POINT('Ctrl Pts',(20.8321999758482,57.4386235824792,20.1705312728882));
#10033=CARTESIAN_POINT('Ctrl Pts',(23.9222382754087,59.4386235824792,18.830149769783));
#10034=CARTESIAN_POINT('Ctrl Pts',(23.9222382754087,57.4386235824792,18.830149769783));
#10035=CARTESIAN_POINT('Ctrl Pts',(23.7580905319421,59.4386235824792,19.0381309640195));
#10036=CARTESIAN_POINT('Ctrl Pts',(23.7580905319421,57.4386235824792,19.0381309640195));
#10037=CARTESIAN_POINT('Ctrl Pts',(23.4182134379899,59.4386235824792,19.4687676721517));
#10038=CARTESIAN_POINT('Ctrl Pts',(23.4182134379899,57.4386235824792,19.4687676721517));
#10039=CARTESIAN_POINT('Ctrl Pts',(22.9231093878973,59.4386235824792,19.7065335544497));
#10040=CARTESIAN_POINT('Ctrl Pts',(22.9231093878973,57.4386235824792,19.7065335544497));
#10041=CARTESIAN_POINT('Ctrl Pts',(22.6671218127012,59.4386235824792,19.8294675350189));
#10042=CARTESIAN_POINT('Ctrl Pts',(22.6671218127012,57.4386235824792,19.8294675350189));
#10043=CARTESIAN_POINT('',(23.9222382754087,59.4386235824792,18.830149769783));
#10044=CARTESIAN_POINT('Ctrl Pts',(23.9222382754087,59.4386235824792,18.830149769783));
#10045=CARTESIAN_POINT('Ctrl Pts',(23.7580905319421,59.4386235824792,19.0381309640195));
#10046=CARTESIAN_POINT('Ctrl Pts',(23.4182134379899,59.4386235824792,19.4687676721517));
#10047=CARTESIAN_POINT('Ctrl Pts',(22.9231093878973,59.4386235824792,19.7065335544497));
#10048=CARTESIAN_POINT('Ctrl Pts',(22.6671218127012,59.4386235824792,19.8294675350189));
#10049=CARTESIAN_POINT('',(23.9222382754087,57.4386235824792,18.830149769783));
#10050=CARTESIAN_POINT('',(23.9222382754087,59.4386235824792,18.830149769783));
#10051=CARTESIAN_POINT('Ctrl Pts',(23.9222382754087,57.4386235824792,18.830149769783));
#10052=CARTESIAN_POINT('Ctrl Pts',(23.7580905319421,57.4386235824792,19.0381309640195));
#10053=CARTESIAN_POINT('Ctrl Pts',(23.4182134379899,57.4386235824792,19.4687676721517));
#10054=CARTESIAN_POINT('Ctrl Pts',(22.9231093878973,57.4386235824792,19.7065335544497));
#10055=CARTESIAN_POINT('Ctrl Pts',(22.6671218127012,57.4386235824792,19.8294675350189));
#10056=CARTESIAN_POINT('Ctrl Pts',(24.3519829958677,59.4386235824792,17.4147337675095));
#10057=CARTESIAN_POINT('Ctrl Pts',(24.3519829958677,57.4386235824792,17.4147337675095));
#10058=CARTESIAN_POINT('Ctrl Pts',(24.3333743016343,59.4386235824792,17.6640736125822));
#10059=CARTESIAN_POINT('Ctrl Pts',(24.3333743016343,57.4386235824792,17.6640736125822));
#10060=CARTESIAN_POINT('Ctrl Pts',(24.2957812920446,59.4386235824792,18.1677862895352));
#10061=CARTESIAN_POINT('Ctrl Pts',(24.2957812920446,57.4386235824792,18.1677862895352));
#10062=CARTESIAN_POINT('Ctrl Pts',(24.0475792743641,59.4386235824792,18.6078961160178));
#10063=CARTESIAN_POINT('Ctrl Pts',(24.0475792743641,57.4386235824792,18.6078961160178));
#10064=CARTESIAN_POINT('Ctrl Pts',(23.9222382754087,59.4386235824792,18.830149769783));
#10065=CARTESIAN_POINT('Ctrl Pts',(23.9222382754087,57.4386235824792,18.830149769783));
#10066=CARTESIAN_POINT('',(24.3519829958677,59.4386235824792,17.4147337675095));
#10067=CARTESIAN_POINT('Ctrl Pts',(24.3519829958677,59.4386235824792,17.4147337675095));
#10068=CARTESIAN_POINT('Ctrl Pts',(24.3333743016343,59.4386235824792,17.6640736125822));
#10069=CARTESIAN_POINT('Ctrl Pts',(24.2957812920446,59.4386235824792,18.1677862895352));
#10070=CARTESIAN_POINT('Ctrl Pts',(24.0475792743641,59.4386235824792,18.6078961160178));
#10071=CARTESIAN_POINT('Ctrl Pts',(23.9222382754087,59.4386235824792,18.830149769783));
#10072=CARTESIAN_POINT('',(24.3519829958677,57.4386235824792,17.4147337675095));
#10073=CARTESIAN_POINT('',(24.3519829958677,59.4386235824792,17.4147337675095));
#10074=CARTESIAN_POINT('Ctrl Pts',(24.3519829958677,57.4386235824792,17.4147337675095));
#10075=CARTESIAN_POINT('Ctrl Pts',(24.3333743016343,57.4386235824792,17.6640736125822));
#10076=CARTESIAN_POINT('Ctrl Pts',(24.2957812920446,57.4386235824792,18.1677862895352));
#10077=CARTESIAN_POINT('Ctrl Pts',(24.0475792743641,57.4386235824792,18.6078961160178));
#10078=CARTESIAN_POINT('Ctrl Pts',(23.9222382754087,57.4386235824792,18.830149769783));
#10079=CARTESIAN_POINT('Ctrl Pts',(24.0006827563047,59.4386235824792,16.1698496341705));
#10080=CARTESIAN_POINT('Ctrl Pts',(24.0006827563047,57.4386235824792,16.1698496341705));
#10081=CARTESIAN_POINT('Ctrl Pts',(24.1031415102926,59.4386235824792,16.3620880700762));
#10082=CARTESIAN_POINT('Ctrl Pts',(24.1031415102926,57.4386235824792,16.3620880700762));
#10083=CARTESIAN_POINT('Ctrl Pts',(24.3106203463667,59.4386235824792,16.7513706387003));
#10084=CARTESIAN_POINT('Ctrl Pts',(24.3106203463667,57.4386235824792,16.7513706387003));
#10085=CARTESIAN_POINT('Ctrl Pts',(24.3380824394387,59.4386235824792,17.1918003549695));
#10086=CARTESIAN_POINT('Ctrl Pts',(24.3380824394387,57.4386235824792,17.1918003549695));
#10087=CARTESIAN_POINT('Ctrl Pts',(24.3519829958677,59.4386235824792,17.4147337675095));
#10088=CARTESIAN_POINT('Ctrl Pts',(24.3519829958677,57.4386235824792,17.4147337675095));
#10089=CARTESIAN_POINT('',(24.0006827563047,59.4386235824792,16.1698496341705));
#10090=CARTESIAN_POINT('Ctrl Pts',(24.0006827563047,59.4386235824792,16.1698496341705));
#10091=CARTESIAN_POINT('Ctrl Pts',(24.1031415102926,59.4386235824792,16.3620880700762));
#10092=CARTESIAN_POINT('Ctrl Pts',(24.3106203463667,59.4386235824792,16.7513706387003));
#10093=CARTESIAN_POINT('Ctrl Pts',(24.3380824394387,59.4386235824792,17.1918003549695));
#10094=CARTESIAN_POINT('Ctrl Pts',(24.3519829958677,59.4386235824792,17.4147337675095));
#10095=CARTESIAN_POINT('',(24.0006827563047,57.4386235824792,16.1698496341705));
#10096=CARTESIAN_POINT('',(24.0006827563047,59.4386235824792,16.1698496341705));
#10097=CARTESIAN_POINT('Ctrl Pts',(24.0006827563047,57.4386235824792,16.1698496341705));
#10098=CARTESIAN_POINT('Ctrl Pts',(24.1031415102926,57.4386235824792,16.3620880700762));
#10099=CARTESIAN_POINT('Ctrl Pts',(24.3106203463667,57.4386235824792,16.7513706387003));
#10100=CARTESIAN_POINT('Ctrl Pts',(24.3380824394387,57.4386235824792,17.1918003549695));
#10101=CARTESIAN_POINT('Ctrl Pts',(24.3519829958677,57.4386235824792,17.4147337675095));
#10102=CARTESIAN_POINT('Ctrl Pts',(22.9331540316343,59.4386235824792,15.2387446165085));
#10103=CARTESIAN_POINT('Ctrl Pts',(22.9331540316343,57.4386235824792,15.2387446165085));
#10104=CARTESIAN_POINT('Ctrl Pts',(23.1530632873615,59.4386235824792,15.365784902176));
#10105=CARTESIAN_POINT('Ctrl Pts',(23.1530632873615,57.4386235824792,15.365784902176));
#10106=CARTESIAN_POINT('Ctrl Pts',(23.5702770163634,59.4386235824792,15.6068068234296));
#10107=CARTESIAN_POINT('Ctrl Pts',(23.5702770163634,57.4386235824792,15.6068068234296));
#10108=CARTESIAN_POINT('Ctrl Pts',(23.8624916050924,59.4386235824792,15.9890724581767));
#10109=CARTESIAN_POINT('Ctrl Pts',(23.8624916050924,57.4386235824792,15.9890724581767));
#10110=CARTESIAN_POINT('Ctrl Pts',(24.0006827563047,59.4386235824792,16.1698496341705));
#10111=CARTESIAN_POINT('Ctrl Pts',(24.0006827563047,57.4386235824792,16.1698496341705));
#10112=CARTESIAN_POINT('',(22.9331540316343,59.4386235824792,15.2387446165085));
#10113=CARTESIAN_POINT('Ctrl Pts',(22.9331540316343,59.4386235824792,15.2387446165085));
#10114=CARTESIAN_POINT('Ctrl Pts',(23.1530632873615,59.4386235824792,15.365784902176));
#10115=CARTESIAN_POINT('Ctrl Pts',(23.5702770163634,59.4386235824792,15.6068068234296));
#10116=CARTESIAN_POINT('Ctrl Pts',(23.8624916050924,59.4386235824792,15.9890724581767));
#10117=CARTESIAN_POINT('Ctrl Pts',(24.0006827563047,59.4386235824792,16.1698496341705));
#10118=CARTESIAN_POINT('',(22.9331540316343,57.4386235824792,15.2387446165085));
#10119=CARTESIAN_POINT('',(22.9331540316343,59.4386235824792,15.2387446165085));
#10120=CARTESIAN_POINT('Ctrl Pts',(22.9331540316343,57.4386235824792,15.2387446165085));
#10121=CARTESIAN_POINT('Ctrl Pts',(23.1530632873615,57.4386235824792,15.365784902176));
#10122=CARTESIAN_POINT('Ctrl Pts',(23.5702770163634,57.4386235824792,15.6068068234296));
#10123=CARTESIAN_POINT('Ctrl Pts',(23.8624916050924,57.4386235824792,15.9890724581767));
#10124=CARTESIAN_POINT('Ctrl Pts',(24.0006827563047,57.4386235824792,16.1698496341705));
#10125=CARTESIAN_POINT('Ctrl Pts',(21.0027312487364,59.4386235824792,14.6145969629288));
#10126=CARTESIAN_POINT('Ctrl Pts',(21.0027312487364,57.4386235824792,14.6145969629288));
#10127=CARTESIAN_POINT('Ctrl Pts',(21.3975500353625,59.4386235824792,14.7089290233868));
#10128=CARTESIAN_POINT('Ctrl Pts',(21.3975500353625,57.4386235824792,14.7089290233868));
#10129=CARTESIAN_POINT('Ctrl Pts',(22.0578904187964,59.4386235824792,14.866700819165));
#10130=CARTESIAN_POINT('Ctrl Pts',(22.0578904187964,57.4386235824792,14.866700819165));
#10131=CARTESIAN_POINT('Ctrl Pts',(22.6821431930126,59.4386235824792,15.1320487317425));
#10132=CARTESIAN_POINT('Ctrl Pts',(22.6821431930126,57.4386235824792,15.1320487317425));
#10133=CARTESIAN_POINT('Ctrl Pts',(22.9331540316343,59.4386235824792,15.2387446165085));
#10134=CARTESIAN_POINT('Ctrl Pts',(22.9331540316343,57.4386235824792,15.2387446165085));
#10135=CARTESIAN_POINT('',(21.0027312487364,59.4386235824792,14.6145969629288));
#10136=CARTESIAN_POINT('Ctrl Pts',(21.0027312487364,59.4386235824792,14.6145969629288));
#10137=CARTESIAN_POINT('Ctrl Pts',(21.3975500353625,59.4386235824792,14.7089290233868));
#10138=CARTESIAN_POINT('Ctrl Pts',(22.0578904187964,59.4386235824792,14.866700819165));
#10139=CARTESIAN_POINT('Ctrl Pts',(22.6821431930126,59.4386235824792,15.1320487317425));
#10140=CARTESIAN_POINT('Ctrl Pts',(22.9331540316343,59.4386235824792,15.2387446165085));
#10141=CARTESIAN_POINT('',(21.0027312487364,57.4386235824792,14.6145969629288));
#10142=CARTESIAN_POINT('',(21.0027312487364,59.4386235824792,14.6145969629288));
#10143=CARTESIAN_POINT('Ctrl Pts',(21.0027312487364,57.4386235824792,14.6145969629288));
#10144=CARTESIAN_POINT('Ctrl Pts',(21.3975500353625,57.4386235824792,14.7089290233868));
#10145=CARTESIAN_POINT('Ctrl Pts',(22.0578904187964,57.4386235824792,14.866700819165));
#10146=CARTESIAN_POINT('Ctrl Pts',(22.6821431930126,57.4386235824792,15.1320487317425));
#10147=CARTESIAN_POINT('Ctrl Pts',(22.9331540316343,57.4386235824792,15.2387446165085));
#10148=CARTESIAN_POINT('Ctrl Pts',(19.2223786562681,59.4386235824792,14.1268754005432));
#10149=CARTESIAN_POINT('Ctrl Pts',(19.2223786562681,57.4386235824792,14.1268754005432));
#10150=CARTESIAN_POINT('Ctrl Pts',(19.437229356008,59.4386235824792,14.1957542611974));
#10151=CARTESIAN_POINT('Ctrl Pts',(19.437229356008,57.4386235824792,14.1957542611974));
#10152=CARTESIAN_POINT('Ctrl Pts',(20.0235333161681,59.4386235824792,14.383717106195));
#10153=CARTESIAN_POINT('Ctrl Pts',(20.0235333161681,57.4386235824792,14.383717106195));
#10154=CARTESIAN_POINT('Ctrl Pts',(20.622962496454,59.4386235824792,14.5250533148035));
#10155=CARTESIAN_POINT('Ctrl Pts',(20.622962496454,57.4386235824792,14.5250533148035));
#10156=CARTESIAN_POINT('Ctrl Pts',(21.0027312487364,59.4386235824792,14.6145969629288));
#10157=CARTESIAN_POINT('Ctrl Pts',(21.0027312487364,57.4386235824792,14.6145969629288));
#10158=CARTESIAN_POINT('',(19.2223786562681,59.4386235824792,14.1268754005432));
#10159=CARTESIAN_POINT('Ctrl Pts',(19.2223786562681,59.4386235824792,14.1268754005432));
#10160=CARTESIAN_POINT('Ctrl Pts',(19.437229356008,59.4386235824792,14.1957542611974));
#10161=CARTESIAN_POINT('Ctrl Pts',(20.0235333161681,59.4386235824792,14.383717106195));
#10162=CARTESIAN_POINT('Ctrl Pts',(20.622962496454,59.4386235824792,14.5250533148035));
#10163=CARTESIAN_POINT('Ctrl Pts',(21.0027312487364,59.4386235824792,14.6145969629288));
#10164=CARTESIAN_POINT('',(19.2223786562681,57.4386235824792,14.1268754005432));
#10165=CARTESIAN_POINT('',(19.2223786562681,59.4386235824792,14.1268754005432));
#10166=CARTESIAN_POINT('Ctrl Pts',(19.2223786562681,57.4386235824792,14.1268754005432));
#10167=CARTESIAN_POINT('Ctrl Pts',(19.437229356008,57.4386235824792,14.1957542611974));
#10168=CARTESIAN_POINT('Ctrl Pts',(20.0235333161681,57.4386235824792,14.383717106195));
#10169=CARTESIAN_POINT('Ctrl Pts',(20.622962496454,57.4386235824792,14.5250533148035));
#10170=CARTESIAN_POINT('Ctrl Pts',(21.0027312487364,57.4386235824792,14.6145969629288));
#10171=CARTESIAN_POINT('Ctrl Pts',(18.3219670504332,59.4386235824792,13.5368347167969));
#10172=CARTESIAN_POINT('Ctrl Pts',(18.3219670504332,57.4386235824792,13.5368347167969));
#10173=CARTESIAN_POINT('Ctrl Pts',(18.4370448313779,59.4386235824792,13.6525855263202));
#10174=CARTESIAN_POINT('Ctrl Pts',(18.4370448313779,57.4386235824792,13.6525855263202));
#10175=CARTESIAN_POINT('Ctrl Pts',(18.6948349831288,59.4386235824792,13.911883355209));
#10176=CARTESIAN_POINT('Ctrl Pts',(18.6948349831288,57.4386235824792,13.911883355209));
#10177=CARTESIAN_POINT('Ctrl Pts',(19.0343972977068,59.4386235824792,14.0502665834546));
#10178=CARTESIAN_POINT('Ctrl Pts',(19.0343972977068,57.4386235824792,14.0502665834546));
#10179=CARTESIAN_POINT('Ctrl Pts',(19.2223786562681,59.4386235824792,14.1268754005432));
#10180=CARTESIAN_POINT('Ctrl Pts',(19.2223786562681,57.4386235824792,14.1268754005432));
#10181=CARTESIAN_POINT('',(18.3219670504332,59.4386235824792,13.5368347167969));
#10182=CARTESIAN_POINT('Ctrl Pts',(18.3219670504332,59.4386235824792,13.5368347167969));
#10183=CARTESIAN_POINT('Ctrl Pts',(18.4370448313779,59.4386235824792,13.6525855263202));
#10184=CARTESIAN_POINT('Ctrl Pts',(18.6948349831288,59.4386235824792,13.911883355209));
#10185=CARTESIAN_POINT('Ctrl Pts',(19.0343972977068,59.4386235824792,14.0502665834546));
#10186=CARTESIAN_POINT('Ctrl Pts',(19.2223786562681,59.4386235824792,14.1268754005432));
#10187=CARTESIAN_POINT('',(18.3219670504332,57.4386235824792,13.5368347167969));
#10188=CARTESIAN_POINT('',(18.3219670504332,59.4386235824792,13.5368347167969));
#10189=CARTESIAN_POINT('Ctrl Pts',(18.3219670504332,57.4386235824792,13.5368347167969));
#10190=CARTESIAN_POINT('Ctrl Pts',(18.4370448313779,57.4386235824792,13.6525855263202));
#10191=CARTESIAN_POINT('Ctrl Pts',(18.6948349831288,57.4386235824792,13.911883355209));
#10192=CARTESIAN_POINT('Ctrl Pts',(19.0343972977068,57.4386235824792,14.0502665834546));
#10193=CARTESIAN_POINT('Ctrl Pts',(19.2223786562681,57.4386235824792,14.1268754005432));
#10194=CARTESIAN_POINT('Ctrl Pts',(18.0491160601377,59.4386235824792,12.7148699760437));
#10195=CARTESIAN_POINT('Ctrl Pts',(18.0491160601377,57.4386235824792,12.7148699760437));
#10196=CARTESIAN_POINT('Ctrl Pts',(18.0597708794728,59.4386235824792,12.8658577001968));
#10197=CARTESIAN_POINT('Ctrl Pts',(18.0597708794728,57.4386235824792,12.8658577001968));
#10198=CARTESIAN_POINT('Ctrl Pts',(18.0807587931569,59.4386235824792,13.1632740356808));
#10199=CARTESIAN_POINT('Ctrl Pts',(18.0807587931569,57.4386235824792,13.1632740356808));
#10200=CARTESIAN_POINT('Ctrl Pts',(18.2423901837639,59.4386235824792,13.413593544004));
#10201=CARTESIAN_POINT('Ctrl Pts',(18.2423901837639,57.4386235824792,13.413593544004));
#10202=CARTESIAN_POINT('Ctrl Pts',(18.3219670504332,59.4386235824792,13.5368347167969));
#10203=CARTESIAN_POINT('Ctrl Pts',(18.3219670504332,57.4386235824792,13.5368347167969));
#10204=CARTESIAN_POINT('',(18.0491160601377,59.4386235824792,12.7148699760437));
#10205=CARTESIAN_POINT('Ctrl Pts',(18.0491160601377,59.4386235824792,12.7148699760437));
#10206=CARTESIAN_POINT('Ctrl Pts',(18.0597708794728,59.4386235824792,12.8658577001968));
#10207=CARTESIAN_POINT('Ctrl Pts',(18.0807587931569,59.4386235824792,13.1632740356808));
#10208=CARTESIAN_POINT('Ctrl Pts',(18.2423901837639,59.4386235824792,13.413593544004));
#10209=CARTESIAN_POINT('Ctrl Pts',(18.3219670504332,59.4386235824792,13.5368347167969));
#10210=CARTESIAN_POINT('',(18.0491160601377,57.4386235824792,12.7148699760437));
#10211=CARTESIAN_POINT('',(18.0491160601377,59.4386235824792,12.7148699760437));
#10212=CARTESIAN_POINT('Ctrl Pts',(18.0491160601377,57.4386235824792,12.7148699760437));
#10213=CARTESIAN_POINT('Ctrl Pts',(18.0597708794728,57.4386235824792,12.8658577001968));
#10214=CARTESIAN_POINT('Ctrl Pts',(18.0807587931569,57.4386235824792,13.1632740356808));
#10215=CARTESIAN_POINT('Ctrl Pts',(18.2423901837639,57.4386235824792,13.413593544004));
#10216=CARTESIAN_POINT('Ctrl Pts',(18.3219670504332,57.4386235824792,13.5368347167969));
#10217=CARTESIAN_POINT('Ctrl Pts',(18.3321999758482,59.4386235824792,11.85879945755));
#10218=CARTESIAN_POINT('Ctrl Pts',(18.3321999758482,57.4386235824792,11.85879945755));
#10219=CARTESIAN_POINT('Ctrl Pts',(18.2496374698195,59.4386235824792,11.9916335542698));
#10220=CARTESIAN_POINT('Ctrl Pts',(18.2496374698195,57.4386235824792,11.9916335542698));
#10221=CARTESIAN_POINT('Ctrl Pts',(18.0863541829271,59.4386235824792,12.2543386121352));
#10222=CARTESIAN_POINT('Ctrl Pts',(18.0863541829271,57.4386235824792,12.2543386121352));
#10223=CARTESIAN_POINT('Ctrl Pts',(18.0614350775095,59.4386235824792,12.5625182072852));
#10224=CARTESIAN_POINT('Ctrl Pts',(18.0614350775095,57.4386235824792,12.5625182072852));
#10225=CARTESIAN_POINT('Ctrl Pts',(18.0491160601377,59.4386235824792,12.7148699760437));
#10226=CARTESIAN_POINT('Ctrl Pts',(18.0491160601377,57.4386235824792,12.7148699760437));
#10227=CARTESIAN_POINT('',(18.3321999758482,59.4386235824792,11.85879945755));
#10228=CARTESIAN_POINT('Ctrl Pts',(18.3321999758482,59.4386235824792,11.85879945755));
#10229=CARTESIAN_POINT('Ctrl Pts',(18.2496374698195,59.4386235824792,11.9916335542698));
#10230=CARTESIAN_POINT('Ctrl Pts',(18.0863541829271,59.4386235824792,12.2543386121352));
#10231=CARTESIAN_POINT('Ctrl Pts',(18.0614350775095,59.4386235824792,12.5625182072852));
#10232=CARTESIAN_POINT('Ctrl Pts',(18.0491160601377,59.4386235824792,12.7148699760437));
#10233=CARTESIAN_POINT('',(18.3321999758482,57.4386235824792,11.85879945755));
#10234=CARTESIAN_POINT('',(18.3321999758482,59.4386235824792,11.85879945755));
#10235=CARTESIAN_POINT('Ctrl Pts',(18.3321999758482,57.4386235824792,11.85879945755));
#10236=CARTESIAN_POINT('Ctrl Pts',(18.2496374698195,57.4386235824792,11.9916335542698));
#10237=CARTESIAN_POINT('Ctrl Pts',(18.0863541829271,57.4386235824792,12.2543386121352));
#10238=CARTESIAN_POINT('Ctrl Pts',(18.0614350775095,57.4386235824792,12.5625182072852));
#10239=CARTESIAN_POINT('Ctrl Pts',(18.0491160601377,57.4386235824792,12.7148699760437));
#10240=CARTESIAN_POINT('Ctrl Pts',(19.1950892657042,59.4386235824792,11.2414729595184));
#10241=CARTESIAN_POINT('Ctrl Pts',(19.1950892657042,57.4386235824792,11.2414729595184));
#10242=CARTESIAN_POINT('Ctrl Pts',(19.0178857087744,59.4386235824792,11.3185712512799));
#10243=CARTESIAN_POINT('Ctrl Pts',(19.0178857087744,57.4386235824792,11.3185712512799));
#10244=CARTESIAN_POINT('Ctrl Pts',(18.6855733422885,59.4386235824792,11.4631547812677));
#10245=CARTESIAN_POINT('Ctrl Pts',(18.6855733422885,57.4386235824792,11.4631547812677));
#10246=CARTESIAN_POINT('Ctrl Pts',(18.4446516396074,59.4386235824792,11.732896075092));
#10247=CARTESIAN_POINT('Ctrl Pts',(18.4446516396074,57.4386235824792,11.732896075092));
#10248=CARTESIAN_POINT('Ctrl Pts',(18.3321999758482,59.4386235824792,11.85879945755));
#10249=CARTESIAN_POINT('Ctrl Pts',(18.3321999758482,57.4386235824792,11.85879945755));
#10250=CARTESIAN_POINT('',(19.1950892657042,59.4386235824792,11.2414729595184));
#10251=CARTESIAN_POINT('Ctrl Pts',(19.1950892657042,59.4386235824792,11.2414729595184));
#10252=CARTESIAN_POINT('Ctrl Pts',(19.0178857087744,59.4386235824792,11.3185712512799));
#10253=CARTESIAN_POINT('Ctrl Pts',(18.6855733422885,59.4386235824792,11.4631547812677));
#10254=CARTESIAN_POINT('Ctrl Pts',(18.4446516396074,59.4386235824792,11.732896075092));
#10255=CARTESIAN_POINT('Ctrl Pts',(18.3321999758482,59.4386235824792,11.85879945755));
#10256=CARTESIAN_POINT('',(19.1950892657042,57.4386235824792,11.2414729595184));
#10257=CARTESIAN_POINT('',(19.1950892657042,59.4386235824792,11.2414729595184));
#10258=CARTESIAN_POINT('Ctrl Pts',(19.1950892657042,57.4386235824792,11.2414729595184));
#10259=CARTESIAN_POINT('Ctrl Pts',(19.0178857087744,57.4386235824792,11.3185712512799));
#10260=CARTESIAN_POINT('Ctrl Pts',(18.6855733422885,57.4386235824792,11.4631547812677));
#10261=CARTESIAN_POINT('Ctrl Pts',(18.4446516396074,57.4386235824792,11.732896075092));
#10262=CARTESIAN_POINT('Ctrl Pts',(18.3321999758482,57.4386235824792,11.85879945755));
#10263=CARTESIAN_POINT('Ctrl Pts',(20.5320643633604,59.4386235824792,11.0163712501526));
#10264=CARTESIAN_POINT('Ctrl Pts',(20.5320643633604,57.4386235824792,11.0163712501526));
#10265=CARTESIAN_POINT('Ctrl Pts',(20.2924795296675,59.4386235824792,11.0237142370201));
#10266=CARTESIAN_POINT('Ctrl Pts',(20.2924795296675,57.4386235824792,11.0237142370201));
#10267=CARTESIAN_POINT('Ctrl Pts',(19.8362485670103,59.4386235824792,11.0376971670566));
#10268=CARTESIAN_POINT('Ctrl Pts',(19.8362485670103,57.4386235824792,11.0376971670566));
#10269=CARTESIAN_POINT('Ctrl Pts',(19.4015232228221,59.4386235824792,11.1758633003946));
#10270=CARTESIAN_POINT('Ctrl Pts',(19.4015232228221,57.4386235824792,11.1758633003946));
#10271=CARTESIAN_POINT('Ctrl Pts',(19.1950892657042,59.4386235824792,11.2414729595184));
#10272=CARTESIAN_POINT('Ctrl Pts',(19.1950892657042,57.4386235824792,11.2414729595184));
#10273=CARTESIAN_POINT('',(20.5320643633604,59.4386235824792,11.0163712501526));
#10274=CARTESIAN_POINT('Ctrl Pts',(20.5320643633604,59.4386235824792,11.0163712501526));
#10275=CARTESIAN_POINT('Ctrl Pts',(20.2924795296675,59.4386235824792,11.0237142370201));
#10276=CARTESIAN_POINT('Ctrl Pts',(19.8362485670103,59.4386235824792,11.0376971670566));
#10277=CARTESIAN_POINT('Ctrl Pts',(19.4015232228221,59.4386235824792,11.1758633003946));
#10278=CARTESIAN_POINT('Ctrl Pts',(19.1950892657042,59.4386235824792,11.2414729595184));
#10279=CARTESIAN_POINT('',(20.5320643633604,57.4386235824792,11.0163712501526));
#10280=CARTESIAN_POINT('',(20.5320643633604,59.4386235824792,11.0163712501526));
#10281=CARTESIAN_POINT('Ctrl Pts',(20.5320643633604,57.4386235824792,11.0163712501526));
#10282=CARTESIAN_POINT('Ctrl Pts',(20.2924795296675,57.4386235824792,11.0237142370201));
#10283=CARTESIAN_POINT('Ctrl Pts',(19.8362485670103,57.4386235824792,11.0376971670566));
#10284=CARTESIAN_POINT('Ctrl Pts',(19.4015232228221,57.4386235824792,11.1758633003946));
#10285=CARTESIAN_POINT('Ctrl Pts',(19.1950892657042,57.4386235824792,11.2414729595184));
#10286=CARTESIAN_POINT('Ctrl Pts',(22.0668505877256,59.4386235824792,11.3130962848663));
#10287=CARTESIAN_POINT('Ctrl Pts',(22.0668505877256,57.4386235824792,11.3130962848663));
#10288=CARTESIAN_POINT('Ctrl Pts',(21.8276954569008,59.4386235824792,11.2265811625844));
#10289=CARTESIAN_POINT('Ctrl Pts',(21.8276954569008,57.4386235824792,11.2265811625844));
#10290=CARTESIAN_POINT('Ctrl Pts',(21.331953749083,59.4386235824792,11.0472450374334));
#10291=CARTESIAN_POINT('Ctrl Pts',(21.331953749083,57.4386235824792,11.0472450374334));
#10292=CARTESIAN_POINT('Ctrl Pts',(20.8048719708893,59.4386235824792,11.0269009611274));
#10293=CARTESIAN_POINT('Ctrl Pts',(20.8048719708893,57.4386235824792,11.0269009611274));
#10294=CARTESIAN_POINT('Ctrl Pts',(20.5320643633604,59.4386235824792,11.0163712501526));
#10295=CARTESIAN_POINT('Ctrl Pts',(20.5320643633604,57.4386235824792,11.0163712501526));
#10296=CARTESIAN_POINT('',(22.0668505877256,59.4386235824792,11.3130962848663));
#10297=CARTESIAN_POINT('Ctrl Pts',(22.0668505877256,59.4386235824792,11.3130962848663));
#10298=CARTESIAN_POINT('Ctrl Pts',(21.8276954569008,59.4386235824792,11.2265811625844));
#10299=CARTESIAN_POINT('Ctrl Pts',(21.331953749083,59.4386235824792,11.0472450374334));
#10300=CARTESIAN_POINT('Ctrl Pts',(20.8048719708893,59.4386235824792,11.0269009611274));
#10301=CARTESIAN_POINT('Ctrl Pts',(20.5320643633604,59.4386235824792,11.0163712501526));
#10302=CARTESIAN_POINT('',(22.0668505877256,57.4386235824792,11.3130962848663));
#10303=CARTESIAN_POINT('',(22.0668505877256,59.4386235824792,11.3130962848663));
#10304=CARTESIAN_POINT('Ctrl Pts',(22.0668505877256,57.4386235824792,11.3130962848663));
#10305=CARTESIAN_POINT('Ctrl Pts',(21.8276954569008,57.4386235824792,11.2265811625844));
#10306=CARTESIAN_POINT('Ctrl Pts',(21.331953749083,57.4386235824792,11.0472450374334));
#10307=CARTESIAN_POINT('Ctrl Pts',(20.8048719708893,57.4386235824792,11.0269009611274));
#10308=CARTESIAN_POINT('Ctrl Pts',(20.5320643633604,57.4386235824792,11.0163712501526));
#10309=CARTESIAN_POINT('Ctrl Pts',(23.072991296649,59.4386235824792,12.090722322464));
#10310=CARTESIAN_POINT('Ctrl Pts',(23.072991296649,57.4386235824792,12.090722322464));
#10311=CARTESIAN_POINT('Ctrl Pts',(22.943389984889,59.4386235824792,11.9353074267182));
#10312=CARTESIAN_POINT('Ctrl Pts',(22.943389984889,57.4386235824792,11.9353074267182));
#10313=CARTESIAN_POINT('Ctrl Pts',(22.6659395818838,59.4386235824792,11.6025953200882));
#10314=CARTESIAN_POINT('Ctrl Pts',(22.6659395818838,57.4386235824792,11.6025953200882));
#10315=CARTESIAN_POINT('Ctrl Pts',(22.2751150332723,59.4386235824792,11.413736351108));
#10316=CARTESIAN_POINT('Ctrl Pts',(22.2751150332723,57.4386235824792,11.413736351108));
#10317=CARTESIAN_POINT('Ctrl Pts',(22.0668505877256,59.4386235824792,11.3130962848663));
#10318=CARTESIAN_POINT('Ctrl Pts',(22.0668505877256,57.4386235824792,11.3130962848663));
#10319=CARTESIAN_POINT('',(23.072991296649,59.4386235824792,12.090722322464));
#10320=CARTESIAN_POINT('Ctrl Pts',(23.072991296649,59.4386235824792,12.090722322464));
#10321=CARTESIAN_POINT('Ctrl Pts',(22.943389984889,59.4386235824792,11.9353074267182));
#10322=CARTESIAN_POINT('Ctrl Pts',(22.6659395818838,59.4386235824792,11.6025953200882));
#10323=CARTESIAN_POINT('Ctrl Pts',(22.2751150332723,59.4386235824792,11.413736351108));
#10324=CARTESIAN_POINT('Ctrl Pts',(22.0668505877256,59.4386235824792,11.3130962848663));
#10325=CARTESIAN_POINT('',(23.072991296649,57.4386235824792,12.090722322464));
#10326=CARTESIAN_POINT('',(23.072991296649,59.4386235824792,12.090722322464));
#10327=CARTESIAN_POINT('Ctrl Pts',(23.072991296649,57.4386235824792,12.090722322464));
#10328=CARTESIAN_POINT('Ctrl Pts',(22.943389984889,57.4386235824792,11.9353074267182));
#10329=CARTESIAN_POINT('Ctrl Pts',(22.6659395818838,57.4386235824792,11.6025953200882));
#10330=CARTESIAN_POINT('Ctrl Pts',(22.2751150332723,57.4386235824792,11.413736351108));
#10331=CARTESIAN_POINT('Ctrl Pts',(22.0668505877256,57.4386235824792,11.3130962848663));
#10332=CARTESIAN_POINT('Ctrl Pts',(23.485679551959,59.4386235824792,13.3219641447067));
#10333=CARTESIAN_POINT('Ctrl Pts',(23.485679551959,57.4386235824792,13.3219641447067));
#10334=CARTESIAN_POINT('Ctrl Pts',(23.4504663423971,59.4386235824792,13.0894980469185));
#10335=CARTESIAN_POINT('Ctrl Pts',(23.4504663423971,57.4386235824792,13.0894980469185));
#10336=CARTESIAN_POINT('Ctrl Pts',(23.3845607790679,59.4386235824792,12.6544110633603));
#10337=CARTESIAN_POINT('Ctrl Pts',(23.3845607790679,57.4386235824792,12.6544110633603));
#10338=CARTESIAN_POINT('Ctrl Pts',(23.1719872280825,59.4386235824792,12.2698248825427));
#10339=CARTESIAN_POINT('Ctrl Pts',(23.1719872280825,57.4386235824792,12.2698248825427));
#10340=CARTESIAN_POINT('Ctrl Pts',(23.072991296649,59.4386235824792,12.090722322464));
#10341=CARTESIAN_POINT('Ctrl Pts',(23.072991296649,57.4386235824792,12.090722322464));
#10342=CARTESIAN_POINT('',(23.485679551959,59.4386235824792,13.3219641447067));
#10343=CARTESIAN_POINT('Ctrl Pts',(23.485679551959,59.4386235824792,13.3219641447067));
#10344=CARTESIAN_POINT('Ctrl Pts',(23.4504663423971,59.4386235824792,13.0894980469185));
#10345=CARTESIAN_POINT('Ctrl Pts',(23.3845607790679,59.4386235824792,12.6544110633603));
#10346=CARTESIAN_POINT('Ctrl Pts',(23.1719872280825,59.4386235824792,12.2698248825427));
#10347=CARTESIAN_POINT('Ctrl Pts',(23.072991296649,59.4386235824792,12.090722322464));
#10348=CARTESIAN_POINT('',(23.485679551959,57.4386235824792,13.3219641447067));
#10349=CARTESIAN_POINT('',(23.485679551959,59.4386235824792,13.3219641447067));
#10350=CARTESIAN_POINT('Ctrl Pts',(23.485679551959,57.4386235824792,13.3219641447067));
#10351=CARTESIAN_POINT('Ctrl Pts',(23.4504663423971,57.4386235824792,13.0894980469185));
#10352=CARTESIAN_POINT('Ctrl Pts',(23.3845607790679,57.4386235824792,12.6544110633603));
#10353=CARTESIAN_POINT('Ctrl Pts',(23.1719872280825,57.4386235824792,12.2698248825427));
#10354=CARTESIAN_POINT('Ctrl Pts',(23.072991296649,57.4386235824792,12.090722322464));
#10355=CARTESIAN_POINT('Origin',(24.7339724749327,59.4386235824792,13.2128238677979));
#10356=CARTESIAN_POINT('',(24.7339724749327,59.4386235824792,13.2128238677979));
#10357=CARTESIAN_POINT('',(65.1502797407101,59.4386235824792,9.67916050606598));
#10358=CARTESIAN_POINT('',(24.7339724749327,57.4386235824792,13.2128238677979));
#10359=CARTESIAN_POINT('',(24.7339724749327,59.4386235824792,13.2128238677979));
#10360=CARTESIAN_POINT('',(24.7339724749327,57.4386235824792,13.2128238677979));
#10361=CARTESIAN_POINT('Ctrl Pts',(24.1848611086607,59.4386235824792,11.4154160022736));
#10362=CARTESIAN_POINT('Ctrl Pts',(24.1848611086607,57.4386235824792,11.4154160022736));
#10363=CARTESIAN_POINT('Ctrl Pts',(24.338252620778,59.4386235824792,11.6912888849398));
#10364=CARTESIAN_POINT('Ctrl Pts',(24.338252620778,57.4386235824792,11.6912888849398));
#10365=CARTESIAN_POINT('Ctrl Pts',(24.649457078305,59.4386235824792,12.2509865475519));
#10366=CARTESIAN_POINT('Ctrl Pts',(24.649457078305,57.4386235824792,12.2509865475519));
#10367=CARTESIAN_POINT('Ctrl Pts',(24.7055351001343,59.4386235824792,12.8891890099811));
#10368=CARTESIAN_POINT('Ctrl Pts',(24.7055351001343,57.4386235824792,12.8891890099811));
#10369=CARTESIAN_POINT('Ctrl Pts',(24.7339724749327,59.4386235824792,13.2128238677979));
#10370=CARTESIAN_POINT('Ctrl Pts',(24.7339724749327,57.4386235824792,13.2128238677979));
#10371=CARTESIAN_POINT('Ctrl Pts',(24.1848611086607,59.4386235824792,11.4154160022736));
#10372=CARTESIAN_POINT('Ctrl Pts',(24.338252620778,59.4386235824792,11.6912888849398));
#10373=CARTESIAN_POINT('Ctrl Pts',(24.649457078305,59.4386235824792,12.2509865475519));
#10374=CARTESIAN_POINT('Ctrl Pts',(24.7055351001343,59.4386235824792,12.8891890099811));
#10375=CARTESIAN_POINT('Ctrl Pts',(24.7339724749327,59.4386235824792,13.2128238677979));
#10376=CARTESIAN_POINT('Ctrl Pts',(24.1848611086607,57.4386235824792,11.4154160022736));
#10377=CARTESIAN_POINT('Ctrl Pts',(24.338252620778,57.4386235824792,11.6912888849398));
#10378=CARTESIAN_POINT('Ctrl Pts',(24.649457078305,57.4386235824792,12.2509865475519));
#10379=CARTESIAN_POINT('Ctrl Pts',(24.7055351001343,57.4386235824792,12.8891890099811));
#10380=CARTESIAN_POINT('Ctrl Pts',(24.7339724749327,57.4386235824792,13.2128238677979));
#10381=CARTESIAN_POINT('Origin',(48.232582513493,57.4386235824792,13.6152791976929));
#10382=CARTESIAN_POINT('Origin',(9.27693836390972,59.4386235824792,17.2442018985748));
#10383=CARTESIAN_POINT('',(9.27693836390972,59.4386235824792,17.2442018985748));
#10384=CARTESIAN_POINT('',(9.27693836390972,59.4386235824792,10.));
#10385=CARTESIAN_POINT('',(9.27693836390972,59.4386235824792,8.62210094928741));
#10386=CARTESIAN_POINT('',(9.27693836390972,57.4386235824792,17.2442018985748));
#10387=CARTESIAN_POINT('',(9.27693836390972,59.4386235824792,17.2442018985748));
#10388=CARTESIAN_POINT('',(9.27693836390972,57.4386235824792,10.));
#10389=CARTESIAN_POINT('',(9.27693836390972,57.4386235824792,17.2442018985748));
#10390=CARTESIAN_POINT('',(9.27693836390972,59.4386235824792,10.));
#10391=CARTESIAN_POINT('Origin',(10.5047749727964,59.4386235824792,17.2442018985748));
#10392=CARTESIAN_POINT('',(10.5047749727964,59.4386235824792,17.2442018985748));
#10393=CARTESIAN_POINT('',(57.7670255932477,59.4386235824792,17.2442018985748));
#10394=CARTESIAN_POINT('',(10.5047749727964,57.4386235824792,17.2442018985748));
#10395=CARTESIAN_POINT('',(10.5047749727964,59.4386235824792,17.2442018985748));
#10396=CARTESIAN_POINT('',(10.5047749727964,57.4386235824792,17.2442018985748));
#10397=CARTESIAN_POINT('Origin',(10.5047749727964,59.4386235824792,13.3628922700882));
#10398=CARTESIAN_POINT('',(10.5047749727964,59.4386235824792,13.3628922700882));
#10399=CARTESIAN_POINT('',(10.5047749727964,59.4386235824792,6.6814461350441));
#10400=CARTESIAN_POINT('',(10.5047749727964,57.4386235824792,13.3628922700882));
#10401=CARTESIAN_POINT('',(10.5047749727964,59.4386235824792,13.3628922700882));
#10402=CARTESIAN_POINT('',(10.5047749727964,57.4386235824792,13.3628922700882));
#10403=CARTESIAN_POINT('Ctrl Pts',(10.7060002535582,59.4386235824792,11.9474756717682));
#10404=CARTESIAN_POINT('Ctrl Pts',(10.7060002535582,57.4386235824792,11.9474756717682));
#10405=CARTESIAN_POINT('Ctrl Pts',(10.647602640962,59.4386235824792,12.1454549456406));
#10406=CARTESIAN_POINT('Ctrl Pts',(10.647602640962,57.4386235824792,12.1454549456406));
#10407=CARTESIAN_POINT('Ctrl Pts',(10.5115990285637,59.4386235824792,12.6065336649509));
#10408=CARTESIAN_POINT('Ctrl Pts',(10.5115990285637,57.4386235824792,12.6065336649509));
#10409=CARTESIAN_POINT('Ctrl Pts',(10.5072542042555,59.4386235824792,13.0881014254443));
#10410=CARTESIAN_POINT('Ctrl Pts',(10.5072542042555,57.4386235824792,13.0881014254443));
#10411=CARTESIAN_POINT('Ctrl Pts',(10.5047749727964,59.4386235824792,13.3628922700882));
#10412=CARTESIAN_POINT('Ctrl Pts',(10.5047749727964,57.4386235824792,13.3628922700882));
#10413=CARTESIAN_POINT('',(10.7060002535582,59.4386235824792,11.9474756717682));
#10414=CARTESIAN_POINT('Ctrl Pts',(10.7060002535582,59.4386235824792,11.9474756717682));
#10415=CARTESIAN_POINT('Ctrl Pts',(10.647602640962,59.4386235824792,12.1454549456406));
#10416=CARTESIAN_POINT('Ctrl Pts',(10.5115990285637,59.4386235824792,12.6065336649509));
#10417=CARTESIAN_POINT('Ctrl Pts',(10.5072542042555,59.4386235824792,13.0881014254443));
#10418=CARTESIAN_POINT('Ctrl Pts',(10.5047749727964,59.4386235824792,13.3628922700882));
#10419=CARTESIAN_POINT('',(10.7060002535582,57.4386235824792,11.9474756717682));
#10420=CARTESIAN_POINT('',(10.7060002535582,59.4386235824792,11.9474756717682));
#10421=CARTESIAN_POINT('Ctrl Pts',(10.7060002535582,57.4386235824792,11.9474756717682));
#10422=CARTESIAN_POINT('Ctrl Pts',(10.647602640962,57.4386235824792,12.1454549456406));
#10423=CARTESIAN_POINT('Ctrl Pts',(10.5115990285637,57.4386235824792,12.6065336649509));
#10424=CARTESIAN_POINT('Ctrl Pts',(10.5072542042555,57.4386235824792,13.0881014254443));
#10425=CARTESIAN_POINT('Ctrl Pts',(10.5047749727964,57.4386235824792,13.3628922700882));
#10426=CARTESIAN_POINT('Ctrl Pts',(11.3915394991636,59.4386235824792,11.1766707897186));
#10427=CARTESIAN_POINT('Ctrl Pts',(11.3915394991636,57.4386235824792,11.1766707897186));
#10428=CARTESIAN_POINT('Ctrl Pts',(11.2424790691337,59.4386235824792,11.2781686432095));
#10429=CARTESIAN_POINT('Ctrl Pts',(11.2424790691337,57.4386235824792,11.2781686432095));
#10430=CARTESIAN_POINT('Ctrl Pts',(10.9492267384925,59.4386235824792,11.4778492833719));
#10431=CARTESIAN_POINT('Ctrl Pts',(10.9492267384925,57.4386235824792,11.4778492833719));
#10432=CARTESIAN_POINT('Ctrl Pts',(10.7861734199553,59.4386235824792,11.7926757757307));
#10433=CARTESIAN_POINT('Ctrl Pts',(10.7861734199553,57.4386235824792,11.7926757757307));
#10434=CARTESIAN_POINT('Ctrl Pts',(10.7060002535582,59.4386235824792,11.9474756717682));
#10435=CARTESIAN_POINT('Ctrl Pts',(10.7060002535582,57.4386235824792,11.9474756717682));
#10436=CARTESIAN_POINT('',(11.3915394991636,59.4386235824792,11.1766707897186));
#10437=CARTESIAN_POINT('Ctrl Pts',(11.3915394991636,59.4386235824792,11.1766707897186));
#10438=CARTESIAN_POINT('Ctrl Pts',(11.2424790691337,59.4386235824792,11.2781686432095));
#10439=CARTESIAN_POINT('Ctrl Pts',(10.9492267384925,59.4386235824792,11.4778492833719));
#10440=CARTESIAN_POINT('Ctrl Pts',(10.7861734199553,59.4386235824792,11.7926757757307));
#10441=CARTESIAN_POINT('Ctrl Pts',(10.7060002535582,59.4386235824792,11.9474756717682));
#10442=CARTESIAN_POINT('',(11.3915394991636,57.4386235824792,11.1766707897186));
#10443=CARTESIAN_POINT('',(11.3915394991636,59.4386235824792,11.1766707897186));
#10444=CARTESIAN_POINT('Ctrl Pts',(11.3915394991636,57.4386235824792,11.1766707897186));
#10445=CARTESIAN_POINT('Ctrl Pts',(11.2424790691337,57.4386235824792,11.2781686432095));
#10446=CARTESIAN_POINT('Ctrl Pts',(10.9492267384925,57.4386235824792,11.4778492833719));
#10447=CARTESIAN_POINT('Ctrl Pts',(10.7861734199553,57.4386235824792,11.7926757757307));
#10448=CARTESIAN_POINT('Ctrl Pts',(10.7060002535582,57.4386235824792,11.9474756717682));
#10449=CARTESIAN_POINT('Ctrl Pts',(12.4283742159605,59.4386235824792,10.8935880661011));
#10450=CARTESIAN_POINT('Ctrl Pts',(12.4283742159605,57.4386235824792,10.8935880661011));
#10451=CARTESIAN_POINT('Ctrl Pts',(12.2467221795955,59.4386235824792,10.9055710332737));
#10452=CARTESIAN_POINT('Ctrl Pts',(12.2467221795955,57.4386235824792,10.9055710332737));
#10453=CARTESIAN_POINT('Ctrl Pts',(11.8819581817404,59.4386235824792,10.9296332739154));
#10454=CARTESIAN_POINT('Ctrl Pts',(11.8819581817404,57.4386235824792,10.9296332739154));
#10455=CARTESIAN_POINT('Ctrl Pts',(11.5554479995938,59.4386235824792,11.094105524153));
#10456=CARTESIAN_POINT('Ctrl Pts',(11.5554479995938,57.4386235824792,11.094105524153));
#10457=CARTESIAN_POINT('Ctrl Pts',(11.3915394991636,59.4386235824792,11.1766707897186));
#10458=CARTESIAN_POINT('Ctrl Pts',(11.3915394991636,57.4386235824792,11.1766707897186));
#10459=CARTESIAN_POINT('',(12.4283742159605,59.4386235824792,10.8935880661011));
#10460=CARTESIAN_POINT('Ctrl Pts',(12.4283742159605,59.4386235824792,10.8935880661011));
#10461=CARTESIAN_POINT('Ctrl Pts',(12.2467221795955,59.4386235824792,10.9055710332737));
#10462=CARTESIAN_POINT('Ctrl Pts',(11.8819581817404,59.4386235824792,10.9296332739154));
#10463=CARTESIAN_POINT('Ctrl Pts',(11.5554479995938,59.4386235824792,11.094105524153));
#10464=CARTESIAN_POINT('Ctrl Pts',(11.3915394991636,59.4386235824792,11.1766707897186));
#10465=CARTESIAN_POINT('',(12.4283742159605,57.4386235824792,10.8935880661011));
#10466=CARTESIAN_POINT('',(12.4283742159605,59.4386235824792,10.8935880661011));
#10467=CARTESIAN_POINT('Ctrl Pts',(12.4283742159605,57.4386235824792,10.8935880661011));
#10468=CARTESIAN_POINT('Ctrl Pts',(12.2467221795955,57.4386235824792,10.9055710332737));
#10469=CARTESIAN_POINT('Ctrl Pts',(11.8819581817404,57.4386235824792,10.9296332739154));
#10470=CARTESIAN_POINT('Ctrl Pts',(11.5554479995938,57.4386235824792,11.094105524153));
#10471=CARTESIAN_POINT('Ctrl Pts',(11.3915394991636,57.4386235824792,11.1766707897186));
#10472=CARTESIAN_POINT('Ctrl Pts',(13.3560704439878,59.4386235824792,11.1698496341705));
#10473=CARTESIAN_POINT('Ctrl Pts',(13.3560704439878,57.4386235824792,11.1698496341705));
#10474=CARTESIAN_POINT('Ctrl Pts',(13.2197409191859,59.4386235824792,11.0893194730508));
#10475=CARTESIAN_POINT('Ctrl Pts',(13.2197409191859,57.4386235824792,11.0893194730508));
#10476=CARTESIAN_POINT('Ctrl Pts',(12.9339798698796,59.4386235824792,10.9205197697156));
#10477=CARTESIAN_POINT('Ctrl Pts',(12.9339798698796,57.4386235824792,10.9205197697156));
#10478=CARTESIAN_POINT('Ctrl Pts',(12.6019833908635,59.4386235824792,10.9028355711616));
#10479=CARTESIAN_POINT('Ctrl Pts',(12.6019833908635,57.4386235824792,10.9028355711616));
#10480=CARTESIAN_POINT('Ctrl Pts',(12.4283742159605,59.4386235824792,10.8935880661011));
#10481=CARTESIAN_POINT('Ctrl Pts',(12.4283742159605,57.4386235824792,10.8935880661011));
#10482=CARTESIAN_POINT('',(13.3560704439878,59.4386235824792,11.1698496341705));
#10483=CARTESIAN_POINT('Ctrl Pts',(13.3560704439878,59.4386235824792,11.1698496341705));
#10484=CARTESIAN_POINT('Ctrl Pts',(13.2197409191859,59.4386235824792,11.0893194730508));
#10485=CARTESIAN_POINT('Ctrl Pts',(12.9339798698796,59.4386235824792,10.9205197697156));
#10486=CARTESIAN_POINT('Ctrl Pts',(12.6019833908635,59.4386235824792,10.9028355711616));
#10487=CARTESIAN_POINT('Ctrl Pts',(12.4283742159605,59.4386235824792,10.8935880661011));
#10488=CARTESIAN_POINT('',(13.3560704439878,57.4386235824792,11.1698496341705));
#10489=CARTESIAN_POINT('',(13.3560704439878,59.4386235824792,11.1698496341705));
#10490=CARTESIAN_POINT('Ctrl Pts',(13.3560704439878,57.4386235824792,11.1698496341705));
#10491=CARTESIAN_POINT('Ctrl Pts',(13.2197409191859,57.4386235824792,11.0893194730508));
#10492=CARTESIAN_POINT('Ctrl Pts',(12.9339798698796,57.4386235824792,10.9205197697156));
#10493=CARTESIAN_POINT('Ctrl Pts',(12.6019833908635,57.4386235824792,10.9028355711616));
#10494=CARTESIAN_POINT('Ctrl Pts',(12.4283742159605,57.4386235824792,10.8935880661011));
#10495=CARTESIAN_POINT('Ctrl Pts',(13.8472031801939,59.4386235824792,11.9304227828979));
#10496=CARTESIAN_POINT('Ctrl Pts',(13.8472031801939,57.4386235824792,11.9304227828979));
#10497=CARTESIAN_POINT('Ctrl Pts',(13.7989234979081,59.4386235824792,11.7785328605782));
#10498=CARTESIAN_POINT('Ctrl Pts',(13.7989234979081,57.4386235824792,11.7785328605782));
#10499=CARTESIAN_POINT('Ctrl Pts',(13.7040959644402,59.4386235824792,11.4802014298336));
#10500=CARTESIAN_POINT('Ctrl Pts',(13.7040959644402,57.4386235824792,11.4802014298336));
#10501=CARTESIAN_POINT('Ctrl Pts',(13.4706578608404,59.4386235824792,11.2720329755944));
#10502=CARTESIAN_POINT('Ctrl Pts',(13.4706578608404,57.4386235824792,11.2720329755944));
#10503=CARTESIAN_POINT('Ctrl Pts',(13.3560704439878,59.4386235824792,11.1698496341705));
#10504=CARTESIAN_POINT('Ctrl Pts',(13.3560704439878,57.4386235824792,11.1698496341705));
#10505=CARTESIAN_POINT('',(13.8472031801939,59.4386235824792,11.9304227828979));
#10506=CARTESIAN_POINT('Ctrl Pts',(13.8472031801939,59.4386235824792,11.9304227828979));
#10507=CARTESIAN_POINT('Ctrl Pts',(13.7989234979081,59.4386235824792,11.7785328605782));
#10508=CARTESIAN_POINT('Ctrl Pts',(13.7040959644402,59.4386235824792,11.4802014298336));
#10509=CARTESIAN_POINT('Ctrl Pts',(13.4706578608404,59.4386235824792,11.2720329755944));
#10510=CARTESIAN_POINT('Ctrl Pts',(13.3560704439878,59.4386235824792,11.1698496341705));
#10511=CARTESIAN_POINT('',(13.8472031801939,57.4386235824792,11.9304227828979));
#10512=CARTESIAN_POINT('',(13.8472031801939,59.4386235824792,11.9304227828979));
#10513=CARTESIAN_POINT('Ctrl Pts',(13.8472031801939,57.4386235824792,11.9304227828979));
#10514=CARTESIAN_POINT('Ctrl Pts',(13.7989234979081,57.4386235824792,11.7785328605782));
#10515=CARTESIAN_POINT('Ctrl Pts',(13.7040959644402,57.4386235824792,11.4802014298336));
#10516=CARTESIAN_POINT('Ctrl Pts',(13.4706578608404,57.4386235824792,11.2720329755944));
#10517=CARTESIAN_POINT('Ctrl Pts',(13.3560704439878,57.4386235824792,11.1698496341705));
#10518=CARTESIAN_POINT('Ctrl Pts',(13.9222382754087,59.4386235824792,13.2264667749405));
#10519=CARTESIAN_POINT('Ctrl Pts',(13.9222382754087,57.4386235824792,13.2264667749405));
#10520=CARTESIAN_POINT('Ctrl Pts',(13.9235129494484,59.4386235824792,12.9576451058861));
#10521=CARTESIAN_POINT('Ctrl Pts',(13.9235129494484,57.4386235824792,12.9576451058861));
#10522=CARTESIAN_POINT('Ctrl Pts',(13.9255702681535,59.4386235824792,12.5237680276082));
#10523=CARTESIAN_POINT('Ctrl Pts',(13.9255702681535,57.4386235824792,12.5237680276082));
#10524=CARTESIAN_POINT('Ctrl Pts',(13.8687997909017,59.4386235824792,12.0939384448803));
#10525=CARTESIAN_POINT('Ctrl Pts',(13.8687997909017,57.4386235824792,12.0939384448803));
#10526=CARTESIAN_POINT('Ctrl Pts',(13.8472031801939,59.4386235824792,11.9304227828979));
#10527=CARTESIAN_POINT('Ctrl Pts',(13.8472031801939,57.4386235824792,11.9304227828979));
#10528=CARTESIAN_POINT('',(13.9222382754087,59.4386235824792,13.2264667749405));
#10529=CARTESIAN_POINT('Ctrl Pts',(13.9222382754087,59.4386235824792,13.2264667749405));
#10530=CARTESIAN_POINT('Ctrl Pts',(13.9235129494484,59.4386235824792,12.9576451058861));
#10531=CARTESIAN_POINT('Ctrl Pts',(13.9255702681535,59.4386235824792,12.5237680276082));
#10532=CARTESIAN_POINT('Ctrl Pts',(13.8687997909017,59.4386235824792,12.0939384448803));
#10533=CARTESIAN_POINT('Ctrl Pts',(13.8472031801939,59.4386235824792,11.9304227828979));
#10534=CARTESIAN_POINT('',(13.9222382754087,57.4386235824792,13.2264667749405));
#10535=CARTESIAN_POINT('',(13.9222382754087,59.4386235824792,13.2264667749405));
#10536=CARTESIAN_POINT('Ctrl Pts',(13.9222382754087,57.4386235824792,13.2264667749405));
#10537=CARTESIAN_POINT('Ctrl Pts',(13.9235129494484,57.4386235824792,12.9576451058861));
#10538=CARTESIAN_POINT('Ctrl Pts',(13.9255702681535,57.4386235824792,12.5237680276082));
#10539=CARTESIAN_POINT('Ctrl Pts',(13.8687997909017,57.4386235824792,12.0939384448803));
#10540=CARTESIAN_POINT('Ctrl Pts',(13.8472031801939,57.4386235824792,11.9304227828979));
#10541=CARTESIAN_POINT('Origin',(13.9222382754087,59.4386235824792,17.2442018985748));
#10542=CARTESIAN_POINT('',(13.9222382754087,59.4386235824792,17.2442018985748));
#10543=CARTESIAN_POINT('',(13.9222382754087,59.4386235824792,8.62210094928741));
#10544=CARTESIAN_POINT('',(13.9222382754087,57.4386235824792,17.2442018985748));
#10545=CARTESIAN_POINT('',(13.9222382754087,59.4386235824792,17.2442018985748));
#10546=CARTESIAN_POINT('',(13.9222382754087,57.4386235824792,17.2442018985748));
#10547=CARTESIAN_POINT('Origin',(15.1500653475523,59.4386235824792,17.2442018985748));
#10548=CARTESIAN_POINT('',(15.1500653475523,59.4386235824792,17.2442018985748));
#10549=CARTESIAN_POINT('',(60.0896707806257,59.4386235824792,17.2442018985748));
#10550=CARTESIAN_POINT('',(15.1500653475523,57.4386235824792,17.2442018985748));
#10551=CARTESIAN_POINT('',(15.1500653475523,59.4386235824792,17.2442018985748));
#10552=CARTESIAN_POINT('',(15.1500653475523,57.4386235824792,17.2442018985748));
#10553=CARTESIAN_POINT('Origin',(15.1500653475523,59.4386235824792,12.7557981014252));
#10554=CARTESIAN_POINT('',(15.1500653475523,59.4386235824792,12.7557981014252));
#10555=CARTESIAN_POINT('',(15.1500653475523,59.4386235824792,6.37789905071259));
#10556=CARTESIAN_POINT('',(15.1500653475523,57.4386235824792,12.7557981014252));
#10557=CARTESIAN_POINT('',(15.1500653475523,59.4386235824792,12.7557981014252));
#10558=CARTESIAN_POINT('',(15.1500653475523,57.4386235824792,12.7557981014252));
#10559=CARTESIAN_POINT('Ctrl Pts',(15.0750302523375,59.4386235824792,11.609822511673));
#10560=CARTESIAN_POINT('Ctrl Pts',(15.0750302523375,57.4386235824792,11.609822511673));
#10561=CARTESIAN_POINT('Ctrl Pts',(15.0967416263972,59.4386235824792,11.765356870858));
#10562=CARTESIAN_POINT('Ctrl Pts',(15.0967416263972,57.4386235824792,11.765356870858));
#10563=CARTESIAN_POINT('Ctrl Pts',(15.1497756881221,59.4386235824792,12.1452784171709));
#10564=CARTESIAN_POINT('Ctrl Pts',(15.1497756881221,57.4386235824792,12.1452784171709));
#10565=CARTESIAN_POINT('Ctrl Pts',(15.1499577934807,59.4386235824792,12.5291047126734));
#10566=CARTESIAN_POINT('Ctrl Pts',(15.1499577934807,57.4386235824792,12.5291047126734));
#10567=CARTESIAN_POINT('Ctrl Pts',(15.1500653475523,59.4386235824792,12.7557981014252));
#10568=CARTESIAN_POINT('Ctrl Pts',(15.1500653475523,57.4386235824792,12.7557981014252));
#10569=CARTESIAN_POINT('',(15.0750302523375,59.4386235824792,11.609822511673));
#10570=CARTESIAN_POINT('Ctrl Pts',(15.0750302523375,59.4386235824792,11.609822511673));
#10571=CARTESIAN_POINT('Ctrl Pts',(15.0967416263972,59.4386235824792,11.765356870858));
#10572=CARTESIAN_POINT('Ctrl Pts',(15.1497756881221,59.4386235824792,12.1452784171709));
#10573=CARTESIAN_POINT('Ctrl Pts',(15.1499577934807,59.4386235824792,12.5291047126734));
#10574=CARTESIAN_POINT('Ctrl Pts',(15.1500653475523,59.4386235824792,12.7557981014252));
#10575=CARTESIAN_POINT('',(15.0750302523375,57.4386235824792,11.609822511673));
#10576=CARTESIAN_POINT('',(15.0750302523375,59.4386235824792,11.609822511673));
#10577=CARTESIAN_POINT('Ctrl Pts',(15.0750302523375,57.4386235824792,11.609822511673));
#10578=CARTESIAN_POINT('Ctrl Pts',(15.0967416263972,57.4386235824792,11.765356870858));
#10579=CARTESIAN_POINT('Ctrl Pts',(15.1497756881221,57.4386235824792,12.1452784171709));
#10580=CARTESIAN_POINT('Ctrl Pts',(15.1499577934807,57.4386235824792,12.5291047126734));
#10581=CARTESIAN_POINT('Ctrl Pts',(15.1500653475523,57.4386235824792,12.7557981014252));
#10582=CARTESIAN_POINT('Ctrl Pts',(14.6964501589537,59.4386235824792,10.6991815567017));
#10583=CARTESIAN_POINT('Ctrl Pts',(14.6964501589537,57.4386235824792,10.6991815567017));
#10584=CARTESIAN_POINT('Ctrl Pts',(14.7803289064313,59.4386235824792,10.8338988678224));
#10585=CARTESIAN_POINT('Ctrl Pts',(14.7803289064313,57.4386235824792,10.8338988678224));
#10586=CARTESIAN_POINT('Ctrl Pts',(14.9562670584788,59.4386235824792,11.1164724097523));
#10587=CARTESIAN_POINT('Ctrl Pts',(14.9562670584788,57.4386235824792,11.1164724097523));
#10588=CARTESIAN_POINT('Ctrl Pts',(15.0342341008746,59.4386235824792,11.4403526209749));
#10589=CARTESIAN_POINT('Ctrl Pts',(15.0342341008746,57.4386235824792,11.4403526209749));
#10590=CARTESIAN_POINT('Ctrl Pts',(15.0750302523375,59.4386235824792,11.609822511673));
#10591=CARTESIAN_POINT('Ctrl Pts',(15.0750302523375,57.4386235824792,11.609822511673));
#10592=CARTESIAN_POINT('',(14.6964501589537,59.4386235824792,10.6991815567017));
#10593=CARTESIAN_POINT('Ctrl Pts',(14.6964501589537,59.4386235824792,10.6991815567017));
#10594=CARTESIAN_POINT('Ctrl Pts',(14.7803289064313,59.4386235824792,10.8338988678224));
#10595=CARTESIAN_POINT('Ctrl Pts',(14.9562670584788,59.4386235824792,11.1164724097523));
#10596=CARTESIAN_POINT('Ctrl Pts',(15.0342341008746,59.4386235824792,11.4403526209749));
#10597=CARTESIAN_POINT('Ctrl Pts',(15.0750302523375,59.4386235824792,11.609822511673));
#10598=CARTESIAN_POINT('',(14.6964501589537,57.4386235824792,10.6991815567017));
#10599=CARTESIAN_POINT('',(14.6964501589537,59.4386235824792,10.6991815567017));
#10600=CARTESIAN_POINT('Ctrl Pts',(14.6964501589537,57.4386235824792,10.6991815567017));
#10601=CARTESIAN_POINT('Ctrl Pts',(14.7803289064313,57.4386235824792,10.8338988678224));
#10602=CARTESIAN_POINT('Ctrl Pts',(14.9562670584788,57.4386235824792,11.1164724097523));
#10603=CARTESIAN_POINT('Ctrl Pts',(15.0342341008746,57.4386235824792,11.4403526209749));
#10604=CARTESIAN_POINT('Ctrl Pts',(15.0750302523375,57.4386235824792,11.609822511673));
#10605=CARTESIAN_POINT('Ctrl Pts',(13.8710736483335,59.4386235824792,10.08185505867));
#10606=CARTESIAN_POINT('Ctrl Pts',(13.8710736483335,57.4386235824792,10.08185505867));
#10607=CARTESIAN_POINT('Ctrl Pts',(14.0404957717406,59.4386235824792,10.1637661301635));
#10608=CARTESIAN_POINT('Ctrl Pts',(14.0404957717406,57.4386235824792,10.1637661301635));
#10609=CARTESIAN_POINT('Ctrl Pts',(14.3561864092483,59.4386235824792,10.316394121471));
#10610=CARTESIAN_POINT('Ctrl Pts',(14.3561864092483,57.4386235824792,10.316394121471));
#10611=CARTESIAN_POINT('Ctrl Pts',(14.5887136352839,59.4386235824792,10.5779809068766));
#10612=CARTESIAN_POINT('Ctrl Pts',(14.5887136352839,57.4386235824792,10.5779809068766));
#10613=CARTESIAN_POINT('Ctrl Pts',(14.6964501589537,59.4386235824792,10.6991815567017));
#10614=CARTESIAN_POINT('Ctrl Pts',(14.6964501589537,57.4386235824792,10.6991815567017));
#10615=CARTESIAN_POINT('',(13.8710736483335,59.4386235824792,10.08185505867));
#10616=CARTESIAN_POINT('Ctrl Pts',(13.8710736483335,59.4386235824792,10.08185505867));
#10617=CARTESIAN_POINT('Ctrl Pts',(14.0404957717406,59.4386235824792,10.1637661301635));
#10618=CARTESIAN_POINT('Ctrl Pts',(14.3561864092483,59.4386235824792,10.316394121471));
#10619=CARTESIAN_POINT('Ctrl Pts',(14.5887136352839,59.4386235824792,10.5779809068766));
#10620=CARTESIAN_POINT('Ctrl Pts',(14.6964501589537,59.4386235824792,10.6991815567017));
#10621=CARTESIAN_POINT('',(13.8710736483335,57.4386235824792,10.08185505867));
#10622=CARTESIAN_POINT('',(13.8710736483335,59.4386235824792,10.08185505867));
#10623=CARTESIAN_POINT('Ctrl Pts',(13.8710736483335,57.4386235824792,10.08185505867));
#10624=CARTESIAN_POINT('Ctrl Pts',(14.0404957717406,57.4386235824792,10.1637661301635));
#10625=CARTESIAN_POINT('Ctrl Pts',(14.3561864092483,57.4386235824792,10.316394121471));
#10626=CARTESIAN_POINT('Ctrl Pts',(14.5887136352839,57.4386235824792,10.5779809068766));
#10627=CARTESIAN_POINT('Ctrl Pts',(14.6964501589537,57.4386235824792,10.6991815567017));
#10628=CARTESIAN_POINT('Ctrl Pts',(12.6739358156919,59.4386235824792,9.83628869056702));
#10629=CARTESIAN_POINT('Ctrl Pts',(12.6739358156919,57.4386235824792,9.83628869056702));
#10630=CARTESIAN_POINT('Ctrl Pts',(12.8827958203417,59.4386235824792,9.84594307184709));
#10631=CARTESIAN_POINT('Ctrl Pts',(12.8827958203417,57.4386235824792,9.84594307184709));
#10632=CARTESIAN_POINT('Ctrl Pts',(13.2948212529848,59.4386235824792,9.86498860730275));
#10633=CARTESIAN_POINT('Ctrl Pts',(13.2948212529848,57.4386235824792,9.86498860730275));
#10634=CARTESIAN_POINT('Ctrl Pts',(13.6807675628171,59.4386235824792,10.0102353903221));
#10635=CARTESIAN_POINT('Ctrl Pts',(13.6807675628171,57.4386235824792,10.0102353903221));
#10636=CARTESIAN_POINT('Ctrl Pts',(13.8710736483335,59.4386235824792,10.08185505867));
#10637=CARTESIAN_POINT('Ctrl Pts',(13.8710736483335,57.4386235824792,10.08185505867));
#10638=CARTESIAN_POINT('',(12.6739358156919,59.4386235824792,9.83628869056702));
#10639=CARTESIAN_POINT('Ctrl Pts',(12.6739358156919,59.4386235824792,9.83628869056702));
#10640=CARTESIAN_POINT('Ctrl Pts',(12.8827958203417,59.4386235824792,9.84594307184709));
#10641=CARTESIAN_POINT('Ctrl Pts',(13.2948212529848,59.4386235824792,9.86498860730275));
#10642=CARTESIAN_POINT('Ctrl Pts',(13.6807675628171,59.4386235824792,10.0102353903221));
#10643=CARTESIAN_POINT('Ctrl Pts',(13.8710736483335,59.4386235824792,10.08185505867));
#10644=CARTESIAN_POINT('',(12.6739358156919,57.4386235824792,9.83628869056702));
#10645=CARTESIAN_POINT('',(12.6739358156919,59.4386235824792,9.83628869056702));
#10646=CARTESIAN_POINT('Ctrl Pts',(12.6739358156919,57.4386235824792,9.83628869056702));
#10647=CARTESIAN_POINT('Ctrl Pts',(12.8827958203417,57.4386235824792,9.84594307184709));
#10648=CARTESIAN_POINT('Ctrl Pts',(13.2948212529848,57.4386235824792,9.86498860730275));
#10649=CARTESIAN_POINT('Ctrl Pts',(13.6807675628171,57.4386235824792,10.0102353903221));
#10650=CARTESIAN_POINT('Ctrl Pts',(13.8710736483335,57.4386235824792,10.08185505867));
#10651=CARTESIAN_POINT('Ctrl Pts',(10.3751706331968,59.4386235824792,11.0641205310822));
#10652=CARTESIAN_POINT('Ctrl Pts',(10.3751706331968,57.4386235824792,11.0641205310822));
#10653=CARTESIAN_POINT('Ctrl Pts',(10.6805179446564,59.4386235824792,10.7060090467252));
#10654=CARTESIAN_POINT('Ctrl Pts',(10.6805179446564,57.4386235824792,10.7060090467252));
#10655=CARTESIAN_POINT('Ctrl Pts',(11.2865377805905,59.4386235824792,9.99526867059824));
#10656=CARTESIAN_POINT('Ctrl Pts',(11.2865377805905,57.4386235824792,9.99526867059824));
#10657=CARTESIAN_POINT('Ctrl Pts',(12.21385421814,59.4386235824792,9.88900879059671));
#10658=CARTESIAN_POINT('Ctrl Pts',(12.21385421814,57.4386235824792,9.88900879059671));
#10659=CARTESIAN_POINT('Ctrl Pts',(12.6739358156919,59.4386235824792,9.83628869056702));
#10660=CARTESIAN_POINT('Ctrl Pts',(12.6739358156919,57.4386235824792,9.83628869056702));
#10661=CARTESIAN_POINT('',(10.3751706331968,59.4386235824792,11.0641205310822));
#10662=CARTESIAN_POINT('Ctrl Pts',(10.3751706331968,59.4386235824792,11.0641205310822));
#10663=CARTESIAN_POINT('Ctrl Pts',(10.6805179446564,59.4386235824792,10.7060090467252));
#10664=CARTESIAN_POINT('Ctrl Pts',(11.2865377805905,59.4386235824792,9.99526867059824));
#10665=CARTESIAN_POINT('Ctrl Pts',(12.21385421814,59.4386235824792,9.88900879059671));
#10666=CARTESIAN_POINT('Ctrl Pts',(12.6739358156919,59.4386235824792,9.83628869056702));
#10667=CARTESIAN_POINT('',(10.3751706331968,57.4386235824792,11.0641205310822));
#10668=CARTESIAN_POINT('',(10.3751706331968,59.4386235824792,11.0641205310822));
#10669=CARTESIAN_POINT('Ctrl Pts',(10.3751706331968,57.4386235824792,11.0641205310822));
#10670=CARTESIAN_POINT('Ctrl Pts',(10.6805179446564,57.4386235824792,10.7060090467252));
#10671=CARTESIAN_POINT('Ctrl Pts',(11.2865377805905,57.4386235824792,9.99526867059824));
#10672=CARTESIAN_POINT('Ctrl Pts',(12.21385421814,57.4386235824792,9.88900879059671));
#10673=CARTESIAN_POINT('Ctrl Pts',(12.6739358156919,57.4386235824792,9.83628869056702));
#10674=CARTESIAN_POINT('Origin',(10.3751706331968,59.4386235824792,10.));
#10675=CARTESIAN_POINT('',(10.3751706331968,59.4386235824792,10.));
#10676=CARTESIAN_POINT('',(10.3751706331968,59.4386235824792,5.));
#10677=CARTESIAN_POINT('',(10.3751706331968,57.4386235824792,10.));
#10678=CARTESIAN_POINT('',(10.3751706331968,59.4386235824792,10.));
#10679=CARTESIAN_POINT('',(10.3751706331968,57.4386235824792,10.));
#10680=CARTESIAN_POINT('Origin',(9.27693836390972,59.4386235824792,10.));
#10681=CARTESIAN_POINT('',(57.1531072888044,59.4386235824792,10.));
#10682=CARTESIAN_POINT('',(9.27693836390972,57.4386235824792,10.));
#10683=CARTESIAN_POINT('Origin',(48.232582513493,57.4386235824792,13.6152791976929));
#10684=CARTESIAN_POINT('Ctrl Pts',(33.1036853045225,59.4386235824792,16.3983631134033));
#10685=CARTESIAN_POINT('Ctrl Pts',(33.1036853045225,57.4386235824792,16.3983631134033));
#10686=CARTESIAN_POINT('Ctrl Pts',(33.3731363902586,59.4386235824792,16.3760074486581));
#10687=CARTESIAN_POINT('Ctrl Pts',(33.3731363902586,57.4386235824792,16.3760074486581));
#10688=CARTESIAN_POINT('Ctrl Pts',(33.905209313274,59.4386235824792,16.3318627243775));
#10689=CARTESIAN_POINT('Ctrl Pts',(33.905209313274,57.4386235824792,16.3318627243775));
#10690=CARTESIAN_POINT('Ctrl Pts',(34.3207969204425,59.4386235824792,15.9973205886878));
#10691=CARTESIAN_POINT('Ctrl Pts',(34.3207969204425,57.4386235824792,15.9973205886878));
#10692=CARTESIAN_POINT('Ctrl Pts',(34.5259236544371,59.4386235824792,15.8321964740753));
#10693=CARTESIAN_POINT('Ctrl Pts',(34.5259236544371,57.4386235824792,15.8321964740753));
#10694=CARTESIAN_POINT('',(33.1036853045225,59.4386235824792,16.3983631134033));
#10695=CARTESIAN_POINT('',(34.5259236544371,59.4386235824792,15.8321964740753));
#10696=CARTESIAN_POINT('Ctrl Pts',(33.1036853045225,59.4386235824792,16.3983631134033));
#10697=CARTESIAN_POINT('Ctrl Pts',(33.3731363902586,59.4386235824792,16.3760074486581));
#10698=CARTESIAN_POINT('Ctrl Pts',(33.905209313274,59.4386235824792,16.3318627243775));
#10699=CARTESIAN_POINT('Ctrl Pts',(34.3207969204425,59.4386235824792,15.9973205886878));
#10700=CARTESIAN_POINT('Ctrl Pts',(34.5259236544371,59.4386235824792,15.8321964740753));
#10701=CARTESIAN_POINT('',(33.1036853045225,57.4386235824792,16.3983631134033));
#10702=CARTESIAN_POINT('',(33.1036853045225,59.4386235824792,16.3983631134033));
#10703=CARTESIAN_POINT('',(34.5259236544371,57.4386235824792,15.8321964740753));
#10704=CARTESIAN_POINT('Ctrl Pts',(33.1036853045225,57.4386235824792,16.3983631134033));
#10705=CARTESIAN_POINT('Ctrl Pts',(33.3731363902586,57.4386235824792,16.3760074486581));
#10706=CARTESIAN_POINT('Ctrl Pts',(33.905209313274,57.4386235824792,16.3318627243775));
#10707=CARTESIAN_POINT('Ctrl Pts',(34.3207969204425,57.4386235824792,15.9973205886878));
#10708=CARTESIAN_POINT('Ctrl Pts',(34.5259236544371,57.4386235824792,15.8321964740753));
#10709=CARTESIAN_POINT('',(34.5259236544371,59.4386235824792,15.8321964740753));
#10710=CARTESIAN_POINT('Ctrl Pts',(31.5825366228819,59.4386235824792,15.6889498233795));
#10711=CARTESIAN_POINT('Ctrl Pts',(31.5825366228819,57.4386235824792,15.6889498233795));
#10712=CARTESIAN_POINT('Ctrl Pts',(31.7932496304613,59.4386235824792,15.895860766604));
#10713=CARTESIAN_POINT('Ctrl Pts',(31.7932496304613,57.4386235824792,15.895860766604));
#10714=CARTESIAN_POINT('Ctrl Pts',(32.2165201615228,59.4386235824792,16.3114938868708));
#10715=CARTESIAN_POINT('Ctrl Pts',(32.2165201615228,57.4386235824792,16.3114938868708));
#10716=CARTESIAN_POINT('Ctrl Pts',(32.8071057113949,59.4386235824792,16.3693227029864));
#10717=CARTESIAN_POINT('Ctrl Pts',(32.8071057113949,57.4386235824792,16.3693227029864));
#10718=CARTESIAN_POINT('Ctrl Pts',(33.1036853045225,59.4386235824792,16.3983631134033));
#10719=CARTESIAN_POINT('Ctrl Pts',(33.1036853045225,57.4386235824792,16.3983631134033));
#10720=CARTESIAN_POINT('',(31.5825366228819,59.4386235824792,15.6889498233795));
#10721=CARTESIAN_POINT('Ctrl Pts',(31.5825366228819,59.4386235824792,15.6889498233795));
#10722=CARTESIAN_POINT('Ctrl Pts',(31.7932496304613,59.4386235824792,15.895860766604));
#10723=CARTESIAN_POINT('Ctrl Pts',(32.2165201615228,59.4386235824792,16.3114938868708));
#10724=CARTESIAN_POINT('Ctrl Pts',(32.8071057113949,59.4386235824792,16.3693227029864));
#10725=CARTESIAN_POINT('Ctrl Pts',(33.1036853045225,59.4386235824792,16.3983631134033));
#10726=CARTESIAN_POINT('',(31.5825366228819,57.4386235824792,15.6889498233795));
#10727=CARTESIAN_POINT('',(31.5825366228819,59.4386235824792,15.6889498233795));
#10728=CARTESIAN_POINT('Ctrl Pts',(31.5825366228819,57.4386235824792,15.6889498233795));
#10729=CARTESIAN_POINT('Ctrl Pts',(31.7932496304613,57.4386235824792,15.895860766604));
#10730=CARTESIAN_POINT('Ctrl Pts',(32.2165201615228,57.4386235824792,16.3114938868708));
#10731=CARTESIAN_POINT('Ctrl Pts',(32.8071057113949,57.4386235824792,16.3693227029864));
#10732=CARTESIAN_POINT('Ctrl Pts',(33.1036853045225,57.4386235824792,16.3983631134033));
#10733=CARTESIAN_POINT('Ctrl Pts',(31.1186932772398,59.4386235824792,14.317871928215));
#10734=CARTESIAN_POINT('Ctrl Pts',(31.1186932772398,57.4386235824792,14.317871928215));
#10735=CARTESIAN_POINT('Ctrl Pts',(31.1497464422589,59.4386235824792,14.5920656204994));
#10736=CARTESIAN_POINT('Ctrl Pts',(31.1497464422589,57.4386235824792,14.5920656204994));
#10737=CARTESIAN_POINT('Ctrl Pts',(31.2055085856285,59.4386235824792,15.0844350125027));
#10738=CARTESIAN_POINT('Ctrl Pts',(31.2055085856285,57.4386235824792,15.0844350125027));
#10739=CARTESIAN_POINT('Ctrl Pts',(31.4667686627627,59.4386235824792,15.5033311435941));
#10740=CARTESIAN_POINT('Ctrl Pts',(31.4667686627627,57.4386235824792,15.5033311435941));
#10741=CARTESIAN_POINT('Ctrl Pts',(31.5825366228819,59.4386235824792,15.6889498233795));
#10742=CARTESIAN_POINT('Ctrl Pts',(31.5825366228819,57.4386235824792,15.6889498233795));
#10743=CARTESIAN_POINT('',(31.1186932772398,59.4386235824792,14.317871928215));
#10744=CARTESIAN_POINT('Ctrl Pts',(31.1186932772398,59.4386235824792,14.317871928215));
#10745=CARTESIAN_POINT('Ctrl Pts',(31.1497464422589,59.4386235824792,14.5920656204994));
#10746=CARTESIAN_POINT('Ctrl Pts',(31.2055085856285,59.4386235824792,15.0844350125027));
#10747=CARTESIAN_POINT('Ctrl Pts',(31.4667686627627,59.4386235824792,15.5033311435941));
#10748=CARTESIAN_POINT('Ctrl Pts',(31.5825366228819,59.4386235824792,15.6889498233795));
#10749=CARTESIAN_POINT('',(31.1186932772398,57.4386235824792,14.317871928215));
#10750=CARTESIAN_POINT('',(31.1186932772398,59.4386235824792,14.317871928215));
#10751=CARTESIAN_POINT('Ctrl Pts',(31.1186932772398,57.4386235824792,14.317871928215));
#10752=CARTESIAN_POINT('Ctrl Pts',(31.1497464422589,57.4386235824792,14.5920656204994));
#10753=CARTESIAN_POINT('Ctrl Pts',(31.2055085856285,57.4386235824792,15.0844350125027));
#10754=CARTESIAN_POINT('Ctrl Pts',(31.4667686627627,57.4386235824792,15.5033311435941));
#10755=CARTESIAN_POINT('Ctrl Pts',(31.5825366228819,57.4386235824792,15.6889498233795));
#10756=CARTESIAN_POINT('Origin',(35.1637124270201,59.4386235824792,14.317871928215));
#10757=CARTESIAN_POINT('',(35.1637124270201,59.4386235824792,14.317871928215));
#10758=CARTESIAN_POINT('',(70.0964943203595,59.4386235824792,14.317871928215));
#10759=CARTESIAN_POINT('',(35.1637124270201,57.4386235824792,14.317871928215));
#10760=CARTESIAN_POINT('',(35.1637124270201,59.4386235824792,14.317871928215));
#10761=CARTESIAN_POINT('',(35.1637124270201,57.4386235824792,14.317871928215));
#10762=CARTESIAN_POINT('Ctrl Pts',(34.5259236544371,59.4386235824792,15.8321964740753));
#10763=CARTESIAN_POINT('Ctrl Pts',(34.5259236544371,57.4386235824792,15.8321964740753));
#10764=CARTESIAN_POINT('Ctrl Pts',(34.6969332748314,59.4386235824792,15.6210394104664));
#10765=CARTESIAN_POINT('Ctrl Pts',(34.6969332748314,57.4386235824792,15.6210394104664));
#10766=CARTESIAN_POINT('Ctrl Pts',(35.0549513834746,59.4386235824792,15.1789704065964));
#10767=CARTESIAN_POINT('Ctrl Pts',(35.0549513834746,57.4386235824792,15.1789704065964));
#10768=CARTESIAN_POINT('Ctrl Pts',(35.126394544829,59.4386235824792,14.6133303986709));
#10769=CARTESIAN_POINT('Ctrl Pts',(35.126394544829,57.4386235824792,14.6133303986709));
#10770=CARTESIAN_POINT('Ctrl Pts',(35.1637124270201,59.4386235824792,14.317871928215));
#10771=CARTESIAN_POINT('Ctrl Pts',(35.1637124270201,57.4386235824792,14.317871928215));
#10772=CARTESIAN_POINT('Ctrl Pts',(34.5259236544371,59.4386235824792,15.8321964740753));
#10773=CARTESIAN_POINT('Ctrl Pts',(34.6969332748314,59.4386235824792,15.6210394104664));
#10774=CARTESIAN_POINT('Ctrl Pts',(35.0549513834746,59.4386235824792,15.1789704065964));
#10775=CARTESIAN_POINT('Ctrl Pts',(35.126394544829,59.4386235824792,14.6133303986709));
#10776=CARTESIAN_POINT('Ctrl Pts',(35.1637124270201,59.4386235824792,14.317871928215));
#10777=CARTESIAN_POINT('Ctrl Pts',(34.5259236544371,57.4386235824792,15.8321964740753));
#10778=CARTESIAN_POINT('Ctrl Pts',(34.6969332748314,57.4386235824792,15.6210394104664));
#10779=CARTESIAN_POINT('Ctrl Pts',(35.0549513834746,57.4386235824792,15.1789704065964));
#10780=CARTESIAN_POINT('Ctrl Pts',(35.126394544829,57.4386235824792,14.6133303986709));
#10781=CARTESIAN_POINT('Ctrl Pts',(35.1637124270201,57.4386235824792,14.317871928215));
#10782=CARTESIAN_POINT('Ctrl Pts',(33.0422925204039,59.4386235824792,10.8458387851715));
#10783=CARTESIAN_POINT('Ctrl Pts',(33.0422925204039,57.4386235824792,10.8458387851715));
#10784=CARTESIAN_POINT('Ctrl Pts',(32.8283672949984,59.4386235824792,10.8584888040823));
#10785=CARTESIAN_POINT('Ctrl Pts',(32.8283672949984,57.4386235824792,10.8584888040823));
#10786=CARTESIAN_POINT('Ctrl Pts',(32.4146686865668,59.4386235824792,10.8829520024269));
#10787=CARTESIAN_POINT('Ctrl Pts',(32.4146686865668,57.4386235824792,10.8829520024269));
#10788=CARTESIAN_POINT('Ctrl Pts',(32.060515105501,59.4386235824792,11.0971234846184));
#10789=CARTESIAN_POINT('Ctrl Pts',(32.060515105501,57.4386235824792,11.0971234846184));
#10790=CARTESIAN_POINT('Ctrl Pts',(31.8894957751036,59.4386235824792,11.2005460262299));
#10791=CARTESIAN_POINT('Ctrl Pts',(31.8894957751036,57.4386235824792,11.2005460262299));
#10792=CARTESIAN_POINT('',(33.0422925204039,59.4386235824792,10.8458387851715));
#10793=CARTESIAN_POINT('',(31.8894957751036,59.4386235824792,11.2005460262299));
#10794=CARTESIAN_POINT('Ctrl Pts',(33.0422925204039,59.4386235824792,10.8458387851715));
#10795=CARTESIAN_POINT('Ctrl Pts',(32.8283672949984,59.4386235824792,10.8584888040823));
#10796=CARTESIAN_POINT('Ctrl Pts',(32.4146686865668,59.4386235824792,10.8829520024269));
#10797=CARTESIAN_POINT('Ctrl Pts',(32.060515105501,59.4386235824792,11.0971234846184));
#10798=CARTESIAN_POINT('Ctrl Pts',(31.8894957751036,59.4386235824792,11.2005460262299));
#10799=CARTESIAN_POINT('',(33.0422925204039,57.4386235824792,10.8458387851715));
#10800=CARTESIAN_POINT('',(33.0422925204039,59.4386235824792,10.8458387851715));
#10801=CARTESIAN_POINT('',(31.8894957751036,57.4386235824792,11.2005460262299));
#10802=CARTESIAN_POINT('Ctrl Pts',(33.0422925204039,57.4386235824792,10.8458387851715));
#10803=CARTESIAN_POINT('Ctrl Pts',(32.8283672949984,57.4386235824792,10.8584888040823));
#10804=CARTESIAN_POINT('Ctrl Pts',(32.4146686865668,57.4386235824792,10.8829520024269));
#10805=CARTESIAN_POINT('Ctrl Pts',(32.060515105501,57.4386235824792,11.0971234846184));
#10806=CARTESIAN_POINT('Ctrl Pts',(31.8894957751036,57.4386235824792,11.2005460262299));
#10807=CARTESIAN_POINT('',(31.8894957751036,59.4386235824792,11.2005460262299));
#10808=CARTESIAN_POINT('Ctrl Pts',(34.5566176623106,59.4386235824792,11.4802181720734));
#10809=CARTESIAN_POINT('Ctrl Pts',(34.5566176623106,57.4386235824792,11.4802181720734));
#10810=CARTESIAN_POINT('Ctrl Pts',(34.3403735433897,59.4386235824792,11.2951953183502));
#10811=CARTESIAN_POINT('Ctrl Pts',(34.3403735433897,57.4386235824792,11.2951953183502));
#10812=CARTESIAN_POINT('Ctrl Pts',(33.9038539961463,59.4386235824792,10.9217003408223));
#10813=CARTESIAN_POINT('Ctrl Pts',(33.9038539961463,57.4386235824792,10.9217003408223));
#10814=CARTESIAN_POINT('Ctrl Pts',(33.3312423908437,59.4386235824792,10.8712811793521));
#10815=CARTESIAN_POINT('Ctrl Pts',(33.3312423908437,57.4386235824792,10.8712811793521));
#10816=CARTESIAN_POINT('Ctrl Pts',(33.0422925204039,59.4386235824792,10.8458387851715));
#10817=CARTESIAN_POINT('Ctrl Pts',(33.0422925204039,57.4386235824792,10.8458387851715));
#10818=CARTESIAN_POINT('',(34.5566176623106,59.4386235824792,11.4802181720734));
#10819=CARTESIAN_POINT('Ctrl Pts',(34.5566176623106,59.4386235824792,11.4802181720734));
#10820=CARTESIAN_POINT('Ctrl Pts',(34.3403735433897,59.4386235824792,11.2951953183502));
#10821=CARTESIAN_POINT('Ctrl Pts',(33.9038539961463,59.4386235824792,10.9217003408223));
#10822=CARTESIAN_POINT('Ctrl Pts',(33.3312423908437,59.4386235824792,10.8712811793521));
#10823=CARTESIAN_POINT('Ctrl Pts',(33.0422925204039,59.4386235824792,10.8458387851715));
#10824=CARTESIAN_POINT('',(34.5566176623106,57.4386235824792,11.4802181720734));
#10825=CARTESIAN_POINT('',(34.5566176623106,59.4386235824792,11.4802181720734));
#10826=CARTESIAN_POINT('Ctrl Pts',(34.5566176623106,57.4386235824792,11.4802181720734));
#10827=CARTESIAN_POINT('Ctrl Pts',(34.3403735433897,57.4386235824792,11.2951953183502));
#10828=CARTESIAN_POINT('Ctrl Pts',(33.9038539961463,57.4386235824792,10.9217003408223));
#10829=CARTESIAN_POINT('Ctrl Pts',(33.3312423908437,57.4386235824792,10.8712811793521));
#10830=CARTESIAN_POINT('Ctrl Pts',(33.0422925204039,57.4386235824792,10.8458387851715));
#10831=CARTESIAN_POINT('Ctrl Pts',(35.231923982501,59.4386235824792,13.308322429657));
#10832=CARTESIAN_POINT('Ctrl Pts',(35.231923982501,57.4386235824792,13.308322429657));
#10833=CARTESIAN_POINT('Ctrl Pts',(35.1964435131186,59.4386235824792,12.9445868731382));
#10834=CARTESIAN_POINT('Ctrl Pts',(35.1964435131186,57.4386235824792,12.9445868731382));
#10835=CARTESIAN_POINT('Ctrl Pts',(35.1309804494187,59.4386235824792,12.2734783923106));
#10836=CARTESIAN_POINT('Ctrl Pts',(35.1309804494187,57.4386235824792,12.2734783923106));
#10837=CARTESIAN_POINT('Ctrl Pts',(34.737043747631,59.4386235824792,11.7294070808786));
#10838=CARTESIAN_POINT('Ctrl Pts',(34.737043747631,57.4386235824792,11.7294070808786));
#10839=CARTESIAN_POINT('Ctrl Pts',(34.5566176623106,59.4386235824792,11.4802181720734));
#10840=CARTESIAN_POINT('Ctrl Pts',(34.5566176623106,57.4386235824792,11.4802181720734));
#10841=CARTESIAN_POINT('',(35.231923982501,59.4386235824792,13.308322429657));
#10842=CARTESIAN_POINT('Ctrl Pts',(35.231923982501,59.4386235824792,13.308322429657));
#10843=CARTESIAN_POINT('Ctrl Pts',(35.1964435131186,59.4386235824792,12.9445868731382));
#10844=CARTESIAN_POINT('Ctrl Pts',(35.1309804494187,59.4386235824792,12.2734783923106));
#10845=CARTESIAN_POINT('Ctrl Pts',(34.737043747631,59.4386235824792,11.7294070808786));
#10846=CARTESIAN_POINT('Ctrl Pts',(34.5566176623106,59.4386235824792,11.4802181720734));
#10847=CARTESIAN_POINT('',(35.231923982501,57.4386235824792,13.308322429657));
#10848=CARTESIAN_POINT('',(35.231923982501,59.4386235824792,13.308322429657));
#10849=CARTESIAN_POINT('Ctrl Pts',(35.231923982501,57.4386235824792,13.308322429657));
#10850=CARTESIAN_POINT('Ctrl Pts',(35.1964435131186,57.4386235824792,12.9445868731382));
#10851=CARTESIAN_POINT('Ctrl Pts',(35.1309804494187,57.4386235824792,12.2734783923106));
#10852=CARTESIAN_POINT('Ctrl Pts',(34.737043747631,57.4386235824792,11.7294070808786));
#10853=CARTESIAN_POINT('Ctrl Pts',(34.5566176623106,57.4386235824792,11.4802181720734));
#10854=CARTESIAN_POINT('Origin',(29.829468652606,59.4386235824792,13.308322429657));
#10855=CARTESIAN_POINT('',(29.829468652606,59.4386235824792,13.308322429657));
#10856=CARTESIAN_POINT('',(67.4293724331525,59.4386235824792,13.308322429657));
#10857=CARTESIAN_POINT('',(29.829468652606,57.4386235824792,13.308322429657));
#10858=CARTESIAN_POINT('',(29.829468652606,59.4386235824792,13.308322429657));
#10859=CARTESIAN_POINT('',(29.829468652606,57.4386235824792,13.308322429657));
#10860=CARTESIAN_POINT('Ctrl Pts',(29.8226498812437,59.4386235824792,13.6357438564301));
#10861=CARTESIAN_POINT('Ctrl Pts',(29.8226498812437,57.4386235824792,13.6357438564301));
#10862=CARTESIAN_POINT('Ctrl Pts',(29.8230839910186,59.4386235824792,13.5902660420195));
#10863=CARTESIAN_POINT('Ctrl Pts',(29.8230839910186,57.4386235824792,13.5902660420195));
#10864=CARTESIAN_POINT('Ctrl Pts',(29.8241260252683,59.4386235824792,13.4811013952887));
#10865=CARTESIAN_POINT('Ctrl Pts',(29.8241260252683,57.4386235824792,13.4811013952887));
#10866=CARTESIAN_POINT('Ctrl Pts',(29.8275001706857,59.4386235824792,13.3719825445317));
#10867=CARTESIAN_POINT('Ctrl Pts',(29.8275001706857,57.4386235824792,13.3719825445317));
#10868=CARTESIAN_POINT('Ctrl Pts',(29.829468652606,59.4386235824792,13.308322429657));
#10869=CARTESIAN_POINT('Ctrl Pts',(29.829468652606,57.4386235824792,13.308322429657));
#10870=CARTESIAN_POINT('',(29.8226498812437,59.4386235824792,13.6357438564301));
#10871=CARTESIAN_POINT('Ctrl Pts',(29.8226498812437,59.4386235824792,13.6357438564301));
#10872=CARTESIAN_POINT('Ctrl Pts',(29.8230839910186,59.4386235824792,13.5902660420195));
#10873=CARTESIAN_POINT('Ctrl Pts',(29.8241260252683,59.4386235824792,13.4811013952887));
#10874=CARTESIAN_POINT('Ctrl Pts',(29.8275001706857,59.4386235824792,13.3719825445317));
#10875=CARTESIAN_POINT('Ctrl Pts',(29.829468652606,59.4386235824792,13.308322429657));
#10876=CARTESIAN_POINT('',(29.8226498812437,57.4386235824792,13.6357438564301));
#10877=CARTESIAN_POINT('',(29.8226498812437,59.4386235824792,13.6357438564301));
#10878=CARTESIAN_POINT('Ctrl Pts',(29.8226498812437,57.4386235824792,13.6357438564301));
#10879=CARTESIAN_POINT('Ctrl Pts',(29.8230839910186,57.4386235824792,13.5902660420195));
#10880=CARTESIAN_POINT('Ctrl Pts',(29.8241260252683,57.4386235824792,13.4811013952887));
#10881=CARTESIAN_POINT('Ctrl Pts',(29.8275001706857,57.4386235824792,13.3719825445317));
#10882=CARTESIAN_POINT('Ctrl Pts',(29.829468652606,57.4386235824792,13.308322429657));
#10883=CARTESIAN_POINT('Ctrl Pts',(30.7435178011656,59.4386235824792,16.4188265800476));
#10884=CARTESIAN_POINT('Ctrl Pts',(30.7435178011656,57.4386235824792,16.4188265800476));
#10885=CARTESIAN_POINT('Ctrl Pts',(30.4753654336955,59.4386235824792,16.0352465215305));
#10886=CARTESIAN_POINT('Ctrl Pts',(30.4753654336955,57.4386235824792,16.0352465215305));
#10887=CARTESIAN_POINT('Ctrl Pts',(29.8936304622046,59.4386235824792,15.2031004677361));
#10888=CARTESIAN_POINT('Ctrl Pts',(29.8936304622046,57.4386235824792,15.2031004677361));
#10889=CARTESIAN_POINT('Ctrl Pts',(29.8475106412929,59.4386235824792,14.1847063486738));
#10890=CARTESIAN_POINT('Ctrl Pts',(29.8475106412929,57.4386235824792,14.1847063486738));
#10891=CARTESIAN_POINT('Ctrl Pts',(29.8226498812437,59.4386235824792,13.6357438564301));
#10892=CARTESIAN_POINT('Ctrl Pts',(29.8226498812437,57.4386235824792,13.6357438564301));
#10893=CARTESIAN_POINT('',(30.7435178011656,59.4386235824792,16.4188265800476));
#10894=CARTESIAN_POINT('Ctrl Pts',(30.7435178011656,59.4386235824792,16.4188265800476));
#10895=CARTESIAN_POINT('Ctrl Pts',(30.4753654336955,59.4386235824792,16.0352465215305));
#10896=CARTESIAN_POINT('Ctrl Pts',(29.8936304622046,59.4386235824792,15.2031004677361));
#10897=CARTESIAN_POINT('Ctrl Pts',(29.8475106412929,59.4386235824792,14.1847063486738));
#10898=CARTESIAN_POINT('Ctrl Pts',(29.8226498812437,59.4386235824792,13.6357438564301));
#10899=CARTESIAN_POINT('',(30.7435178011656,57.4386235824792,16.4188265800476));
#10900=CARTESIAN_POINT('',(30.7435178011656,59.4386235824792,16.4188265800476));
#10901=CARTESIAN_POINT('Ctrl Pts',(30.7435178011656,57.4386235824792,16.4188265800476));
#10902=CARTESIAN_POINT('Ctrl Pts',(30.4753654336955,57.4386235824792,16.0352465215305));
#10903=CARTESIAN_POINT('Ctrl Pts',(29.8936304622046,57.4386235824792,15.2031004677361));
#10904=CARTESIAN_POINT('Ctrl Pts',(29.8475106412929,57.4386235824792,14.1847063486738));
#10905=CARTESIAN_POINT('Ctrl Pts',(29.8226498812437,57.4386235824792,13.6357438564301));
#10906=CARTESIAN_POINT('Ctrl Pts',(33.1173276156187,59.4386235824792,17.4079126119614));
#10907=CARTESIAN_POINT('Ctrl Pts',(33.1173276156187,57.4386235824792,17.4079126119614));
#10908=CARTESIAN_POINT('Ctrl Pts',(32.6584919976279,59.4386235824792,17.3701956252172));
#10909=CARTESIAN_POINT('Ctrl Pts',(32.6584919976279,57.4386235824792,17.3701956252172));
#10910=CARTESIAN_POINT('Ctrl Pts',(31.7593030578302,59.4386235824792,17.2962809246293));
#10911=CARTESIAN_POINT('Ctrl Pts',(31.7593030578302,57.4386235824792,17.2962809246293));
#10912=CARTESIAN_POINT('Ctrl Pts',(31.0774411306759,59.4386235824792,16.7072758111362));
#10913=CARTESIAN_POINT('Ctrl Pts',(31.0774411306759,57.4386235824792,16.7072758111362));
#10914=CARTESIAN_POINT('Ctrl Pts',(30.7435178011656,59.4386235824792,16.4188265800476));
#10915=CARTESIAN_POINT('Ctrl Pts',(30.7435178011656,57.4386235824792,16.4188265800476));
#10916=CARTESIAN_POINT('',(33.1173276156187,59.4386235824792,17.4079126119614));
#10917=CARTESIAN_POINT('Ctrl Pts',(33.1173276156187,59.4386235824792,17.4079126119614));
#10918=CARTESIAN_POINT('Ctrl Pts',(32.6584919976279,59.4386235824792,17.3701956252172));
#10919=CARTESIAN_POINT('Ctrl Pts',(31.7593030578302,59.4386235824792,17.2962809246293));
#10920=CARTESIAN_POINT('Ctrl Pts',(31.0774411306759,59.4386235824792,16.7072758111362));
#10921=CARTESIAN_POINT('Ctrl Pts',(30.7435178011656,59.4386235824792,16.4188265800476));
#10922=CARTESIAN_POINT('',(33.1173276156187,57.4386235824792,17.4079126119614));
#10923=CARTESIAN_POINT('',(33.1173276156187,59.4386235824792,17.4079126119614));
#10924=CARTESIAN_POINT('Ctrl Pts',(33.1173276156187,57.4386235824792,17.4079126119614));
#10925=CARTESIAN_POINT('Ctrl Pts',(32.6584919976279,57.4386235824792,17.3701956252172));
#10926=CARTESIAN_POINT('Ctrl Pts',(31.7593030578302,57.4386235824792,17.2962809246293));
#10927=CARTESIAN_POINT('Ctrl Pts',(31.0774411306759,57.4386235824792,16.7072758111362));
#10928=CARTESIAN_POINT('Ctrl Pts',(30.7435178011656,57.4386235824792,16.4188265800476));
#10929=CARTESIAN_POINT('Ctrl Pts',(35.5593442171812,59.4386235824792,16.3983631134033));
#10930=CARTESIAN_POINT('Ctrl Pts',(35.5593442171812,57.4386235824792,16.3983631134033));
#10931=CARTESIAN_POINT('Ctrl Pts',(35.2165784055149,59.4386235824792,16.692768768408));
#10932=CARTESIAN_POINT('Ctrl Pts',(35.2165784055149,57.4386235824792,16.692768768408));
#10933=CARTESIAN_POINT('Ctrl Pts',(34.5143962712383,59.4386235824792,17.2958814014015));
#10934=CARTESIAN_POINT('Ctrl Pts',(34.5143962712383,57.4386235824792,17.2958814014015));
#10935=CARTESIAN_POINT('Ctrl Pts',(33.5903212182181,59.4386235824792,17.3699831618423));
#10936=CARTESIAN_POINT('Ctrl Pts',(33.5903212182181,57.4386235824792,17.3699831618423));
#10937=CARTESIAN_POINT('Ctrl Pts',(33.1173276156187,59.4386235824792,17.4079126119614));
#10938=CARTESIAN_POINT('Ctrl Pts',(33.1173276156187,57.4386235824792,17.4079126119614));
#10939=CARTESIAN_POINT('',(35.5593442171812,59.4386235824792,16.3983631134033));
#10940=CARTESIAN_POINT('Ctrl Pts',(35.5593442171812,59.4386235824792,16.3983631134033));
#10941=CARTESIAN_POINT('Ctrl Pts',(35.2165784055149,59.4386235824792,16.692768768408));
#10942=CARTESIAN_POINT('Ctrl Pts',(34.5143962712383,59.4386235824792,17.2958814014015));
#10943=CARTESIAN_POINT('Ctrl Pts',(33.5903212182181,59.4386235824792,17.3699831618423));
#10944=CARTESIAN_POINT('Ctrl Pts',(33.1173276156187,59.4386235824792,17.4079126119614));
#10945=CARTESIAN_POINT('',(35.5593442171812,57.4386235824792,16.3983631134033));
#10946=CARTESIAN_POINT('',(35.5593442171812,59.4386235824792,16.3983631134033));
#10947=CARTESIAN_POINT('Ctrl Pts',(35.5593442171812,57.4386235824792,16.3983631134033));
#10948=CARTESIAN_POINT('Ctrl Pts',(35.2165784055149,57.4386235824792,16.692768768408));
#10949=CARTESIAN_POINT('Ctrl Pts',(34.5143962712383,57.4386235824792,17.2958814014015));
#10950=CARTESIAN_POINT('Ctrl Pts',(33.5903212182181,57.4386235824792,17.3699831618423));
#10951=CARTESIAN_POINT('Ctrl Pts',(33.1173276156187,57.4386235824792,17.4079126119614));
#10952=CARTESIAN_POINT('Ctrl Pts',(36.5006827563047,59.4386235824792,13.5607093572617));
#10953=CARTESIAN_POINT('Ctrl Pts',(36.5006827563047,57.4386235824792,13.5607093572617));
#10954=CARTESIAN_POINT('Ctrl Pts',(36.4751470432484,59.4386235824792,14.1203019122321));
#10955=CARTESIAN_POINT('Ctrl Pts',(36.4751470432484,57.4386235824792,14.1203019122321));
#10956=CARTESIAN_POINT('Ctrl Pts',(36.4277478385632,59.4386235824792,15.1590135391562));
#10957=CARTESIAN_POINT('Ctrl Pts',(36.4277478385632,57.4386235824792,15.1590135391562));
#10958=CARTESIAN_POINT('Ctrl Pts',(35.8334648667803,59.4386235824792,16.0071495094892));
#10959=CARTESIAN_POINT('Ctrl Pts',(35.8334648667803,57.4386235824792,16.0071495094892));
#10960=CARTESIAN_POINT('Ctrl Pts',(35.5593442171812,59.4386235824792,16.3983631134033));
#10961=CARTESIAN_POINT('Ctrl Pts',(35.5593442171812,57.4386235824792,16.3983631134033));
#10962=CARTESIAN_POINT('',(36.5006827563047,59.4386235824792,13.5607093572617));
#10963=CARTESIAN_POINT('Ctrl Pts',(36.5006827563047,59.4386235824792,13.5607093572617));
#10964=CARTESIAN_POINT('Ctrl Pts',(36.4751470432484,59.4386235824792,14.1203019122321));
#10965=CARTESIAN_POINT('Ctrl Pts',(36.4277478385632,59.4386235824792,15.1590135391562));
#10966=CARTESIAN_POINT('Ctrl Pts',(35.8334648667803,59.4386235824792,16.0071495094892));
#10967=CARTESIAN_POINT('Ctrl Pts',(35.5593442171812,59.4386235824792,16.3983631134033));
#10968=CARTESIAN_POINT('',(36.5006827563047,57.4386235824792,13.5607093572617));
#10969=CARTESIAN_POINT('',(36.5006827563047,59.4386235824792,13.5607093572617));
#10970=CARTESIAN_POINT('Ctrl Pts',(36.5006827563047,57.4386235824792,13.5607093572617));
#10971=CARTESIAN_POINT('Ctrl Pts',(36.4751470432484,57.4386235824792,14.1203019122321));
#10972=CARTESIAN_POINT('Ctrl Pts',(36.4277478385632,57.4386235824792,15.1590135391562));
#10973=CARTESIAN_POINT('Ctrl Pts',(35.8334648667803,57.4386235824792,16.0071495094892));
#10974=CARTESIAN_POINT('Ctrl Pts',(35.5593442171812,57.4386235824792,16.3983631134033));
#10975=CARTESIAN_POINT('Ctrl Pts',(35.5695771425962,59.4386235824792,10.8151435852051));
#10976=CARTESIAN_POINT('Ctrl Pts',(35.5695771425962,57.4386235824792,10.8151435852051));
#10977=CARTESIAN_POINT('Ctrl Pts',(35.8407508872363,59.4386235824792,11.1934323946598));
#10978=CARTESIAN_POINT('Ctrl Pts',(35.8407508872363,57.4386235824792,11.1934323946598));
#10979=CARTESIAN_POINT('Ctrl Pts',(36.4265946616879,59.4386235824792,12.0106875616671));
#10980=CARTESIAN_POINT('Ctrl Pts',(36.4265946616879,57.4386235824792,12.0106875616671));
#10981=CARTESIAN_POINT('Ctrl Pts',(36.4747938661718,59.4386235824792,13.0190792319718));
#10982=CARTESIAN_POINT('Ctrl Pts',(36.4747938661718,57.4386235824792,13.0190792319718));
#10983=CARTESIAN_POINT('Ctrl Pts',(36.5006827563047,59.4386235824792,13.5607093572617));
#10984=CARTESIAN_POINT('Ctrl Pts',(36.5006827563047,57.4386235824792,13.5607093572617));
#10985=CARTESIAN_POINT('',(35.5695771425962,59.4386235824792,10.8151435852051));
#10986=CARTESIAN_POINT('Ctrl Pts',(35.5695771425962,59.4386235824792,10.8151435852051));
#10987=CARTESIAN_POINT('Ctrl Pts',(35.8407508872363,59.4386235824792,11.1934323946598));
#10988=CARTESIAN_POINT('Ctrl Pts',(36.4265946616879,59.4386235824792,12.0106875616671));
#10989=CARTESIAN_POINT('Ctrl Pts',(36.4747938661718,59.4386235824792,13.0190792319718));
#10990=CARTESIAN_POINT('Ctrl Pts',(36.5006827563047,59.4386235824792,13.5607093572617));
#10991=CARTESIAN_POINT('',(35.5695771425962,57.4386235824792,10.8151435852051));
#10992=CARTESIAN_POINT('',(35.5695771425962,59.4386235824792,10.8151435852051));
#10993=CARTESIAN_POINT('Ctrl Pts',(35.5695771425962,57.4386235824792,10.8151435852051));
#10994=CARTESIAN_POINT('Ctrl Pts',(35.8407508872363,57.4386235824792,11.1934323946598));
#10995=CARTESIAN_POINT('Ctrl Pts',(36.4265946616879,57.4386235824792,12.0106875616671));
#10996=CARTESIAN_POINT('Ctrl Pts',(36.4747938661718,57.4386235824792,13.0190792319718));
#10997=CARTESIAN_POINT('Ctrl Pts',(36.5006827563047,57.4386235824792,13.5607093572617));
#10998=CARTESIAN_POINT('Ctrl Pts',(33.0491160601377,59.4386235824792,9.83628869056702));
#10999=CARTESIAN_POINT('Ctrl Pts',(33.0491160601377,57.4386235824792,9.83628869056702));
#11000=CARTESIAN_POINT('Ctrl Pts',(33.543553426903,59.4386235824792,9.86905379356196));
#11001=CARTESIAN_POINT('Ctrl Pts',(33.543553426903,57.4386235824792,9.86905379356196));
#11002=CARTESIAN_POINT('Ctrl Pts',(34.4890690705789,59.4386235824792,9.93171070327543));
#11003=CARTESIAN_POINT('Ctrl Pts',(34.4890690705789,57.4386235824792,9.93171070327543));
#11004=CARTESIAN_POINT('Ctrl Pts',(35.2205897153068,59.4386235824792,10.5298084020334));
#11005=CARTESIAN_POINT('Ctrl Pts',(35.2205897153068,57.4386235824792,10.5298084020334));
#11006=CARTESIAN_POINT('Ctrl Pts',(35.5695771425962,59.4386235824792,10.8151435852051));
#11007=CARTESIAN_POINT('Ctrl Pts',(35.5695771425962,57.4386235824792,10.8151435852051));
#11008=CARTESIAN_POINT('',(33.0491160601377,59.4386235824792,9.83628869056702));
#11009=CARTESIAN_POINT('Ctrl Pts',(33.0491160601377,59.4386235824792,9.83628869056702));
#11010=CARTESIAN_POINT('Ctrl Pts',(33.543553426903,59.4386235824792,9.86905379356196));
#11011=CARTESIAN_POINT('Ctrl Pts',(34.4890690705789,59.4386235824792,9.93171070327543));
#11012=CARTESIAN_POINT('Ctrl Pts',(35.2205897153068,59.4386235824792,10.5298084020334));
#11013=CARTESIAN_POINT('Ctrl Pts',(35.5695771425962,59.4386235824792,10.8151435852051));
#11014=CARTESIAN_POINT('',(33.0491160601377,57.4386235824792,9.83628869056702));
#11015=CARTESIAN_POINT('',(33.0491160601377,59.4386235824792,9.83628869056702));
#11016=CARTESIAN_POINT('Ctrl Pts',(33.0491160601377,57.4386235824792,9.83628869056702));
#11017=CARTESIAN_POINT('Ctrl Pts',(33.543553426903,57.4386235824792,9.86905379356196));
#11018=CARTESIAN_POINT('Ctrl Pts',(34.4890690705789,57.4386235824792,9.93171070327543));
#11019=CARTESIAN_POINT('Ctrl Pts',(35.2205897153068,57.4386235824792,10.5298084020334));
#11020=CARTESIAN_POINT('Ctrl Pts',(35.5695771425962,57.4386235824792,10.8151435852051));
#11021=CARTESIAN_POINT('Ctrl Pts',(30.9754418581724,59.4386235824792,10.4502046108246));
#11022=CARTESIAN_POINT('Ctrl Pts',(30.9754418581724,57.4386235824792,10.4502046108246));
#11023=CARTESIAN_POINT('Ctrl Pts',(31.2757456579613,59.4386235824792,10.2713083047629));
#11024=CARTESIAN_POINT('Ctrl Pts',(31.2757456579613,57.4386235824792,10.2713083047629));
#11025=CARTESIAN_POINT('Ctrl Pts',(31.913277533883,59.4386235824792,9.89151924555305));
#11026=CARTESIAN_POINT('Ctrl Pts',(31.913277533883,57.4386235824792,9.89151924555305));
#11027=CARTESIAN_POINT('Ctrl Pts',(32.6561612201291,59.4386235824792,9.85539626034605));
#11028=CARTESIAN_POINT('Ctrl Pts',(32.6561612201291,57.4386235824792,9.85539626034605));
#11029=CARTESIAN_POINT('Ctrl Pts',(33.0491160601377,59.4386235824792,9.83628869056702));
#11030=CARTESIAN_POINT('Ctrl Pts',(33.0491160601377,57.4386235824792,9.83628869056702));
#11031=CARTESIAN_POINT('',(30.9754418581724,59.4386235824792,10.4502046108246));
#11032=CARTESIAN_POINT('Ctrl Pts',(30.9754418581724,59.4386235824792,10.4502046108246));
#11033=CARTESIAN_POINT('Ctrl Pts',(31.2757456579613,59.4386235824792,10.2713083047629));
#11034=CARTESIAN_POINT('Ctrl Pts',(31.913277533883,59.4386235824792,9.89151924555305));
#11035=CARTESIAN_POINT('Ctrl Pts',(32.6561612201291,59.4386235824792,9.85539626034605));
#11036=CARTESIAN_POINT('Ctrl Pts',(33.0491160601377,59.4386235824792,9.83628869056702));
#11037=CARTESIAN_POINT('',(30.9754418581724,57.4386235824792,10.4502046108246));
#11038=CARTESIAN_POINT('',(30.9754418581724,59.4386235824792,10.4502046108246));
#11039=CARTESIAN_POINT('Ctrl Pts',(30.9754418581724,57.4386235824792,10.4502046108246));
#11040=CARTESIAN_POINT('Ctrl Pts',(31.2757456579613,57.4386235824792,10.2713083047629));
#11041=CARTESIAN_POINT('Ctrl Pts',(31.913277533883,57.4386235824792,9.89151924555305));
#11042=CARTESIAN_POINT('Ctrl Pts',(32.6561612201291,57.4386235824792,9.85539626034605));
#11043=CARTESIAN_POINT('Ctrl Pts',(33.0491160601377,57.4386235824792,9.83628869056702));
#11044=CARTESIAN_POINT('Ctrl Pts',(29.8635768145323,59.4386235824792,12.175989151001));
#11045=CARTESIAN_POINT('Ctrl Pts',(29.8635768145323,57.4386235824792,12.175989151001));
#11046=CARTESIAN_POINT('Ctrl Pts',(29.9801419522549,59.4386235824792,11.8298268862224));
#11047=CARTESIAN_POINT('Ctrl Pts',(29.9801419522549,57.4386235824792,11.8298268862224));
#11048=CARTESIAN_POINT('Ctrl Pts',(30.2057169073599,59.4386235824792,11.1599393120983));
#11049=CARTESIAN_POINT('Ctrl Pts',(30.2057169073599,57.4386235824792,11.1599393120983));
#11050=CARTESIAN_POINT('Ctrl Pts',(30.7246606415052,59.4386235824792,10.681440627935));
#11051=CARTESIAN_POINT('Ctrl Pts',(30.7246606415052,57.4386235824792,10.681440627935));
#11052=CARTESIAN_POINT('Ctrl Pts',(30.9754418581724,59.4386235824792,10.4502046108246));
#11053=CARTESIAN_POINT('Ctrl Pts',(30.9754418581724,57.4386235824792,10.4502046108246));
#11054=CARTESIAN_POINT('',(29.8635768145323,59.4386235824792,12.175989151001));
#11055=CARTESIAN_POINT('Ctrl Pts',(29.8635768145323,59.4386235824792,12.175989151001));
#11056=CARTESIAN_POINT('Ctrl Pts',(29.9801419522549,59.4386235824792,11.8298268862224));
#11057=CARTESIAN_POINT('Ctrl Pts',(30.2057169073599,59.4386235824792,11.1599393120983));
#11058=CARTESIAN_POINT('Ctrl Pts',(30.7246606415052,59.4386235824792,10.681440627935));
#11059=CARTESIAN_POINT('Ctrl Pts',(30.9754418581724,59.4386235824792,10.4502046108246));
#11060=CARTESIAN_POINT('',(29.8635768145323,57.4386235824792,12.175989151001));
#11061=CARTESIAN_POINT('',(29.8635768145323,59.4386235824792,12.175989151001));
#11062=CARTESIAN_POINT('Ctrl Pts',(29.8635768145323,57.4386235824792,12.175989151001));
#11063=CARTESIAN_POINT('Ctrl Pts',(29.9801419522549,57.4386235824792,11.8298268862224));
#11064=CARTESIAN_POINT('Ctrl Pts',(30.2057169073599,57.4386235824792,11.1599393120983));
#11065=CARTESIAN_POINT('Ctrl Pts',(30.7246606415052,57.4386235824792,10.681440627935));
#11066=CARTESIAN_POINT('Ctrl Pts',(30.9754418581724,57.4386235824792,10.4502046108246));
#11067=CARTESIAN_POINT('Origin',(31.1323308199644,59.4386235824792,12.3328793048859));
#11068=CARTESIAN_POINT('',(31.1323308199644,59.4386235824792,12.3328793048859));
#11069=CARTESIAN_POINT('',(66.7732940983013,59.4386235824792,16.740129401755));
#11070=CARTESIAN_POINT('',(31.1323308199644,57.4386235824792,12.3328793048859));
#11071=CARTESIAN_POINT('',(31.1323308199644,59.4386235824792,12.3328793048859));
#11072=CARTESIAN_POINT('',(31.1323308199644,57.4386235824792,12.3328793048859));
#11073=CARTESIAN_POINT('Ctrl Pts',(31.8894957751036,59.4386235824792,11.2005460262299));
#11074=CARTESIAN_POINT('Ctrl Pts',(31.8894957751036,57.4386235824792,11.2005460262299));
#11075=CARTESIAN_POINT('Ctrl Pts',(31.7352885683449,59.4386235824792,11.3461004412456));
#11076=CARTESIAN_POINT('Ctrl Pts',(31.7352885683449,57.4386235824792,11.3461004412456));
#11077=CARTESIAN_POINT('Ctrl Pts',(31.397558018479,59.4386235824792,11.6648804363699));
#11078=CARTESIAN_POINT('Ctrl Pts',(31.397558018479,57.4386235824792,11.6648804363699));
#11079=CARTESIAN_POINT('Ctrl Pts',(31.2257121506567,59.4386235824792,12.0976899140832));
#11080=CARTESIAN_POINT('Ctrl Pts',(31.2257121506567,57.4386235824792,12.0976899140832));
#11081=CARTESIAN_POINT('Ctrl Pts',(31.1323308199644,59.4386235824792,12.3328793048859));
#11082=CARTESIAN_POINT('Ctrl Pts',(31.1323308199644,57.4386235824792,12.3328793048859));
#11083=CARTESIAN_POINT('Ctrl Pts',(31.8894957751036,59.4386235824792,11.2005460262299));
#11084=CARTESIAN_POINT('Ctrl Pts',(31.7352885683449,59.4386235824792,11.3461004412456));
#11085=CARTESIAN_POINT('Ctrl Pts',(31.397558018479,59.4386235824792,11.6648804363699));
#11086=CARTESIAN_POINT('Ctrl Pts',(31.2257121506567,59.4386235824792,12.0976899140832));
#11087=CARTESIAN_POINT('Ctrl Pts',(31.1323308199644,59.4386235824792,12.3328793048859));
#11088=CARTESIAN_POINT('Ctrl Pts',(31.8894957751036,57.4386235824792,11.2005460262299));
#11089=CARTESIAN_POINT('Ctrl Pts',(31.7352885683449,57.4386235824792,11.3461004412456));
#11090=CARTESIAN_POINT('Ctrl Pts',(31.397558018479,57.4386235824792,11.6648804363699));
#11091=CARTESIAN_POINT('Ctrl Pts',(31.2257121506567,57.4386235824792,12.0976899140832));
#11092=CARTESIAN_POINT('Ctrl Pts',(31.1323308199644,57.4386235824792,12.3328793048859));
#11093=CARTESIAN_POINT('Origin',(48.232582513493,57.4386235824792,13.6152791976929));
#11094=CARTESIAN_POINT('Origin',(47.2987698763609,59.4386235824792,13.792632818222));
#11095=CARTESIAN_POINT('',(47.2987698763609,59.4386235824792,13.792632818222));
#11096=CARTESIAN_POINT('',(47.2987698763609,59.4386235824792,10.));
#11097=CARTESIAN_POINT('',(47.2987698763609,59.4386235824792,6.89631640911102));
#11098=CARTESIAN_POINT('',(47.2987698763609,57.4386235824792,13.792632818222));
#11099=CARTESIAN_POINT('',(47.2987698763609,59.4386235824792,13.792632818222));
#11100=CARTESIAN_POINT('',(47.2987698763609,57.4386235824792,10.));
#11101=CARTESIAN_POINT('',(47.2987698763609,57.4386235824792,13.792632818222));
#11102=CARTESIAN_POINT('',(47.2987698763609,59.4386235824792,10.));
#11103=CARTESIAN_POINT('Ctrl Pts',(47.0941304415464,59.4386235824792,15.2251023054123));
#11104=CARTESIAN_POINT('Ctrl Pts',(47.0941304415464,57.4386235824792,15.2251023054123));
#11105=CARTESIAN_POINT('Ctrl Pts',(47.153800213774,59.4386235824792,14.9978259565532));
#11106=CARTESIAN_POINT('Ctrl Pts',(47.153800213774,57.4386235824792,14.9978259565532));
#11107=CARTESIAN_POINT('Ctrl Pts',(47.2770613823941,59.4386235824792,14.5283361744697));
#11108=CARTESIAN_POINT('Ctrl Pts',(47.2770613823941,57.4386235824792,14.5283361744697));
#11109=CARTESIAN_POINT('Ctrl Pts',(47.2913818405326,59.4386235824792,14.0430142018081));
#11110=CARTESIAN_POINT('Ctrl Pts',(47.2913818405326,57.4386235824792,14.0430142018081));
#11111=CARTESIAN_POINT('Ctrl Pts',(47.2987698763609,59.4386235824792,13.792632818222));
#11112=CARTESIAN_POINT('Ctrl Pts',(47.2987698763609,57.4386235824792,13.792632818222));
#11113=CARTESIAN_POINT('',(47.0941304415464,59.4386235824792,15.2251023054123));
#11114=CARTESIAN_POINT('Ctrl Pts',(47.0941304415464,59.4386235824792,15.2251023054123));
#11115=CARTESIAN_POINT('Ctrl Pts',(47.153800213774,59.4386235824792,14.9978259565532));
#11116=CARTESIAN_POINT('Ctrl Pts',(47.2770613823941,59.4386235824792,14.5283361744697));
#11117=CARTESIAN_POINT('Ctrl Pts',(47.2913818405326,59.4386235824792,14.0430142018081));
#11118=CARTESIAN_POINT('Ctrl Pts',(47.2987698763609,59.4386235824792,13.792632818222));
#11119=CARTESIAN_POINT('',(47.0941304415464,57.4386235824792,15.2251023054123));
#11120=CARTESIAN_POINT('',(47.0941304415464,59.4386235824792,15.2251023054123));
#11121=CARTESIAN_POINT('Ctrl Pts',(47.0941304415464,57.4386235824792,15.2251023054123));
#11122=CARTESIAN_POINT('Ctrl Pts',(47.153800213774,57.4386235824792,14.9978259565532));
#11123=CARTESIAN_POINT('Ctrl Pts',(47.2770613823941,57.4386235824792,14.5283361744697));
#11124=CARTESIAN_POINT('Ctrl Pts',(47.2913818405326,57.4386235824792,14.0430142018081));
#11125=CARTESIAN_POINT('Ctrl Pts',(47.2987698763609,57.4386235824792,13.792632818222));
#11126=CARTESIAN_POINT('Ctrl Pts',(46.6371058672667,59.4386235824792,15.8969986438751));
#11127=CARTESIAN_POINT('Ctrl Pts',(46.6371058672667,57.4386235824792,15.8969986438751));
#11128=CARTESIAN_POINT('Ctrl Pts',(46.7369461153416,59.4386235824792,15.8063677632192));
#11129=CARTESIAN_POINT('Ctrl Pts',(46.7369461153416,57.4386235824792,15.8063677632192));
#11130=CARTESIAN_POINT('Ctrl Pts',(46.9429974930323,59.4386235824792,15.6193227770482));
#11131=CARTESIAN_POINT('Ctrl Pts',(46.9429974930323,57.4386235824792,15.6193227770482));
#11132=CARTESIAN_POINT('Ctrl Pts',(47.0427249708023,59.4386235824792,15.3591901341794));
#11133=CARTESIAN_POINT('Ctrl Pts',(47.0427249708023,57.4386235824792,15.3591901341794));
#11134=CARTESIAN_POINT('Ctrl Pts',(47.0941304415464,59.4386235824792,15.2251023054123));
#11135=CARTESIAN_POINT('Ctrl Pts',(47.0941304415464,57.4386235824792,15.2251023054123));
#11136=CARTESIAN_POINT('',(46.6371058672667,59.4386235824792,15.8969986438751));
#11137=CARTESIAN_POINT('Ctrl Pts',(46.6371058672667,59.4386235824792,15.8969986438751));
#11138=CARTESIAN_POINT('Ctrl Pts',(46.7369461153416,59.4386235824792,15.8063677632192));
#11139=CARTESIAN_POINT('Ctrl Pts',(46.9429974930323,59.4386235824792,15.6193227770482));
#11140=CARTESIAN_POINT('Ctrl Pts',(47.0427249708023,59.4386235824792,15.3591901341794));
#11141=CARTESIAN_POINT('Ctrl Pts',(47.0941304415464,59.4386235824792,15.2251023054123));
#11142=CARTESIAN_POINT('',(46.6371058672667,57.4386235824792,15.8969986438751));
#11143=CARTESIAN_POINT('',(46.6371058672667,59.4386235824792,15.8969986438751));
#11144=CARTESIAN_POINT('Ctrl Pts',(46.6371058672667,57.4386235824792,15.8969986438751));
#11145=CARTESIAN_POINT('Ctrl Pts',(46.7369461153416,57.4386235824792,15.8063677632192));
#11146=CARTESIAN_POINT('Ctrl Pts',(46.9429974930323,57.4386235824792,15.6193227770482));
#11147=CARTESIAN_POINT('Ctrl Pts',(47.0427249708023,57.4386235824792,15.3591901341794));
#11148=CARTESIAN_POINT('Ctrl Pts',(47.0941304415464,57.4386235824792,15.2251023054123));
#11149=CARTESIAN_POINT('Ctrl Pts',(45.9140490740538,59.4386235824792,16.1391544342041));
#11150=CARTESIAN_POINT('Ctrl Pts',(45.9140490740538,57.4386235824792,16.1391544342041));
#11151=CARTESIAN_POINT('Ctrl Pts',(46.0447667369623,59.4386235824792,16.1290831329246));
#11152=CARTESIAN_POINT('Ctrl Pts',(46.0447667369623,57.4386235824792,16.1290831329246));
#11153=CARTESIAN_POINT('Ctrl Pts',(46.3060812485005,59.4386235824792,16.1089498386487));
#11154=CARTESIAN_POINT('Ctrl Pts',(46.3060812485005,57.4386235824792,16.1089498386487));
#11155=CARTESIAN_POINT('Ctrl Pts',(46.5267983425979,59.4386235824792,15.9676272627773));
#11156=CARTESIAN_POINT('Ctrl Pts',(46.5267983425979,57.4386235824792,15.9676272627773));
#11157=CARTESIAN_POINT('Ctrl Pts',(46.6371058672667,59.4386235824792,15.8969986438751));
#11158=CARTESIAN_POINT('Ctrl Pts',(46.6371058672667,57.4386235824792,15.8969986438751));
#11159=CARTESIAN_POINT('',(45.9140490740538,59.4386235824792,16.1391544342041));
#11160=CARTESIAN_POINT('Ctrl Pts',(45.9140490740538,59.4386235824792,16.1391544342041));
#11161=CARTESIAN_POINT('Ctrl Pts',(46.0447667369623,59.4386235824792,16.1290831329246));
#11162=CARTESIAN_POINT('Ctrl Pts',(46.3060812485005,59.4386235824792,16.1089498386487));
#11163=CARTESIAN_POINT('Ctrl Pts',(46.5267983425979,59.4386235824792,15.9676272627773));
#11164=CARTESIAN_POINT('Ctrl Pts',(46.6371058672667,59.4386235824792,15.8969986438751));
#11165=CARTESIAN_POINT('',(45.9140490740538,57.4386235824792,16.1391544342041));
#11166=CARTESIAN_POINT('',(45.9140490740538,59.4386235824792,16.1391544342041));
#11167=CARTESIAN_POINT('Ctrl Pts',(45.9140490740538,57.4386235824792,16.1391544342041));
#11168=CARTESIAN_POINT('Ctrl Pts',(46.0447667369623,57.4386235824792,16.1290831329246));
#11169=CARTESIAN_POINT('Ctrl Pts',(46.3060812485005,57.4386235824792,16.1089498386487));
#11170=CARTESIAN_POINT('Ctrl Pts',(46.5267983425979,57.4386235824792,15.9676272627773));
#11171=CARTESIAN_POINT('Ctrl Pts',(46.6371058672667,57.4386235824792,15.8969986438751));
#11172=CARTESIAN_POINT('Ctrl Pts',(45.0136422365904,59.4386235824792,15.8731240034103));
#11173=CARTESIAN_POINT('Ctrl Pts',(45.0136422365904,57.4386235824792,15.8731240034103));
#11174=CARTESIAN_POINT('Ctrl Pts',(45.1605107846236,59.4386235824792,15.9506801220254));
#11175=CARTESIAN_POINT('Ctrl Pts',(45.1605107846236,57.4386235824792,15.9506801220254));
#11176=CARTESIAN_POINT('Ctrl Pts',(45.4431082722312,59.4386235824792,16.099909923523));
#11177=CARTESIAN_POINT('Ctrl Pts',(45.4431082722312,57.4386235824792,16.099909923523));
#11178=CARTESIAN_POINT('Ctrl Pts',(45.7612490320763,59.4386235824792,16.1264212778153));
#11179=CARTESIAN_POINT('Ctrl Pts',(45.7612490320763,57.4386235824792,16.1264212778153));
#11180=CARTESIAN_POINT('Ctrl Pts',(45.9140490740538,59.4386235824792,16.1391544342041));
#11181=CARTESIAN_POINT('Ctrl Pts',(45.9140490740538,57.4386235824792,16.1391544342041));
#11182=CARTESIAN_POINT('',(45.0136422365904,59.4386235824792,15.8731240034103));
#11183=CARTESIAN_POINT('Ctrl Pts',(45.0136422365904,59.4386235824792,15.8731240034103));
#11184=CARTESIAN_POINT('Ctrl Pts',(45.1605107846236,59.4386235824792,15.9506801220254));
#11185=CARTESIAN_POINT('Ctrl Pts',(45.4431082722312,59.4386235824792,16.099909923523));
#11186=CARTESIAN_POINT('Ctrl Pts',(45.7612490320763,59.4386235824792,16.1264212778153));
#11187=CARTESIAN_POINT('Ctrl Pts',(45.9140490740538,59.4386235824792,16.1391544342041));
#11188=CARTESIAN_POINT('',(45.0136422365904,57.4386235824792,15.8731240034103));
#11189=CARTESIAN_POINT('',(45.0136422365904,59.4386235824792,15.8731240034103));
#11190=CARTESIAN_POINT('Ctrl Pts',(45.0136422365904,57.4386235824792,15.8731240034103));
#11191=CARTESIAN_POINT('Ctrl Pts',(45.1605107846236,57.4386235824792,15.9506801220254));
#11192=CARTESIAN_POINT('Ctrl Pts',(45.4431082722312,57.4386235824792,16.099909923523));
#11193=CARTESIAN_POINT('Ctrl Pts',(45.7612490320763,57.4386235824792,16.1264212778153));
#11194=CARTESIAN_POINT('Ctrl Pts',(45.9140490740538,57.4386235824792,16.1391544342041));
#11195=CARTESIAN_POINT('Origin',(44.5907210558653,59.4386235824792,17.0122784376144));
#11196=CARTESIAN_POINT('',(44.5907210558653,59.4386235824792,17.0122784376144));
#11197=CARTESIAN_POINT('',(51.0268120173648,59.4386235824792,-0.32357961792895));
#11198=CARTESIAN_POINT('',(44.5907210558653,57.4386235824792,17.0122784376144));
#11199=CARTESIAN_POINT('',(44.5907210558653,59.4386235824792,17.0122784376144));
#11200=CARTESIAN_POINT('',(44.5907210558653,57.4386235824792,17.0122784376144));
#11201=CARTESIAN_POINT('Ctrl Pts',(45.8526610583067,59.4386235824792,17.4079126119614));
#11202=CARTESIAN_POINT('Ctrl Pts',(45.8526610583067,57.4386235824792,17.4079126119614));
#11203=CARTESIAN_POINT('Ctrl Pts',(45.6399600841808,59.4386235824792,17.3883029797556));
#11204=CARTESIAN_POINT('Ctrl Pts',(45.6399600841808,57.4386235824792,17.3883029797556));
#11205=CARTESIAN_POINT('Ctrl Pts',(45.1916402276528,59.4386235824792,17.3469708347891));
#11206=CARTESIAN_POINT('Ctrl Pts',(45.1916402276528,57.4386235824792,17.3469708347891));
#11207=CARTESIAN_POINT('Ctrl Pts',(44.7977394562151,59.4386235824792,17.1275809407218));
#11208=CARTESIAN_POINT('Ctrl Pts',(44.7977394562151,57.4386235824792,17.1275809407218));
#11209=CARTESIAN_POINT('Ctrl Pts',(44.5907210558653,59.4386235824792,17.0122784376144));
#11210=CARTESIAN_POINT('Ctrl Pts',(44.5907210558653,57.4386235824792,17.0122784376144));
#11211=CARTESIAN_POINT('',(45.8526610583067,59.4386235824792,17.4079126119614));
#11212=CARTESIAN_POINT('Ctrl Pts',(45.8526610583067,59.4386235824792,17.4079126119614));
#11213=CARTESIAN_POINT('Ctrl Pts',(45.6399600841808,59.4386235824792,17.3883029797556));
#11214=CARTESIAN_POINT('Ctrl Pts',(45.1916402276528,59.4386235824792,17.3469708347891));
#11215=CARTESIAN_POINT('Ctrl Pts',(44.7977394562151,59.4386235824792,17.1275809407218));
#11216=CARTESIAN_POINT('Ctrl Pts',(44.5907210558653,59.4386235824792,17.0122784376144));
#11217=CARTESIAN_POINT('',(45.8526610583067,57.4386235824792,17.4079126119614));
#11218=CARTESIAN_POINT('',(45.8526610583067,59.4386235824792,17.4079126119614));
#11219=CARTESIAN_POINT('Ctrl Pts',(45.8526610583067,57.4386235824792,17.4079126119614));
#11220=CARTESIAN_POINT('Ctrl Pts',(45.6399600841808,57.4386235824792,17.3883029797556));
#11221=CARTESIAN_POINT('Ctrl Pts',(45.1916402276528,57.4386235824792,17.3469708347891));
#11222=CARTESIAN_POINT('Ctrl Pts',(44.7977394562151,57.4386235824792,17.1275809407218));
#11223=CARTESIAN_POINT('Ctrl Pts',(44.5907210558653,57.4386235824792,17.0122784376144));
#11224=CARTESIAN_POINT('Ctrl Pts',(46.6405152529478,59.4386235824792,17.1623468399048));
#11225=CARTESIAN_POINT('Ctrl Pts',(46.6405152529478,57.4386235824792,17.1623468399048));
#11226=CARTESIAN_POINT('Ctrl Pts',(46.5183597230187,59.4386235824792,17.2339699576153));
#11227=CARTESIAN_POINT('Ctrl Pts',(46.5183597230187,57.4386235824792,17.2339699576153));
#11228=CARTESIAN_POINT('Ctrl Pts',(46.2747243369515,59.4386235824792,17.3768200270707));
#11229=CARTESIAN_POINT('Ctrl Pts',(46.2747243369515,57.4386235824792,17.3768200270707));
#11230=CARTESIAN_POINT('Ctrl Pts',(45.9930884643533,59.4386235824792,17.3975675967364));
#11231=CARTESIAN_POINT('Ctrl Pts',(45.9930884643533,57.4386235824792,17.3975675967364));
#11232=CARTESIAN_POINT('Ctrl Pts',(45.8526610583067,59.4386235824792,17.4079126119614));
#11233=CARTESIAN_POINT('Ctrl Pts',(45.8526610583067,57.4386235824792,17.4079126119614));
#11234=CARTESIAN_POINT('',(46.6405152529478,59.4386235824792,17.1623468399048));
#11235=CARTESIAN_POINT('Ctrl Pts',(46.6405152529478,59.4386235824792,17.1623468399048));
#11236=CARTESIAN_POINT('Ctrl Pts',(46.5183597230187,59.4386235824792,17.2339699576153));
#11237=CARTESIAN_POINT('Ctrl Pts',(46.2747243369515,59.4386235824792,17.3768200270707));
#11238=CARTESIAN_POINT('Ctrl Pts',(45.9930884643533,59.4386235824792,17.3975675967364));
#11239=CARTESIAN_POINT('Ctrl Pts',(45.8526610583067,59.4386235824792,17.4079126119614));
#11240=CARTESIAN_POINT('',(46.6405152529478,57.4386235824792,17.1623468399048));
#11241=CARTESIAN_POINT('',(46.6405152529478,59.4386235824792,17.1623468399048));
#11242=CARTESIAN_POINT('Ctrl Pts',(46.6405152529478,57.4386235824792,17.1623468399048));
#11243=CARTESIAN_POINT('Ctrl Pts',(46.5183597230187,57.4386235824792,17.2339699576153));
#11244=CARTESIAN_POINT('Ctrl Pts',(46.2747243369515,57.4386235824792,17.3768200270707));
#11245=CARTESIAN_POINT('Ctrl Pts',(45.9930884643533,57.4386235824792,17.3975675967364));
#11246=CARTESIAN_POINT('Ctrl Pts',(45.8526610583067,57.4386235824792,17.4079126119614));
#11247=CARTESIAN_POINT('Ctrl Pts',(47.4215554445982,59.4386235824792,16.1459755897522));
#11248=CARTESIAN_POINT('Ctrl Pts',(47.4215554445982,57.4386235824792,16.1459755897522));
#11249=CARTESIAN_POINT('Ctrl Pts',(47.2984598305876,59.4386235824792,16.3691132717651));
#11250=CARTESIAN_POINT('Ctrl Pts',(47.2984598305876,57.4386235824792,16.3691132717651));
#11251=CARTESIAN_POINT('Ctrl Pts',(47.0890896259314,59.4386235824792,16.7486424899672));
#11252=CARTESIAN_POINT('Ctrl Pts',(47.0890896259314,57.4386235824792,16.7486424899672));
#11253=CARTESIAN_POINT('Ctrl Pts',(46.7714175080129,59.4386235824792,17.0416202991154));
#11254=CARTESIAN_POINT('Ctrl Pts',(46.7714175080129,57.4386235824792,17.0416202991154));
#11255=CARTESIAN_POINT('Ctrl Pts',(46.6405152529478,59.4386235824792,17.1623468399048));
#11256=CARTESIAN_POINT('Ctrl Pts',(46.6405152529478,57.4386235824792,17.1623468399048));
#11257=CARTESIAN_POINT('',(47.4215554445982,59.4386235824792,16.1459755897522));
#11258=CARTESIAN_POINT('Ctrl Pts',(47.4215554445982,59.4386235824792,16.1459755897522));
#11259=CARTESIAN_POINT('Ctrl Pts',(47.2984598305876,59.4386235824792,16.3691132717651));
#11260=CARTESIAN_POINT('Ctrl Pts',(47.0890896259314,59.4386235824792,16.7486424899672));
#11261=CARTESIAN_POINT('Ctrl Pts',(46.7714175080129,59.4386235824792,17.0416202991154));
#11262=CARTESIAN_POINT('Ctrl Pts',(46.6405152529478,59.4386235824792,17.1623468399048));
#11263=CARTESIAN_POINT('',(47.4215554445982,57.4386235824792,16.1459755897522));
#11264=CARTESIAN_POINT('',(47.4215554445982,59.4386235824792,16.1459755897522));
#11265=CARTESIAN_POINT('Ctrl Pts',(47.4215554445982,57.4386235824792,16.1459755897522));
#11266=CARTESIAN_POINT('Ctrl Pts',(47.2984598305876,57.4386235824792,16.3691132717651));
#11267=CARTESIAN_POINT('Ctrl Pts',(47.0890896259314,57.4386235824792,16.7486424899672));
#11268=CARTESIAN_POINT('Ctrl Pts',(46.7714175080129,57.4386235824792,17.0416202991154));
#11269=CARTESIAN_POINT('Ctrl Pts',(46.6405152529478,57.4386235824792,17.1623468399048));
#11270=CARTESIAN_POINT('Origin',(47.4215554445982,59.4386235824792,17.2442018985748));
#11271=CARTESIAN_POINT('',(47.4215554445982,59.4386235824792,17.2442018985748));
#11272=CARTESIAN_POINT('',(47.4215554445982,59.4386235824792,8.62210094928741));
#11273=CARTESIAN_POINT('',(47.4215554445982,57.4386235824792,17.2442018985748));
#11274=CARTESIAN_POINT('',(47.4215554445982,59.4386235824792,17.2442018985748));
#11275=CARTESIAN_POINT('',(47.4215554445982,57.4386235824792,17.2442018985748));
#11276=CARTESIAN_POINT('Origin',(48.526601716876,59.4386235824792,17.2442018985748));
#11277=CARTESIAN_POINT('',(48.526601716876,59.4386235824792,17.2442018985748));
#11278=CARTESIAN_POINT('',(76.7779389652875,59.4386235824792,17.2442018985748));
#11279=CARTESIAN_POINT('',(48.526601716876,57.4386235824792,17.2442018985748));
#11280=CARTESIAN_POINT('',(48.526601716876,59.4386235824792,17.2442018985748));
#11281=CARTESIAN_POINT('',(48.526601716876,57.4386235824792,17.2442018985748));
#11282=CARTESIAN_POINT('Origin',(48.526601716876,59.4386235824792,10.));
#11283=CARTESIAN_POINT('',(48.526601716876,59.4386235824792,10.));
#11284=CARTESIAN_POINT('',(48.526601716876,59.4386235824792,5.));
#11285=CARTESIAN_POINT('',(48.526601716876,57.4386235824792,10.));
#11286=CARTESIAN_POINT('',(48.526601716876,59.4386235824792,10.));
#11287=CARTESIAN_POINT('',(48.526601716876,57.4386235824792,10.));
#11288=CARTESIAN_POINT('Origin',(47.2987698763609,59.4386235824792,10.));
#11289=CARTESIAN_POINT('',(76.1640230450299,59.4386235824792,10.));
#11290=CARTESIAN_POINT('',(47.2987698763609,57.4386235824792,10.));
#11291=CARTESIAN_POINT('Origin',(48.232582513493,57.4386235824792,13.6152791976929));
#11292=CARTESIAN_POINT('Ctrl Pts',(53.3424281328917,59.4386235824792,16.3915419578552));
#11293=CARTESIAN_POINT('Ctrl Pts',(53.3424281328917,57.4386235824792,16.3915419578552));
#11294=CARTESIAN_POINT('Ctrl Pts',(53.6362293951453,59.4386235824792,16.3629291131631));
#11295=CARTESIAN_POINT('Ctrl Pts',(53.6362293951453,57.4386235824792,16.3629291131631));
#11296=CARTESIAN_POINT('Ctrl Pts',(54.2233556968232,59.4386235824792,16.3057498023743));
#11297=CARTESIAN_POINT('Ctrl Pts',(54.2233556968232,57.4386235824792,16.3057498023743));
#11298=CARTESIAN_POINT('Ctrl Pts',(54.6548322809045,59.4386235824792,15.9035359441517));
#11299=CARTESIAN_POINT('Ctrl Pts',(54.6548322809045,57.4386235824792,15.9035359441517));
#11300=CARTESIAN_POINT('Ctrl Pts',(54.8703955858946,59.4386235824792,15.7025921344757));
#11301=CARTESIAN_POINT('Ctrl Pts',(54.8703955858946,57.4386235824792,15.7025921344757));
#11302=CARTESIAN_POINT('',(53.3424281328917,59.4386235824792,16.3915419578552));
#11303=CARTESIAN_POINT('',(54.8703955858946,59.4386235824792,15.7025921344757));
#11304=CARTESIAN_POINT('Ctrl Pts',(53.3424281328917,59.4386235824792,16.3915419578552));
#11305=CARTESIAN_POINT('Ctrl Pts',(53.6362293951453,59.4386235824792,16.3629291131631));
#11306=CARTESIAN_POINT('Ctrl Pts',(54.2233556968232,59.4386235824792,16.3057498023743));
#11307=CARTESIAN_POINT('Ctrl Pts',(54.6548322809045,59.4386235824792,15.9035359441517));
#11308=CARTESIAN_POINT('Ctrl Pts',(54.8703955858946,59.4386235824792,15.7025921344757));
#11309=CARTESIAN_POINT('',(53.3424281328917,57.4386235824792,16.3915419578552));
#11310=CARTESIAN_POINT('',(53.3424281328917,59.4386235824792,16.3915419578552));
#11311=CARTESIAN_POINT('',(54.8703955858946,57.4386235824792,15.7025921344757));
#11312=CARTESIAN_POINT('Ctrl Pts',(53.3424281328917,57.4386235824792,16.3915419578552));
#11313=CARTESIAN_POINT('Ctrl Pts',(53.6362293951453,57.4386235824792,16.3629291131631));
#11314=CARTESIAN_POINT('Ctrl Pts',(54.2233556968232,57.4386235824792,16.3057498023743));
#11315=CARTESIAN_POINT('Ctrl Pts',(54.6548322809045,57.4386235824792,15.9035359441517));
#11316=CARTESIAN_POINT('Ctrl Pts',(54.8703955858946,57.4386235824792,15.7025921344757));
#11317=CARTESIAN_POINT('',(54.8703955858946,59.4386235824792,15.7025921344757));
#11318=CARTESIAN_POINT('Ctrl Pts',(51.8246936053038,59.4386235824792,15.6991815567017));
#11319=CARTESIAN_POINT('Ctrl Pts',(51.8246936053038,57.4386235824792,15.6991815567017));
#11320=CARTESIAN_POINT('Ctrl Pts',(52.0398017746344,59.4386235824792,15.9011185806652));
#11321=CARTESIAN_POINT('Ctrl Pts',(52.0398017746344,57.4386235824792,15.9011185806652));
#11322=CARTESIAN_POINT('Ctrl Pts',(52.4678948707714,59.4386235824792,16.3029993929198));
#11323=CARTESIAN_POINT('Ctrl Pts',(52.4678948707714,57.4386235824792,16.3029993929198));
#11324=CARTESIAN_POINT('Ctrl Pts',(53.0518825266529,59.4386235824792,16.362125520172));
#11325=CARTESIAN_POINT('Ctrl Pts',(53.0518825266529,57.4386235824792,16.362125520172));
#11326=CARTESIAN_POINT('Ctrl Pts',(53.3424281328917,59.4386235824792,16.3915419578552));
#11327=CARTESIAN_POINT('Ctrl Pts',(53.3424281328917,57.4386235824792,16.3915419578552));
#11328=CARTESIAN_POINT('',(51.8246936053038,59.4386235824792,15.6991815567017));
#11329=CARTESIAN_POINT('Ctrl Pts',(51.8246936053038,59.4386235824792,15.6991815567017));
#11330=CARTESIAN_POINT('Ctrl Pts',(52.0398017746344,59.4386235824792,15.9011185806652));
#11331=CARTESIAN_POINT('Ctrl Pts',(52.4678948707714,59.4386235824792,16.3029993929198));
#11332=CARTESIAN_POINT('Ctrl Pts',(53.0518825266529,59.4386235824792,16.362125520172));
#11333=CARTESIAN_POINT('Ctrl Pts',(53.3424281328917,59.4386235824792,16.3915419578552));
#11334=CARTESIAN_POINT('',(51.8246936053038,57.4386235824792,15.6991815567017));
#11335=CARTESIAN_POINT('',(51.8246936053038,59.4386235824792,15.6991815567017));
#11336=CARTESIAN_POINT('Ctrl Pts',(51.8246936053038,57.4386235824792,15.6991815567017));
#11337=CARTESIAN_POINT('Ctrl Pts',(52.0398017746344,57.4386235824792,15.9011185806652));
#11338=CARTESIAN_POINT('Ctrl Pts',(52.4678948707714,57.4386235824792,16.3029993929198));
#11339=CARTESIAN_POINT('Ctrl Pts',(53.0518825266529,57.4386235824792,16.362125520172));
#11340=CARTESIAN_POINT('Ctrl Pts',(53.3424281328917,57.4386235824792,16.3915419578552));
#11341=CARTESIAN_POINT('Ctrl Pts',(51.2141846865416,59.4386235824792,13.6630284786224));
#11342=CARTESIAN_POINT('Ctrl Pts',(51.2141846865416,57.4386235824792,13.6630284786224));
#11343=CARTESIAN_POINT('Ctrl Pts',(51.2274575588501,59.4386235824792,14.0687204887303));
#11344=CARTESIAN_POINT('Ctrl Pts',(51.2274575588501,57.4386235824792,14.0687204887303));
#11345=CARTESIAN_POINT('Ctrl Pts',(51.2515435078861,59.4386235824792,14.8049196212641));
#11346=CARTESIAN_POINT('Ctrl Pts',(51.2515435078861,57.4386235824792,14.8049196212641));
#11347=CARTESIAN_POINT('Ctrl Pts',(51.6471093935914,59.4386235824792,15.4221043973597));
#11348=CARTESIAN_POINT('Ctrl Pts',(51.6471093935914,57.4386235824792,15.4221043973597));
#11349=CARTESIAN_POINT('Ctrl Pts',(51.8246936053038,59.4386235824792,15.6991815567017));
#11350=CARTESIAN_POINT('Ctrl Pts',(51.8246936053038,57.4386235824792,15.6991815567017));
#11351=CARTESIAN_POINT('',(51.2141846865416,59.4386235824792,13.6630284786224));
#11352=CARTESIAN_POINT('Ctrl Pts',(51.2141846865416,59.4386235824792,13.6630284786224));
#11353=CARTESIAN_POINT('Ctrl Pts',(51.2274575588501,59.4386235824792,14.0687204887303));
#11354=CARTESIAN_POINT('Ctrl Pts',(51.2515435078861,59.4386235824792,14.8049196212641));
#11355=CARTESIAN_POINT('Ctrl Pts',(51.6471093935914,59.4386235824792,15.4221043973597));
#11356=CARTESIAN_POINT('Ctrl Pts',(51.8246936053038,59.4386235824792,15.6991815567017));
#11357=CARTESIAN_POINT('',(51.2141846865416,57.4386235824792,13.6630284786224));
#11358=CARTESIAN_POINT('',(51.2141846865416,59.4386235824792,13.6630284786224));
#11359=CARTESIAN_POINT('Ctrl Pts',(51.2141846865416,57.4386235824792,13.6630284786224));
#11360=CARTESIAN_POINT('Ctrl Pts',(51.2274575588501,57.4386235824792,14.0687204887303));
#11361=CARTESIAN_POINT('Ctrl Pts',(51.2515435078861,57.4386235824792,14.8049196212641));
#11362=CARTESIAN_POINT('Ctrl Pts',(51.6471093935914,57.4386235824792,15.4221043973597));
#11363=CARTESIAN_POINT('Ctrl Pts',(51.8246936053038,57.4386235824792,15.6991815567017));
#11364=CARTESIAN_POINT('Ctrl Pts',(51.821279451251,59.4386235824792,11.5416097640991));
#11365=CARTESIAN_POINT('Ctrl Pts',(51.821279451251,57.4386235824792,11.5416097640991));
#11366=CARTESIAN_POINT('Ctrl Pts',(51.644835774212,59.4386235824792,11.8267276726765));
#11367=CARTESIAN_POINT('Ctrl Pts',(51.644835774212,57.4386235824792,11.8267276726765));
#11368=CARTESIAN_POINT('Ctrl Pts',(51.2450114088247,59.4386235824792,12.4728096902956));
#11369=CARTESIAN_POINT('Ctrl Pts',(51.2450114088247,57.4386235824792,12.4728096902956));
#11370=CARTESIAN_POINT('Ctrl Pts',(51.2252341708194,59.4386235824792,13.2364082344061));
#11371=CARTESIAN_POINT('Ctrl Pts',(51.2252341708194,57.4386235824792,13.2364082344061));
#11372=CARTESIAN_POINT('Ctrl Pts',(51.2141846865416,59.4386235824792,13.6630284786224));
#11373=CARTESIAN_POINT('Ctrl Pts',(51.2141846865416,57.4386235824792,13.6630284786224));
#11374=CARTESIAN_POINT('',(51.821279451251,59.4386235824792,11.5416097640991));
#11375=CARTESIAN_POINT('Ctrl Pts',(51.821279451251,59.4386235824792,11.5416097640991));
#11376=CARTESIAN_POINT('Ctrl Pts',(51.644835774212,59.4386235824792,11.8267276726765));
#11377=CARTESIAN_POINT('Ctrl Pts',(51.2450114088247,59.4386235824792,12.4728096902956));
#11378=CARTESIAN_POINT('Ctrl Pts',(51.2252341708194,59.4386235824792,13.2364082344061));
#11379=CARTESIAN_POINT('Ctrl Pts',(51.2141846865416,59.4386235824792,13.6630284786224));
#11380=CARTESIAN_POINT('',(51.821279451251,57.4386235824792,11.5416097640991));
#11381=CARTESIAN_POINT('',(51.821279451251,59.4386235824792,11.5416097640991));
#11382=CARTESIAN_POINT('Ctrl Pts',(51.821279451251,57.4386235824792,11.5416097640991));
#11383=CARTESIAN_POINT('Ctrl Pts',(51.644835774212,57.4386235824792,11.8267276726765));
#11384=CARTESIAN_POINT('Ctrl Pts',(51.2450114088247,57.4386235824792,12.4728096902956));
#11385=CARTESIAN_POINT('Ctrl Pts',(51.2252341708194,57.4386235824792,13.2364082344061));
#11386=CARTESIAN_POINT('Ctrl Pts',(51.2141846865416,57.4386235824792,13.6630284786224));
#11387=CARTESIAN_POINT('Ctrl Pts',(53.3424281328917,59.4386235824792,10.8458387851715));
#11388=CARTESIAN_POINT('Ctrl Pts',(53.3424281328917,57.4386235824792,10.8458387851715));
#11389=CARTESIAN_POINT('Ctrl Pts',(53.0502412019169,59.4386235824792,10.8751664423181));
#11390=CARTESIAN_POINT('Ctrl Pts',(53.0502412019169,57.4386235824792,10.8751664423181));
#11391=CARTESIAN_POINT('Ctrl Pts',(52.4641563739708,59.4386235824792,10.9339934912744));
#11392=CARTESIAN_POINT('Ctrl Pts',(52.4641563739708,57.4386235824792,10.9339934912744));
#11393=CARTESIAN_POINT('Ctrl Pts',(52.035988411153,59.4386235824792,11.3386772067976));
#11394=CARTESIAN_POINT('Ctrl Pts',(52.035988411153,57.4386235824792,11.3386772067976));
#11395=CARTESIAN_POINT('Ctrl Pts',(51.821279451251,59.4386235824792,11.5416097640991));
#11396=CARTESIAN_POINT('Ctrl Pts',(51.821279451251,57.4386235824792,11.5416097640991));
#11397=CARTESIAN_POINT('',(53.3424281328917,59.4386235824792,10.8458387851715));
#11398=CARTESIAN_POINT('Ctrl Pts',(53.3424281328917,59.4386235824792,10.8458387851715));
#11399=CARTESIAN_POINT('Ctrl Pts',(53.0502412019169,59.4386235824792,10.8751664423181));
#11400=CARTESIAN_POINT('Ctrl Pts',(52.4641563739708,59.4386235824792,10.9339934912744));
#11401=CARTESIAN_POINT('Ctrl Pts',(52.035988411153,59.4386235824792,11.3386772067976));
#11402=CARTESIAN_POINT('Ctrl Pts',(51.821279451251,59.4386235824792,11.5416097640991));
#11403=CARTESIAN_POINT('',(53.3424281328917,57.4386235824792,10.8458387851715));
#11404=CARTESIAN_POINT('',(53.3424281328917,59.4386235824792,10.8458387851715));
#11405=CARTESIAN_POINT('Ctrl Pts',(53.3424281328917,57.4386235824792,10.8458387851715));
#11406=CARTESIAN_POINT('Ctrl Pts',(53.0502412019169,57.4386235824792,10.8751664423181));
#11407=CARTESIAN_POINT('Ctrl Pts',(52.4641563739708,57.4386235824792,10.9339934912744));
#11408=CARTESIAN_POINT('Ctrl Pts',(52.035988411153,57.4386235824792,11.3386772067976));
#11409=CARTESIAN_POINT('Ctrl Pts',(51.821279451251,57.4386235824792,11.5416097640991));
#11410=CARTESIAN_POINT('Ctrl Pts',(54.8703955858946,59.4386235824792,11.5381991863251));
#11411=CARTESIAN_POINT('Ctrl Pts',(54.8703955858946,57.4386235824792,11.5381991863251));
#11412=CARTESIAN_POINT('Ctrl Pts',(54.6549545641553,59.4386235824792,11.336260437978));
#11413=CARTESIAN_POINT('Ctrl Pts',(54.6549545641553,57.4386235824792,11.336260437978));
#11414=CARTESIAN_POINT('Ctrl Pts',(54.224066849386,59.4386235824792,10.9323776254282));
#11415=CARTESIAN_POINT('Ctrl Pts',(54.224066849386,57.4386235824792,10.9323776254282));
#11416=CARTESIAN_POINT('Ctrl Pts',(53.6363102837162,59.4386235824792,10.8746853183701));
#11417=CARTESIAN_POINT('Ctrl Pts',(53.6363102837162,57.4386235824792,10.8746853183701));
#11418=CARTESIAN_POINT('Ctrl Pts',(53.3424281328917,59.4386235824792,10.8458387851715));
#11419=CARTESIAN_POINT('Ctrl Pts',(53.3424281328917,57.4386235824792,10.8458387851715));
#11420=CARTESIAN_POINT('',(54.8703955858946,59.4386235824792,11.5381991863251));
#11421=CARTESIAN_POINT('Ctrl Pts',(54.8703955858946,59.4386235824792,11.5381991863251));
#11422=CARTESIAN_POINT('Ctrl Pts',(54.6549545641553,59.4386235824792,11.336260437978));
#11423=CARTESIAN_POINT('Ctrl Pts',(54.224066849386,59.4386235824792,10.9323776254282));
#11424=CARTESIAN_POINT('Ctrl Pts',(53.6363102837162,59.4386235824792,10.8746853183701));
#11425=CARTESIAN_POINT('Ctrl Pts',(53.3424281328917,59.4386235824792,10.8458387851715));
#11426=CARTESIAN_POINT('',(54.8703955858946,57.4386235824792,11.5381991863251));
#11427=CARTESIAN_POINT('',(54.8703955858946,59.4386235824792,11.5381991863251));
#11428=CARTESIAN_POINT('Ctrl Pts',(54.8703955858946,57.4386235824792,11.5381991863251));
#11429=CARTESIAN_POINT('Ctrl Pts',(54.6549545641553,57.4386235824792,11.336260437978));
#11430=CARTESIAN_POINT('Ctrl Pts',(54.224066849386,57.4386235824792,10.9323776254282));
#11431=CARTESIAN_POINT('Ctrl Pts',(53.6363102837162,57.4386235824792,10.8746853183701));
#11432=CARTESIAN_POINT('Ctrl Pts',(53.3424281328917,57.4386235824792,10.8458387851715));
#11433=CARTESIAN_POINT('Ctrl Pts',(55.4774903506041,59.4386235824792,13.6221009492874));
#11434=CARTESIAN_POINT('Ctrl Pts',(55.4774903506041,57.4386235824792,13.6221009492874));
#11435=CARTESIAN_POINT('Ctrl Pts',(55.4656538219778,59.4386235824792,13.2043692639193));
#11436=CARTESIAN_POINT('Ctrl Pts',(55.4656538219778,57.4386235824792,13.2043692639193));
#11437=CARTESIAN_POINT('Ctrl Pts',(55.4443626760164,59.4386235824792,12.4529676860793));
#11438=CARTESIAN_POINT('Ctrl Pts',(55.4443626760164,57.4386235824792,12.4529676860793));
#11439=CARTESIAN_POINT('Ctrl Pts',(55.0468959754849,59.4386235824792,11.8194992806515));
#11440=CARTESIAN_POINT('Ctrl Pts',(55.0468959754849,57.4386235824792,11.8194992806515));
#11441=CARTESIAN_POINT('Ctrl Pts',(54.8703955858946,59.4386235824792,11.5381991863251));
#11442=CARTESIAN_POINT('Ctrl Pts',(54.8703955858946,57.4386235824792,11.5381991863251));
#11443=CARTESIAN_POINT('',(55.4774903506041,59.4386235824792,13.6221009492874));
#11444=CARTESIAN_POINT('Ctrl Pts',(55.4774903506041,59.4386235824792,13.6221009492874));
#11445=CARTESIAN_POINT('Ctrl Pts',(55.4656538219778,59.4386235824792,13.2043692639193));
#11446=CARTESIAN_POINT('Ctrl Pts',(55.4443626760164,59.4386235824792,12.4529676860793));
#11447=CARTESIAN_POINT('Ctrl Pts',(55.0468959754849,59.4386235824792,11.8194992806515));
#11448=CARTESIAN_POINT('Ctrl Pts',(54.8703955858946,59.4386235824792,11.5381991863251));
#11449=CARTESIAN_POINT('',(55.4774903506041,57.4386235824792,13.6221009492874));
#11450=CARTESIAN_POINT('',(55.4774903506041,59.4386235824792,13.6221009492874));
#11451=CARTESIAN_POINT('Ctrl Pts',(55.4774903506041,57.4386235824792,13.6221009492874));
#11452=CARTESIAN_POINT('Ctrl Pts',(55.4656538219778,57.4386235824792,13.2043692639193));
#11453=CARTESIAN_POINT('Ctrl Pts',(55.4443626760164,57.4386235824792,12.4529676860793));
#11454=CARTESIAN_POINT('Ctrl Pts',(55.0468959754849,57.4386235824792,11.8194992806515));
#11455=CARTESIAN_POINT('Ctrl Pts',(54.8703955858946,57.4386235824792,11.5381991863251));
#11456=CARTESIAN_POINT('Ctrl Pts',(54.8703955858946,59.4386235824792,15.7025921344757));
#11457=CARTESIAN_POINT('Ctrl Pts',(54.8703955858946,57.4386235824792,15.7025921344757));
#11458=CARTESIAN_POINT('Ctrl Pts',(55.0468859560494,59.4386235824792,15.4221600291587));
#11459=CARTESIAN_POINT('Ctrl Pts',(55.0468859560494,57.4386235824792,15.4221600291587));
#11460=CARTESIAN_POINT('Ctrl Pts',(55.4446901565136,59.4386235824792,14.7900741576051));
#11461=CARTESIAN_POINT('Ctrl Pts',(55.4446901565136,57.4386235824792,14.7900741576051));
#11462=CARTESIAN_POINT('Ctrl Pts',(55.4657653866582,59.4386235824792,14.0396120078954));
#11463=CARTESIAN_POINT('Ctrl Pts',(55.4657653866582,57.4386235824792,14.0396120078954));
#11464=CARTESIAN_POINT('Ctrl Pts',(55.4774903506041,59.4386235824792,13.6221009492874));
#11465=CARTESIAN_POINT('Ctrl Pts',(55.4774903506041,57.4386235824792,13.6221009492874));
#11466=CARTESIAN_POINT('Ctrl Pts',(54.8703955858946,59.4386235824792,15.7025921344757));
#11467=CARTESIAN_POINT('Ctrl Pts',(55.0468859560494,59.4386235824792,15.4221600291587));
#11468=CARTESIAN_POINT('Ctrl Pts',(55.4446901565136,59.4386235824792,14.7900741576051));
#11469=CARTESIAN_POINT('Ctrl Pts',(55.4657653866582,59.4386235824792,14.0396120078954));
#11470=CARTESIAN_POINT('Ctrl Pts',(55.4774903506041,59.4386235824792,13.6221009492874));
#11471=CARTESIAN_POINT('Ctrl Pts',(54.8703955858946,57.4386235824792,15.7025921344757));
#11472=CARTESIAN_POINT('Ctrl Pts',(55.0468859560494,57.4386235824792,15.4221600291587));
#11473=CARTESIAN_POINT('Ctrl Pts',(55.4446901565136,57.4386235824792,14.7900741576051));
#11474=CARTESIAN_POINT('Ctrl Pts',(55.4657653866582,57.4386235824792,14.0396120078954));
#11475=CARTESIAN_POINT('Ctrl Pts',(55.4774903506041,57.4386235824792,13.6221009492874));
#11476=CARTESIAN_POINT('Ctrl Pts',(53.3424281328917,59.4386235824792,9.83628869056702));
#11477=CARTESIAN_POINT('Ctrl Pts',(53.3424281328917,57.4386235824792,9.83628869056702));
#11478=CARTESIAN_POINT('Ctrl Pts',(53.8196106587754,59.4386235824792,9.87129292811722));
#11479=CARTESIAN_POINT('Ctrl Pts',(53.8196106587754,57.4386235824792,9.87129292811722));
#11480=CARTESIAN_POINT('Ctrl Pts',(54.743487719702,59.4386235824792,9.9390649238498));
#11481=CARTESIAN_POINT('Ctrl Pts',(54.743487719702,57.4386235824792,9.9390649238498));
#11482=CARTESIAN_POINT('Ctrl Pts',(55.4566751132729,59.4386235824792,10.5273144006334));
#11483=CARTESIAN_POINT('Ctrl Pts',(55.4566751132729,57.4386235824792,10.5273144006334));
#11484=CARTESIAN_POINT('Ctrl Pts',(55.8015011996031,59.4386235824792,10.811733007431));
#11485=CARTESIAN_POINT('Ctrl Pts',(55.8015011996031,57.4386235824792,10.811733007431));
#11486=CARTESIAN_POINT('',(53.3424281328917,59.4386235824792,9.83628869056702));
#11487=CARTESIAN_POINT('',(55.8015011996031,59.4386235824792,10.811733007431));
#11488=CARTESIAN_POINT('Ctrl Pts',(53.3424281328917,59.4386235824792,9.83628869056702));
#11489=CARTESIAN_POINT('Ctrl Pts',(53.8196106587754,59.4386235824792,9.87129292811722));
#11490=CARTESIAN_POINT('Ctrl Pts',(54.743487719702,59.4386235824792,9.9390649238498));
#11491=CARTESIAN_POINT('Ctrl Pts',(55.4566751132729,59.4386235824792,10.5273144006334));
#11492=CARTESIAN_POINT('Ctrl Pts',(55.8015011996031,59.4386235824792,10.811733007431));
#11493=CARTESIAN_POINT('',(53.3424281328917,57.4386235824792,9.83628869056702));
#11494=CARTESIAN_POINT('',(53.3424281328917,59.4386235824792,9.83628869056702));
#11495=CARTESIAN_POINT('',(55.8015011996031,57.4386235824792,10.811733007431));
#11496=CARTESIAN_POINT('Ctrl Pts',(53.3424281328917,57.4386235824792,9.83628869056702));
#11497=CARTESIAN_POINT('Ctrl Pts',(53.8196106587754,57.4386235824792,9.87129292811722));
#11498=CARTESIAN_POINT('Ctrl Pts',(54.743487719702,57.4386235824792,9.9390649238498));
#11499=CARTESIAN_POINT('Ctrl Pts',(55.4566751132729,57.4386235824792,10.5273144006334));
#11500=CARTESIAN_POINT('Ctrl Pts',(55.8015011996031,57.4386235824792,10.811733007431));
#11501=CARTESIAN_POINT('',(55.8015011996031,59.4386235824792,10.811733007431));
#11502=CARTESIAN_POINT('Ctrl Pts',(51.5927695482969,59.4386235824792,10.2796721458435));
#11503=CARTESIAN_POINT('Ctrl Pts',(51.5927695482969,57.4386235824792,10.2796721458435));
#11504=CARTESIAN_POINT('Ctrl Pts',(51.8674541364703,59.4386235824792,10.1503548281627));
#11505=CARTESIAN_POINT('Ctrl Pts',(51.8674541364703,57.4386235824792,10.1503548281627));
#11506=CARTESIAN_POINT('Ctrl Pts',(52.4218454687075,59.4386235824792,9.88935583835005));
#11507=CARTESIAN_POINT('Ctrl Pts',(52.4218454687075,57.4386235824792,9.88935583835005));
#11508=CARTESIAN_POINT('Ctrl Pts',(53.0337196165234,59.4386235824792,9.85408424668311));
#11509=CARTESIAN_POINT('Ctrl Pts',(53.0337196165234,57.4386235824792,9.85408424668311));
#11510=CARTESIAN_POINT('Ctrl Pts',(53.3424281328917,59.4386235824792,9.83628869056702));
#11511=CARTESIAN_POINT('Ctrl Pts',(53.3424281328917,57.4386235824792,9.83628869056702));
#11512=CARTESIAN_POINT('',(51.5927695482969,59.4386235824792,10.2796721458435));
#11513=CARTESIAN_POINT('Ctrl Pts',(51.5927695482969,59.4386235824792,10.2796721458435));
#11514=CARTESIAN_POINT('Ctrl Pts',(51.8674541364703,59.4386235824792,10.1503548281627));
#11515=CARTESIAN_POINT('Ctrl Pts',(52.4218454687075,59.4386235824792,9.88935583835005));
#11516=CARTESIAN_POINT('Ctrl Pts',(53.0337196165234,59.4386235824792,9.85408424668311));
#11517=CARTESIAN_POINT('Ctrl Pts',(53.3424281328917,59.4386235824792,9.83628869056702));
#11518=CARTESIAN_POINT('',(51.5927695482969,57.4386235824792,10.2796721458435));
#11519=CARTESIAN_POINT('',(51.5927695482969,59.4386235824792,10.2796721458435));
#11520=CARTESIAN_POINT('Ctrl Pts',(51.5927695482969,57.4386235824792,10.2796721458435));
#11521=CARTESIAN_POINT('Ctrl Pts',(51.8674541364703,57.4386235824792,10.1503548281627));
#11522=CARTESIAN_POINT('Ctrl Pts',(52.4218454687075,57.4386235824792,9.88935583835005));
#11523=CARTESIAN_POINT('Ctrl Pts',(53.0337196165234,57.4386235824792,9.85408424668311));
#11524=CARTESIAN_POINT('Ctrl Pts',(53.3424281328917,57.4386235824792,9.83628869056702));
#11525=CARTESIAN_POINT('Ctrl Pts',(50.3717564791441,59.4386235824792,11.5245568752289));
#11526=CARTESIAN_POINT('Ctrl Pts',(50.3717564791441,57.4386235824792,11.5245568752289));
#11527=CARTESIAN_POINT('Ctrl Pts',(50.5279494722909,59.4386235824792,11.2720685712525));
#11528=CARTESIAN_POINT('Ctrl Pts',(50.5279494722909,57.4386235824792,11.2720685712525));
#11529=CARTESIAN_POINT('Ctrl Pts',(50.8413740878193,59.4386235824792,10.7654130036443));
#11530=CARTESIAN_POINT('Ctrl Pts',(50.8413740878193,57.4386235824792,10.7654130036443));
#11531=CARTESIAN_POINT('Ctrl Pts',(51.34175167626,59.4386235824792,10.441943070942));
#11532=CARTESIAN_POINT('Ctrl Pts',(51.34175167626,57.4386235824792,10.441943070942));
#11533=CARTESIAN_POINT('Ctrl Pts',(51.5927695482969,59.4386235824792,10.2796721458435));
#11534=CARTESIAN_POINT('Ctrl Pts',(51.5927695482969,57.4386235824792,10.2796721458435));
#11535=CARTESIAN_POINT('',(50.3717564791441,59.4386235824792,11.5245568752289));
#11536=CARTESIAN_POINT('Ctrl Pts',(50.3717564791441,59.4386235824792,11.5245568752289));
#11537=CARTESIAN_POINT('Ctrl Pts',(50.5279494722909,59.4386235824792,11.2720685712525));
#11538=CARTESIAN_POINT('Ctrl Pts',(50.8413740878193,59.4386235824792,10.7654130036443));
#11539=CARTESIAN_POINT('Ctrl Pts',(51.34175167626,59.4386235824792,10.441943070942));
#11540=CARTESIAN_POINT('Ctrl Pts',(51.5927695482969,59.4386235824792,10.2796721458435));
#11541=CARTESIAN_POINT('',(50.3717564791441,57.4386235824792,11.5245568752289));
#11542=CARTESIAN_POINT('',(50.3717564791441,59.4386235824792,11.5245568752289));
#11543=CARTESIAN_POINT('Ctrl Pts',(50.3717564791441,57.4386235824792,11.5245568752289));
#11544=CARTESIAN_POINT('Ctrl Pts',(50.5279494722909,57.4386235824792,11.2720685712525));
#11545=CARTESIAN_POINT('Ctrl Pts',(50.8413740878193,57.4386235824792,10.7654130036443));
#11546=CARTESIAN_POINT('Ctrl Pts',(51.34175167626,57.4386235824792,10.441943070942));
#11547=CARTESIAN_POINT('Ctrl Pts',(51.5927695482969,57.4386235824792,10.2796721458435));
#11548=CARTESIAN_POINT('Ctrl Pts',(49.9522494524717,59.4386235824792,13.7244200706482));
#11549=CARTESIAN_POINT('Ctrl Pts',(49.9522494524717,57.4386235824792,13.7244200706482));
#11550=CARTESIAN_POINT('Ctrl Pts',(49.9604350650209,59.4386235824792,13.302563569464));
#11551=CARTESIAN_POINT('Ctrl Pts',(49.9604350650209,57.4386235824792,13.302563569464));
#11552=CARTESIAN_POINT('Ctrl Pts',(49.9751599701314,59.4386235824792,12.5436958716785));
#11553=CARTESIAN_POINT('Ctrl Pts',(49.9751599701314,57.4386235824792,12.5436958716785));
#11554=CARTESIAN_POINT('Ctrl Pts',(50.2497927614789,59.4386235824792,11.8379685619177));
#11555=CARTESIAN_POINT('Ctrl Pts',(50.2497927614789,57.4386235824792,11.8379685619177));
#11556=CARTESIAN_POINT('Ctrl Pts',(50.3717564791441,59.4386235824792,11.5245568752289));
#11557=CARTESIAN_POINT('Ctrl Pts',(50.3717564791441,57.4386235824792,11.5245568752289));
#11558=CARTESIAN_POINT('',(49.9522494524717,59.4386235824792,13.7244200706482));
#11559=CARTESIAN_POINT('Ctrl Pts',(49.9522494524717,59.4386235824792,13.7244200706482));
#11560=CARTESIAN_POINT('Ctrl Pts',(49.9604350650209,59.4386235824792,13.302563569464));
#11561=CARTESIAN_POINT('Ctrl Pts',(49.9751599701314,59.4386235824792,12.5436958716785));
#11562=CARTESIAN_POINT('Ctrl Pts',(50.2497927614789,59.4386235824792,11.8379685619177));
#11563=CARTESIAN_POINT('Ctrl Pts',(50.3717564791441,59.4386235824792,11.5245568752289));
#11564=CARTESIAN_POINT('',(49.9522494524717,57.4386235824792,13.7244200706482));
#11565=CARTESIAN_POINT('',(49.9522494524717,59.4386235824792,13.7244200706482));
#11566=CARTESIAN_POINT('Ctrl Pts',(49.9522494524717,57.4386235824792,13.7244200706482));
#11567=CARTESIAN_POINT('Ctrl Pts',(49.9604350650209,57.4386235824792,13.302563569464));
#11568=CARTESIAN_POINT('Ctrl Pts',(49.9751599701314,57.4386235824792,12.5436958716785));
#11569=CARTESIAN_POINT('Ctrl Pts',(50.2497927614789,57.4386235824792,11.8379685619177));
#11570=CARTESIAN_POINT('Ctrl Pts',(50.3717564791441,57.4386235824792,11.5245568752289));
#11571=CARTESIAN_POINT('Ctrl Pts',(50.9004067629576,59.4386235824792,16.4290589094162));
#11572=CARTESIAN_POINT('Ctrl Pts',(50.9004067629576,57.4386235824792,16.4290589094162));
#11573=CARTESIAN_POINT('Ctrl Pts',(50.6241808336023,59.4386235824792,16.0548480437511));
#11574=CARTESIAN_POINT('Ctrl Pts',(50.6241808336023,57.4386235824792,16.0548480437511));
#11575=CARTESIAN_POINT('Ctrl Pts',(50.0329242544174,59.4386235824792,15.2538564900494));
#11576=CARTESIAN_POINT('Ctrl Pts',(50.0329242544174,57.4386235824792,15.2538564900494));
#11577=CARTESIAN_POINT('Ctrl Pts',(49.9802924773188,59.4386235824792,14.2560609607013));
#11578=CARTESIAN_POINT('Ctrl Pts',(49.9802924773188,57.4386235824792,14.2560609607013));
#11579=CARTESIAN_POINT('Ctrl Pts',(49.9522494524717,59.4386235824792,13.7244200706482));
#11580=CARTESIAN_POINT('Ctrl Pts',(49.9522494524717,57.4386235824792,13.7244200706482));
#11581=CARTESIAN_POINT('',(50.9004067629576,59.4386235824792,16.4290589094162));
#11582=CARTESIAN_POINT('Ctrl Pts',(50.9004067629576,59.4386235824792,16.4290589094162));
#11583=CARTESIAN_POINT('Ctrl Pts',(50.6241808336023,59.4386235824792,16.0548480437511));
#11584=CARTESIAN_POINT('Ctrl Pts',(50.0329242544174,59.4386235824792,15.2538564900494));
#11585=CARTESIAN_POINT('Ctrl Pts',(49.9802924773188,59.4386235824792,14.2560609607013));
#11586=CARTESIAN_POINT('Ctrl Pts',(49.9522494524717,59.4386235824792,13.7244200706482));
#11587=CARTESIAN_POINT('',(50.9004067629576,57.4386235824792,16.4290589094162));
#11588=CARTESIAN_POINT('',(50.9004067629576,59.4386235824792,16.4290589094162));
#11589=CARTESIAN_POINT('Ctrl Pts',(50.9004067629576,57.4386235824792,16.4290589094162));
#11590=CARTESIAN_POINT('Ctrl Pts',(50.6241808336023,57.4386235824792,16.0548480437511));
#11591=CARTESIAN_POINT('Ctrl Pts',(50.0329242544174,57.4386235824792,15.2538564900494));
#11592=CARTESIAN_POINT('Ctrl Pts',(49.9802924773188,57.4386235824792,14.2560609607013));
#11593=CARTESIAN_POINT('Ctrl Pts',(49.9522494524717,57.4386235824792,13.7244200706482));
#11594=CARTESIAN_POINT('Ctrl Pts',(53.3424281328917,59.4386235824792,17.4079126119614));
#11595=CARTESIAN_POINT('Ctrl Pts',(53.3424281328917,57.4386235824792,17.4079126119614));
#11596=CARTESIAN_POINT('Ctrl Pts',(52.8715525475938,59.4386235824792,17.3715198241024));
#11597=CARTESIAN_POINT('Ctrl Pts',(52.8715525475938,57.4386235824792,17.3715198241024));
#11598=CARTESIAN_POINT('Ctrl Pts',(51.953571246348,59.4386235824792,17.3005713617106));
#11599=CARTESIAN_POINT('Ctrl Pts',(51.953571246348,57.4386235824792,17.3005713617106));
#11600=CARTESIAN_POINT('Ctrl Pts',(51.2453487735593,59.4386235824792,16.714504594587));
#11601=CARTESIAN_POINT('Ctrl Pts',(51.2453487735593,57.4386235824792,16.714504594587));
#11602=CARTESIAN_POINT('Ctrl Pts',(50.9004067629576,59.4386235824792,16.4290589094162));
#11603=CARTESIAN_POINT('Ctrl Pts',(50.9004067629576,57.4386235824792,16.4290589094162));
#11604=CARTESIAN_POINT('',(53.3424281328917,59.4386235824792,17.4079126119614));
#11605=CARTESIAN_POINT('Ctrl Pts',(53.3424281328917,59.4386235824792,17.4079126119614));
#11606=CARTESIAN_POINT('Ctrl Pts',(52.8715525475938,59.4386235824792,17.3715198241024));
#11607=CARTESIAN_POINT('Ctrl Pts',(51.953571246348,59.4386235824792,17.3005713617106));
#11608=CARTESIAN_POINT('Ctrl Pts',(51.2453487735593,59.4386235824792,16.714504594587));
#11609=CARTESIAN_POINT('Ctrl Pts',(50.9004067629576,59.4386235824792,16.4290589094162));
#11610=CARTESIAN_POINT('',(53.3424281328917,57.4386235824792,17.4079126119614));
#11611=CARTESIAN_POINT('',(53.3424281328917,59.4386235824792,17.4079126119614));
#11612=CARTESIAN_POINT('Ctrl Pts',(53.3424281328917,57.4386235824792,17.4079126119614));
#11613=CARTESIAN_POINT('Ctrl Pts',(52.8715525475938,57.4386235824792,17.3715198241024));
#11614=CARTESIAN_POINT('Ctrl Pts',(51.953571246348,57.4386235824792,17.3005713617106));
#11615=CARTESIAN_POINT('Ctrl Pts',(51.2453487735593,57.4386235824792,16.714504594587));
#11616=CARTESIAN_POINT('Ctrl Pts',(50.9004067629576,57.4386235824792,16.4290589094162));
#11617=CARTESIAN_POINT('Ctrl Pts',(55.6207370012999,59.4386235824792,16.6030013561249));
#11618=CARTESIAN_POINT('Ctrl Pts',(55.6207370012999,57.4386235824792,16.6030013561249));
#11619=CARTESIAN_POINT('Ctrl Pts',(55.2871261585178,59.4386235824792,16.8377308322638));
#11620=CARTESIAN_POINT('Ctrl Pts',(55.2871261585178,57.4386235824792,16.8377308322638));
#11621=CARTESIAN_POINT('Ctrl Pts',(54.6038042696992,59.4386235824792,17.318517930366));
#11622=CARTESIAN_POINT('Ctrl Pts',(54.6038042696992,57.4386235824792,17.318517930366));
#11623=CARTESIAN_POINT('Ctrl Pts',(53.7694398508775,59.4386235824792,17.3776499682876));
#11624=CARTESIAN_POINT('Ctrl Pts',(53.7694398508775,57.4386235824792,17.3776499682876));
#11625=CARTESIAN_POINT('Ctrl Pts',(53.3424281328917,59.4386235824792,17.4079126119614));
#11626=CARTESIAN_POINT('Ctrl Pts',(53.3424281328917,57.4386235824792,17.4079126119614));
#11627=CARTESIAN_POINT('',(55.6207370012999,59.4386235824792,16.6030013561249));
#11628=CARTESIAN_POINT('Ctrl Pts',(55.6207370012999,59.4386235824792,16.6030013561249));
#11629=CARTESIAN_POINT('Ctrl Pts',(55.2871261585178,59.4386235824792,16.8377308322638));
#11630=CARTESIAN_POINT('Ctrl Pts',(54.6038042696992,59.4386235824792,17.318517930366));
#11631=CARTESIAN_POINT('Ctrl Pts',(53.7694398508775,59.4386235824792,17.3776499682876));
#11632=CARTESIAN_POINT('Ctrl Pts',(53.3424281328917,59.4386235824792,17.4079126119614));
#11633=CARTESIAN_POINT('',(55.6207370012999,57.4386235824792,16.6030013561249));
#11634=CARTESIAN_POINT('',(55.6207370012999,59.4386235824792,16.6030013561249));
#11635=CARTESIAN_POINT('Ctrl Pts',(55.6207370012999,57.4386235824792,16.6030013561249));
#11636=CARTESIAN_POINT('Ctrl Pts',(55.2871261585178,57.4386235824792,16.8377308322638));
#11637=CARTESIAN_POINT('Ctrl Pts',(54.6038042696992,57.4386235824792,17.318517930366));
#11638=CARTESIAN_POINT('Ctrl Pts',(53.7694398508775,57.4386235824792,17.3776499682876));
#11639=CARTESIAN_POINT('Ctrl Pts',(53.3424281328917,57.4386235824792,17.4079126119614));
#11640=CARTESIAN_POINT('Ctrl Pts',(56.7394255846739,59.4386235824792,13.6221009492874));
#11641=CARTESIAN_POINT('Ctrl Pts',(56.7394255846739,57.4386235824792,13.6221009492874));
#11642=CARTESIAN_POINT('Ctrl Pts',(56.711445491321,59.4386235824792,14.2318405636299));
#11643=CARTESIAN_POINT('Ctrl Pts',(56.711445491321,57.4386235824792,14.2318405636299));
#11644=CARTESIAN_POINT('Ctrl Pts',(56.6599819752071,59.4386235824792,15.3533287614094));
#11645=CARTESIAN_POINT('Ctrl Pts',(56.6599819752071,57.4386235824792,15.3533287614094));
#11646=CARTESIAN_POINT('Ctrl Pts',(55.9463677667575,59.4386235824792,16.2114364664159));
#11647=CARTESIAN_POINT('Ctrl Pts',(55.9463677667575,57.4386235824792,16.2114364664159));
#11648=CARTESIAN_POINT('Ctrl Pts',(55.6207370012999,59.4386235824792,16.6030013561249));
#11649=CARTESIAN_POINT('Ctrl Pts',(55.6207370012999,57.4386235824792,16.6030013561249));
#11650=CARTESIAN_POINT('',(56.7394255846739,59.4386235824792,13.6221009492874));
#11651=CARTESIAN_POINT('Ctrl Pts',(56.7394255846739,59.4386235824792,13.6221009492874));
#11652=CARTESIAN_POINT('Ctrl Pts',(56.711445491321,59.4386235824792,14.2318405636299));
#11653=CARTESIAN_POINT('Ctrl Pts',(56.6599819752071,59.4386235824792,15.3533287614094));
#11654=CARTESIAN_POINT('Ctrl Pts',(55.9463677667575,59.4386235824792,16.2114364664159));
#11655=CARTESIAN_POINT('Ctrl Pts',(55.6207370012999,59.4386235824792,16.6030013561249));
#11656=CARTESIAN_POINT('',(56.7394255846739,57.4386235824792,13.6221009492874));
#11657=CARTESIAN_POINT('',(56.7394255846739,59.4386235824792,13.6221009492874));
#11658=CARTESIAN_POINT('Ctrl Pts',(56.7394255846739,57.4386235824792,13.6221009492874));
#11659=CARTESIAN_POINT('Ctrl Pts',(56.711445491321,57.4386235824792,14.2318405636299));
#11660=CARTESIAN_POINT('Ctrl Pts',(56.6599819752071,57.4386235824792,15.3533287614094));
#11661=CARTESIAN_POINT('Ctrl Pts',(55.9463677667575,57.4386235824792,16.2114364664159));
#11662=CARTESIAN_POINT('Ctrl Pts',(55.6207370012999,57.4386235824792,16.6030013561249));
#11663=CARTESIAN_POINT('Ctrl Pts',(55.8015011996031,59.4386235824792,10.811733007431));
#11664=CARTESIAN_POINT('Ctrl Pts',(55.8015011996031,57.4386235824792,10.811733007431));
#11665=CARTESIAN_POINT('Ctrl Pts',(56.0745517446217,59.4386235824792,11.1949150915064));
#11666=CARTESIAN_POINT('Ctrl Pts',(56.0745517446217,57.4386235824792,11.1949150915064));
#11667=CARTESIAN_POINT('Ctrl Pts',(56.6708735812328,59.4386235824792,12.0317559193345));
#11668=CARTESIAN_POINT('Ctrl Pts',(56.6708735812328,57.4386235824792,12.0317559193345));
#11669=CARTESIAN_POINT('Ctrl Pts',(56.715326998012,59.4386235824792,13.063035340658));
#11670=CARTESIAN_POINT('Ctrl Pts',(56.715326998012,57.4386235824792,13.063035340658));
#11671=CARTESIAN_POINT('Ctrl Pts',(56.7394255846739,59.4386235824792,13.6221009492874));
#11672=CARTESIAN_POINT('Ctrl Pts',(56.7394255846739,57.4386235824792,13.6221009492874));
#11673=CARTESIAN_POINT('Ctrl Pts',(55.8015011996031,59.4386235824792,10.811733007431));
#11674=CARTESIAN_POINT('Ctrl Pts',(56.0745517446217,59.4386235824792,11.1949150915064));
#11675=CARTESIAN_POINT('Ctrl Pts',(56.6708735812328,59.4386235824792,12.0317559193345));
#11676=CARTESIAN_POINT('Ctrl Pts',(56.715326998012,59.4386235824792,13.063035340658));
#11677=CARTESIAN_POINT('Ctrl Pts',(56.7394255846739,59.4386235824792,13.6221009492874));
#11678=CARTESIAN_POINT('Ctrl Pts',(55.8015011996031,57.4386235824792,10.811733007431));
#11679=CARTESIAN_POINT('Ctrl Pts',(56.0745517446217,57.4386235824792,11.1949150915064));
#11680=CARTESIAN_POINT('Ctrl Pts',(56.6708735812328,57.4386235824792,12.0317559193345));
#11681=CARTESIAN_POINT('Ctrl Pts',(56.715326998012,57.4386235824792,13.063035340658));
#11682=CARTESIAN_POINT('Ctrl Pts',(56.7394255846739,57.4386235824792,13.6221009492874));
#11683=CARTESIAN_POINT('Origin',(48.232582513493,57.4386235824792,13.6152791976929));
#11684=CARTESIAN_POINT('Origin',(67.1418832987547,59.4386235824792,12.0600271224976));
#11685=CARTESIAN_POINT('',(67.1418832987547,59.4386235824792,12.0600271224976));
#11686=CARTESIAN_POINT('',(67.1418832987547,59.4386235824792,13.9222371578217));
#11687=CARTESIAN_POINT('',(67.1418832987547,59.4386235824792,6.03001356124878));
#11688=CARTESIAN_POINT('',(67.1418832987547,57.4386235824792,12.0600271224976));
#11689=CARTESIAN_POINT('',(67.1418832987547,59.4386235824792,12.0600271224976));
#11690=CARTESIAN_POINT('',(67.1418832987547,57.4386235824792,13.9222371578217));
#11691=CARTESIAN_POINT('',(67.1418832987547,57.4386235824792,12.0600271224976));
#11692=CARTESIAN_POINT('',(67.1418832987547,59.4386235824792,13.9222371578217));
#11693=CARTESIAN_POINT('Ctrl Pts',(68.383357450366,59.4386235824792,11.3540244102478));
#11694=CARTESIAN_POINT('Ctrl Pts',(68.383357450366,57.4386235824792,11.3540244102478));
#11695=CARTESIAN_POINT('Ctrl Pts',(68.1373379554847,59.4386235824792,11.4574348261117));
#11696=CARTESIAN_POINT('Ctrl Pts',(68.1373379554847,57.4386235824792,11.4574348261117));
#11697=CARTESIAN_POINT('Ctrl Pts',(67.6948448215801,59.4386235824792,11.6434298384829));
#11698=CARTESIAN_POINT('Ctrl Pts',(67.6948448215801,57.4386235824792,11.6434298384829));
#11699=CARTESIAN_POINT('Ctrl Pts',(67.3119114868114,59.4386235824792,11.9319290932017));
#11700=CARTESIAN_POINT('Ctrl Pts',(67.3119114868114,57.4386235824792,11.9319290932017));
#11701=CARTESIAN_POINT('Ctrl Pts',(67.1418832987547,59.4386235824792,12.0600271224976));
#11702=CARTESIAN_POINT('Ctrl Pts',(67.1418832987547,57.4386235824792,12.0600271224976));
#11703=CARTESIAN_POINT('',(68.383357450366,59.4386235824792,11.3540244102478));
#11704=CARTESIAN_POINT('Ctrl Pts',(68.383357450366,59.4386235824792,11.3540244102478));
#11705=CARTESIAN_POINT('Ctrl Pts',(68.1373379554847,59.4386235824792,11.4574348261117));
#11706=CARTESIAN_POINT('Ctrl Pts',(67.6948448215801,59.4386235824792,11.6434298384829));
#11707=CARTESIAN_POINT('Ctrl Pts',(67.3119114868114,59.4386235824792,11.9319290932017));
#11708=CARTESIAN_POINT('Ctrl Pts',(67.1418832987547,59.4386235824792,12.0600271224976));
#11709=CARTESIAN_POINT('',(68.383357450366,57.4386235824792,11.3540244102478));
#11710=CARTESIAN_POINT('',(68.383357450366,59.4386235824792,11.3540244102478));
#11711=CARTESIAN_POINT('Ctrl Pts',(68.383357450366,57.4386235824792,11.3540244102478));
#11712=CARTESIAN_POINT('Ctrl Pts',(68.1373379554847,57.4386235824792,11.4574348261117));
#11713=CARTESIAN_POINT('Ctrl Pts',(67.6948448215801,57.4386235824792,11.6434298384829));
#11714=CARTESIAN_POINT('Ctrl Pts',(67.3119114868114,57.4386235824792,11.9319290932017));
#11715=CARTESIAN_POINT('Ctrl Pts',(67.1418832987547,57.4386235824792,12.0600271224976));
#11716=CARTESIAN_POINT('Ctrl Pts',(70.0613927096128,59.4386235824792,11.0231924057007));
#11717=CARTESIAN_POINT('Ctrl Pts',(70.0613927096128,57.4386235824792,11.0231924057007));
#11718=CARTESIAN_POINT('Ctrl Pts',(69.7756754896007,59.4386235824792,11.0373535400075));
#11719=CARTESIAN_POINT('Ctrl Pts',(69.7756754896007,57.4386235824792,11.0373535400075));
#11720=CARTESIAN_POINT('Ctrl Pts',(69.2002684176786,59.4386235824792,11.0658727060075));
#11721=CARTESIAN_POINT('Ctrl Pts',(69.2002684176786,57.4386235824792,11.0658727060075));
#11722=CARTESIAN_POINT('Ctrl Pts',(68.6569115581486,59.4386235824792,11.2575327660986));
#11723=CARTESIAN_POINT('Ctrl Pts',(68.6569115581486,57.4386235824792,11.2575327660986));
#11724=CARTESIAN_POINT('Ctrl Pts',(68.383357450366,59.4386235824792,11.3540244102478));
#11725=CARTESIAN_POINT('Ctrl Pts',(68.383357450366,57.4386235824792,11.3540244102478));
#11726=CARTESIAN_POINT('',(70.0613927096128,59.4386235824792,11.0231924057007));
#11727=CARTESIAN_POINT('Ctrl Pts',(70.0613927096128,59.4386235824792,11.0231924057007));
#11728=CARTESIAN_POINT('Ctrl Pts',(69.7756754896007,59.4386235824792,11.0373535400075));
#11729=CARTESIAN_POINT('Ctrl Pts',(69.2002684176786,59.4386235824792,11.0658727060075));
#11730=CARTESIAN_POINT('Ctrl Pts',(68.6569115581486,59.4386235824792,11.2575327660986));
#11731=CARTESIAN_POINT('Ctrl Pts',(68.383357450366,59.4386235824792,11.3540244102478));
#11732=CARTESIAN_POINT('',(70.0613927096128,57.4386235824792,11.0231924057007));
#11733=CARTESIAN_POINT('',(70.0613927096128,59.4386235824792,11.0231924057007));
#11734=CARTESIAN_POINT('Ctrl Pts',(70.0613927096128,57.4386235824792,11.0231924057007));
#11735=CARTESIAN_POINT('Ctrl Pts',(69.7756754896007,57.4386235824792,11.0373535400075));
#11736=CARTESIAN_POINT('Ctrl Pts',(69.2002684176786,57.4386235824792,11.0658727060075));
#11737=CARTESIAN_POINT('Ctrl Pts',(68.6569115581486,57.4386235824792,11.2575327660986));
#11738=CARTESIAN_POINT('Ctrl Pts',(68.383357450366,57.4386235824792,11.3540244102478));
#11739=CARTESIAN_POINT('Ctrl Pts',(71.9304227083921,59.4386235824792,11.4597547054291));
#11740=CARTESIAN_POINT('Ctrl Pts',(71.9304227083921,57.4386235824792,11.4597547054291));
#11741=CARTESIAN_POINT('Ctrl Pts',(71.6322653638297,59.4386235824792,11.3324243003463));
#11742=CARTESIAN_POINT('Ctrl Pts',(71.6322653638297,57.4386235824792,11.3324243003463));
#11743=CARTESIAN_POINT('Ctrl Pts',(71.0348791475532,59.4386235824792,11.077305886205));
#11744=CARTESIAN_POINT('Ctrl Pts',(71.0348791475532,57.4386235824792,11.077305886205));
#11745=CARTESIAN_POINT('Ctrl Pts',(70.3862759871257,59.4386235824792,11.0412517891894));
#11746=CARTESIAN_POINT('Ctrl Pts',(70.3862759871257,57.4386235824792,11.0412517891894));
#11747=CARTESIAN_POINT('Ctrl Pts',(70.0613927096128,59.4386235824792,11.0231924057007));
#11748=CARTESIAN_POINT('Ctrl Pts',(70.0613927096128,57.4386235824792,11.0231924057007));
#11749=CARTESIAN_POINT('',(71.9304227083921,59.4386235824792,11.4597547054291));
#11750=CARTESIAN_POINT('Ctrl Pts',(71.9304227083921,59.4386235824792,11.4597547054291));
#11751=CARTESIAN_POINT('Ctrl Pts',(71.6322653638297,59.4386235824792,11.3324243003463));
#11752=CARTESIAN_POINT('Ctrl Pts',(71.0348791475532,59.4386235824792,11.077305886205));
#11753=CARTESIAN_POINT('Ctrl Pts',(70.3862759871257,59.4386235824792,11.0412517891894));
#11754=CARTESIAN_POINT('Ctrl Pts',(70.0613927096128,59.4386235824792,11.0231924057007));
#11755=CARTESIAN_POINT('',(71.9304227083921,57.4386235824792,11.4597547054291));
#11756=CARTESIAN_POINT('',(71.9304227083921,59.4386235824792,11.4597547054291));
#11757=CARTESIAN_POINT('Ctrl Pts',(71.9304227083921,57.4386235824792,11.4597547054291));
#11758=CARTESIAN_POINT('Ctrl Pts',(71.6322653638297,57.4386235824792,11.3324243003463));
#11759=CARTESIAN_POINT('Ctrl Pts',(71.0348791475532,57.4386235824792,11.077305886205));
#11760=CARTESIAN_POINT('Ctrl Pts',(70.3862759871257,57.4386235824792,11.0412517891894));
#11761=CARTESIAN_POINT('Ctrl Pts',(70.0613927096128,57.4386235824792,11.0231924057007));
#11762=CARTESIAN_POINT('Ctrl Pts',(73.2708048075438,59.4386235824792,12.7967250347137));
#11763=CARTESIAN_POINT('Ctrl Pts',(73.2708048075438,57.4386235824792,12.7967250347137));
#11764=CARTESIAN_POINT('Ctrl Pts',(73.1010144841925,59.4386235824792,12.5164987445882));
#11765=CARTESIAN_POINT('Ctrl Pts',(73.1010144841925,57.4386235824792,12.5164987445882));
#11766=CARTESIAN_POINT('Ctrl Pts',(72.7640810168895,59.4386235824792,11.9604151368894));
#11767=CARTESIAN_POINT('Ctrl Pts',(72.7640810168895,57.4386235824792,11.9604151368894));
#11768=CARTESIAN_POINT('Ctrl Pts',(72.2068494807372,59.4386235824792,11.6257651028531));
#11769=CARTESIAN_POINT('Ctrl Pts',(72.2068494807372,57.4386235824792,11.6257651028531));
#11770=CARTESIAN_POINT('Ctrl Pts',(71.9304227083921,59.4386235824792,11.4597547054291));
#11771=CARTESIAN_POINT('Ctrl Pts',(71.9304227083921,57.4386235824792,11.4597547054291));
#11772=CARTESIAN_POINT('',(73.2708048075438,59.4386235824792,12.7967250347137));
#11773=CARTESIAN_POINT('Ctrl Pts',(73.2708048075438,59.4386235824792,12.7967250347137));
#11774=CARTESIAN_POINT('Ctrl Pts',(73.1010144841925,59.4386235824792,12.5164987445882));
#11775=CARTESIAN_POINT('Ctrl Pts',(72.7640810168895,59.4386235824792,11.9604151368894));
#11776=CARTESIAN_POINT('Ctrl Pts',(72.2068494807372,59.4386235824792,11.6257651028531));
#11777=CARTESIAN_POINT('Ctrl Pts',(71.9304227083921,59.4386235824792,11.4597547054291));
#11778=CARTESIAN_POINT('',(73.2708048075438,57.4386235824792,12.7967250347137));
#11779=CARTESIAN_POINT('',(73.2708048075438,59.4386235824792,12.7967250347137));
#11780=CARTESIAN_POINT('Ctrl Pts',(73.2708048075438,57.4386235824792,12.7967250347137));
#11781=CARTESIAN_POINT('Ctrl Pts',(73.1010144841925,57.4386235824792,12.5164987445882));
#11782=CARTESIAN_POINT('Ctrl Pts',(72.7640810168895,57.4386235824792,11.9604151368894));
#11783=CARTESIAN_POINT('Ctrl Pts',(72.2068494807372,57.4386235824792,11.6257651028531));
#11784=CARTESIAN_POINT('Ctrl Pts',(71.9304227083921,57.4386235824792,11.4597547054291));
#11785=CARTESIAN_POINT('Ctrl Pts',(73.7312411516905,59.4386235824792,15.0341063737869));
#11786=CARTESIAN_POINT('Ctrl Pts',(73.7312411516905,57.4386235824792,15.0341063737869));
#11787=CARTESIAN_POINT('Ctrl Pts',(73.7182506924509,59.4386235824792,14.6193793199967));
#11788=CARTESIAN_POINT('Ctrl Pts',(73.7182506924509,57.4386235824792,14.6193793199967));
#11789=CARTESIAN_POINT('Ctrl Pts',(73.6940208816395,59.4386235824792,13.8458302201282));
#11790=CARTESIAN_POINT('Ctrl Pts',(73.6940208816395,57.4386235824792,13.8458302201282));
#11791=CARTESIAN_POINT('Ctrl Pts',(73.4049121257882,59.4386235824792,13.1291620369539));
#11792=CARTESIAN_POINT('Ctrl Pts',(73.4049121257882,57.4386235824792,13.1291620369539));
#11793=CARTESIAN_POINT('Ctrl Pts',(73.2708048075438,59.4386235824792,12.7967250347137));
#11794=CARTESIAN_POINT('Ctrl Pts',(73.2708048075438,57.4386235824792,12.7967250347137));
#11795=CARTESIAN_POINT('',(73.7312411516905,59.4386235824792,15.0341063737869));
#11796=CARTESIAN_POINT('Ctrl Pts',(73.7312411516905,59.4386235824792,15.0341063737869));
#11797=CARTESIAN_POINT('Ctrl Pts',(73.7182506924509,59.4386235824792,14.6193793199967));
#11798=CARTESIAN_POINT('Ctrl Pts',(73.6940208816395,59.4386235824792,13.8458302201282));
#11799=CARTESIAN_POINT('Ctrl Pts',(73.4049121257882,59.4386235824792,13.1291620369539));
#11800=CARTESIAN_POINT('Ctrl Pts',(73.2708048075438,59.4386235824792,12.7967250347137));
#11801=CARTESIAN_POINT('',(73.7312411516905,57.4386235824792,15.0341063737869));
#11802=CARTESIAN_POINT('',(73.7312411516905,59.4386235824792,15.0341063737869));
#11803=CARTESIAN_POINT('Ctrl Pts',(73.7312411516905,57.4386235824792,15.0341063737869));
#11804=CARTESIAN_POINT('Ctrl Pts',(73.7182506924509,57.4386235824792,14.6193793199967));
#11805=CARTESIAN_POINT('Ctrl Pts',(73.6940208816395,57.4386235824792,13.8458302201282));
#11806=CARTESIAN_POINT('Ctrl Pts',(73.4049121257882,57.4386235824792,13.1291620369539));
#11807=CARTESIAN_POINT('Ctrl Pts',(73.2708048075438,57.4386235824792,12.7967250347137));
#11808=CARTESIAN_POINT('Ctrl Pts',(73.3492492884398,59.4386235824792,17.0463842153549));
#11809=CARTESIAN_POINT('Ctrl Pts',(73.3492492884398,57.4386235824792,17.0463842153549));
#11810=CARTESIAN_POINT('Ctrl Pts',(73.4606519313237,59.4386235824792,16.7271303719782));
#11811=CARTESIAN_POINT('Ctrl Pts',(73.4606519313237,57.4386235824792,16.7271303719782));
#11812=CARTESIAN_POINT('Ctrl Pts',(73.6880135508217,59.4386235824792,16.0755653015099));
#11813=CARTESIAN_POINT('Ctrl Pts',(73.6880135508217,57.4386235824792,16.0755653015099));
#11814=CARTESIAN_POINT('Ctrl Pts',(73.7166407216115,59.4386235824792,15.3858665443444));
#11815=CARTESIAN_POINT('Ctrl Pts',(73.7166407216115,57.4386235824792,15.3858665443444));
#11816=CARTESIAN_POINT('Ctrl Pts',(73.7312411516905,59.4386235824792,15.0341063737869));
#11817=CARTESIAN_POINT('Ctrl Pts',(73.7312411516905,57.4386235824792,15.0341063737869));
#11818=CARTESIAN_POINT('',(73.3492492884398,59.4386235824792,17.0463842153549));
#11819=CARTESIAN_POINT('Ctrl Pts',(73.3492492884398,59.4386235824792,17.0463842153549));
#11820=CARTESIAN_POINT('Ctrl Pts',(73.4606519313237,59.4386235824792,16.7271303719782));
#11821=CARTESIAN_POINT('Ctrl Pts',(73.6880135508217,59.4386235824792,16.0755653015099));
#11822=CARTESIAN_POINT('Ctrl Pts',(73.7166407216115,59.4386235824792,15.3858665443444));
#11823=CARTESIAN_POINT('Ctrl Pts',(73.7312411516905,59.4386235824792,15.0341063737869));
#11824=CARTESIAN_POINT('',(73.3492492884398,57.4386235824792,17.0463842153549));
#11825=CARTESIAN_POINT('',(73.3492492884398,59.4386235824792,17.0463842153549));
#11826=CARTESIAN_POINT('Ctrl Pts',(73.3492492884398,57.4386235824792,17.0463842153549));
#11827=CARTESIAN_POINT('Ctrl Pts',(73.4606519313237,57.4386235824792,16.7271303719782));
#11828=CARTESIAN_POINT('Ctrl Pts',(73.6880135508217,57.4386235824792,16.0755653015099));
#11829=CARTESIAN_POINT('Ctrl Pts',(73.7166407216115,57.4386235824792,15.3858665443444));
#11830=CARTESIAN_POINT('Ctrl Pts',(73.7312411516905,57.4386235824792,15.0341063737869));
#11831=CARTESIAN_POINT('Ctrl Pts',(72.7182816714048,59.4386235824792,18.0354702472687));
#11832=CARTESIAN_POINT('Ctrl Pts',(72.7182816714048,57.4386235824792,18.0354702472687));
#11833=CARTESIAN_POINT('Ctrl Pts',(72.8456737610887,59.4386235824792,17.8825762239654));
#11834=CARTESIAN_POINT('Ctrl Pts',(72.8456737610887,57.4386235824792,17.8825762239654));
#11835=CARTESIAN_POINT('Ctrl Pts',(73.0980597318814,59.4386235824792,17.5796664703412));
#11836=CARTESIAN_POINT('Ctrl Pts',(73.0980597318814,57.4386235824792,17.5796664703412));
#11837=CARTESIAN_POINT('Ctrl Pts',(73.2660515305042,59.4386235824792,17.2230153164626));
#11838=CARTESIAN_POINT('Ctrl Pts',(73.2660515305042,57.4386235824792,17.2230153164626));
#11839=CARTESIAN_POINT('Ctrl Pts',(73.3492492884398,59.4386235824792,17.0463842153549));
#11840=CARTESIAN_POINT('Ctrl Pts',(73.3492492884398,57.4386235824792,17.0463842153549));
#11841=CARTESIAN_POINT('',(72.7182816714048,59.4386235824792,18.0354702472687));
#11842=CARTESIAN_POINT('Ctrl Pts',(72.7182816714048,59.4386235824792,18.0354702472687));
#11843=CARTESIAN_POINT('Ctrl Pts',(72.8456737610887,59.4386235824792,17.8825762239654));
#11844=CARTESIAN_POINT('Ctrl Pts',(73.0980597318814,59.4386235824792,17.5796664703412));
#11845=CARTESIAN_POINT('Ctrl Pts',(73.2660515305042,59.4386235824792,17.2230153164626));
#11846=CARTESIAN_POINT('Ctrl Pts',(73.3492492884398,59.4386235824792,17.0463842153549));
#11847=CARTESIAN_POINT('',(72.7182816714048,57.4386235824792,18.0354702472687));
#11848=CARTESIAN_POINT('',(72.7182816714048,59.4386235824792,18.0354702472687));
#11849=CARTESIAN_POINT('Ctrl Pts',(72.7182816714048,57.4386235824792,18.0354702472687));
#11850=CARTESIAN_POINT('Ctrl Pts',(72.8456737610887,57.4386235824792,17.8825762239654));
#11851=CARTESIAN_POINT('Ctrl Pts',(73.0980597318814,57.4386235824792,17.5796664703412));
#11852=CARTESIAN_POINT('Ctrl Pts',(73.2660515305042,57.4386235824792,17.2230153164626));
#11853=CARTESIAN_POINT('Ctrl Pts',(73.3492492884398,57.4386235824792,17.0463842153549));
#11854=CARTESIAN_POINT('Ctrl Pts',(71.6507505625486,59.4386235824792,18.7619370222092));
#11855=CARTESIAN_POINT('Ctrl Pts',(71.6507505625486,57.4386235824792,18.7619370222092));
#11856=CARTESIAN_POINT('Ctrl Pts',(71.8573987576115,59.4386235824792,18.6661301215245));
#11857=CARTESIAN_POINT('Ctrl Pts',(71.8573987576115,57.4386235824792,18.6661301215245));
#11858=CARTESIAN_POINT('Ctrl Pts',(72.2534836344216,59.4386235824792,18.4824959773031));
#11859=CARTESIAN_POINT('Ctrl Pts',(72.2534836344216,57.4386235824792,18.4824959773031));
#11860=CARTESIAN_POINT('Ctrl Pts',(72.5679032668493,59.4386235824792,18.1800986895792));
#11861=CARTESIAN_POINT('Ctrl Pts',(72.5679032668493,57.4386235824792,18.1800986895792));
#11862=CARTESIAN_POINT('Ctrl Pts',(72.7182816714048,59.4386235824792,18.0354702472687));
#11863=CARTESIAN_POINT('Ctrl Pts',(72.7182816714048,57.4386235824792,18.0354702472687));
#11864=CARTESIAN_POINT('',(71.6507505625486,59.4386235824792,18.7619370222092));
#11865=CARTESIAN_POINT('Ctrl Pts',(71.6507505625486,59.4386235824792,18.7619370222092));
#11866=CARTESIAN_POINT('Ctrl Pts',(71.8573987576115,59.4386235824792,18.6661301215245));
#11867=CARTESIAN_POINT('Ctrl Pts',(72.2534836344216,59.4386235824792,18.4824959773031));
#11868=CARTESIAN_POINT('Ctrl Pts',(72.5679032668493,59.4386235824792,18.1800986895792));
#11869=CARTESIAN_POINT('Ctrl Pts',(72.7182816714048,59.4386235824792,18.0354702472687));
#11870=CARTESIAN_POINT('',(71.6507505625486,57.4386235824792,18.7619370222092));
#11871=CARTESIAN_POINT('',(71.6507505625486,59.4386235824792,18.7619370222092));
#11872=CARTESIAN_POINT('Ctrl Pts',(71.6507505625486,57.4386235824792,18.7619370222092));
#11873=CARTESIAN_POINT('Ctrl Pts',(71.8573987576115,57.4386235824792,18.6661301215245));
#11874=CARTESIAN_POINT('Ctrl Pts',(72.2534836344216,57.4386235824792,18.4824959773031));
#11875=CARTESIAN_POINT('Ctrl Pts',(72.5679032668493,57.4386235824792,18.1800986895792));
#11876=CARTESIAN_POINT('Ctrl Pts',(72.7182816714048,57.4386235824792,18.0354702472687));
#11877=CARTESIAN_POINT('Ctrl Pts',(70.0818561762571,59.4386235824792,19.0381985902786));
#11878=CARTESIAN_POINT('Ctrl Pts',(70.0818561762571,57.4386235824792,19.0381985902786));
#11879=CARTESIAN_POINT('Ctrl Pts',(70.3664544408561,59.4386235824792,19.0297300368719));
#11880=CARTESIAN_POINT('Ctrl Pts',(70.3664544408561,57.4386235824792,19.0297300368719));
#11881=CARTESIAN_POINT('Ctrl Pts',(70.9032911077735,59.4386235824792,19.0137558355153));
#11882=CARTESIAN_POINT('Ctrl Pts',(70.9032911077735,57.4386235824792,19.0137558355153));
#11883=CARTESIAN_POINT('Ctrl Pts',(71.4118151481363,59.4386235824792,18.8424342747755));
#11884=CARTESIAN_POINT('Ctrl Pts',(71.4118151481363,57.4386235824792,18.8424342747755));
#11885=CARTESIAN_POINT('Ctrl Pts',(71.6507505625486,59.4386235824792,18.7619370222092));
#11886=CARTESIAN_POINT('Ctrl Pts',(71.6507505625486,57.4386235824792,18.7619370222092));
#11887=CARTESIAN_POINT('',(70.0818561762571,59.4386235824792,19.0381985902786));
#11888=CARTESIAN_POINT('Ctrl Pts',(70.0818561762571,59.4386235824792,19.0381985902786));
#11889=CARTESIAN_POINT('Ctrl Pts',(70.3664544408561,59.4386235824792,19.0297300368719));
#11890=CARTESIAN_POINT('Ctrl Pts',(70.9032911077735,59.4386235824792,19.0137558355153));
#11891=CARTESIAN_POINT('Ctrl Pts',(71.4118151481363,59.4386235824792,18.8424342747755));
#11892=CARTESIAN_POINT('Ctrl Pts',(71.6507505625486,59.4386235824792,18.7619370222092));
#11893=CARTESIAN_POINT('',(70.0818561762571,57.4386235824792,19.0381985902786));
#11894=CARTESIAN_POINT('',(70.0818561762571,59.4386235824792,19.0381985902786));
#11895=CARTESIAN_POINT('Ctrl Pts',(70.0818561762571,57.4386235824792,19.0381985902786));
#11896=CARTESIAN_POINT('Ctrl Pts',(70.3664544408561,57.4386235824792,19.0297300368719));
#11897=CARTESIAN_POINT('Ctrl Pts',(70.9032911077735,57.4386235824792,19.0137558355153));
#11898=CARTESIAN_POINT('Ctrl Pts',(71.4118151481363,57.4386235824792,18.8424342747755));
#11899=CARTESIAN_POINT('Ctrl Pts',(71.6507505625486,57.4386235824792,18.7619370222092));
#11900=CARTESIAN_POINT('Ctrl Pts',(68.7039565294981,59.4386235824792,18.7755793333054));
#11901=CARTESIAN_POINT('Ctrl Pts',(68.7039565294981,57.4386235824792,18.7755793333054));
#11902=CARTESIAN_POINT('Ctrl Pts',(68.9201220305282,59.4386235824792,18.8521577219687));
#11903=CARTESIAN_POINT('Ctrl Pts',(68.9201220305282,57.4386235824792,18.8521577219687));
#11904=CARTESIAN_POINT('Ctrl Pts',(69.3657940676296,59.4386235824792,19.0100406695756));
#11905=CARTESIAN_POINT('Ctrl Pts',(69.3657940676296,57.4386235824792,19.0100406695756));
#11906=CARTESIAN_POINT('Ctrl Pts',(69.8384525187762,59.4386235824792,19.0286271567345));
#11907=CARTESIAN_POINT('Ctrl Pts',(69.8384525187762,57.4386235824792,19.0286271567345));
#11908=CARTESIAN_POINT('Ctrl Pts',(70.0818561762571,59.4386235824792,19.0381985902786));
#11909=CARTESIAN_POINT('Ctrl Pts',(70.0818561762571,57.4386235824792,19.0381985902786));
#11910=CARTESIAN_POINT('',(68.7039565294981,59.4386235824792,18.7755793333054));
#11911=CARTESIAN_POINT('Ctrl Pts',(68.7039565294981,59.4386235824792,18.7755793333054));
#11912=CARTESIAN_POINT('Ctrl Pts',(68.9201220305282,59.4386235824792,18.8521577219687));
#11913=CARTESIAN_POINT('Ctrl Pts',(69.3657940676296,59.4386235824792,19.0100406695756));
#11914=CARTESIAN_POINT('Ctrl Pts',(69.8384525187762,59.4386235824792,19.0286271567345));
#11915=CARTESIAN_POINT('Ctrl Pts',(70.0818561762571,59.4386235824792,19.0381985902786));
#11916=CARTESIAN_POINT('',(68.7039565294981,57.4386235824792,18.7755793333054));
#11917=CARTESIAN_POINT('',(68.7039565294981,59.4386235824792,18.7755793333054));
#11918=CARTESIAN_POINT('Ctrl Pts',(68.7039565294981,57.4386235824792,18.7755793333054));
#11919=CARTESIAN_POINT('Ctrl Pts',(68.9201220305282,57.4386235824792,18.8521577219687));
#11920=CARTESIAN_POINT('Ctrl Pts',(69.3657940676296,57.4386235824792,19.0100406695756));
#11921=CARTESIAN_POINT('Ctrl Pts',(69.8384525187762,57.4386235824792,19.0286271567345));
#11922=CARTESIAN_POINT('Ctrl Pts',(70.0818561762571,57.4386235824792,19.0381985902786));
#11923=CARTESIAN_POINT('Ctrl Pts',(67.7489780634642,59.4386235824792,18.0763977766037));
#11924=CARTESIAN_POINT('Ctrl Pts',(67.7489780634642,57.4386235824792,18.0763977766037));
#11925=CARTESIAN_POINT('Ctrl Pts',(67.8773530247971,59.4386235824792,18.2167296130398));
#11926=CARTESIAN_POINT('Ctrl Pts',(67.8773530247971,57.4386235824792,18.2167296130398));
#11927=CARTESIAN_POINT('Ctrl Pts',(68.148566378529,59.4386235824792,18.5132038444631));
#11928=CARTESIAN_POINT('Ctrl Pts',(68.148566378529,57.4386235824792,18.5132038444631));
#11929=CARTESIAN_POINT('Ctrl Pts',(68.5123596166485,59.4386235824792,18.6850657842591));
#11930=CARTESIAN_POINT('Ctrl Pts',(68.5123596166485,57.4386235824792,18.6850657842591));
#11931=CARTESIAN_POINT('Ctrl Pts',(68.7039565294981,59.4386235824792,18.7755793333054));
#11932=CARTESIAN_POINT('Ctrl Pts',(68.7039565294981,57.4386235824792,18.7755793333054));
#11933=CARTESIAN_POINT('',(67.7489780634642,59.4386235824792,18.0763977766037));
#11934=CARTESIAN_POINT('Ctrl Pts',(67.7489780634642,59.4386235824792,18.0763977766037));
#11935=CARTESIAN_POINT('Ctrl Pts',(67.8773530247971,59.4386235824792,18.2167296130398));
#11936=CARTESIAN_POINT('Ctrl Pts',(68.148566378529,59.4386235824792,18.5132038444631));
#11937=CARTESIAN_POINT('Ctrl Pts',(68.5123596166485,59.4386235824792,18.6850657842591));
#11938=CARTESIAN_POINT('Ctrl Pts',(68.7039565294981,59.4386235824792,18.7755793333054));
#11939=CARTESIAN_POINT('',(67.7489780634642,57.4386235824792,18.0763977766037));
#11940=CARTESIAN_POINT('',(67.7489780634642,59.4386235824792,18.0763977766037));
#11941=CARTESIAN_POINT('Ctrl Pts',(67.7489780634642,57.4386235824792,18.0763977766037));
#11942=CARTESIAN_POINT('Ctrl Pts',(67.8773530247971,57.4386235824792,18.2167296130398));
#11943=CARTESIAN_POINT('Ctrl Pts',(68.148566378529,57.4386235824792,18.5132038444631));
#11944=CARTESIAN_POINT('Ctrl Pts',(68.5123596166485,57.4386235824792,18.6850657842591));
#11945=CARTESIAN_POINT('Ctrl Pts',(68.7039565294981,57.4386235824792,18.7755793333054));
#11946=CARTESIAN_POINT('Ctrl Pts',(67.1896313875914,59.4386235824792,16.8758523464203));
#11947=CARTESIAN_POINT('Ctrl Pts',(67.1896313875914,57.4386235824792,16.8758523464203));
#11948=CARTESIAN_POINT('Ctrl Pts',(67.2629889056907,59.4386235824792,17.1083590196894));
#11949=CARTESIAN_POINT('Ctrl Pts',(67.2629889056907,57.4386235824792,17.1083590196894));
#11950=CARTESIAN_POINT('Ctrl Pts',(67.397112026536,59.4386235824792,17.5334622871411));
#11951=CARTESIAN_POINT('Ctrl Pts',(67.397112026536,57.4386235824792,17.5334622871411));
#11952=CARTESIAN_POINT('Ctrl Pts',(67.6392674992727,59.4386235824792,17.9071124446389));
#11953=CARTESIAN_POINT('Ctrl Pts',(67.6392674992727,57.4386235824792,17.9071124446389));
#11954=CARTESIAN_POINT('Ctrl Pts',(67.7489780634642,59.4386235824792,18.0763977766037));
#11955=CARTESIAN_POINT('Ctrl Pts',(67.7489780634642,57.4386235824792,18.0763977766037));
#11956=CARTESIAN_POINT('',(67.1896313875914,59.4386235824792,16.8758523464203));
#11957=CARTESIAN_POINT('Ctrl Pts',(67.1896313875914,59.4386235824792,16.8758523464203));
#11958=CARTESIAN_POINT('Ctrl Pts',(67.2629889056907,59.4386235824792,17.1083590196894));
#11959=CARTESIAN_POINT('Ctrl Pts',(67.397112026536,59.4386235824792,17.5334622871411));
#11960=CARTESIAN_POINT('Ctrl Pts',(67.6392674992727,59.4386235824792,17.9071124446389));
#11961=CARTESIAN_POINT('Ctrl Pts',(67.7489780634642,59.4386235824792,18.0763977766037));
#11962=CARTESIAN_POINT('',(67.1896313875914,57.4386235824792,16.8758523464203));
#11963=CARTESIAN_POINT('',(67.1896313875914,59.4386235824792,16.8758523464203));
#11964=CARTESIAN_POINT('Ctrl Pts',(67.1896313875914,57.4386235824792,16.8758523464203));
#11965=CARTESIAN_POINT('Ctrl Pts',(67.2629889056907,57.4386235824792,17.1083590196894));
#11966=CARTESIAN_POINT('Ctrl Pts',(67.397112026536,57.4386235824792,17.5334622871411));
#11967=CARTESIAN_POINT('Ctrl Pts',(67.6392674992727,57.4386235824792,17.9071124446389));
#11968=CARTESIAN_POINT('Ctrl Pts',(67.7489780634642,57.4386235824792,18.0763977766037));
#11969=CARTESIAN_POINT('Origin',(65.9959077090025,59.4386235824792,17.2032737731934));
#11970=CARTESIAN_POINT('',(65.9959077090025,59.4386235824792,17.2032737731934));
#11971=CARTESIAN_POINT('',(86.3412628718001,59.4386235824792,11.6228322228651));
#11972=CARTESIAN_POINT('',(65.9959077090025,57.4386235824792,17.2032737731934));
#11973=CARTESIAN_POINT('',(65.9959077090025,59.4386235824792,17.2032737731934));
#11974=CARTESIAN_POINT('',(65.9959077090025,57.4386235824792,17.2032737731934));
#11975=CARTESIAN_POINT('Ctrl Pts',(66.7530702799559,59.4386235824792,18.8403815031052));
#11976=CARTESIAN_POINT('Ctrl Pts',(66.7530702799559,57.4386235824792,18.8403815031052));
#11977=CARTESIAN_POINT('Ctrl Pts',(66.5945681139067,59.4386235824792,18.605211062937));
#11978=CARTESIAN_POINT('Ctrl Pts',(66.5945681139067,57.4386235824792,18.605211062937));
#11979=CARTESIAN_POINT('Ctrl Pts',(66.2545860755867,59.4386235824792,18.1007780473265));
#11980=CARTESIAN_POINT('Ctrl Pts',(66.2545860755867,57.4386235824792,18.1007780473265));
#11981=CARTESIAN_POINT('Ctrl Pts',(66.0859333004666,59.4386235824792,17.5156244122796));
#11982=CARTESIAN_POINT('Ctrl Pts',(66.0859333004666,57.4386235824792,17.5156244122796));
#11983=CARTESIAN_POINT('Ctrl Pts',(65.9959077090025,59.4386235824792,17.2032737731934));
#11984=CARTESIAN_POINT('Ctrl Pts',(65.9959077090025,57.4386235824792,17.2032737731934));
#11985=CARTESIAN_POINT('',(66.7530702799559,59.4386235824792,18.8403815031052));
#11986=CARTESIAN_POINT('Ctrl Pts',(66.7530702799559,59.4386235824792,18.8403815031052));
#11987=CARTESIAN_POINT('Ctrl Pts',(66.5945681139067,59.4386235824792,18.605211062937));
#11988=CARTESIAN_POINT('Ctrl Pts',(66.2545860755867,59.4386235824792,18.1007780473265));
#11989=CARTESIAN_POINT('Ctrl Pts',(66.0859333004666,59.4386235824792,17.5156244122796));
#11990=CARTESIAN_POINT('Ctrl Pts',(65.9959077090025,59.4386235824792,17.2032737731934));
#11991=CARTESIAN_POINT('',(66.7530702799559,57.4386235824792,18.8403815031052));
#11992=CARTESIAN_POINT('',(66.7530702799559,59.4386235824792,18.8403815031052));
#11993=CARTESIAN_POINT('Ctrl Pts',(66.7530702799559,57.4386235824792,18.8403815031052));
#11994=CARTESIAN_POINT('Ctrl Pts',(66.5945681139067,57.4386235824792,18.605211062937));
#11995=CARTESIAN_POINT('Ctrl Pts',(66.2545860755867,57.4386235824792,18.1007780473265));
#11996=CARTESIAN_POINT('Ctrl Pts',(66.0859333004666,57.4386235824792,17.5156244122796));
#11997=CARTESIAN_POINT('Ctrl Pts',(65.9959077090025,57.4386235824792,17.2032737731934));
#11998=CARTESIAN_POINT('Ctrl Pts',(68.127558156848,59.4386235824792,19.8192352056503));
#11999=CARTESIAN_POINT('Ctrl Pts',(68.127558156848,57.4386235824792,19.8192352056503));
#12000=CARTESIAN_POINT('Ctrl Pts',(67.8551186461084,59.4386235824792,19.6954996360398));
#12001=CARTESIAN_POINT('Ctrl Pts',(67.8551186461084,57.4386235824792,19.6954996360398));
#12002=CARTESIAN_POINT('Ctrl Pts',(67.3327727515327,59.4386235824792,19.458262509077));
#12003=CARTESIAN_POINT('Ctrl Pts',(67.3327727515327,57.4386235824792,19.458262509077));
#12004=CARTESIAN_POINT('Ctrl Pts',(66.9406661633511,59.4386235824792,19.04033223444));
#12005=CARTESIAN_POINT('Ctrl Pts',(66.9406661633511,57.4386235824792,19.04033223444));
#12006=CARTESIAN_POINT('Ctrl Pts',(66.7530702799559,59.4386235824792,18.8403815031052));
#12007=CARTESIAN_POINT('Ctrl Pts',(66.7530702799559,57.4386235824792,18.8403815031052));
#12008=CARTESIAN_POINT('',(68.127558156848,59.4386235824792,19.8192352056503));
#12009=CARTESIAN_POINT('Ctrl Pts',(68.127558156848,59.4386235824792,19.8192352056503));
#12010=CARTESIAN_POINT('Ctrl Pts',(67.8551186461084,59.4386235824792,19.6954996360398));
#12011=CARTESIAN_POINT('Ctrl Pts',(67.3327727515327,59.4386235824792,19.458262509077));
#12012=CARTESIAN_POINT('Ctrl Pts',(66.9406661633511,59.4386235824792,19.04033223444));
#12013=CARTESIAN_POINT('Ctrl Pts',(66.7530702799559,59.4386235824792,18.8403815031052));
#12014=CARTESIAN_POINT('',(68.127558156848,57.4386235824792,19.8192352056503));
#12015=CARTESIAN_POINT('',(68.127558156848,59.4386235824792,19.8192352056503));
#12016=CARTESIAN_POINT('Ctrl Pts',(68.127558156848,57.4386235824792,19.8192352056503));
#12017=CARTESIAN_POINT('Ctrl Pts',(67.8551186461084,57.4386235824792,19.6954996360398));
#12018=CARTESIAN_POINT('Ctrl Pts',(67.3327727515327,57.4386235824792,19.458262509077));
#12019=CARTESIAN_POINT('Ctrl Pts',(66.9406661633511,57.4386235824792,19.04033223444));
#12020=CARTESIAN_POINT('Ctrl Pts',(66.7530702799559,57.4386235824792,18.8403815031052));
#12021=CARTESIAN_POINT('Ctrl Pts',(70.0886773318052,59.4386235824792,20.1705312728882));
#12022=CARTESIAN_POINT('Ctrl Pts',(70.0886773318052,57.4386235824792,20.1705312728882));
#12023=CARTESIAN_POINT('Ctrl Pts',(69.7414122640987,59.4386235824792,20.1580886691821));
#12024=CARTESIAN_POINT('Ctrl Pts',(69.7414122640987,57.4386235824792,20.1580886691821));
#12025=CARTESIAN_POINT('Ctrl Pts',(69.0707065996068,59.4386235824792,20.1340570991719));
#12026=CARTESIAN_POINT('Ctrl Pts',(69.0707065996068,57.4386235824792,20.1340570991719));
#12027=CARTESIAN_POINT('Ctrl Pts',(68.4344068641913,59.4386235824792,19.9216609603787));
#12028=CARTESIAN_POINT('Ctrl Pts',(68.4344068641913,57.4386235824792,19.9216609603787));
#12029=CARTESIAN_POINT('Ctrl Pts',(68.127558156848,59.4386235824792,19.8192352056503));
#12030=CARTESIAN_POINT('Ctrl Pts',(68.127558156848,57.4386235824792,19.8192352056503));
#12031=CARTESIAN_POINT('',(70.0886773318052,59.4386235824792,20.1705312728882));
#12032=CARTESIAN_POINT('Ctrl Pts',(70.0886773318052,59.4386235824792,20.1705312728882));
#12033=CARTESIAN_POINT('Ctrl Pts',(69.7414122640987,59.4386235824792,20.1580886691821));
#12034=CARTESIAN_POINT('Ctrl Pts',(69.0707065996068,59.4386235824792,20.1340570991719));
#12035=CARTESIAN_POINT('Ctrl Pts',(68.4344068641913,59.4386235824792,19.9216609603787));
#12036=CARTESIAN_POINT('Ctrl Pts',(68.127558156848,59.4386235824792,19.8192352056503));
#12037=CARTESIAN_POINT('',(70.0886773318052,57.4386235824792,20.1705312728882));
#12038=CARTESIAN_POINT('',(70.0886773318052,59.4386235824792,20.1705312728882));
#12039=CARTESIAN_POINT('Ctrl Pts',(70.0886773318052,57.4386235824792,20.1705312728882));
#12040=CARTESIAN_POINT('Ctrl Pts',(69.7414122640987,57.4386235824792,20.1580886691821));
#12041=CARTESIAN_POINT('Ctrl Pts',(69.0707065996068,57.4386235824792,20.1340570991719));
#12042=CARTESIAN_POINT('Ctrl Pts',(68.4344068641913,57.4386235824792,19.9216609603787));
#12043=CARTESIAN_POINT('Ctrl Pts',(68.127558156848,57.4386235824792,19.8192352056503));
#12044=CARTESIAN_POINT('Ctrl Pts',(72.7285145968199,59.4386235824792,19.5566159486771));
#12045=CARTESIAN_POINT('Ctrl Pts',(72.7285145968199,57.4386235824792,19.5566159486771));
#12046=CARTESIAN_POINT('Ctrl Pts',(72.3235876376856,59.4386235824792,19.7356094983633));
#12047=CARTESIAN_POINT('Ctrl Pts',(72.3235876376856,57.4386235824792,19.7356094983633));
#12048=CARTESIAN_POINT('Ctrl Pts',(71.4832379461923,59.4386235824792,20.1070769219692));
#12049=CARTESIAN_POINT('Ctrl Pts',(71.4832379461923,57.4386235824792,20.1070769219692));
#12050=CARTESIAN_POINT('Ctrl Pts',(70.5646426229526,59.4386235824792,20.1488742231349));
#12051=CARTESIAN_POINT('Ctrl Pts',(70.5646426229526,57.4386235824792,20.1488742231349));
#12052=CARTESIAN_POINT('Ctrl Pts',(70.0886773318052,59.4386235824792,20.1705312728882));
#12053=CARTESIAN_POINT('Ctrl Pts',(70.0886773318052,57.4386235824792,20.1705312728882));
#12054=CARTESIAN_POINT('',(72.7285145968199,59.4386235824792,19.5566159486771));
#12055=CARTESIAN_POINT('Ctrl Pts',(72.7285145968199,59.4386235824792,19.5566159486771));
#12056=CARTESIAN_POINT('Ctrl Pts',(72.3235876376856,59.4386235824792,19.7356094983633));
#12057=CARTESIAN_POINT('Ctrl Pts',(71.4832379461923,59.4386235824792,20.1070769219692));
#12058=CARTESIAN_POINT('Ctrl Pts',(70.5646426229526,59.4386235824792,20.1488742231349));
#12059=CARTESIAN_POINT('Ctrl Pts',(70.0886773318052,59.4386235824792,20.1705312728882));
#12060=CARTESIAN_POINT('',(72.7285145968199,57.4386235824792,19.5566159486771));
#12061=CARTESIAN_POINT('',(72.7285145968199,59.4386235824792,19.5566159486771));
#12062=CARTESIAN_POINT('Ctrl Pts',(72.7285145968199,57.4386235824792,19.5566159486771));
#12063=CARTESIAN_POINT('Ctrl Pts',(72.3235876376856,57.4386235824792,19.7356094983633));
#12064=CARTESIAN_POINT('Ctrl Pts',(71.4832379461923,57.4386235824792,20.1070769219692));
#12065=CARTESIAN_POINT('Ctrl Pts',(70.5646426229526,57.4386235824792,20.1488742231349));
#12066=CARTESIAN_POINT('Ctrl Pts',(70.0886773318052,57.4386235824792,20.1705312728882));
#12067=CARTESIAN_POINT('Ctrl Pts',(74.4849943369627,59.4386235824792,17.6773530244827));
#12068=CARTESIAN_POINT('Ctrl Pts',(74.4849943369627,57.4386235824792,17.6773530244827));
#12069=CARTESIAN_POINT('Ctrl Pts',(74.2633199042336,59.4386235824792,18.0697404550721));
#12070=CARTESIAN_POINT('Ctrl Pts',(74.2633199042336,57.4386235824792,18.0697404550721));
#12071=CARTESIAN_POINT('Ctrl Pts',(73.829040796872,59.4386235824792,18.8384608753674));
#12072=CARTESIAN_POINT('Ctrl Pts',(73.829040796872,57.4386235824792,18.8384608753674));
#12073=CARTESIAN_POINT('Ctrl Pts',(73.090213283971,59.4386235824792,19.3205872678745));
#12074=CARTESIAN_POINT('Ctrl Pts',(73.090213283971,57.4386235824792,19.3205872678745));
#12075=CARTESIAN_POINT('Ctrl Pts',(72.7285145968199,59.4386235824792,19.5566159486771));
#12076=CARTESIAN_POINT('Ctrl Pts',(72.7285145968199,57.4386235824792,19.5566159486771));
#12077=CARTESIAN_POINT('',(74.4849943369627,59.4386235824792,17.6773530244827));
#12078=CARTESIAN_POINT('Ctrl Pts',(74.4849943369627,59.4386235824792,17.6773530244827));
#12079=CARTESIAN_POINT('Ctrl Pts',(74.2633199042336,59.4386235824792,18.0697404550721));
#12080=CARTESIAN_POINT('Ctrl Pts',(73.829040796872,59.4386235824792,18.8384608753674));
#12081=CARTESIAN_POINT('Ctrl Pts',(73.090213283971,59.4386235824792,19.3205872678745));
#12082=CARTESIAN_POINT('Ctrl Pts',(72.7285145968199,59.4386235824792,19.5566159486771));
#12083=CARTESIAN_POINT('',(74.4849943369627,57.4386235824792,17.6773530244827));
#12084=CARTESIAN_POINT('',(74.4849943369627,59.4386235824792,17.6773530244827));
#12085=CARTESIAN_POINT('Ctrl Pts',(74.4849943369627,57.4386235824792,17.6773530244827));
#12086=CARTESIAN_POINT('Ctrl Pts',(74.2633199042336,57.4386235824792,18.0697404550721));
#12087=CARTESIAN_POINT('Ctrl Pts',(73.829040796872,57.4386235824792,18.8384608753674));
#12088=CARTESIAN_POINT('Ctrl Pts',(73.090213283971,57.4386235824792,19.3205872678745));
#12089=CARTESIAN_POINT('Ctrl Pts',(72.7285145968199,57.4386235824792,19.5566159486771));
#12090=CARTESIAN_POINT('Ctrl Pts',(75.0954984873533,59.4386235824792,14.9522507190704));
#12091=CARTESIAN_POINT('Ctrl Pts',(75.0954984873533,57.4386235824792,14.9522507190704));
#12092=CARTESIAN_POINT('Ctrl Pts',(75.0710873963454,59.4386235824792,15.428595239479));
#12093=CARTESIAN_POINT('Ctrl Pts',(75.0710873963454,57.4386235824792,15.428595239479));
#12094=CARTESIAN_POINT('Ctrl Pts',(75.0227457070403,59.4386235824792,16.3719082114511));
#12095=CARTESIAN_POINT('Ctrl Pts',(75.0227457070403,57.4386235824792,16.3719082114511));
#12096=CARTESIAN_POINT('Ctrl Pts',(74.6630530707874,59.4386235824792,17.2450977789909));
#12097=CARTESIAN_POINT('Ctrl Pts',(74.6630530707874,57.4386235824792,17.2450977789909));
#12098=CARTESIAN_POINT('Ctrl Pts',(74.4849943369627,59.4386235824792,17.6773530244827));
#12099=CARTESIAN_POINT('Ctrl Pts',(74.4849943369627,57.4386235824792,17.6773530244827));
#12100=CARTESIAN_POINT('',(75.0954984873533,59.4386235824792,14.9522507190704));
#12101=CARTESIAN_POINT('Ctrl Pts',(75.0954984873533,59.4386235824792,14.9522507190704));
#12102=CARTESIAN_POINT('Ctrl Pts',(75.0710873963454,59.4386235824792,15.428595239479));
#12103=CARTESIAN_POINT('Ctrl Pts',(75.0227457070403,59.4386235824792,16.3719082114511));
#12104=CARTESIAN_POINT('Ctrl Pts',(74.6630530707874,59.4386235824792,17.2450977789909));
#12105=CARTESIAN_POINT('Ctrl Pts',(74.4849943369627,59.4386235824792,17.6773530244827));
#12106=CARTESIAN_POINT('',(75.0954984873533,57.4386235824792,14.9522507190704));
#12107=CARTESIAN_POINT('',(75.0954984873533,59.4386235824792,14.9522507190704));
#12108=CARTESIAN_POINT('Ctrl Pts',(75.0954984873533,57.4386235824792,14.9522507190704));
#12109=CARTESIAN_POINT('Ctrl Pts',(75.0710873963454,57.4386235824792,15.428595239479));
#12110=CARTESIAN_POINT('Ctrl Pts',(75.0227457070403,57.4386235824792,16.3719082114511));
#12111=CARTESIAN_POINT('Ctrl Pts',(74.6630530707874,57.4386235824792,17.2450977789909));
#12112=CARTESIAN_POINT('Ctrl Pts',(74.4849943369627,57.4386235824792,17.6773530244827));
#12113=CARTESIAN_POINT('Ctrl Pts',(74.4815825670958,59.4386235824792,12.2851288318634));
#12114=CARTESIAN_POINT('Ctrl Pts',(74.4815825670958,57.4386235824792,12.2851288318634));
#12115=CARTESIAN_POINT('Ctrl Pts',(74.6606116414854,59.4386235824792,12.7003830079099));
#12116=CARTESIAN_POINT('Ctrl Pts',(74.6606116414854,57.4386235824792,12.7003830079099));
#12117=CARTESIAN_POINT('Ctrl Pts',(75.0275794198613,59.4386235824792,13.5515570586313));
#12118=CARTESIAN_POINT('Ctrl Pts',(75.0275794198613,57.4386235824792,13.5515570586313));
#12119=CARTESIAN_POINT('Ctrl Pts',(75.0724952932546,59.4386235824792,14.4778562767778));
#12120=CARTESIAN_POINT('Ctrl Pts',(75.0724952932546,57.4386235824792,14.4778562767778));
#12121=CARTESIAN_POINT('Ctrl Pts',(75.0954984873533,59.4386235824792,14.9522507190704));
#12122=CARTESIAN_POINT('Ctrl Pts',(75.0954984873533,57.4386235824792,14.9522507190704));
#12123=CARTESIAN_POINT('',(74.4815825670958,59.4386235824792,12.2851288318634));
#12124=CARTESIAN_POINT('Ctrl Pts',(74.4815825670958,59.4386235824792,12.2851288318634));
#12125=CARTESIAN_POINT('Ctrl Pts',(74.6606116414854,59.4386235824792,12.7003830079099));
#12126=CARTESIAN_POINT('Ctrl Pts',(75.0275794198613,59.4386235824792,13.5515570586313));
#12127=CARTESIAN_POINT('Ctrl Pts',(75.0724952932546,59.4386235824792,14.4778562767778));
#12128=CARTESIAN_POINT('Ctrl Pts',(75.0954984873533,59.4386235824792,14.9522507190704));
#12129=CARTESIAN_POINT('',(74.4815825670958,57.4386235824792,12.2851288318634));
#12130=CARTESIAN_POINT('',(74.4815825670958,59.4386235824792,12.2851288318634));
#12131=CARTESIAN_POINT('Ctrl Pts',(74.4815825670958,57.4386235824792,12.2851288318634));
#12132=CARTESIAN_POINT('Ctrl Pts',(74.6606116414854,57.4386235824792,12.7003830079099));
#12133=CARTESIAN_POINT('Ctrl Pts',(75.0275794198613,57.4386235824792,13.5515570586313));
#12134=CARTESIAN_POINT('Ctrl Pts',(75.0724952932546,57.4386235824792,14.4778562767778));
#12135=CARTESIAN_POINT('Ctrl Pts',(75.0954984873533,57.4386235824792,14.9522507190704));
#12136=CARTESIAN_POINT('Ctrl Pts',(72.6637124270201,59.4386235824792,10.4604363441467));
#12137=CARTESIAN_POINT('Ctrl Pts',(72.6637124270201,57.4386235824792,10.4604363441467));
#12138=CARTESIAN_POINT('Ctrl Pts',(73.0400984570916,59.4386235824792,10.6935339260869));
#12139=CARTESIAN_POINT('Ctrl Pts',(73.0400984570916,57.4386235824792,10.6935339260869));
#12140=CARTESIAN_POINT('Ctrl Pts',(73.7903464669998,59.4386235824792,11.1581659341659));
#12141=CARTESIAN_POINT('Ctrl Pts',(73.7903464669998,57.4386235824792,11.1581659341659));
#12142=CARTESIAN_POINT('Ctrl Pts',(74.2516878955119,59.4386235824792,11.9103180179934));
#12143=CARTESIAN_POINT('Ctrl Pts',(74.2516878955119,57.4386235824792,11.9103180179934));
#12144=CARTESIAN_POINT('Ctrl Pts',(74.4815825670958,59.4386235824792,12.2851288318634));
#12145=CARTESIAN_POINT('Ctrl Pts',(74.4815825670958,57.4386235824792,12.2851288318634));
#12146=CARTESIAN_POINT('',(72.6637124270201,59.4386235824792,10.4604363441467));
#12147=CARTESIAN_POINT('Ctrl Pts',(72.6637124270201,59.4386235824792,10.4604363441467));
#12148=CARTESIAN_POINT('Ctrl Pts',(73.0400984570916,59.4386235824792,10.6935339260869));
#12149=CARTESIAN_POINT('Ctrl Pts',(73.7903464669998,59.4386235824792,11.1581659341659));
#12150=CARTESIAN_POINT('Ctrl Pts',(74.2516878955119,59.4386235824792,11.9103180179934));
#12151=CARTESIAN_POINT('Ctrl Pts',(74.4815825670958,59.4386235824792,12.2851288318634));
#12152=CARTESIAN_POINT('',(72.6637124270201,57.4386235824792,10.4604363441467));
#12153=CARTESIAN_POINT('',(72.6637124270201,59.4386235824792,10.4604363441467));
#12154=CARTESIAN_POINT('Ctrl Pts',(72.6637124270201,57.4386235824792,10.4604363441467));
#12155=CARTESIAN_POINT('Ctrl Pts',(73.0400984570916,57.4386235824792,10.6935339260869));
#12156=CARTESIAN_POINT('Ctrl Pts',(73.7903464669998,57.4386235824792,11.1581659341659));
#12157=CARTESIAN_POINT('Ctrl Pts',(74.2516878955119,57.4386235824792,11.9103180179934));
#12158=CARTESIAN_POINT('Ctrl Pts',(74.4815825670958,57.4386235824792,12.2851288318634));
#12159=CARTESIAN_POINT('Ctrl Pts',(69.986357614398,59.4386235824792,9.82946753501892));
#12160=CARTESIAN_POINT('Ctrl Pts',(69.986357614398,57.4386235824792,9.82946753501892));
#12161=CARTESIAN_POINT('Ctrl Pts',(70.4618491299392,59.4386235824792,9.8534736221301));
#12162=CARTESIAN_POINT('Ctrl Pts',(70.4618491299392,57.4386235824792,9.8534736221301));
#12163=CARTESIAN_POINT('Ctrl Pts',(71.3932316861304,59.4386235824792,9.90049622936276));
#12164=CARTESIAN_POINT('Ctrl Pts',(71.3932316861304,57.4386235824792,9.90049622936276));
#12165=CARTESIAN_POINT('Ctrl Pts',(72.2462022917383,59.4386235824792,10.2764267282989));
#12166=CARTESIAN_POINT('Ctrl Pts',(72.2462022917383,57.4386235824792,10.2764267282989));
#12167=CARTESIAN_POINT('Ctrl Pts',(72.6637124270201,59.4386235824792,10.4604363441467));
#12168=CARTESIAN_POINT('Ctrl Pts',(72.6637124270201,57.4386235824792,10.4604363441467));
#12169=CARTESIAN_POINT('',(69.986357614398,59.4386235824792,9.82946753501892));
#12170=CARTESIAN_POINT('Ctrl Pts',(69.986357614398,59.4386235824792,9.82946753501892));
#12171=CARTESIAN_POINT('Ctrl Pts',(70.4618491299392,59.4386235824792,9.8534736221301));
#12172=CARTESIAN_POINT('Ctrl Pts',(71.3932316861304,59.4386235824792,9.90049622936276));
#12173=CARTESIAN_POINT('Ctrl Pts',(72.2462022917383,59.4386235824792,10.2764267282989));
#12174=CARTESIAN_POINT('Ctrl Pts',(72.6637124270201,59.4386235824792,10.4604363441467));
#12175=CARTESIAN_POINT('',(69.986357614398,57.4386235824792,9.82946753501892));
#12176=CARTESIAN_POINT('',(69.986357614398,59.4386235824792,9.82946753501892));
#12177=CARTESIAN_POINT('Ctrl Pts',(69.986357614398,57.4386235824792,9.82946753501892));
#12178=CARTESIAN_POINT('Ctrl Pts',(70.4618491299392,57.4386235824792,9.8534736221301));
#12179=CARTESIAN_POINT('Ctrl Pts',(71.3932316861304,57.4386235824792,9.90049622936276));
#12180=CARTESIAN_POINT('Ctrl Pts',(72.2462022917383,57.4386235824792,10.2764267282989));
#12181=CARTESIAN_POINT('Ctrl Pts',(72.6637124270201,57.4386235824792,10.4604363441467));
#12182=CARTESIAN_POINT('Ctrl Pts',(67.8581189364195,59.4386235824792,10.2216911315918));
#12183=CARTESIAN_POINT('Ctrl Pts',(67.8581189364195,57.4386235824792,10.2216911315918));
#12184=CARTESIAN_POINT('Ctrl Pts',(68.2052723671804,59.4386235824792,10.107293553733));
#12185=CARTESIAN_POINT('Ctrl Pts',(68.2052723671804,57.4386235824792,10.107293553733));
#12186=CARTESIAN_POINT('Ctrl Pts',(68.8968187083909,59.4386235824792,9.87940807313083));
#12187=CARTESIAN_POINT('Ctrl Pts',(68.8968187083909,57.4386235824792,9.87940807313083));
#12188=CARTESIAN_POINT('Ctrl Pts',(69.6241457624129,59.4386235824792,9.84607002135412));
#12189=CARTESIAN_POINT('Ctrl Pts',(69.6241457624129,57.4386235824792,9.84607002135412));
#12190=CARTESIAN_POINT('Ctrl Pts',(69.986357614398,59.4386235824792,9.82946753501892));
#12191=CARTESIAN_POINT('Ctrl Pts',(69.986357614398,57.4386235824792,9.82946753501892));
#12192=CARTESIAN_POINT('',(67.8581189364195,59.4386235824792,10.2216911315918));
#12193=CARTESIAN_POINT('Ctrl Pts',(67.8581189364195,59.4386235824792,10.2216911315918));
#12194=CARTESIAN_POINT('Ctrl Pts',(68.2052723671804,59.4386235824792,10.107293553733));
#12195=CARTESIAN_POINT('Ctrl Pts',(68.8968187083909,59.4386235824792,9.87940807313083));
#12196=CARTESIAN_POINT('Ctrl Pts',(69.6241457624129,59.4386235824792,9.84607002135412));
#12197=CARTESIAN_POINT('Ctrl Pts',(69.986357614398,59.4386235824792,9.82946753501892));
#12198=CARTESIAN_POINT('',(67.8581189364195,57.4386235824792,10.2216911315918));
#12199=CARTESIAN_POINT('',(67.8581189364195,59.4386235824792,10.2216911315918));
#12200=CARTESIAN_POINT('Ctrl Pts',(67.8581189364195,57.4386235824792,10.2216911315918));
#12201=CARTESIAN_POINT('Ctrl Pts',(68.2052723671804,57.4386235824792,10.107293553733));
#12202=CARTESIAN_POINT('Ctrl Pts',(68.8968187083909,57.4386235824792,9.87940807313083));
#12203=CARTESIAN_POINT('Ctrl Pts',(69.6241457624129,57.4386235824792,9.84607002135412));
#12204=CARTESIAN_POINT('Ctrl Pts',(69.986357614398,57.4386235824792,9.82946753501892));
#12205=CARTESIAN_POINT('Ctrl Pts',(65.8458399027586,59.4386235824792,11.3915419578552));
#12206=CARTESIAN_POINT('Ctrl Pts',(65.8458399027586,57.4386235824792,11.3915419578552));
#12207=CARTESIAN_POINT('Ctrl Pts',(66.1680408908043,59.4386235824792,11.1505060078591));
#12208=CARTESIAN_POINT('Ctrl Pts',(66.1680408908043,57.4386235824792,11.1505060078591));
#12209=CARTESIAN_POINT('Ctrl Pts',(66.7936593359066,59.4386235824792,10.682485915292));
#12210=CARTESIAN_POINT('Ctrl Pts',(66.7936593359066,57.4386235824792,10.682485915292));
#12211=CARTESIAN_POINT('Ctrl Pts',(67.5104729257792,59.4386235824792,10.3721838963712));
#12212=CARTESIAN_POINT('Ctrl Pts',(67.5104729257792,57.4386235824792,10.3721838963712));
#12213=CARTESIAN_POINT('Ctrl Pts',(67.8581189364195,59.4386235824792,10.2216911315918));
#12214=CARTESIAN_POINT('Ctrl Pts',(67.8581189364195,57.4386235824792,10.2216911315918));
#12215=CARTESIAN_POINT('',(65.8458399027586,59.4386235824792,11.3915419578552));
#12216=CARTESIAN_POINT('Ctrl Pts',(65.8458399027586,59.4386235824792,11.3915419578552));
#12217=CARTESIAN_POINT('Ctrl Pts',(66.1680408908043,59.4386235824792,11.1505060078591));
#12218=CARTESIAN_POINT('Ctrl Pts',(66.7936593359066,59.4386235824792,10.682485915292));
#12219=CARTESIAN_POINT('Ctrl Pts',(67.5104729257792,59.4386235824792,10.3721838963712));
#12220=CARTESIAN_POINT('Ctrl Pts',(67.8581189364195,59.4386235824792,10.2216911315918));
#12221=CARTESIAN_POINT('',(65.8458399027586,57.4386235824792,11.3915419578552));
#12222=CARTESIAN_POINT('',(65.8458399027586,59.4386235824792,11.3915419578552));
#12223=CARTESIAN_POINT('Ctrl Pts',(65.8458399027586,57.4386235824792,11.3915419578552));
#12224=CARTESIAN_POINT('Ctrl Pts',(66.1680408908043,57.4386235824792,11.1505060078591));
#12225=CARTESIAN_POINT('Ctrl Pts',(66.7936593359066,57.4386235824792,10.682485915292));
#12226=CARTESIAN_POINT('Ctrl Pts',(67.5104729257792,57.4386235824792,10.3721838963712));
#12227=CARTESIAN_POINT('Ctrl Pts',(67.8581189364195,57.4386235824792,10.2216911315918));
#12228=CARTESIAN_POINT('Origin',(65.8458399027586,59.4386235824792,15.1023191213608));
#12229=CARTESIAN_POINT('',(65.8458399027586,59.4386235824792,15.1023191213608));
#12230=CARTESIAN_POINT('',(65.8458399027586,59.4386235824792,7.55115956068039));
#12231=CARTESIAN_POINT('',(65.8458399027586,57.4386235824792,15.1023191213608));
#12232=CARTESIAN_POINT('',(65.8458399027586,59.4386235824792,15.1023191213608));
#12233=CARTESIAN_POINT('',(65.8458399027586,57.4386235824792,15.1023191213608));
#12234=CARTESIAN_POINT('Origin',(70.0818561762571,59.4386235824792,15.0954979658127));
#12235=CARTESIAN_POINT('',(70.0818561762571,59.4386235824792,15.0954979658127));
#12236=CARTESIAN_POINT('',(87.567674813854,59.4386235824792,15.0673409708646));
#12237=CARTESIAN_POINT('',(70.0818561762571,57.4386235824792,15.0954979658127));
#12238=CARTESIAN_POINT('',(70.0818561762571,59.4386235824792,15.0954979658127));
#12239=CARTESIAN_POINT('',(70.0818561762571,57.4386235824792,15.0954979658127));
#12240=CARTESIAN_POINT('Origin',(70.0818561762571,59.4386235824792,13.9222371578217));
#12241=CARTESIAN_POINT('',(70.0818561762571,59.4386235824792,13.9222371578217));
#12242=CARTESIAN_POINT('',(70.0818561762571,59.4386235824792,6.96111857891083));
#12243=CARTESIAN_POINT('',(70.0818561762571,57.4386235824792,13.9222371578217));
#12244=CARTESIAN_POINT('',(70.0818561762571,59.4386235824792,13.9222371578217));
#12245=CARTESIAN_POINT('',(70.0818561762571,57.4386235824792,13.9222371578217));
#12246=CARTESIAN_POINT('Origin',(67.1418832987547,59.4386235824792,13.9222371578217));
#12247=CARTESIAN_POINT('',(86.0855797562268,59.4386235824792,13.9222371578217));
#12248=CARTESIAN_POINT('',(67.1418832987547,57.4386235824792,13.9222371578217));
#12249=CARTESIAN_POINT('Origin',(48.232582513493,57.4386235824792,13.6152791976929));
#12250=CARTESIAN_POINT('Origin',(91.6780354827642,59.4386235824792,18.8199180364609));
#12251=CARTESIAN_POINT('',(91.6780354827642,59.4386235824792,18.8199180364609));
#12252=CARTESIAN_POINT('',(93.6766713112593,59.4386235824792,18.8199180364609));
#12253=CARTESIAN_POINT('',(98.3536558482316,59.4386235824792,18.8199180364609));
#12254=CARTESIAN_POINT('',(91.6780354827642,57.4386235824792,18.8199180364609));
#12255=CARTESIAN_POINT('',(91.6780354827642,59.4386235824792,18.8199180364609));
#12256=CARTESIAN_POINT('',(93.6766713112593,57.4386235824792,18.8199180364609));
#12257=CARTESIAN_POINT('',(91.6780354827642,57.4386235824792,18.8199180364609));
#12258=CARTESIAN_POINT('',(93.6766713112593,59.4386235824792,18.8199180364609));
#12259=CARTESIAN_POINT('Ctrl Pts',(90.1568894833326,59.4386235824792,18.6800819635391));
#12260=CARTESIAN_POINT('Ctrl Pts',(90.1568894833326,57.4386235824792,18.6800819635391));
#12261=CARTESIAN_POINT('Ctrl Pts',(90.3569750730737,59.4386235824792,18.720472826895));
#12262=CARTESIAN_POINT('Ctrl Pts',(90.3569750730737,57.4386235824792,18.720472826895));
#12263=CARTESIAN_POINT('Ctrl Pts',(90.8582576807129,59.4386235824792,18.8216657080718));
#12264=CARTESIAN_POINT('Ctrl Pts',(90.8582576807129,57.4386235824792,18.8216657080718));
#12265=CARTESIAN_POINT('Ctrl Pts',(91.3703458898333,59.4386235824792,18.8205739951428));
#12266=CARTESIAN_POINT('Ctrl Pts',(91.3703458898333,57.4386235824792,18.8205739951428));
#12267=CARTESIAN_POINT('Ctrl Pts',(91.6780354827642,59.4386235824792,18.8199180364609));
#12268=CARTESIAN_POINT('Ctrl Pts',(91.6780354827642,57.4386235824792,18.8199180364609));
#12269=CARTESIAN_POINT('',(90.1568894833326,59.4386235824792,18.6800819635391));
#12270=CARTESIAN_POINT('Ctrl Pts',(90.1568894833326,59.4386235824792,18.6800819635391));
#12271=CARTESIAN_POINT('Ctrl Pts',(90.3569750730737,59.4386235824792,18.720472826895));
#12272=CARTESIAN_POINT('Ctrl Pts',(90.8582576807129,59.4386235824792,18.8216657080718));
#12273=CARTESIAN_POINT('Ctrl Pts',(91.3703458898333,59.4386235824792,18.8205739951428));
#12274=CARTESIAN_POINT('Ctrl Pts',(91.6780354827642,59.4386235824792,18.8199180364609));
#12275=CARTESIAN_POINT('',(90.1568894833326,57.4386235824792,18.6800819635391));
#12276=CARTESIAN_POINT('',(90.1568894833326,59.4386235824792,18.6800819635391));
#12277=CARTESIAN_POINT('Ctrl Pts',(90.1568894833326,57.4386235824792,18.6800819635391));
#12278=CARTESIAN_POINT('Ctrl Pts',(90.3569750730737,57.4386235824792,18.720472826895));
#12279=CARTESIAN_POINT('Ctrl Pts',(90.8582576807129,57.4386235824792,18.8216657080718));
#12280=CARTESIAN_POINT('Ctrl Pts',(91.3703458898333,57.4386235824792,18.8205739951428));
#12281=CARTESIAN_POINT('Ctrl Pts',(91.6780354827642,57.4386235824792,18.8199180364609));
#12282=CARTESIAN_POINT('Ctrl Pts',(89.4747614115477,59.4386235824792,18.1616646051407));
#12283=CARTESIAN_POINT('Ctrl Pts',(89.4747614115477,57.4386235824792,18.1616646051407));
#12284=CARTESIAN_POINT('Ctrl Pts',(89.563626010742,59.4386235824792,18.2781464774061));
#12285=CARTESIAN_POINT('Ctrl Pts',(89.563626010742,57.4386235824792,18.2781464774061));
#12286=CARTESIAN_POINT('Ctrl Pts',(89.7432276871702,59.4386235824792,18.5135646272885));
#12287=CARTESIAN_POINT('Ctrl Pts',(89.7432276871702,57.4386235824792,18.5135646272885));
#12288=CARTESIAN_POINT('Ctrl Pts',(90.0180471537049,59.4386235824792,18.6241917288041));
#12289=CARTESIAN_POINT('Ctrl Pts',(90.0180471537049,57.4386235824792,18.6241917288041));
#12290=CARTESIAN_POINT('Ctrl Pts',(90.1568894833326,59.4386235824792,18.6800819635391));
#12291=CARTESIAN_POINT('Ctrl Pts',(90.1568894833326,57.4386235824792,18.6800819635391));
#12292=CARTESIAN_POINT('',(89.4747614115477,59.4386235824792,18.1616646051407));
#12293=CARTESIAN_POINT('Ctrl Pts',(89.4747614115477,59.4386235824792,18.1616646051407));
#12294=CARTESIAN_POINT('Ctrl Pts',(89.563626010742,59.4386235824792,18.2781464774061));
#12295=CARTESIAN_POINT('Ctrl Pts',(89.7432276871702,59.4386235824792,18.5135646272885));
#12296=CARTESIAN_POINT('Ctrl Pts',(90.0180471537049,59.4386235824792,18.6241917288041));
#12297=CARTESIAN_POINT('Ctrl Pts',(90.1568894833326,59.4386235824792,18.6800819635391));
#12298=CARTESIAN_POINT('',(89.4747614115477,57.4386235824792,18.1616646051407));
#12299=CARTESIAN_POINT('',(89.4747614115477,59.4386235824792,18.1616646051407));
#12300=CARTESIAN_POINT('Ctrl Pts',(89.4747614115477,57.4386235824792,18.1616646051407));
#12301=CARTESIAN_POINT('Ctrl Pts',(89.563626010742,57.4386235824792,18.2781464774061));
#12302=CARTESIAN_POINT('Ctrl Pts',(89.7432276871702,57.4386235824792,18.5135646272885));
#12303=CARTESIAN_POINT('Ctrl Pts',(90.0180471537049,57.4386235824792,18.6241917288041));
#12304=CARTESIAN_POINT('Ctrl Pts',(90.1568894833326,57.4386235824792,18.6800819635391));
#12305=CARTESIAN_POINT('Ctrl Pts',(89.2360161989927,59.4386235824792,17.2851294279099));
#12306=CARTESIAN_POINT('Ctrl Pts',(89.2360161989927,57.4386235824792,17.2851294279099));
#12307=CARTESIAN_POINT('Ctrl Pts',(89.2447898417092,59.4386235824792,17.4442444733638));
#12308=CARTESIAN_POINT('Ctrl Pts',(89.2447898417092,57.4386235824792,17.4442444733638));
#12309=CARTESIAN_POINT('Ctrl Pts',(89.2618546659477,59.4386235824792,17.753724853649));
#12310=CARTESIAN_POINT('Ctrl Pts',(89.2618546659477,57.4386235824792,17.753724853649));
#12311=CARTESIAN_POINT('Ctrl Pts',(89.4051428568073,59.4386235824792,18.0282720447501));
#12312=CARTESIAN_POINT('Ctrl Pts',(89.4051428568073,57.4386235824792,18.0282720447501));
#12313=CARTESIAN_POINT('Ctrl Pts',(89.4747614115477,59.4386235824792,18.1616646051407));
#12314=CARTESIAN_POINT('Ctrl Pts',(89.4747614115477,57.4386235824792,18.1616646051407));
#12315=CARTESIAN_POINT('',(89.2360161989927,59.4386235824792,17.2851294279099));
#12316=CARTESIAN_POINT('Ctrl Pts',(89.2360161989927,59.4386235824792,17.2851294279099));
#12317=CARTESIAN_POINT('Ctrl Pts',(89.2447898417092,59.4386235824792,17.4442444733638));
#12318=CARTESIAN_POINT('Ctrl Pts',(89.2618546659477,59.4386235824792,17.753724853649));
#12319=CARTESIAN_POINT('Ctrl Pts',(89.4051428568073,59.4386235824792,18.0282720447501));
#12320=CARTESIAN_POINT('Ctrl Pts',(89.4747614115477,59.4386235824792,18.1616646051407));
#12321=CARTESIAN_POINT('',(89.2360161989927,57.4386235824792,17.2851294279099));
#12322=CARTESIAN_POINT('',(89.2360161989927,59.4386235824792,17.2851294279099));
#12323=CARTESIAN_POINT('Ctrl Pts',(89.2360161989927,57.4386235824792,17.2851294279099));
#12324=CARTESIAN_POINT('Ctrl Pts',(89.2447898417092,57.4386235824792,17.4442444733638));
#12325=CARTESIAN_POINT('Ctrl Pts',(89.2618546659477,57.4386235824792,17.753724853649));
#12326=CARTESIAN_POINT('Ctrl Pts',(89.4051428568073,57.4386235824792,18.0282720447501));
#12327=CARTESIAN_POINT('Ctrl Pts',(89.4747614115477,57.4386235824792,18.1616646051407));
#12328=CARTESIAN_POINT('Ctrl Pts',(89.4918143004179,59.4386235824792,16.4120054244995));
#12329=CARTESIAN_POINT('Ctrl Pts',(89.4918143004179,57.4386235824792,16.4120054244995));
#12330=CARTESIAN_POINT('Ctrl Pts',(89.4172627399244,59.4386235824792,16.539541676945));
#12331=CARTESIAN_POINT('Ctrl Pts',(89.4172627399244,57.4386235824792,16.539541676945));
#12332=CARTESIAN_POINT('Ctrl Pts',(89.2598777934653,59.4386235824792,16.8087820004189));
#12333=CARTESIAN_POINT('Ctrl Pts',(89.2598777934653,57.4386235824792,16.8087820004189));
#12334=CARTESIAN_POINT('Ctrl Pts',(89.2442442831891,59.4386235824792,17.1208727289443));
#12335=CARTESIAN_POINT('Ctrl Pts',(89.2442442831891,57.4386235824792,17.1208727289443));
#12336=CARTESIAN_POINT('Ctrl Pts',(89.2360161989927,59.4386235824792,17.2851294279099));
#12337=CARTESIAN_POINT('Ctrl Pts',(89.2360161989927,57.4386235824792,17.2851294279099));
#12338=CARTESIAN_POINT('',(89.4918143004179,59.4386235824792,16.4120054244995));
#12339=CARTESIAN_POINT('Ctrl Pts',(89.4918143004179,59.4386235824792,16.4120054244995));
#12340=CARTESIAN_POINT('Ctrl Pts',(89.4172627399244,59.4386235824792,16.539541676945));
#12341=CARTESIAN_POINT('Ctrl Pts',(89.2598777934653,59.4386235824792,16.8087820004189));
#12342=CARTESIAN_POINT('Ctrl Pts',(89.2442442831891,59.4386235824792,17.1208727289443));
#12343=CARTESIAN_POINT('Ctrl Pts',(89.2360161989927,59.4386235824792,17.2851294279099));
#12344=CARTESIAN_POINT('',(89.4918143004179,57.4386235824792,16.4120054244995));
#12345=CARTESIAN_POINT('',(89.4918143004179,59.4386235824792,16.4120054244995));
#12346=CARTESIAN_POINT('Ctrl Pts',(89.4918143004179,57.4386235824792,16.4120054244995));
#12347=CARTESIAN_POINT('Ctrl Pts',(89.4172627399244,57.4386235824792,16.539541676945));
#12348=CARTESIAN_POINT('Ctrl Pts',(89.2598777934653,57.4386235824792,16.8087820004189));
#12349=CARTESIAN_POINT('Ctrl Pts',(89.2442442831891,57.4386235824792,17.1208727289443));
#12350=CARTESIAN_POINT('Ctrl Pts',(89.2360161989927,57.4386235824792,17.2851294279099));
#12351=CARTESIAN_POINT('Ctrl Pts',(90.2523874491453,59.4386235824792,15.9140521287918));
#12352=CARTESIAN_POINT('Ctrl Pts',(90.2523874491453,57.4386235824792,15.9140521287918));
#12353=CARTESIAN_POINT('Ctrl Pts',(90.0971041035568,59.4386235824792,15.9689148385434));
#12354=CARTESIAN_POINT('Ctrl Pts',(90.0971041035568,57.4386235824792,15.9689148385434));
#12355=CARTESIAN_POINT('Ctrl Pts',(89.8023072310639,59.4386235824792,16.0730686690136));
#12356=CARTESIAN_POINT('Ctrl Pts',(89.8023072310639,57.4386235824792,16.0730686690136));
#12357=CARTESIAN_POINT('Ctrl Pts',(89.5915539426033,59.4386235824792,16.3031287726372));
#12358=CARTESIAN_POINT('Ctrl Pts',(89.5915539426033,57.4386235824792,16.3031287726372));
#12359=CARTESIAN_POINT('Ctrl Pts',(89.4918143004179,59.4386235824792,16.4120054244995));
#12360=CARTESIAN_POINT('Ctrl Pts',(89.4918143004179,57.4386235824792,16.4120054244995));
#12361=CARTESIAN_POINT('',(90.2523874491453,59.4386235824792,15.9140521287918));
#12362=CARTESIAN_POINT('Ctrl Pts',(90.2523874491453,59.4386235824792,15.9140521287918));
#12363=CARTESIAN_POINT('Ctrl Pts',(90.0971041035568,59.4386235824792,15.9689148385434));
#12364=CARTESIAN_POINT('Ctrl Pts',(89.8023072310639,59.4386235824792,16.0730686690136));
#12365=CARTESIAN_POINT('Ctrl Pts',(89.5915539426033,59.4386235824792,16.3031287726372));
#12366=CARTESIAN_POINT('Ctrl Pts',(89.4918143004179,59.4386235824792,16.4120054244995));
#12367=CARTESIAN_POINT('',(90.2523874491453,57.4386235824792,15.9140521287918));
#12368=CARTESIAN_POINT('',(90.2523874491453,59.4386235824792,15.9140521287918));
#12369=CARTESIAN_POINT('Ctrl Pts',(90.2523874491453,57.4386235824792,15.9140521287918));
#12370=CARTESIAN_POINT('Ctrl Pts',(90.0971041035568,57.4386235824792,15.9689148385434));
#12371=CARTESIAN_POINT('Ctrl Pts',(89.8023072310639,57.4386235824792,16.0730686690136));
#12372=CARTESIAN_POINT('Ctrl Pts',(89.5915539426033,57.4386235824792,16.3031287726372));
#12373=CARTESIAN_POINT('Ctrl Pts',(89.4918143004179,57.4386235824792,16.4120054244995));
#12374=CARTESIAN_POINT('Ctrl Pts',(91.5143244713545,59.4386235824792,15.7980901002884));
#12375=CARTESIAN_POINT('Ctrl Pts',(91.5143244713545,57.4386235824792,15.7980901002884));
#12376=CARTESIAN_POINT('Ctrl Pts',(91.2614786732668,59.4386235824792,15.7979348906428));
#12377=CARTESIAN_POINT('Ctrl Pts',(91.2614786732668,57.4386235824792,15.7979348906428));
#12378=CARTESIAN_POINT('Ctrl Pts',(90.836763052501,59.4386235824792,15.797674178535));
#12379=CARTESIAN_POINT('Ctrl Pts',(90.836763052501,57.4386235824792,15.797674178535));
#12380=CARTESIAN_POINT('Ctrl Pts',(90.4207397487696,59.4386235824792,15.8805248982935));
#12381=CARTESIAN_POINT('Ctrl Pts',(90.4207397487696,57.4386235824792,15.8805248982935));
#12382=CARTESIAN_POINT('Ctrl Pts',(90.2523874491453,59.4386235824792,15.9140521287918));
#12383=CARTESIAN_POINT('Ctrl Pts',(90.2523874491453,57.4386235824792,15.9140521287918));
#12384=CARTESIAN_POINT('',(91.5143244713545,59.4386235824792,15.7980901002884));
#12385=CARTESIAN_POINT('Ctrl Pts',(91.5143244713545,59.4386235824792,15.7980901002884));
#12386=CARTESIAN_POINT('Ctrl Pts',(91.2614786732668,59.4386235824792,15.7979348906428));
#12387=CARTESIAN_POINT('Ctrl Pts',(90.836763052501,59.4386235824792,15.797674178535));
#12388=CARTESIAN_POINT('Ctrl Pts',(90.4207397487696,59.4386235824792,15.8805248982935));
#12389=CARTESIAN_POINT('Ctrl Pts',(90.2523874491453,59.4386235824792,15.9140521287918));
#12390=CARTESIAN_POINT('',(91.5143244713545,57.4386235824792,15.7980901002884));
#12391=CARTESIAN_POINT('',(91.5143244713545,59.4386235824792,15.7980901002884));
#12392=CARTESIAN_POINT('Ctrl Pts',(91.5143244713545,57.4386235824792,15.7980901002884));
#12393=CARTESIAN_POINT('Ctrl Pts',(91.2614786732668,57.4386235824792,15.7979348906428));
#12394=CARTESIAN_POINT('Ctrl Pts',(90.836763052501,57.4386235824792,15.797674178535));
#12395=CARTESIAN_POINT('Ctrl Pts',(90.4207397487696,57.4386235824792,15.8805248982935));
#12396=CARTESIAN_POINT('Ctrl Pts',(90.2523874491453,57.4386235824792,15.9140521287918));
#12397=CARTESIAN_POINT('Origin',(93.6766713112593,59.4386235824792,15.7980901002884));
#12398=CARTESIAN_POINT('',(93.6766713112593,59.4386235824792,15.7980901002884));
#12399=CARTESIAN_POINT('',(99.3529737624791,59.4386235824792,15.7980901002884));
#12400=CARTESIAN_POINT('',(93.6766713112593,57.4386235824792,15.7980901002884));
#12401=CARTESIAN_POINT('',(93.6766713112593,59.4386235824792,15.7980901002884));
#12402=CARTESIAN_POINT('',(93.6766713112593,57.4386235824792,15.7980901002884));
#12403=CARTESIAN_POINT('Origin',(93.6766713112593,59.4386235824792,18.8199180364609));
#12404=CARTESIAN_POINT('',(93.6766713112593,59.4386235824792,9.40995901823044));
#12405=CARTESIAN_POINT('',(93.6766713112593,57.4386235824792,18.8199180364609));
#12406=CARTESIAN_POINT('Origin',(91.3642563670874,59.4386235824792,14.6180081367493));
#12407=CARTESIAN_POINT('',(91.3642563670874,59.4386235824792,14.6180081367493));
#12408=CARTESIAN_POINT('',(93.6766713112593,59.4386235824792,14.6180081367493));
#12409=CARTESIAN_POINT('',(98.1967662903932,59.4386235824792,14.6180081367493));
#12410=CARTESIAN_POINT('',(91.3642563670874,57.4386235824792,14.6180081367493));
#12411=CARTESIAN_POINT('',(91.3642563670874,59.4386235824792,14.6180081367493));
#12412=CARTESIAN_POINT('',(93.6766713112593,57.4386235824792,14.6180081367493));
#12413=CARTESIAN_POINT('',(91.3642563670874,57.4386235824792,14.6180081367493));
#12414=CARTESIAN_POINT('',(93.6766713112593,59.4386235824792,14.6180081367493));
#12415=CARTESIAN_POINT('Ctrl Pts',(89.9010913819075,59.4386235824792,14.4508868455887));
#12416=CARTESIAN_POINT('Ctrl Pts',(89.9010913819075,57.4386235824792,14.4508868455887));
#12417=CARTESIAN_POINT('Ctrl Pts',(90.1068793071373,59.4386235824792,14.4993797520244));
#12418=CARTESIAN_POINT('Ctrl Pts',(90.1068793071373,57.4386235824792,14.4993797520244));
#12419=CARTESIAN_POINT('Ctrl Pts',(90.5874013624014,59.4386235824792,14.6126123969436));
#12420=CARTESIAN_POINT('Ctrl Pts',(90.5874013624014,57.4386235824792,14.6126123969436));
#12421=CARTESIAN_POINT('Ctrl Pts',(91.0816653893109,59.4386235824792,14.6160453671484));
#12422=CARTESIAN_POINT('Ctrl Pts',(91.0816653893109,57.4386235824792,14.6160453671484));
#12423=CARTESIAN_POINT('Ctrl Pts',(91.3642563670874,59.4386235824792,14.6180081367493));
#12424=CARTESIAN_POINT('Ctrl Pts',(91.3642563670874,57.4386235824792,14.6180081367493));
#12425=CARTESIAN_POINT('',(89.9010913819075,59.4386235824792,14.4508868455887));
#12426=CARTESIAN_POINT('Ctrl Pts',(89.9010913819075,59.4386235824792,14.4508868455887));
#12427=CARTESIAN_POINT('Ctrl Pts',(90.1068793071373,59.4386235824792,14.4993797520244));
#12428=CARTESIAN_POINT('Ctrl Pts',(90.5874013624014,59.4386235824792,14.6126123969436));
#12429=CARTESIAN_POINT('Ctrl Pts',(91.0816653893109,59.4386235824792,14.6160453671484));
#12430=CARTESIAN_POINT('Ctrl Pts',(91.3642563670874,59.4386235824792,14.6180081367493));
#12431=CARTESIAN_POINT('',(89.9010913819075,57.4386235824792,14.4508868455887));
#12432=CARTESIAN_POINT('',(89.9010913819075,59.4386235824792,14.4508868455887));
#12433=CARTESIAN_POINT('Ctrl Pts',(89.9010913819075,57.4386235824792,14.4508868455887));
#12434=CARTESIAN_POINT('Ctrl Pts',(90.1068793071373,57.4386235824792,14.4993797520244));
#12435=CARTESIAN_POINT('Ctrl Pts',(90.5874013624014,57.4386235824792,14.6126123969436));
#12436=CARTESIAN_POINT('Ctrl Pts',(91.0816653893109,57.4386235824792,14.6160453671484));
#12437=CARTESIAN_POINT('Ctrl Pts',(91.3642563670874,57.4386235824792,14.6180081367493));
#12438=CARTESIAN_POINT('Ctrl Pts',(89.1064118593931,59.4386235824792,13.8710778951645));
#12439=CARTESIAN_POINT('Ctrl Pts',(89.1064118593931,57.4386235824792,13.8710778951645));
#12440=CARTESIAN_POINT('Ctrl Pts',(89.2125427016394,59.4386235824792,13.9988600069258));
#12441=CARTESIAN_POINT('Ctrl Pts',(89.2125427016394,57.4386235824792,13.9988600069258));
#12442=CARTESIAN_POINT('Ctrl Pts',(89.4284719940004,59.4386235824792,14.2588400502859));
#12443=CARTESIAN_POINT('Ctrl Pts',(89.4284719940004,57.4386235824792,14.2588400502859));
#12444=CARTESIAN_POINT('Ctrl Pts',(89.7417777296777,59.4386235824792,14.3861504485183));
#12445=CARTESIAN_POINT('Ctrl Pts',(89.7417777296777,57.4386235824792,14.3861504485183));
#12446=CARTESIAN_POINT('Ctrl Pts',(89.9010913819075,59.4386235824792,14.4508868455887));
#12447=CARTESIAN_POINT('Ctrl Pts',(89.9010913819075,57.4386235824792,14.4508868455887));
#12448=CARTESIAN_POINT('',(89.1064118593931,59.4386235824792,13.8710778951645));
#12449=CARTESIAN_POINT('Ctrl Pts',(89.1064118593931,59.4386235824792,13.8710778951645));
#12450=CARTESIAN_POINT('Ctrl Pts',(89.2125427016394,59.4386235824792,13.9988600069258));
#12451=CARTESIAN_POINT('Ctrl Pts',(89.4284719940004,59.4386235824792,14.2588400502859));
#12452=CARTESIAN_POINT('Ctrl Pts',(89.7417777296777,59.4386235824792,14.3861504485183));
#12453=CARTESIAN_POINT('Ctrl Pts',(89.9010913819075,59.4386235824792,14.4508868455887));
#12454=CARTESIAN_POINT('',(89.1064118593931,57.4386235824792,13.8710778951645));
#12455=CARTESIAN_POINT('',(89.1064118593931,59.4386235824792,13.8710778951645));
#12456=CARTESIAN_POINT('Ctrl Pts',(89.1064118593931,57.4386235824792,13.8710778951645));
#12457=CARTESIAN_POINT('Ctrl Pts',(89.2125427016394,57.4386235824792,13.9988600069258));
#12458=CARTESIAN_POINT('Ctrl Pts',(89.4284719940004,57.4386235824792,14.2588400502859));
#12459=CARTESIAN_POINT('Ctrl Pts',(89.7417777296777,57.4386235824792,14.3861504485183));
#12460=CARTESIAN_POINT('Ctrl Pts',(89.9010913819075,57.4386235824792,14.4508868455887));
#12461=CARTESIAN_POINT('Ctrl Pts',(88.8199179619551,59.4386235824792,12.899044752121));
#12462=CARTESIAN_POINT('Ctrl Pts',(88.8199179619551,57.4386235824792,12.899044752121));
#12463=CARTESIAN_POINT('Ctrl Pts',(88.8304216580078,59.4386235824792,13.0772778890771));
#12464=CARTESIAN_POINT('Ctrl Pts',(88.8304216580078,57.4386235824792,13.0772778890771));
#12465=CARTESIAN_POINT('Ctrl Pts',(88.8508420666438,59.4386235824792,13.4237838685753));
#12466=CARTESIAN_POINT('Ctrl Pts',(88.8508420666438,57.4386235824792,13.4237838685753));
#12467=CARTESIAN_POINT('Ctrl Pts',(89.0228702418041,59.4386235824792,13.7248647370397));
#12468=CARTESIAN_POINT('Ctrl Pts',(89.0228702418041,57.4386235824792,13.7248647370397));
#12469=CARTESIAN_POINT('Ctrl Pts',(89.1064118593931,59.4386235824792,13.8710778951645));
#12470=CARTESIAN_POINT('Ctrl Pts',(89.1064118593931,57.4386235824792,13.8710778951645));
#12471=CARTESIAN_POINT('',(88.8199179619551,59.4386235824792,12.899044752121));
#12472=CARTESIAN_POINT('Ctrl Pts',(88.8199179619551,59.4386235824792,12.899044752121));
#12473=CARTESIAN_POINT('Ctrl Pts',(88.8304216580078,59.4386235824792,13.0772778890771));
#12474=CARTESIAN_POINT('Ctrl Pts',(88.8508420666438,59.4386235824792,13.4237838685753));
#12475=CARTESIAN_POINT('Ctrl Pts',(89.0228702418041,59.4386235824792,13.7248647370397));
#12476=CARTESIAN_POINT('Ctrl Pts',(89.1064118593931,59.4386235824792,13.8710778951645));
#12477=CARTESIAN_POINT('',(88.8199179619551,57.4386235824792,12.899044752121));
#12478=CARTESIAN_POINT('',(88.8199179619551,59.4386235824792,12.899044752121));
#12479=CARTESIAN_POINT('Ctrl Pts',(88.8199179619551,57.4386235824792,12.899044752121));
#12480=CARTESIAN_POINT('Ctrl Pts',(88.8304216580078,57.4386235824792,13.0772778890771));
#12481=CARTESIAN_POINT('Ctrl Pts',(88.8508420666438,57.4386235824792,13.4237838685753));
#12482=CARTESIAN_POINT('Ctrl Pts',(89.0228702418041,57.4386235824792,13.7248647370397));
#12483=CARTESIAN_POINT('Ctrl Pts',(89.1064118593931,57.4386235824792,13.8710778951645));
#12484=CARTESIAN_POINT('Ctrl Pts',(89.0177350491285,59.4386235824792,12.0566165447235));
#12485=CARTESIAN_POINT('Ctrl Pts',(89.0177350491285,57.4386235824792,12.0566165447235));
#12486=CARTESIAN_POINT('Ctrl Pts',(88.9600598464229,59.4386235824792,12.1856712707866));
#12487=CARTESIAN_POINT('Ctrl Pts',(88.9600598464229,57.4386235824792,12.1856712707866));
#12488=CARTESIAN_POINT('Ctrl Pts',(88.8403272737571,59.4386235824792,12.4535863129765));
#12489=CARTESIAN_POINT('Ctrl Pts',(88.8403272737571,57.4386235824792,12.4535863129765));
#12490=CARTESIAN_POINT('Ctrl Pts',(88.8268850592259,59.4386235824792,12.7469792486034));
#12491=CARTESIAN_POINT('Ctrl Pts',(88.8268850592259,57.4386235824792,12.7469792486034));
#12492=CARTESIAN_POINT('Ctrl Pts',(88.8199179619551,59.4386235824792,12.899044752121));
#12493=CARTESIAN_POINT('Ctrl Pts',(88.8199179619551,57.4386235824792,12.899044752121));
#12494=CARTESIAN_POINT('',(89.0177350491285,59.4386235824792,12.0566165447235));
#12495=CARTESIAN_POINT('Ctrl Pts',(89.0177350491285,59.4386235824792,12.0566165447235));
#12496=CARTESIAN_POINT('Ctrl Pts',(88.9600598464229,59.4386235824792,12.1856712707866));
#12497=CARTESIAN_POINT('Ctrl Pts',(88.8403272737571,59.4386235824792,12.4535863129765));
#12498=CARTESIAN_POINT('Ctrl Pts',(88.8268850592259,59.4386235824792,12.7469792486034));
#12499=CARTESIAN_POINT('Ctrl Pts',(88.8199179619551,59.4386235824792,12.899044752121));
#12500=CARTESIAN_POINT('',(89.0177350491285,57.4386235824792,12.0566165447235));
#12501=CARTESIAN_POINT('',(89.0177350491285,59.4386235824792,12.0566165447235));
#12502=CARTESIAN_POINT('Ctrl Pts',(89.0177350491285,57.4386235824792,12.0566165447235));
#12503=CARTESIAN_POINT('Ctrl Pts',(88.9600598464229,57.4386235824792,12.1856712707866));
#12504=CARTESIAN_POINT('Ctrl Pts',(88.8403272737571,57.4386235824792,12.4535863129765));
#12505=CARTESIAN_POINT('Ctrl Pts',(88.8268850592259,57.4386235824792,12.7469792486034));
#12506=CARTESIAN_POINT('Ctrl Pts',(88.8199179619551,57.4386235824792,12.899044752121));
#12507=CARTESIAN_POINT('Ctrl Pts',(89.5225100964308,59.4386235824792,11.5006816387177));
#12508=CARTESIAN_POINT('Ctrl Pts',(89.5225100964308,57.4386235824792,11.5006816387177));
#12509=CARTESIAN_POINT('Ctrl Pts',(89.4236378682746,59.4386235824792,11.5736646938544));
#12510=CARTESIAN_POINT('Ctrl Pts',(89.4236378682746,57.4386235824792,11.5736646938544));
#12511=CARTESIAN_POINT('Ctrl Pts',(89.2184521089404,59.4386235824792,11.725123641084));
#12512=CARTESIAN_POINT('Ctrl Pts',(89.2184521089404,57.4386235824792,11.725123641084));
#12513=CARTESIAN_POINT('Ctrl Pts',(89.0862390234432,59.4386235824792,11.94347926891));
#12514=CARTESIAN_POINT('Ctrl Pts',(89.0862390234432,57.4386235824792,11.94347926891));
#12515=CARTESIAN_POINT('Ctrl Pts',(89.0177350491285,59.4386235824792,12.0566165447235));
#12516=CARTESIAN_POINT('Ctrl Pts',(89.0177350491285,57.4386235824792,12.0566165447235));
#12517=CARTESIAN_POINT('',(89.5225100964308,59.4386235824792,11.5006816387177));
#12518=CARTESIAN_POINT('Ctrl Pts',(89.5225100964308,59.4386235824792,11.5006816387177));
#12519=CARTESIAN_POINT('Ctrl Pts',(89.4236378682746,59.4386235824792,11.5736646938544));
#12520=CARTESIAN_POINT('Ctrl Pts',(89.2184521089404,59.4386235824792,11.725123641084));
#12521=CARTESIAN_POINT('Ctrl Pts',(89.0862390234432,59.4386235824792,11.94347926891));
#12522=CARTESIAN_POINT('Ctrl Pts',(89.0177350491285,59.4386235824792,12.0566165447235));
#12523=CARTESIAN_POINT('',(89.5225100964308,57.4386235824792,11.5006816387177));
#12524=CARTESIAN_POINT('',(89.5225100964308,59.4386235824792,11.5006816387177));
#12525=CARTESIAN_POINT('Ctrl Pts',(89.5225100964308,57.4386235824792,11.5006816387177));
#12526=CARTESIAN_POINT('Ctrl Pts',(89.4236378682746,57.4386235824792,11.5736646938544));
#12527=CARTESIAN_POINT('Ctrl Pts',(89.2184521089404,57.4386235824792,11.725123641084));
#12528=CARTESIAN_POINT('Ctrl Pts',(89.0862390234432,57.4386235824792,11.94347926891));
#12529=CARTESIAN_POINT('Ctrl Pts',(89.0177350491285,57.4386235824792,12.0566165447235));
#12530=CARTESIAN_POINT('Ctrl Pts',(90.2864938229322,59.4386235824792,11.2278306484222));
#12531=CARTESIAN_POINT('Ctrl Pts',(90.2864938229322,57.4386235824792,11.2278306484222));
#12532=CARTESIAN_POINT('Ctrl Pts',(90.1441751814238,59.4386235824792,11.2573910875548));
#12533=CARTESIAN_POINT('Ctrl Pts',(90.1441751814238,57.4386235824792,11.2573910875548));
#12534=CARTESIAN_POINT('Ctrl Pts',(89.8766356358771,59.4386235824792,11.3129606627548));
#12535=CARTESIAN_POINT('Ctrl Pts',(89.8766356358771,57.4386235824792,11.3129606627548));
#12536=CARTESIAN_POINT('Ctrl Pts',(89.6354133183294,59.4386235824792,11.4408319508434));
#12537=CARTESIAN_POINT('Ctrl Pts',(89.6354133183294,57.4386235824792,11.4408319508434));
#12538=CARTESIAN_POINT('Ctrl Pts',(89.5225100964308,59.4386235824792,11.5006816387177));
#12539=CARTESIAN_POINT('Ctrl Pts',(89.5225100964308,57.4386235824792,11.5006816387177));
#12540=CARTESIAN_POINT('',(90.2864938229322,59.4386235824792,11.2278306484222));
#12541=CARTESIAN_POINT('Ctrl Pts',(90.2864938229322,59.4386235824792,11.2278306484222));
#12542=CARTESIAN_POINT('Ctrl Pts',(90.1441751814238,59.4386235824792,11.2573910875548));
#12543=CARTESIAN_POINT('Ctrl Pts',(89.8766356358771,59.4386235824792,11.3129606627548));
#12544=CARTESIAN_POINT('Ctrl Pts',(89.6354133183294,59.4386235824792,11.4408319508434));
#12545=CARTESIAN_POINT('Ctrl Pts',(89.5225100964308,59.4386235824792,11.5006816387177));
#12546=CARTESIAN_POINT('',(90.2864938229322,57.4386235824792,11.2278306484222));
#12547=CARTESIAN_POINT('',(90.2864938229322,59.4386235824792,11.2278306484222));
#12548=CARTESIAN_POINT('Ctrl Pts',(90.2864938229322,57.4386235824792,11.2278306484222));
#12549=CARTESIAN_POINT('Ctrl Pts',(90.1441751814238,57.4386235824792,11.2573910875548));
#12550=CARTESIAN_POINT('Ctrl Pts',(89.8766356358771,57.4386235824792,11.3129606627548));
#12551=CARTESIAN_POINT('Ctrl Pts',(89.6354133183294,57.4386235824792,11.4408319508434));
#12552=CARTESIAN_POINT('Ctrl Pts',(89.5225100964308,57.4386235824792,11.5006816387177));
#12553=CARTESIAN_POINT('Ctrl Pts',(91.1869030445814,59.4386235824792,11.1800813674927));
#12554=CARTESIAN_POINT('Ctrl Pts',(91.1869030445814,57.4386235824792,11.1800813674927));
#12555=CARTESIAN_POINT('Ctrl Pts',(91.004736989125,59.4386235824792,11.179735630304));
#12556=CARTESIAN_POINT('Ctrl Pts',(91.004736989125,57.4386235824792,11.179735630304));
#12557=CARTESIAN_POINT('Ctrl Pts',(90.7035894800636,59.4386235824792,11.1791640754504));
#12558=CARTESIAN_POINT('Ctrl Pts',(90.7035894800636,57.4386235824792,11.1791640754504));
#12559=CARTESIAN_POINT('Ctrl Pts',(90.4046162376852,59.4386235824792,11.2140481670684));
#12560=CARTESIAN_POINT('Ctrl Pts',(90.4046162376852,57.4386235824792,11.2140481670684));
#12561=CARTESIAN_POINT('Ctrl Pts',(90.2864938229322,59.4386235824792,11.2278306484222));
#12562=CARTESIAN_POINT('Ctrl Pts',(90.2864938229322,57.4386235824792,11.2278306484222));
#12563=CARTESIAN_POINT('',(91.1869030445814,59.4386235824792,11.1800813674927));
#12564=CARTESIAN_POINT('Ctrl Pts',(91.1869030445814,59.4386235824792,11.1800813674927));
#12565=CARTESIAN_POINT('Ctrl Pts',(91.004736989125,59.4386235824792,11.179735630304));
#12566=CARTESIAN_POINT('Ctrl Pts',(90.7035894800636,59.4386235824792,11.1791640754504));
#12567=CARTESIAN_POINT('Ctrl Pts',(90.4046162376852,59.4386235824792,11.2140481670684));
#12568=CARTESIAN_POINT('Ctrl Pts',(90.2864938229322,59.4386235824792,11.2278306484222));
#12569=CARTESIAN_POINT('',(91.1869030445814,57.4386235824792,11.1800813674927));
#12570=CARTESIAN_POINT('',(91.1869030445814,59.4386235824792,11.1800813674927));
#12571=CARTESIAN_POINT('Ctrl Pts',(91.1869030445814,57.4386235824792,11.1800813674927));
#12572=CARTESIAN_POINT('Ctrl Pts',(91.004736989125,57.4386235824792,11.179735630304));
#12573=CARTESIAN_POINT('Ctrl Pts',(90.7035894800636,57.4386235824792,11.1791640754504));
#12574=CARTESIAN_POINT('Ctrl Pts',(90.4046162376852,57.4386235824792,11.2140481670684));
#12575=CARTESIAN_POINT('Ctrl Pts',(90.2864938229322,57.4386235824792,11.2278306484222));
#12576=CARTESIAN_POINT('Origin',(93.6766713112593,59.4386235824792,11.1800813674927));
#12577=CARTESIAN_POINT('',(93.6766713112593,59.4386235824792,11.1800813674927));
#12578=CARTESIAN_POINT('',(99.3529737624791,59.4386235824792,11.1800813674927));
#12579=CARTESIAN_POINT('',(93.6766713112593,57.4386235824792,11.1800813674927));
#12580=CARTESIAN_POINT('',(93.6766713112593,59.4386235824792,11.1800813674927));
#12581=CARTESIAN_POINT('',(93.6766713112593,57.4386235824792,11.1800813674927));
#12582=CARTESIAN_POINT('Origin',(93.6766713112593,59.4386235824792,14.6180081367493));
#12583=CARTESIAN_POINT('',(93.6766713112593,59.4386235824792,7.30900406837463));
#12584=CARTESIAN_POINT('',(93.6766713112593,57.4386235824792,14.6180081367493));
#12585=CARTESIAN_POINT('Ctrl Pts',(89.5736699551344,59.4386235824792,10.167121887207));
#12586=CARTESIAN_POINT('Ctrl Pts',(89.5736699551344,57.4386235824792,10.167121887207));
#12587=CARTESIAN_POINT('Ctrl Pts',(89.8170670192843,59.4386235824792,10.1184715073156));
#12588=CARTESIAN_POINT('Ctrl Pts',(89.8170670192843,57.4386235824792,10.1184715073156));
#12589=CARTESIAN_POINT('Ctrl Pts',(90.3492943919344,59.4386235824792,10.0120895180401));
#12590=CARTESIAN_POINT('Ctrl Pts',(90.3492943919344,57.4386235824792,10.0120895180401));
#12591=CARTESIAN_POINT('Ctrl Pts',(90.8922504627951,59.4386235824792,10.0042528305932));
#12592=CARTESIAN_POINT('Ctrl Pts',(90.8922504627951,57.4386235824792,10.0042528305932));
#12593=CARTESIAN_POINT('Ctrl Pts',(91.1869030445814,59.4386235824792,10.));
#12594=CARTESIAN_POINT('Ctrl Pts',(91.1869030445814,57.4386235824792,10.));
#12595=CARTESIAN_POINT('',(89.5736699551344,59.4386235824792,10.167121887207));
#12596=CARTESIAN_POINT('',(91.1869030445814,59.4386235824792,10.));
#12597=CARTESIAN_POINT('Ctrl Pts',(89.5736699551344,59.4386235824792,10.167121887207));
#12598=CARTESIAN_POINT('Ctrl Pts',(89.8170670192843,59.4386235824792,10.1184715073156));
#12599=CARTESIAN_POINT('Ctrl Pts',(90.3492943919344,59.4386235824792,10.0120895180401));
#12600=CARTESIAN_POINT('Ctrl Pts',(90.8922504627951,59.4386235824792,10.0042528305932));
#12601=CARTESIAN_POINT('Ctrl Pts',(91.1869030445814,59.4386235824792,10.));
#12602=CARTESIAN_POINT('',(89.5736699551344,57.4386235824792,10.167121887207));
#12603=CARTESIAN_POINT('',(89.5736699551344,59.4386235824792,10.167121887207));
#12604=CARTESIAN_POINT('',(91.1869030445814,57.4386235824792,10.));
#12605=CARTESIAN_POINT('Ctrl Pts',(89.5736699551344,57.4386235824792,10.167121887207));
#12606=CARTESIAN_POINT('Ctrl Pts',(89.8170670192843,57.4386235824792,10.1184715073156));
#12607=CARTESIAN_POINT('Ctrl Pts',(90.3492943919344,57.4386235824792,10.0120895180401));
#12608=CARTESIAN_POINT('Ctrl Pts',(90.8922504627951,57.4386235824792,10.0042528305932));
#12609=CARTESIAN_POINT('Ctrl Pts',(91.1869030445814,57.4386235824792,10.));
#12610=CARTESIAN_POINT('',(91.1869030445814,59.4386235824792,10.));
#12611=CARTESIAN_POINT('Ctrl Pts',(88.4788536280394,59.4386235824792,10.6616640090942));
#12612=CARTESIAN_POINT('Ctrl Pts',(88.4788536280394,57.4386235824792,10.6616640090942));
#12613=CARTESIAN_POINT('Ctrl Pts',(88.6391650904513,59.4386235824792,10.5578467790307));
#12614=CARTESIAN_POINT('Ctrl Pts',(88.6391650904513,57.4386235824792,10.5578467790307));
#12615=CARTESIAN_POINT('Ctrl Pts',(88.9788349201647,59.4386235824792,10.3378775994943));
#12616=CARTESIAN_POINT('Ctrl Pts',(88.9788349201647,57.4386235824792,10.3378775994943));
#12617=CARTESIAN_POINT('Ctrl Pts',(89.3681153411471,59.4386235824792,10.2261292127038));
#12618=CARTESIAN_POINT('Ctrl Pts',(89.3681153411471,57.4386235824792,10.2261292127038));
#12619=CARTESIAN_POINT('Ctrl Pts',(89.5736699551344,59.4386235824792,10.167121887207));
#12620=CARTESIAN_POINT('Ctrl Pts',(89.5736699551344,57.4386235824792,10.167121887207));
#12621=CARTESIAN_POINT('',(88.4788536280394,59.4386235824792,10.6616640090942));
#12622=CARTESIAN_POINT('Ctrl Pts',(88.4788536280394,59.4386235824792,10.6616640090942));
#12623=CARTESIAN_POINT('Ctrl Pts',(88.6391650904513,59.4386235824792,10.5578467790307));
#12624=CARTESIAN_POINT('Ctrl Pts',(88.9788349201647,59.4386235824792,10.3378775994943));
#12625=CARTESIAN_POINT('Ctrl Pts',(89.3681153411471,59.4386235824792,10.2261292127038));
#12626=CARTESIAN_POINT('Ctrl Pts',(89.5736699551344,59.4386235824792,10.167121887207));
#12627=CARTESIAN_POINT('',(88.4788536280394,57.4386235824792,10.6616640090942));
#12628=CARTESIAN_POINT('',(88.4788536280394,59.4386235824792,10.6616640090942));
#12629=CARTESIAN_POINT('Ctrl Pts',(88.4788536280394,57.4386235824792,10.6616640090942));
#12630=CARTESIAN_POINT('Ctrl Pts',(88.6391650904513,57.4386235824792,10.5578467790307));
#12631=CARTESIAN_POINT('Ctrl Pts',(88.9788349201647,57.4386235824792,10.3378775994943));
#12632=CARTESIAN_POINT('Ctrl Pts',(89.3681153411471,57.4386235824792,10.2261292127038));
#12633=CARTESIAN_POINT('Ctrl Pts',(89.5736699551344,57.4386235824792,10.167121887207));
#12634=CARTESIAN_POINT('Ctrl Pts',(87.7455662935972,59.4386235824792,11.5927696228027));
#12635=CARTESIAN_POINT('Ctrl Pts',(87.7455662935972,57.4386235824792,11.5927696228027));
#12636=CARTESIAN_POINT('Ctrl Pts',(87.845933408693,59.4386235824792,11.4064279033752));
#12637=CARTESIAN_POINT('Ctrl Pts',(87.845933408693,57.4386235824792,11.4064279033752));
#12638=CARTESIAN_POINT('Ctrl Pts',(88.036329491741,59.4386235824792,11.0529382822623));
#12639=CARTESIAN_POINT('Ctrl Pts',(88.036329491741,57.4386235824792,11.0529382822623));
#12640=CARTESIAN_POINT('Ctrl Pts',(88.3367836127438,59.4386235824792,10.7872805289947));
#12641=CARTESIAN_POINT('Ctrl Pts',(88.3367836127438,57.4386235824792,10.7872805289947));
#12642=CARTESIAN_POINT('Ctrl Pts',(88.4788536280394,59.4386235824792,10.6616640090942));
#12643=CARTESIAN_POINT('Ctrl Pts',(88.4788536280394,57.4386235824792,10.6616640090942));
#12644=CARTESIAN_POINT('',(87.7455662935972,59.4386235824792,11.5927696228027));
#12645=CARTESIAN_POINT('Ctrl Pts',(87.7455662935972,59.4386235824792,11.5927696228027));
#12646=CARTESIAN_POINT('Ctrl Pts',(87.845933408693,59.4386235824792,11.4064279033752));
#12647=CARTESIAN_POINT('Ctrl Pts',(88.036329491741,59.4386235824792,11.0529382822623));
#12648=CARTESIAN_POINT('Ctrl Pts',(88.3367836127438,59.4386235824792,10.7872805289947));
#12649=CARTESIAN_POINT('Ctrl Pts',(88.4788536280394,59.4386235824792,10.6616640090942));
#12650=CARTESIAN_POINT('',(87.7455662935972,57.4386235824792,11.5927696228027));
#12651=CARTESIAN_POINT('',(87.7455662935972,59.4386235824792,11.5927696228027));
#12652=CARTESIAN_POINT('Ctrl Pts',(87.7455662935972,57.4386235824792,11.5927696228027));
#12653=CARTESIAN_POINT('Ctrl Pts',(87.845933408693,57.4386235824792,11.4064279033752));
#12654=CARTESIAN_POINT('Ctrl Pts',(88.036329491741,57.4386235824792,11.0529382822623));
#12655=CARTESIAN_POINT('Ctrl Pts',(88.3367836127438,57.4386235824792,10.7872805289947));
#12656=CARTESIAN_POINT('Ctrl Pts',(88.4788536280394,57.4386235824792,10.6616640090942));
#12657=CARTESIAN_POINT('Ctrl Pts',(87.4488400667906,59.4386235824792,12.899044752121));
#12658=CARTESIAN_POINT('Ctrl Pts',(87.4488400667906,57.4386235824792,12.899044752121));
#12659=CARTESIAN_POINT('Ctrl Pts',(87.4606344907703,59.4386235824792,12.6701342811592));
#12660=CARTESIAN_POINT('Ctrl Pts',(87.4606344907703,57.4386235824792,12.6701342811592));
#12661=CARTESIAN_POINT('Ctrl Pts',(87.4839594232759,59.4386235824792,12.2174355063687));
#12662=CARTESIAN_POINT('Ctrl Pts',(87.4839594232759,57.4386235824792,12.2174355063687));
#12663=CARTESIAN_POINT('Ctrl Pts',(87.6590242743488,59.4386235824792,11.7994149867145));
#12664=CARTESIAN_POINT('Ctrl Pts',(87.6590242743488,57.4386235824792,11.7994149867145));
#12665=CARTESIAN_POINT('Ctrl Pts',(87.7455662935972,59.4386235824792,11.5927696228027));
#12666=CARTESIAN_POINT('Ctrl Pts',(87.7455662935972,57.4386235824792,11.5927696228027));
#12667=CARTESIAN_POINT('',(87.4488400667906,59.4386235824792,12.899044752121));
#12668=CARTESIAN_POINT('Ctrl Pts',(87.4488400667906,59.4386235824792,12.899044752121));
#12669=CARTESIAN_POINT('Ctrl Pts',(87.4606344907703,59.4386235824792,12.6701342811592));
#12670=CARTESIAN_POINT('Ctrl Pts',(87.4839594232759,59.4386235824792,12.2174355063687));
#12671=CARTESIAN_POINT('Ctrl Pts',(87.6590242743488,59.4386235824792,11.7994149867145));
#12672=CARTESIAN_POINT('Ctrl Pts',(87.7455662935972,59.4386235824792,11.5927696228027));
#12673=CARTESIAN_POINT('',(87.4488400667906,57.4386235824792,12.899044752121));
#12674=CARTESIAN_POINT('',(87.4488400667906,59.4386235824792,12.899044752121));
#12675=CARTESIAN_POINT('Ctrl Pts',(87.4488400667906,57.4386235824792,12.899044752121));
#12676=CARTESIAN_POINT('Ctrl Pts',(87.4606344907703,57.4386235824792,12.6701342811592));
#12677=CARTESIAN_POINT('Ctrl Pts',(87.4839594232759,57.4386235824792,12.2174355063687));
#12678=CARTESIAN_POINT('Ctrl Pts',(87.6590242743488,57.4386235824792,11.7994149867145));
#12679=CARTESIAN_POINT('Ctrl Pts',(87.7455662935972,57.4386235824792,11.5927696228027));
#12680=CARTESIAN_POINT('Ctrl Pts',(87.9365622252226,59.4386235824792,14.4133698940277));
#12681=CARTESIAN_POINT('Ctrl Pts',(87.9365622252226,57.4386235824792,14.4133698940277));
#12682=CARTESIAN_POINT('Ctrl Pts',(87.7943289320905,59.4386235824792,14.1869305855371));
#12683=CARTESIAN_POINT('Ctrl Pts',(87.7943289320905,57.4386235824792,14.1869305855371));
#12684=CARTESIAN_POINT('Ctrl Pts',(87.5035309456271,59.4386235824792,13.7239722055745));
#12685=CARTESIAN_POINT('Ctrl Pts',(87.5035309456271,57.4386235824792,13.7239722055745));
#12686=CARTESIAN_POINT('Ctrl Pts',(87.4673330658914,59.4386235824792,13.1779830866197));
#12687=CARTESIAN_POINT('Ctrl Pts',(87.4673330658914,57.4386235824792,13.1779830866197));
#12688=CARTESIAN_POINT('Ctrl Pts',(87.4488400667906,59.4386235824792,12.899044752121));
#12689=CARTESIAN_POINT('Ctrl Pts',(87.4488400667906,57.4386235824792,12.899044752121));
#12690=CARTESIAN_POINT('',(87.9365622252226,59.4386235824792,14.4133698940277));
#12691=CARTESIAN_POINT('Ctrl Pts',(87.9365622252226,59.4386235824792,14.4133698940277));
#12692=CARTESIAN_POINT('Ctrl Pts',(87.7943289320905,59.4386235824792,14.1869305855371));
#12693=CARTESIAN_POINT('Ctrl Pts',(87.5035309456271,59.4386235824792,13.7239722055745));
#12694=CARTESIAN_POINT('Ctrl Pts',(87.4673330658914,59.4386235824792,13.1779830866197));
#12695=CARTESIAN_POINT('Ctrl Pts',(87.4488400667906,59.4386235824792,12.899044752121));
#12696=CARTESIAN_POINT('',(87.9365622252226,57.4386235824792,14.4133698940277));
#12697=CARTESIAN_POINT('',(87.9365622252226,59.4386235824792,14.4133698940277));
#12698=CARTESIAN_POINT('Ctrl Pts',(87.9365622252226,57.4386235824792,14.4133698940277));
#12699=CARTESIAN_POINT('Ctrl Pts',(87.7943289320905,57.4386235824792,14.1869305855371));
#12700=CARTESIAN_POINT('Ctrl Pts',(87.5035309456271,57.4386235824792,13.7239722055745));
#12701=CARTESIAN_POINT('Ctrl Pts',(87.4673330658914,57.4386235824792,13.1779830866197));
#12702=CARTESIAN_POINT('Ctrl Pts',(87.4488400667906,57.4386235824792,12.899044752121));
#12703=CARTESIAN_POINT('Ctrl Pts',(89.3315141648054,59.4386235824792,15.320600271225));
#12704=CARTESIAN_POINT('Ctrl Pts',(89.3315141648054,57.4386235824792,15.320600271225));
#12705=CARTESIAN_POINT('Ctrl Pts',(89.0504665938238,59.4386235824792,15.2212467686562));
#12706=CARTESIAN_POINT('Ctrl Pts',(89.0504665938238,57.4386235824792,15.2212467686562));
#12707=CARTESIAN_POINT('Ctrl Pts',(88.5115760249307,59.4386235824792,15.0307428431684));
#12708=CARTESIAN_POINT('Ctrl Pts',(88.5115760249307,57.4386235824792,15.0307428431684));
#12709=CARTESIAN_POINT('Ctrl Pts',(88.1226511364151,59.4386235824792,14.6131672901313));
#12710=CARTESIAN_POINT('Ctrl Pts',(88.1226511364151,57.4386235824792,14.6131672901313));
#12711=CARTESIAN_POINT('Ctrl Pts',(87.9365622252226,59.4386235824792,14.4133698940277));
#12712=CARTESIAN_POINT('Ctrl Pts',(87.9365622252226,57.4386235824792,14.4133698940277));
#12713=CARTESIAN_POINT('',(89.3315141648054,59.4386235824792,15.320600271225));
#12714=CARTESIAN_POINT('Ctrl Pts',(89.3315141648054,59.4386235824792,15.320600271225));
#12715=CARTESIAN_POINT('Ctrl Pts',(89.0504665938238,59.4386235824792,15.2212467686562));
#12716=CARTESIAN_POINT('Ctrl Pts',(88.5115760249307,59.4386235824792,15.0307428431684));
#12717=CARTESIAN_POINT('Ctrl Pts',(88.1226511364151,59.4386235824792,14.6131672901313));
#12718=CARTESIAN_POINT('Ctrl Pts',(87.9365622252226,59.4386235824792,14.4133698940277));
#12719=CARTESIAN_POINT('',(89.3315141648054,57.4386235824792,15.320600271225));
#12720=CARTESIAN_POINT('',(89.3315141648054,59.4386235824792,15.320600271225));
#12721=CARTESIAN_POINT('Ctrl Pts',(89.3315141648054,57.4386235824792,15.320600271225));
#12722=CARTESIAN_POINT('Ctrl Pts',(89.0504665938238,57.4386235824792,15.2212467686562));
#12723=CARTESIAN_POINT('Ctrl Pts',(88.5115760249307,57.4386235824792,15.0307428431684));
#12724=CARTESIAN_POINT('Ctrl Pts',(88.1226511364151,57.4386235824792,14.6131672901313));
#12725=CARTESIAN_POINT('Ctrl Pts',(87.9365622252226,57.4386235824792,14.4133698940277));
#12726=CARTESIAN_POINT('Ctrl Pts',(88.2810365408659,59.4386235824792,16.2346524000168));
#12727=CARTESIAN_POINT('Ctrl Pts',(88.2810365408659,57.4386235824792,16.2346524000168));
#12728=CARTESIAN_POINT('Ctrl Pts',(88.4165248117868,59.4386235824792,16.0527350616862));
#12729=CARTESIAN_POINT('Ctrl Pts',(88.4165248117868,57.4386235824792,16.0527350616862));
#12730=CARTESIAN_POINT('Ctrl Pts',(88.6998964033865,59.4386235824792,15.6722578044895));
#12731=CARTESIAN_POINT('Ctrl Pts',(88.6998964033865,57.4386235824792,15.6722578044895));
#12732=CARTESIAN_POINT('Ctrl Pts',(89.1149236303004,59.4386235824792,15.4411885411327));
#12733=CARTESIAN_POINT('Ctrl Pts',(89.1149236303004,57.4386235824792,15.4411885411327));
#12734=CARTESIAN_POINT('Ctrl Pts',(89.3315141648054,59.4386235824792,15.320600271225));
#12735=CARTESIAN_POINT('Ctrl Pts',(89.3315141648054,57.4386235824792,15.320600271225));
#12736=CARTESIAN_POINT('',(88.2810365408659,59.4386235824792,16.2346524000168));
#12737=CARTESIAN_POINT('Ctrl Pts',(88.2810365408659,59.4386235824792,16.2346524000168));
#12738=CARTESIAN_POINT('Ctrl Pts',(88.4165248117868,59.4386235824792,16.0527350616862));
#12739=CARTESIAN_POINT('Ctrl Pts',(88.6998964033865,59.4386235824792,15.6722578044895));
#12740=CARTESIAN_POINT('Ctrl Pts',(89.1149236303004,59.4386235824792,15.4411885411327));
#12741=CARTESIAN_POINT('Ctrl Pts',(89.3315141648054,59.4386235824792,15.320600271225));
#12742=CARTESIAN_POINT('',(88.2810365408659,57.4386235824792,16.2346524000168));
#12743=CARTESIAN_POINT('',(88.2810365408659,59.4386235824792,16.2346524000168));
#12744=CARTESIAN_POINT('Ctrl Pts',(88.2810365408659,57.4386235824792,16.2346524000168));
#12745=CARTESIAN_POINT('Ctrl Pts',(88.4165248117868,57.4386235824792,16.0527350616862));
#12746=CARTESIAN_POINT('Ctrl Pts',(88.6998964033865,57.4386235824792,15.6722578044895));
#12747=CARTESIAN_POINT('Ctrl Pts',(89.1149236303004,57.4386235824792,15.4411885411327));
#12748=CARTESIAN_POINT('Ctrl Pts',(89.3315141648054,57.4386235824792,15.320600271225));
#12749=CARTESIAN_POINT('Ctrl Pts',(87.9331510514021,59.4386235824792,17.4420189857483));
#12750=CARTESIAN_POINT('Ctrl Pts',(87.9331510514021,57.4386235824792,17.4420189857483));
#12751=CARTESIAN_POINT('Ctrl Pts',(87.9481862353769,59.4386235824792,17.2305375979609));
#12752=CARTESIAN_POINT('Ctrl Pts',(87.9481862353769,57.4386235824792,17.2305375979609));
#12753=CARTESIAN_POINT('Ctrl Pts',(87.9785434530588,59.4386235824792,16.8035400610178));
#12754=CARTESIAN_POINT('Ctrl Pts',(87.9785434530588,57.4386235824792,16.8035400610178));
#12755=CARTESIAN_POINT('Ctrl Pts',(88.1795723279769,59.4386235824792,16.4254724255723));
#12756=CARTESIAN_POINT('Ctrl Pts',(88.1795723279769,57.4386235824792,16.4254724255723));
#12757=CARTESIAN_POINT('Ctrl Pts',(88.2810365408659,59.4386235824792,16.2346524000168));
#12758=CARTESIAN_POINT('Ctrl Pts',(88.2810365408659,57.4386235824792,16.2346524000168));
#12759=CARTESIAN_POINT('',(87.9331510514021,59.4386235824792,17.4420189857483));
#12760=CARTESIAN_POINT('Ctrl Pts',(87.9331510514021,59.4386235824792,17.4420189857483));
#12761=CARTESIAN_POINT('Ctrl Pts',(87.9481862353769,59.4386235824792,17.2305375979609));
#12762=CARTESIAN_POINT('Ctrl Pts',(87.9785434530588,59.4386235824792,16.8035400610178));
#12763=CARTESIAN_POINT('Ctrl Pts',(88.1795723279769,59.4386235824792,16.4254724255723));
#12764=CARTESIAN_POINT('Ctrl Pts',(88.2810365408659,59.4386235824792,16.2346524000168));
#12765=CARTESIAN_POINT('',(87.9331510514021,57.4386235824792,17.4420189857483));
#12766=CARTESIAN_POINT('',(87.9331510514021,59.4386235824792,17.4420189857483));
#12767=CARTESIAN_POINT('Ctrl Pts',(87.9331510514021,57.4386235824792,17.4420189857483));
#12768=CARTESIAN_POINT('Ctrl Pts',(87.9481862353769,57.4386235824792,17.2305375979609));
#12769=CARTESIAN_POINT('Ctrl Pts',(87.9785434530588,57.4386235824792,16.8035400610178));
#12770=CARTESIAN_POINT('Ctrl Pts',(88.1795723279769,57.4386235824792,16.4254724255723));
#12771=CARTESIAN_POINT('Ctrl Pts',(88.2810365408659,57.4386235824792,16.2346524000168));
#12772=CARTESIAN_POINT('Ctrl Pts',(88.3253752440214,59.4386235824792,18.7619370222092));
#12773=CARTESIAN_POINT('Ctrl Pts',(88.3253752440214,57.4386235824792,18.7619370222092));
#12774=CARTESIAN_POINT('Ctrl Pts',(88.2109899123554,59.4386235824792,18.551584240209));
#12775=CARTESIAN_POINT('Ctrl Pts',(88.2109899123554,57.4386235824792,18.551584240209));
#12776=CARTESIAN_POINT('Ctrl Pts',(87.986700818996,59.4386235824792,18.1391202111832));
#12777=CARTESIAN_POINT('Ctrl Pts',(87.986700818996,57.4386235824792,18.1391202111832));
#12778=CARTESIAN_POINT('Ctrl Pts',(87.9507616041335,59.4386235824792,17.6712699879705));
#12779=CARTESIAN_POINT('Ctrl Pts',(87.9507616041335,57.4386235824792,17.6712699879705));
#12780=CARTESIAN_POINT('Ctrl Pts',(87.9331510514021,59.4386235824792,17.4420189857483));
#12781=CARTESIAN_POINT('Ctrl Pts',(87.9331510514021,57.4386235824792,17.4420189857483));
#12782=CARTESIAN_POINT('',(88.3253752440214,59.4386235824792,18.7619370222092));
#12783=CARTESIAN_POINT('Ctrl Pts',(88.3253752440214,59.4386235824792,18.7619370222092));
#12784=CARTESIAN_POINT('Ctrl Pts',(88.2109899123554,59.4386235824792,18.551584240209));
#12785=CARTESIAN_POINT('Ctrl Pts',(87.986700818996,59.4386235824792,18.1391202111832));
#12786=CARTESIAN_POINT('Ctrl Pts',(87.9507616041335,59.4386235824792,17.6712699879705));
#12787=CARTESIAN_POINT('Ctrl Pts',(87.9331510514021,59.4386235824792,17.4420189857483));
#12788=CARTESIAN_POINT('',(88.3253752440214,57.4386235824792,18.7619370222092));
#12789=CARTESIAN_POINT('',(88.3253752440214,59.4386235824792,18.7619370222092));
#12790=CARTESIAN_POINT('Ctrl Pts',(88.3253752440214,57.4386235824792,18.7619370222092));
#12791=CARTESIAN_POINT('Ctrl Pts',(88.2109899123554,57.4386235824792,18.551584240209));
#12792=CARTESIAN_POINT('Ctrl Pts',(87.986700818996,57.4386235824792,18.1391202111832));
#12793=CARTESIAN_POINT('Ctrl Pts',(87.9507616041335,57.4386235824792,17.6712699879705));
#12794=CARTESIAN_POINT('Ctrl Pts',(87.9331510514021,57.4386235824792,17.4420189857483));
#12795=CARTESIAN_POINT('Ctrl Pts',(89.4099592417479,59.4386235824792,19.6964532136917));
#12796=CARTESIAN_POINT('Ctrl Pts',(89.4099592417479,57.4386235824792,19.6964532136917));
#12797=CARTESIAN_POINT('Ctrl Pts',(89.1919857356142,59.4386235824792,19.5821217890195));
#12798=CARTESIAN_POINT('Ctrl Pts',(89.1919857356142,57.4386235824792,19.5821217890195));
#12799=CARTESIAN_POINT('Ctrl Pts',(88.7580589938871,59.4386235824792,19.3545186116195));
#12800=CARTESIAN_POINT('Ctrl Pts',(88.7580589938871,57.4386235824792,19.3545186116195));
#12801=CARTESIAN_POINT('Ctrl Pts',(88.4691548018367,59.4386235824792,18.9588501693319));
#12802=CARTESIAN_POINT('Ctrl Pts',(88.4691548018367,57.4386235824792,18.9588501693319));
#12803=CARTESIAN_POINT('Ctrl Pts',(88.3253752440214,59.4386235824792,18.7619370222092));
#12804=CARTESIAN_POINT('Ctrl Pts',(88.3253752440214,57.4386235824792,18.7619370222092));
#12805=CARTESIAN_POINT('',(89.4099592417479,59.4386235824792,19.6964532136917));
#12806=CARTESIAN_POINT('Ctrl Pts',(89.4099592417479,59.4386235824792,19.6964532136917));
#12807=CARTESIAN_POINT('Ctrl Pts',(89.1919857356142,59.4386235824792,19.5821217890195));
#12808=CARTESIAN_POINT('Ctrl Pts',(88.7580589938871,59.4386235824792,19.3545186116195));
#12809=CARTESIAN_POINT('Ctrl Pts',(88.4691548018367,59.4386235824792,18.9588501693319));
#12810=CARTESIAN_POINT('Ctrl Pts',(88.3253752440214,59.4386235824792,18.7619370222092));
#12811=CARTESIAN_POINT('',(89.4099592417479,57.4386235824792,19.6964532136917));
#12812=CARTESIAN_POINT('',(89.4099592417479,59.4386235824792,19.6964532136917));
#12813=CARTESIAN_POINT('Ctrl Pts',(89.4099592417479,57.4386235824792,19.6964532136917));
#12814=CARTESIAN_POINT('Ctrl Pts',(89.1919857356142,57.4386235824792,19.5821217890195));
#12815=CARTESIAN_POINT('Ctrl Pts',(88.7580589938871,57.4386235824792,19.3545186116195));
#12816=CARTESIAN_POINT('Ctrl Pts',(88.4691548018367,57.4386235824792,18.9588501693319));
#12817=CARTESIAN_POINT('Ctrl Pts',(88.3253752440214,57.4386235824792,18.7619370222092));
#12818=CARTESIAN_POINT('Ctrl Pts',(91.2482946366072,59.4386235824792,20.));
#12819=CARTESIAN_POINT('Ctrl Pts',(91.2482946366072,57.4386235824792,20.));
#12820=CARTESIAN_POINT('Ctrl Pts',(90.9007664644668,59.4386235824792,19.9936517004358));
#12821=CARTESIAN_POINT('Ctrl Pts',(90.9007664644668,57.4386235824792,19.9936517004358));
#12822=CARTESIAN_POINT('Ctrl Pts',(90.2721873206095,59.4386235824792,19.9821694407949));
#12823=CARTESIAN_POINT('Ctrl Pts',(90.2721873206095,57.4386235824792,19.9821694407949));
#12824=CARTESIAN_POINT('Ctrl Pts',(89.676364273042,59.4386235824792,19.7847317588803));
#12825=CARTESIAN_POINT('Ctrl Pts',(89.676364273042,57.4386235824792,19.7847317588803));
#12826=CARTESIAN_POINT('Ctrl Pts',(89.4099592417479,59.4386235824792,19.6964532136917));
#12827=CARTESIAN_POINT('Ctrl Pts',(89.4099592417479,57.4386235824792,19.6964532136917));
#12828=CARTESIAN_POINT('',(91.2482946366072,59.4386235824792,20.));
#12829=CARTESIAN_POINT('Ctrl Pts',(91.2482946366072,59.4386235824792,20.));
#12830=CARTESIAN_POINT('Ctrl Pts',(90.9007664644668,59.4386235824792,19.9936517004358));
#12831=CARTESIAN_POINT('Ctrl Pts',(90.2721873206095,59.4386235824792,19.9821694407949));
#12832=CARTESIAN_POINT('Ctrl Pts',(89.676364273042,59.4386235824792,19.7847317588803));
#12833=CARTESIAN_POINT('Ctrl Pts',(89.4099592417479,59.4386235824792,19.6964532136917));
#12834=CARTESIAN_POINT('',(91.2482946366072,57.4386235824792,20.));
#12835=CARTESIAN_POINT('',(91.2482946366072,59.4386235824792,20.));
#12836=CARTESIAN_POINT('Ctrl Pts',(91.2482946366072,57.4386235824792,20.));
#12837=CARTESIAN_POINT('Ctrl Pts',(90.9007664644668,57.4386235824792,19.9936517004358));
#12838=CARTESIAN_POINT('Ctrl Pts',(90.2721873206095,57.4386235824792,19.9821694407949));
#12839=CARTESIAN_POINT('Ctrl Pts',(89.676364273042,57.4386235824792,19.7847317588803));
#12840=CARTESIAN_POINT('Ctrl Pts',(89.4099592417479,57.4386235824792,19.6964532136917));
#12841=CARTESIAN_POINT('Origin',(95.,59.4386235824792,20.));
#12842=CARTESIAN_POINT('',(95.,59.4386235824792,20.));
#12843=CARTESIAN_POINT('',(100.01463810685,59.4386235824792,20.));
#12844=CARTESIAN_POINT('',(95.,57.4386235824792,20.));
#12845=CARTESIAN_POINT('',(95.,59.4386235824792,20.));
#12846=CARTESIAN_POINT('',(95.,57.4386235824792,20.));
#12847=CARTESIAN_POINT('Origin',(95.,59.4386235824792,10.));
#12848=CARTESIAN_POINT('',(95.,59.4386235824792,10.));
#12849=CARTESIAN_POINT('',(95.,59.4386235824792,5.));
#12850=CARTESIAN_POINT('',(95.,57.4386235824792,10.));
#12851=CARTESIAN_POINT('',(95.,59.4386235824792,10.));
#12852=CARTESIAN_POINT('',(95.,57.4386235824792,10.));
#12853=CARTESIAN_POINT('Origin',(91.1869030445814,59.4386235824792,10.));
#12854=CARTESIAN_POINT('',(98.1080896291402,59.4386235824792,10.));
#12855=CARTESIAN_POINT('',(91.1869030445814,57.4386235824792,10.));
#12856=CARTESIAN_POINT('Origin',(48.232582513493,57.4386235824792,13.6152791976929));
#12857=CARTESIAN_POINT('Origin',(105.029276213699,59.4386235824792,0.));
#12858=CARTESIAN_POINT('Origin',(105.029276213699,59.4386235824792,0.));
#12859=CARTESIAN_POINT('Origin',(105.029276213699,59.4386235824792,0.));
#12860=CARTESIAN_POINT('Origin',(105.029276213699,59.4386235824792,0.));
#12861=CARTESIAN_POINT('Origin',(105.029276213699,59.4386235824792,0.));
#12862=CARTESIAN_POINT('Origin',(105.029276213699,59.4386235824792,0.));
#12863=CARTESIAN_POINT('Origin',(-3.96672378630072,-1.16937641752084,0.));
#12864=CARTESIAN_POINT('',(-3.96672378630072,-6.16937641752084,33.));
#12865=CARTESIAN_POINT('',(-8.96672378630072,-1.16937641752084,33.));
#12866=CARTESIAN_POINT('Origin',(-3.96672378630072,-1.16937641752084,33.));
#12867=CARTESIAN_POINT('',(-8.96672378630072,-1.16937641752084,0.));
#12868=CARTESIAN_POINT('',(-8.96672378630072,-1.16937641752084,0.));
#12869=CARTESIAN_POINT('',(-3.96672378630072,-6.16937641752084,0.));
#12870=CARTESIAN_POINT('Origin',(-3.96672378630072,-1.16937641752084,0.));
#12871=CARTESIAN_POINT('',(-3.96672378630072,-6.16937641752084,0.));
#12872=CARTESIAN_POINT('Origin',(-8.96672378630072,-6.16937641752084,0.));
#12873=CARTESIAN_POINT('',(100.029276213699,-6.16937641752084,0.));
#12874=CARTESIAN_POINT('',(-8.96672378630072,-6.16937641752084,0.));
#12875=CARTESIAN_POINT('',(100.029276213699,-6.16937641752084,33.));
#12876=CARTESIAN_POINT('',(100.029276213699,-6.16937641752084,0.));
#12877=CARTESIAN_POINT('',(-8.96672378630072,-6.16937641752084,33.));
#12878=CARTESIAN_POINT('',(80.708524491745,-6.16937641752084,7.69495545345464));
#12879=CARTESIAN_POINT('',(18.2063612139591,-6.16937641752084,7.69495545345464));
#12880=CARTESIAN_POINT('',(35.8709003527221,-6.16937641752084,7.69495545345464));
#12881=CARTESIAN_POINT('',(18.2063612139591,-6.16937641752084,25.6238311660532));
#12882=CARTESIAN_POINT('',(18.2063612139591,-6.16937641752084,3.84747772672732));
#12883=CARTESIAN_POINT('',(80.708524491745,-6.16937641752084,25.6238311660532));
#12884=CARTESIAN_POINT('',(4.61981871382918,-6.16937641752084,25.6238311660532));
#12885=CARTESIAN_POINT('',(80.708524491745,-6.16937641752084,12.8119155830266));
#12886=CARTESIAN_POINT('Origin',(47.898,26.804,0.));
#12887=CARTESIAN_POINT('',(-8.96672378630072,54.4386235824792,0.));
#12888=CARTESIAN_POINT('',(-8.96672378630072,59.4386235824792,0.));
#12889=CARTESIAN_POINT('',(-3.96672378630072,59.4386235824792,0.));
#12890=CARTESIAN_POINT('Origin',(-3.96672378630072,54.4386235824792,0.));
#12891=CARTESIAN_POINT('',(100.029276213699,59.4386235824792,0.));
#12892=CARTESIAN_POINT('',(105.029276213699,59.4386235824792,0.));
#12893=CARTESIAN_POINT('',(105.029276213699,54.4386235824792,0.));
#12894=CARTESIAN_POINT('Origin',(100.029276213699,54.4386235824792,0.));
#12895=CARTESIAN_POINT('',(105.029276213699,-1.16937641752084,0.));
#12896=CARTESIAN_POINT('',(105.029276213699,-6.16937641752084,0.));
#12897=CARTESIAN_POINT('Origin',(100.029276213699,-1.16937641752084,0.));
#12898=CARTESIAN_POINT('Origin',(-3.96672378630072,54.4386235824792,0.));
#12899=CARTESIAN_POINT('',(-8.96672378630072,54.4386235824792,33.));
#12900=CARTESIAN_POINT('',(-3.96672378630072,59.4386235824792,33.));
#12901=CARTESIAN_POINT('Origin',(-3.96672378630072,54.4386235824792,33.));
#12902=CARTESIAN_POINT('',(-3.96672378630072,59.4386235824792,0.));
#12903=CARTESIAN_POINT('',(-8.96672378630072,54.4386235824792,0.));
#12904=CARTESIAN_POINT('Origin',(105.029276213699,59.4386235824792,0.));
#12905=CARTESIAN_POINT('',(100.029276213699,59.4386235824792,33.));
#12906=CARTESIAN_POINT('',(105.029276213699,59.4386235824792,33.));
#12907=CARTESIAN_POINT('',(100.029276213699,59.4386235824792,0.));
#12908=CARTESIAN_POINT('',(46.0000006854534,59.4386235824792,22.0000003278255));
#12909=CARTESIAN_POINT('',(56.000000834465,59.4386235824792,22.0000003278255));
#12910=CARTESIAN_POINT('',(75.5146384495764,59.4386235824792,22.0000003278255));
#12911=CARTESIAN_POINT('',(56.000000834465,59.4386235824792,27.0000004023314));
#12912=CARTESIAN_POINT('',(56.000000834465,59.4386235824792,11.0000001639128));
#12913=CARTESIAN_POINT('',(46.0000006854534,59.4386235824792,27.0000004023314));
#12914=CARTESIAN_POINT('',(80.5146385240822,59.4386235824792,27.0000004023314));
#12915=CARTESIAN_POINT('',(46.0000006854534,59.4386235824792,13.5000002011657));
#12916=CARTESIAN_POINT('Origin',(48.0312762136993,26.6346235824792,33.));
#12917=CARTESIAN_POINT('',(105.029276213699,-1.16937641752084,33.));
#12918=CARTESIAN_POINT('Origin',(100.029276213699,-1.16937641752084,33.));
#12919=CARTESIAN_POINT('',(105.029276213699,54.4386235824792,33.));
#12920=CARTESIAN_POINT('',(105.029276213699,-6.16937641752084,33.));
#12921=CARTESIAN_POINT('Origin',(100.029276213699,54.4386235824792,33.));
#12922=CARTESIAN_POINT('',(-8.96672378630072,59.4386235824792,33.));
#12923=CARTESIAN_POINT('',(98.6065918390742,-2.45164869688617,33.));
#12924=CARTESIAN_POINT('Origin',(100.106591839074,-2.45164869688617,33.));
#12925=CARTESIAN_POINT('',(-5.71375105419734,54.5011900171622,33.));
#12926=CARTESIAN_POINT('Origin',(-4.21375105419734,54.5011900171622,33.));
#12927=CARTESIAN_POINT('',(98.7959122477873,55.6163278027459,33.));
#12928=CARTESIAN_POINT('Origin',(100.295912247787,55.6163278027459,33.));
#12929=CARTESIAN_POINT('',(9.8400012665987,-1.00000001490116,33.));
#12930=CARTESIAN_POINT('',(77.0000011473894,-1.00000001490116,33.));
#12931=CARTESIAN_POINT('',(28.935638740149,-1.00000001490116,33.));
#12932=CARTESIAN_POINT('',(77.0000011473894,0.,33.));
#12933=CARTESIAN_POINT('',(77.0000011473894,12.817311783789,33.));
#12934=CARTESIAN_POINT('',(0.,0.,33.));
#12935=CARTESIAN_POINT('',(0.,0.,33.));
#12936=CARTESIAN_POINT('',(0.,53.608,33.));
#12937=CARTESIAN_POINT('',(0.,53.608,33.));
#12938=CARTESIAN_POINT('',(95.796,53.608,33.));
#12939=CARTESIAN_POINT('',(95.796,53.608,33.));
#12940=CARTESIAN_POINT('',(95.796,0.,33.));
#12941=CARTESIAN_POINT('',(95.796,0.,33.));
#12942=CARTESIAN_POINT('',(85.0000012665987,0.,33.));
#12943=CARTESIAN_POINT('',(0.,0.,33.));
#12944=CARTESIAN_POINT('',(85.0000012665987,-4.92000001490116,33.));
#12945=CARTESIAN_POINT('',(85.0000012665987,12.817311783789,33.));
#12946=CARTESIAN_POINT('',(9.8400012665987,-4.92000001490116,33.));
#12947=CARTESIAN_POINT('',(66.515638740149,-4.92000001490116,33.));
#12948=CARTESIAN_POINT('',(9.8400012665987,10.857311783789,33.));
#12949=CARTESIAN_POINT('',(-6.15655073030191,-2.46845914300743,33.));
#12950=CARTESIAN_POINT('Origin',(-4.65655073030191,-2.46845914300743,33.));
#12951=CARTESIAN_POINT('Origin',(100.029276213699,54.4386235824792,0.));
#12952=CARTESIAN_POINT('',(105.029276213699,54.4386235824792,0.));
#12953=CARTESIAN_POINT('Origin',(105.029276213699,-6.16937641752084,0.));
#12954=CARTESIAN_POINT('',(105.029276213699,-1.16937641752084,0.));
#12955=CARTESIAN_POINT('',(105.029276213699,35.1515283578797,22.5761562888861));
#12956=CARTESIAN_POINT('',(105.029276213699,35.1515283578797,5.57615628888608));
#12957=CARTESIAN_POINT('',(105.029276213699,35.1515283578797,11.288078144443));
#12958=CARTESIAN_POINT('',(105.029276213699,33.9515283578797,5.57615628888608));
#12959=CARTESIAN_POINT('',(105.029276213699,14.4910759701794,5.57615628888608));
#12960=CARTESIAN_POINT('',(105.029276213699,33.9515283578797,22.5761562888861));
#12961=CARTESIAN_POINT('',(105.029276213699,33.9515283578797,2.78807814444304));
#12962=CARTESIAN_POINT('',(105.029276213699,13.8910759701794,22.5761562888861));
#12963=CARTESIAN_POINT('',(105.029276213699,32.5540059434763,22.4192300019939));
#12964=CARTESIAN_POINT('',(105.029276213699,32.5540059434763,5.41923000199387));
#12965=CARTESIAN_POINT('',(105.029276213699,32.5540059434763,11.2096150009969));
#12966=CARTESIAN_POINT('',(105.029276213699,31.3540059434763,5.41923000199387));
#12967=CARTESIAN_POINT('',(105.029276213699,13.1923147629777,5.41923000199387));
#12968=CARTESIAN_POINT('',(105.029276213699,31.3540059434763,22.4192300019939));
#12969=CARTESIAN_POINT('',(105.029276213699,31.3540059434763,2.70961500099693));
#12970=CARTESIAN_POINT('',(105.029276213699,12.5923147629777,22.4192300019939));
#12971=CARTESIAN_POINT('',(105.029276213699,29.956483529073,22.3846531224484));
#12972=CARTESIAN_POINT('',(105.029276213699,29.956483529073,5.38465312244836));
#12973=CARTESIAN_POINT('',(105.029276213699,29.956483529073,11.1923265612242));
#12974=CARTESIAN_POINT('',(105.029276213699,28.756483529073,5.38465312244836));
#12975=CARTESIAN_POINT('',(105.029276213699,11.8935535557761,5.38465312244836));
#12976=CARTESIAN_POINT('',(105.029276213699,28.756483529073,22.3846531224484));
#12977=CARTESIAN_POINT('',(105.029276213699,28.756483529073,2.69232656122418));
#12978=CARTESIAN_POINT('',(105.029276213699,11.2935535557761,22.3846531224484));
#12979=CARTESIAN_POINT('',(105.029276213699,26.9311338934738,22.3494191442214));
#12980=CARTESIAN_POINT('',(105.029276213699,26.9311338934738,5.34941914422135));
#12981=CARTESIAN_POINT('',(105.029276213699,26.9311338934738,11.1747095721107));
#12982=CARTESIAN_POINT('',(105.029276213699,25.7311338934738,5.34941914422135));
#12983=CARTESIAN_POINT('',(105.029276213699,10.3808787379765,5.34941914422135));
#12984=CARTESIAN_POINT('',(105.029276213699,25.7311338934738,22.3494191442214));
#12985=CARTESIAN_POINT('',(105.029276213699,25.7311338934738,2.67470957211068));
#12986=CARTESIAN_POINT('',(105.029276213699,9.7808787379765,22.3494191442214));
#12987=CARTESIAN_POINT('',(105.029276213699,24.1808160429291,22.4063696420853));
#12988=CARTESIAN_POINT('',(105.029276213699,24.1808160429291,5.4063696420853));
#12989=CARTESIAN_POINT('',(105.029276213699,24.1808160429291,11.2031848210427));
#12990=CARTESIAN_POINT('',(105.029276213699,22.9808160429291,5.4063696420853));
#12991=CARTESIAN_POINT('',(105.029276213699,9.00571981270413,5.4063696420853));
#12992=CARTESIAN_POINT('',(105.029276213699,22.9808160429291,22.4063696420853));
#12993=CARTESIAN_POINT('',(105.029276213699,22.9808160429291,2.70318482104265));
#12994=CARTESIAN_POINT('',(105.029276213699,8.40571981270413,22.4063696420853));
#12995=CARTESIAN_POINT('',(105.029276213699,21.3999391051561,22.4326858524925));
#12996=CARTESIAN_POINT('',(105.029276213699,21.3999391051561,5.43268585249248));
#12997=CARTESIAN_POINT('',(105.029276213699,21.3999391051561,11.2163429262462));
#12998=CARTESIAN_POINT('',(105.029276213699,20.1999391051561,5.43268585249248));
#12999=CARTESIAN_POINT('',(105.029276213699,7.61528134381765,5.43268585249248));
#13000=CARTESIAN_POINT('',(105.029276213699,20.1999391051561,22.4326858524925));
#13001=CARTESIAN_POINT('',(105.029276213699,20.1999391051561,2.71634292624624));
#13002=CARTESIAN_POINT('',(105.029276213699,7.01528134381765,22.4326858524925));
#13003=CARTESIAN_POINT('',(105.029276213699,18.9857712141225,22.3983905866676));
#13004=CARTESIAN_POINT('',(105.029276213699,18.9857712141225,5.39839058666758));
#13005=CARTESIAN_POINT('',(105.029276213699,18.9857712141225,11.1991952933338));
#13006=CARTESIAN_POINT('',(105.029276213699,17.7857712141225,5.39839058666758));
#13007=CARTESIAN_POINT('',(105.029276213699,6.4081973983008,5.39839058666758));
#13008=CARTESIAN_POINT('',(105.029276213699,17.7857712141225,22.3983905866676));
#13009=CARTESIAN_POINT('',(105.029276213699,17.7857712141224,2.69919529333379));
#13010=CARTESIAN_POINT('',(105.029276213699,5.8081973983008,22.3983905866676));
#13011=CARTESIAN_POINT('',(105.029276213699,16.4188078869474,22.3638606427422));
#13012=CARTESIAN_POINT('',(105.029276213699,16.4188078869474,5.36386064274216));
#13013=CARTESIAN_POINT('',(105.029276213699,16.4188078869474,11.1819303213711));
#13014=CARTESIAN_POINT('',(105.029276213699,15.2188078869474,5.36386064274216));
#13015=CARTESIAN_POINT('',(105.029276213699,5.12471573471327,5.36386064274216));
#13016=CARTESIAN_POINT('',(105.029276213699,15.2188078869474,22.3638606427422));
#13017=CARTESIAN_POINT('',(105.029276213699,15.2188078869474,2.68193032137108));
#13018=CARTESIAN_POINT('',(105.029276213699,4.52471573471327,22.3638606427422));
#13019=CARTESIAN_POINT('Origin',(100.029276213699,-1.16937641752084,0.));
#13020=CARTESIAN_POINT('Origin',(6.25888240964126,6.98264839079132,6.69956969048622));
#13021=CARTESIAN_POINT('',(6.25888240964126,6.98264839079132,6.39913938097244));
#13022=CARTESIAN_POINT('',(5.25888240964126,6.98264839079132,7.));
#13023=CARTESIAN_POINT('',(5.75888240964126,6.98264839079132,6.69956969048622));
#13024=CARTESIAN_POINT('Origin',(6.25888240964126,6.98264839079132,7.));
#13025=CARTESIAN_POINT('Origin',(6.25888240964126,6.98264839079132,17.));
#13026=CARTESIAN_POINT('',(5.25888240964126,6.98264839079132,27.));
#13027=CARTESIAN_POINT('Origin',(6.25888240964126,6.98264839079132,27.));
#13028=CARTESIAN_POINT('',(5.25888240964126,6.98264839079132,17.));
#13029=CARTESIAN_POINT('Origin',(6.2873770736736,49.2099392085732,6.69956969048622));
#13030=CARTESIAN_POINT('',(6.2873770736736,49.2099392085732,6.39913938097244));
#13031=CARTESIAN_POINT('',(5.2873770736736,49.2099392085732,7.));
#13032=CARTESIAN_POINT('',(5.7873770736736,49.2099392085732,6.69956969048622));
#13033=CARTESIAN_POINT('Origin',(6.2873770736736,49.2099392085732,7.));
#13034=CARTESIAN_POINT('Origin',(6.2873770736736,49.2099392085732,17.));
#13035=CARTESIAN_POINT('',(5.2873770736736,49.2099392085732,27.));
#13036=CARTESIAN_POINT('Origin',(6.2873770736736,49.2099392085732,27.));
#13037=CARTESIAN_POINT('',(5.2873770736736,49.2099392085732,17.));
#13038=CARTESIAN_POINT('Origin',(90.9938370899634,49.5184509029264,6.69956969048622));
#13039=CARTESIAN_POINT('',(90.9938370899634,49.5184509029264,6.39913938097244));
#13040=CARTESIAN_POINT('',(89.9938370899634,49.5184509029264,7.));
#13041=CARTESIAN_POINT('',(90.4938370899634,49.5184509029264,6.69956969048622));
#13042=CARTESIAN_POINT('Origin',(90.9938370899634,49.5184509029264,7.));
#13043=CARTESIAN_POINT('Origin',(90.9938370899634,49.5184509029264,17.));
#13044=CARTESIAN_POINT('',(89.9938370899635,49.5184509029264,27.));
#13045=CARTESIAN_POINT('Origin',(90.9938370899634,49.5184509029264,27.));
#13046=CARTESIAN_POINT('',(89.9938370899634,49.5184509029264,17.));
#13047=CARTESIAN_POINT('Origin',(90.7417684136829,7.50548328974826,6.69956969048622));
#13048=CARTESIAN_POINT('',(90.7417684136829,7.50548328974826,6.39913938097244));
#13049=CARTESIAN_POINT('',(89.7417684136828,7.50548328974826,7.));
#13050=CARTESIAN_POINT('',(90.2417684136829,7.50548328974826,6.69956969048622));
#13051=CARTESIAN_POINT('Origin',(90.7417684136829,7.50548328974826,7.));
#13052=CARTESIAN_POINT('Origin',(90.7417684136829,7.50548328974826,17.));
#13053=CARTESIAN_POINT('',(89.7417684136829,7.50548328974826,27.));
#13054=CARTESIAN_POINT('Origin',(90.7417684136829,7.50548328974826,27.));
#13055=CARTESIAN_POINT('',(89.7417684136829,7.50548328974826,17.));
#13056=CARTESIAN_POINT('Origin',(86.230831287575,9.82671296324406,0.));
#13057=CARTESIAN_POINT('',(86.230831287575,0.,3.));
#13058=CARTESIAN_POINT('',(86.230831287575,9.82671296324406,3.));
#13059=CARTESIAN_POINT('',(86.230831287575,18.315356481622,3.));
#13060=CARTESIAN_POINT('',(86.230831287575,0.,27.));
#13061=CARTESIAN_POINT('',(86.230831287575,0.,0.));
#13062=CARTESIAN_POINT('',(86.230831287575,9.82671296324406,27.));
#13063=CARTESIAN_POINT('',(86.230831287575,-0.0792502589104904,27.));
#13064=CARTESIAN_POINT('',(86.230831287575,9.82671296324406,0.));
#13065=CARTESIAN_POINT('Origin',(91.2232060302901,4.87373135216679,27.));
#13066=CARTESIAN_POINT('',(95.796,0.,27.));
#13067=CARTESIAN_POINT('',(93.5096030151451,0.,27.));
#13068=CARTESIAN_POINT('',(95.796,9.82671296324406,27.));
#13069=CARTESIAN_POINT('',(95.796,29.2408656760834,27.));
#13070=CARTESIAN_POINT('',(86.230831287575,9.82671296324406,27.));
#13071=CARTESIAN_POINT('Origin',(96.2155807730053,9.82671296324406,0.));
#13072=CARTESIAN_POINT('',(95.796,9.82671296324406,3.));
#13073=CARTESIAN_POINT('',(72.0567903865026,9.82671296324406,3.));
#13074=CARTESIAN_POINT('',(95.796,9.82671296324406,0.));
#13075=CARTESIAN_POINT('Origin',(95.796,53.608,0.));
#13076=CARTESIAN_POINT('',(95.796,0.,0.));
#13077=CARTESIAN_POINT('',(95.796,53.608,3.));
#13078=CARTESIAN_POINT('',(95.796,53.608,0.));
#13079=CARTESIAN_POINT('',(95.796,0.,3.));
#13080=CARTESIAN_POINT('',(95.796,16.4188078869474,5.36386064274216));
#13081=CARTESIAN_POINT('',(95.796,16.4188078869474,22.3638606427422));
#13082=CARTESIAN_POINT('',(95.796,16.4188078869474,11.1819303213711));
#13083=CARTESIAN_POINT('',(95.796,15.2188078869474,22.3638606427422));
#13084=CARTESIAN_POINT('',(95.796,34.4134039434737,22.3638606427422));
#13085=CARTESIAN_POINT('',(95.796,15.2188078869474,5.36386064274216));
#13086=CARTESIAN_POINT('',(95.796,15.2188078869474,2.68193032137108));
#13087=CARTESIAN_POINT('',(95.796,35.0134039434737,5.36386064274216));
#13088=CARTESIAN_POINT('',(95.796,18.9857712141225,5.39839058666758));
#13089=CARTESIAN_POINT('',(95.796,18.9857712141225,22.3983905866676));
#13090=CARTESIAN_POINT('',(95.796,18.9857712141225,11.1991952933338));
#13091=CARTESIAN_POINT('',(95.796,17.7857712141225,22.3983905866676));
#13092=CARTESIAN_POINT('',(95.796,35.6968856070612,22.3983905866676));
#13093=CARTESIAN_POINT('',(95.796,17.7857712141225,5.39839058666758));
#13094=CARTESIAN_POINT('',(95.796,17.7857712141224,2.69919529333379));
#13095=CARTESIAN_POINT('',(95.796,36.2968856070612,5.39839058666758));
#13096=CARTESIAN_POINT('',(95.796,21.3999391051561,5.43268585249248));
#13097=CARTESIAN_POINT('',(95.796,21.3999391051561,22.4326858524925));
#13098=CARTESIAN_POINT('',(95.796,21.3999391051561,11.2163429262462));
#13099=CARTESIAN_POINT('',(95.796,20.1999391051561,22.4326858524925));
#13100=CARTESIAN_POINT('',(95.796,36.9039695525781,22.4326858524925));
#13101=CARTESIAN_POINT('',(95.796,20.1999391051561,5.43268585249248));
#13102=CARTESIAN_POINT('',(95.796,20.1999391051561,2.71634292624624));
#13103=CARTESIAN_POINT('',(95.796,37.5039695525781,5.43268585249248));
#13104=CARTESIAN_POINT('',(95.796,24.1808160429291,5.4063696420853));
#13105=CARTESIAN_POINT('',(95.796,24.1808160429291,22.4063696420853));
#13106=CARTESIAN_POINT('',(95.796,24.1808160429291,11.2031848210427));
#13107=CARTESIAN_POINT('',(95.796,22.9808160429291,22.4063696420853));
#13108=CARTESIAN_POINT('',(95.796,38.2944080214646,22.4063696420853));
#13109=CARTESIAN_POINT('',(95.796,22.9808160429291,5.4063696420853));
#13110=CARTESIAN_POINT('',(95.796,22.9808160429291,2.70318482104265));
#13111=CARTESIAN_POINT('',(95.796,38.8944080214646,5.4063696420853));
#13112=CARTESIAN_POINT('',(95.796,26.9311338934738,5.34941914422135));
#13113=CARTESIAN_POINT('',(95.796,26.9311338934738,22.3494191442214));
#13114=CARTESIAN_POINT('',(95.796,26.9311338934738,11.1747095721107));
#13115=CARTESIAN_POINT('',(95.796,25.7311338934738,22.3494191442214));
#13116=CARTESIAN_POINT('',(95.796,39.6695669467369,22.3494191442214));
#13117=CARTESIAN_POINT('',(95.796,25.7311338934738,5.34941914422135));
#13118=CARTESIAN_POINT('',(95.796,25.7311338934738,2.67470957211068));
#13119=CARTESIAN_POINT('',(95.796,40.2695669467369,5.34941914422135));
#13120=CARTESIAN_POINT('',(95.796,29.956483529073,5.38465312244836));
#13121=CARTESIAN_POINT('',(95.796,29.956483529073,22.3846531224484));
#13122=CARTESIAN_POINT('',(95.796,29.956483529073,11.1923265612242));
#13123=CARTESIAN_POINT('',(95.796,28.756483529073,22.3846531224484));
#13124=CARTESIAN_POINT('',(95.796,41.1822417645365,22.3846531224484));
#13125=CARTESIAN_POINT('',(95.796,28.756483529073,5.38465312244836));
#13126=CARTESIAN_POINT('',(95.796,28.756483529073,2.69232656122418));
#13127=CARTESIAN_POINT('',(95.796,41.7822417645365,5.38465312244836));
#13128=CARTESIAN_POINT('',(95.796,32.5540059434763,5.41923000199387));
#13129=CARTESIAN_POINT('',(95.796,32.5540059434763,22.4192300019939));
#13130=CARTESIAN_POINT('',(95.796,32.5540059434763,11.2096150009969));
#13131=CARTESIAN_POINT('',(95.796,31.3540059434763,22.4192300019939));
#13132=CARTESIAN_POINT('',(95.796,42.4810029717382,22.4192300019939));
#13133=CARTESIAN_POINT('',(95.796,31.3540059434763,5.41923000199387));
#13134=CARTESIAN_POINT('',(95.796,31.3540059434763,2.70961500099693));
#13135=CARTESIAN_POINT('',(95.796,43.0810029717382,5.41923000199387));
#13136=CARTESIAN_POINT('',(95.796,35.1515283578797,5.57615628888608));
#13137=CARTESIAN_POINT('',(95.796,35.1515283578797,22.5761562888861));
#13138=CARTESIAN_POINT('',(95.796,35.1515283578797,11.288078144443));
#13139=CARTESIAN_POINT('',(95.796,33.9515283578797,22.5761562888861));
#13140=CARTESIAN_POINT('',(95.796,43.7797641789398,22.5761562888861));
#13141=CARTESIAN_POINT('',(95.796,33.9515283578797,5.57615628888608));
#13142=CARTESIAN_POINT('',(95.796,33.9515283578797,2.78807814444304));
#13143=CARTESIAN_POINT('',(95.796,44.3797641789398,5.57615628888608));
#13144=CARTESIAN_POINT('Origin',(95.796,0.,0.));
#13145=CARTESIAN_POINT('',(10.,0.,3.));
#13146=CARTESIAN_POINT('',(0.,0.,3.));
#13147=CARTESIAN_POINT('',(10.,0.,27.));
#13148=CARTESIAN_POINT('',(10.,0.,0.));
#13149=CARTESIAN_POINT('',(0.,0.,27.));
#13150=CARTESIAN_POINT('',(50.398,0.,27.));
#13151=CARTESIAN_POINT('',(0.,0.,0.));
#13152=CARTESIAN_POINT('',(77.0000011473894,0.,5.));
#13153=CARTESIAN_POINT('',(77.0000011473894,0.,16.5));
#13154=CARTESIAN_POINT('',(85.0000012665987,0.,5.));
#13155=CARTESIAN_POINT('',(88.398000603497,0.,5.));
#13156=CARTESIAN_POINT('',(85.0000012665987,0.,16.5));
#13157=CARTESIAN_POINT('',(13.5729037379226,0.,10.5756005385067));
#13158=CARTESIAN_POINT('Origin',(13.5729037379226,0.,8.57560053850666));
#13159=CARTESIAN_POINT('',(13.6155585400197,0.,26.8117109748104));
#13160=CARTESIAN_POINT('Origin',(13.6155585400197,0.,24.8117109748104));
#13161=CARTESIAN_POINT('Origin',(10.,10.,0.));
#13162=CARTESIAN_POINT('',(0.,10.,3.));
#13163=CARTESIAN_POINT('',(10.,10.,3.));
#13164=CARTESIAN_POINT('',(28.949,10.,3.));
#13165=CARTESIAN_POINT('',(0.,10.,27.));
#13166=CARTESIAN_POINT('',(0.,10.,0.));
#13167=CARTESIAN_POINT('',(10.,10.,27.));
#13168=CARTESIAN_POINT('',(10.,10.,27.));
#13169=CARTESIAN_POINT('',(10.,10.,0.));
#13170=CARTESIAN_POINT('Origin',(10.,0.,0.));
#13171=CARTESIAN_POINT('',(10.,13.402,3.));
#13172=CARTESIAN_POINT('',(10.,0.,27.));
#13173=CARTESIAN_POINT('Origin',(5.,5.,27.));
#13174=CARTESIAN_POINT('',(0.,2.5,27.));
#13175=CARTESIAN_POINT('Origin',(0.,0.,0.));
#13176=CARTESIAN_POINT('',(0.,45.,3.));
#13177=CARTESIAN_POINT('',(0.,53.608,3.));
#13178=CARTESIAN_POINT('',(0.,45.,27.));
#13179=CARTESIAN_POINT('',(0.,45.,0.));
#13180=CARTESIAN_POINT('',(0.,53.608,27.));
#13181=CARTESIAN_POINT('',(0.,24.6965931665708,27.));
#13182=CARTESIAN_POINT('',(0.,53.608,0.));
#13183=CARTESIAN_POINT('Origin',(85.,45.,0.));
#13184=CARTESIAN_POINT('',(95.6936516434852,45.,3.));
#13185=CARTESIAN_POINT('',(85.,45.,3.));
#13186=CARTESIAN_POINT('',(66.449,45.,3.));
#13187=CARTESIAN_POINT('',(95.6936516434852,45.,27.));
#13188=CARTESIAN_POINT('',(95.6936516434852,45.,0.));
#13189=CARTESIAN_POINT('',(85.,45.,27.));
#13190=CARTESIAN_POINT('',(85.,45.,27.));
#13191=CARTESIAN_POINT('',(85.,45.,0.));
#13192=CARTESIAN_POINT('Origin',(95.6936516434852,45.,0.));
#13193=CARTESIAN_POINT('',(95.6936516434852,53.5287146059632,3.));
#13194=CARTESIAN_POINT('',(95.6936516434852,35.902,3.));
#13195=CARTESIAN_POINT('',(95.6936516434852,53.5287146059632,27.));
#13196=CARTESIAN_POINT('',(95.6936516434852,53.5287146059632,0.));
#13197=CARTESIAN_POINT('',(95.6936516434852,45.,27.));
#13198=CARTESIAN_POINT('Origin',(85.,53.5287146059632,0.));
#13199=CARTESIAN_POINT('',(85.,53.5287146059632,3.));
#13200=CARTESIAN_POINT('',(85.,40.1663573029816,3.));
#13201=CARTESIAN_POINT('',(85.,53.5287146059632,27.));
#13202=CARTESIAN_POINT('',(85.,53.5287146059632,27.));
#13203=CARTESIAN_POINT('',(85.,53.5287146059632,0.));
#13204=CARTESIAN_POINT('Origin',(95.6936516434852,53.5287146059632,0.));
#13205=CARTESIAN_POINT('',(71.7958258217426,53.5287146059632,3.));
#13206=CARTESIAN_POINT('',(95.6936516434852,53.5287146059632,27.));
#13207=CARTESIAN_POINT('Origin',(90.3468258217426,49.2643573029816,27.));
#13208=CARTESIAN_POINT('Origin',(4.98651123894096,49.3931863331417,27.));
#13209=CARTESIAN_POINT('',(10.,53.608,27.));
#13210=CARTESIAN_POINT('',(2.49325561947048,53.608,27.));
#13211=CARTESIAN_POINT('',(10.,45.,27.));
#13212=CARTESIAN_POINT('',(10.,45.,27.));
#13213=CARTESIAN_POINT('',(10.,53.7863726662833,27.));
#13214=CARTESIAN_POINT('Origin',(10.,45.,0.));
#13215=CARTESIAN_POINT('',(10.,53.608,3.));
#13216=CARTESIAN_POINT('',(10.,53.608,0.));
#13217=CARTESIAN_POINT('',(10.,45.,3.));
#13218=CARTESIAN_POINT('',(10.,45.,0.));
#13219=CARTESIAN_POINT('',(10.,35.902,3.));
#13220=CARTESIAN_POINT('Origin',(-0.026977522118079,45.,0.));
#13221=CARTESIAN_POINT('',(23.935511238941,45.,3.));
#13222=CARTESIAN_POINT('Origin',(47.898,26.804,3.));
#13223=CARTESIAN_POINT('',(95.796,53.608,3.));
#13224=CARTESIAN_POINT('Origin',(80.708524491745,-6.16937641752084,7.69495545345464));
#13225=CARTESIAN_POINT('',(80.708524491745,-4.92000001490116,7.69495545345464));
#13226=CARTESIAN_POINT('',(80.708524491745,-6.16937641752084,7.69495545345464));
#13227=CARTESIAN_POINT('',(18.2063612139591,-4.92000001490116,7.69495545345464));
#13228=CARTESIAN_POINT('',(82.8542628791718,-4.92000001490116,7.69495545345464));
#13229=CARTESIAN_POINT('',(18.2063612139591,-6.16937641752084,7.69495545345464));
#13230=CARTESIAN_POINT('Origin',(80.708524491745,-6.16937641752084,25.6238311660532));
#13231=CARTESIAN_POINT('',(80.708524491745,-4.92000001490116,25.6238311660532));
#13232=CARTESIAN_POINT('',(80.708524491745,-6.16937641752084,25.6238311660532));
#13233=CARTESIAN_POINT('',(80.708524491745,-4.92000001490116,29.3119155830266));
#13234=CARTESIAN_POINT('Origin',(18.2063612139591,-6.16937641752084,25.6238311660532));
#13235=CARTESIAN_POINT('',(18.2063612139591,-4.92000001490116,25.6238311660532));
#13236=CARTESIAN_POINT('',(18.2063612139591,-6.16937641752084,25.6238311660532));
#13237=CARTESIAN_POINT('',(51.6031812402789,-4.92000001490116,25.6238311660532));
#13238=CARTESIAN_POINT('Origin',(18.2063612139591,-6.16937641752084,7.69495545345464));
#13239=CARTESIAN_POINT('',(18.2063612139591,-4.92000001490116,20.3474777267273));
#13240=CARTESIAN_POINT('Origin',(13.5729037379226,3.83062358247916,8.57560053850666));
#13241=CARTESIAN_POINT('',(13.5729037379226,-1.00000001490116,10.5756005385067));
#13242=CARTESIAN_POINT('Origin',(13.5729037379226,-1.00000001490116,8.57560053850666));
#13243=CARTESIAN_POINT('',(13.5729037379226,3.83062358247916,10.5756005385067));
#13244=CARTESIAN_POINT('Origin',(13.6155585400197,3.83062358247916,24.8117109748104));
#13245=CARTESIAN_POINT('',(13.6155585400197,-1.00000001490116,26.8117109748104));
#13246=CARTESIAN_POINT('Origin',(13.6155585400197,-1.00000001490116,24.8117109748104));
#13247=CARTESIAN_POINT('',(13.6155585400197,3.83062358247916,26.8117109748104));
#13248=CARTESIAN_POINT('Origin',(9.8400012665987,-1.00000001490116,33.));
#13249=CARTESIAN_POINT('',(77.0000011473894,-1.00000001490116,5.));
#13250=CARTESIAN_POINT('',(77.0000011473894,-1.00000001490116,33.));
#13251=CARTESIAN_POINT('',(9.8400012665987,-1.00000001490116,5.));
#13252=CARTESIAN_POINT('',(9.8400012665987,-1.00000001490116,33.));
#13253=CARTESIAN_POINT('',(77.0000011473894,-1.00000001490116,5.));
#13254=CARTESIAN_POINT('Origin',(77.0000011473894,-1.00000001490116,33.));
#13255=CARTESIAN_POINT('',(77.0000011473894,0.,5.));
#13256=CARTESIAN_POINT('Origin',(-4.65655073030191,-2.46845914300743,12.5493545357293));
#13257=CARTESIAN_POINT('',(-4.65655073030191,-2.46845914300743,12.0987090714587));
#13258=CARTESIAN_POINT('',(-6.15655073030191,-2.46845914300743,13.));
#13259=CARTESIAN_POINT('',(-5.40655073030191,-2.46845914300743,12.5493545357293));
#13260=CARTESIAN_POINT('Origin',(-4.65655073030191,-2.46845914300743,13.));
#13261=CARTESIAN_POINT('Origin',(-4.65655073030191,-2.46845914300743,23.));
#13262=CARTESIAN_POINT('',(-6.15655073030191,-2.46845914300743,23.));
#13263=CARTESIAN_POINT('Origin',(-8.96672378630072,59.4386235824792,0.));
#13264=CARTESIAN_POINT('Origin',(47.4200012665987,-2.96000001490116,5.));
#13265=CARTESIAN_POINT('',(85.0000012665987,-4.92000001490116,5.));
#13266=CARTESIAN_POINT('',(9.8400012665987,-4.92000001490116,5.));
#13267=CARTESIAN_POINT('',(9.8400012665987,-4.92000001490116,5.));
#13268=CARTESIAN_POINT('',(85.0000012665987,-4.92000001490116,5.));
#13269=CARTESIAN_POINT('',(9.8400012665987,-1.00000001490116,5.));
#13270=CARTESIAN_POINT('Origin',(85.0000012665987,-4.92000001490116,33.));
#13271=CARTESIAN_POINT('',(85.0000012665987,-4.92000001490116,33.));
#13272=CARTESIAN_POINT('',(9.8400012665987,-4.92000001490116,33.));
#13273=CARTESIAN_POINT('Origin',(46.0000006854534,59.4386235824792,22.0000003278255));
#13274=CARTESIAN_POINT('',(46.0000006854534,53.608,22.0000003278255));
#13275=CARTESIAN_POINT('',(46.0000006854534,59.4386235824792,22.0000003278255));
#13276=CARTESIAN_POINT('',(56.000000834465,53.608,22.0000003278255));
#13277=CARTESIAN_POINT('',(23.0000003427267,53.608,22.0000003278255));
#13278=CARTESIAN_POINT('',(56.000000834465,59.4386235824792,22.0000003278255));
#13279=CARTESIAN_POINT('Origin',(46.0000006854534,59.4386235824792,27.0000004023314));
#13280=CARTESIAN_POINT('',(46.0000006854534,53.608,27.0000004023314));
#13281=CARTESIAN_POINT('',(46.0000006854534,59.4386235824792,27.0000004023314));
#13282=CARTESIAN_POINT('',(46.0000006854534,53.608,13.5000002011657));
#13283=CARTESIAN_POINT('Origin',(56.000000834465,59.4386235824792,27.0000004023314));
#13284=CARTESIAN_POINT('',(56.000000834465,53.608,27.0000004023314));
#13285=CARTESIAN_POINT('',(56.000000834465,59.4386235824792,27.0000004023314));
#13286=CARTESIAN_POINT('',(28.0000004172325,53.608,27.0000004023314));
#13287=CARTESIAN_POINT('Origin',(56.000000834465,59.4386235824792,22.0000003278255));
#13288=CARTESIAN_POINT('',(56.000000834465,53.608,11.0000001639128));
#13289=CARTESIAN_POINT('Origin',(85.0000012665987,-1.00000001490116,33.));
#13290=CARTESIAN_POINT('Origin',(9.8400012665987,-4.92000001490116,33.));
#13291=CARTESIAN_POINT('Origin',(100.295912247787,55.6163278027459,12.5493545357293));
#13292=CARTESIAN_POINT('',(100.295912247787,55.6163278027459,12.0987090714587));
#13293=CARTESIAN_POINT('',(98.7959122477873,55.6163278027459,13.));
#13294=CARTESIAN_POINT('',(99.545912247787,55.6163278027459,12.5493545357293));
#13295=CARTESIAN_POINT('Origin',(100.295912247787,55.6163278027459,13.));
#13296=CARTESIAN_POINT('Origin',(100.295912247787,55.6163278027459,23.));
#13297=CARTESIAN_POINT('',(98.795912247787,55.6163278027459,23.));
#13298=CARTESIAN_POINT('Origin',(100.106591839074,-2.45164869688617,12.5493545357293));
#13299=CARTESIAN_POINT('',(100.106591839074,-2.45164869688617,12.0987090714587));
#13300=CARTESIAN_POINT('',(98.6065918390742,-2.45164869688617,13.));
#13301=CARTESIAN_POINT('',(99.356591839074,-2.45164869688617,12.5493545357293));
#13302=CARTESIAN_POINT('Origin',(100.106591839074,-2.45164869688617,13.));
#13303=CARTESIAN_POINT('Origin',(100.106591839074,-2.45164869688617,23.));
#13304=CARTESIAN_POINT('',(98.606591839074,-2.45164869688617,23.));
#13305=CARTESIAN_POINT('Origin',(-4.21375105419734,54.5011900171622,12.5493545357293));
#13306=CARTESIAN_POINT('',(-4.21375105419734,54.5011900171622,12.0987090714587));
#13307=CARTESIAN_POINT('',(-5.71375105419734,54.5011900171622,13.));
#13308=CARTESIAN_POINT('',(-4.96375105419734,54.5011900171622,12.5493545357293));
#13309=CARTESIAN_POINT('Origin',(-4.21375105419734,54.5011900171622,13.));
#13310=CARTESIAN_POINT('Origin',(-4.21375105419734,54.5011900171622,23.));
#13311=CARTESIAN_POINT('',(-5.71375105419734,54.5011900171622,23.));
#13312=CARTESIAN_POINT('Origin',(105.029276213699,15.2188078869474,5.36386064274216));
#13313=CARTESIAN_POINT('',(105.029276213699,15.2188078869474,22.3638606427422));
#13314=CARTESIAN_POINT('',(105.029276213699,15.2188078869474,5.36386064274216));
#13315=CARTESIAN_POINT('Origin',(105.029276213699,16.4188078869474,5.36386064274216));
#13316=CARTESIAN_POINT('',(105.029276213699,16.4188078869474,5.36386064274216));
#13317=CARTESIAN_POINT('Origin',(105.029276213699,16.4188078869474,22.3638606427422));
#13318=CARTESIAN_POINT('',(105.029276213699,16.4188078869474,22.3638606427422));
#13319=CARTESIAN_POINT('Origin',(105.029276213699,15.2188078869474,22.3638606427422));
#13320=CARTESIAN_POINT('Origin',(105.029276213699,17.7857712141225,5.39839058666758));
#13321=CARTESIAN_POINT('',(105.029276213699,17.7857712141225,22.3983905866676));
#13322=CARTESIAN_POINT('',(105.029276213699,17.7857712141225,5.39839058666758));
#13323=CARTESIAN_POINT('Origin',(105.029276213699,18.9857712141225,5.39839058666758));
#13324=CARTESIAN_POINT('',(105.029276213699,18.9857712141225,5.39839058666758));
#13325=CARTESIAN_POINT('Origin',(105.029276213699,18.9857712141225,22.3983905866676));
#13326=CARTESIAN_POINT('',(105.029276213699,18.9857712141225,22.3983905866676));
#13327=CARTESIAN_POINT('Origin',(105.029276213699,17.7857712141225,22.3983905866676));
#13328=CARTESIAN_POINT('Origin',(105.029276213699,20.1999391051561,5.43268585249248));
#13329=CARTESIAN_POINT('',(105.029276213699,20.1999391051561,22.4326858524925));
#13330=CARTESIAN_POINT('',(105.029276213699,20.1999391051561,5.43268585249248));
#13331=CARTESIAN_POINT('Origin',(105.029276213699,21.3999391051561,5.43268585249248));
#13332=CARTESIAN_POINT('',(105.029276213699,21.3999391051561,5.43268585249248));
#13333=CARTESIAN_POINT('Origin',(105.029276213699,21.3999391051561,22.4326858524925));
#13334=CARTESIAN_POINT('',(105.029276213699,21.3999391051561,22.4326858524925));
#13335=CARTESIAN_POINT('Origin',(105.029276213699,20.1999391051561,22.4326858524925));
#13336=CARTESIAN_POINT('Origin',(105.029276213699,22.9808160429291,5.4063696420853));
#13337=CARTESIAN_POINT('',(105.029276213699,22.9808160429291,22.4063696420853));
#13338=CARTESIAN_POINT('',(105.029276213699,22.9808160429291,5.4063696420853));
#13339=CARTESIAN_POINT('Origin',(105.029276213699,24.1808160429291,5.4063696420853));
#13340=CARTESIAN_POINT('',(105.029276213699,24.1808160429291,5.4063696420853));
#13341=CARTESIAN_POINT('Origin',(105.029276213699,24.1808160429291,22.4063696420853));
#13342=CARTESIAN_POINT('',(105.029276213699,24.1808160429291,22.4063696420853));
#13343=CARTESIAN_POINT('Origin',(105.029276213699,22.9808160429291,22.4063696420853));
#13344=CARTESIAN_POINT('Origin',(105.029276213699,25.7311338934738,5.34941914422135));
#13345=CARTESIAN_POINT('',(105.029276213699,25.7311338934738,22.3494191442214));
#13346=CARTESIAN_POINT('',(105.029276213699,25.7311338934738,5.34941914422135));
#13347=CARTESIAN_POINT('Origin',(105.029276213699,26.9311338934738,5.34941914422135));
#13348=CARTESIAN_POINT('',(105.029276213699,26.9311338934738,5.34941914422135));
#13349=CARTESIAN_POINT('Origin',(105.029276213699,26.9311338934738,22.3494191442214));
#13350=CARTESIAN_POINT('',(105.029276213699,26.9311338934738,22.3494191442214));
#13351=CARTESIAN_POINT('Origin',(105.029276213699,25.7311338934738,22.3494191442214));
#13352=CARTESIAN_POINT('Origin',(105.029276213699,28.756483529073,5.38465312244836));
#13353=CARTESIAN_POINT('',(105.029276213699,28.756483529073,22.3846531224484));
#13354=CARTESIAN_POINT('',(105.029276213699,28.756483529073,5.38465312244836));
#13355=CARTESIAN_POINT('Origin',(105.029276213699,29.956483529073,5.38465312244836));
#13356=CARTESIAN_POINT('',(105.029276213699,29.956483529073,5.38465312244836));
#13357=CARTESIAN_POINT('Origin',(105.029276213699,29.956483529073,22.3846531224484));
#13358=CARTESIAN_POINT('',(105.029276213699,29.956483529073,22.3846531224484));
#13359=CARTESIAN_POINT('Origin',(105.029276213699,28.756483529073,22.3846531224484));
#13360=CARTESIAN_POINT('Origin',(105.029276213699,31.3540059434763,5.41923000199387));
#13361=CARTESIAN_POINT('',(105.029276213699,31.3540059434763,22.4192300019939));
#13362=CARTESIAN_POINT('',(105.029276213699,31.3540059434763,5.41923000199387));
#13363=CARTESIAN_POINT('Origin',(105.029276213699,32.5540059434763,5.41923000199387));
#13364=CARTESIAN_POINT('',(105.029276213699,32.5540059434763,5.41923000199387));
#13365=CARTESIAN_POINT('Origin',(105.029276213699,32.5540059434763,22.4192300019939));
#13366=CARTESIAN_POINT('',(105.029276213699,32.5540059434763,22.4192300019939));
#13367=CARTESIAN_POINT('Origin',(105.029276213699,31.3540059434763,22.4192300019939));
#13368=CARTESIAN_POINT('Origin',(105.029276213699,33.9515283578797,5.57615628888608));
#13369=CARTESIAN_POINT('',(105.029276213699,33.9515283578797,22.5761562888861));
#13370=CARTESIAN_POINT('',(105.029276213699,33.9515283578797,5.57615628888608));
#13371=CARTESIAN_POINT('Origin',(105.029276213699,35.1515283578797,5.57615628888608));
#13372=CARTESIAN_POINT('',(105.029276213699,35.1515283578797,5.57615628888608));
#13373=CARTESIAN_POINT('Origin',(105.029276213699,35.1515283578797,22.5761562888861));
#13374=CARTESIAN_POINT('',(105.029276213699,35.1515283578797,22.5761562888861));
#13375=CARTESIAN_POINT('Origin',(105.029276213699,33.9515283578797,22.5761562888861));
#13376=CARTESIAN_POINT('Origin',(0.,53.608,0.));
#13377=UNCERTAINTY_MEASURE_WITH_UNIT(LENGTH_MEASURE(0.01),#13381,
'DISTANCE_ACCURACY_VALUE',
'Maximum model space distance between geometric entities at asserted c
onnectivities');
#13378=UNCERTAINTY_MEASURE_WITH_UNIT(LENGTH_MEASURE(0.01),#13381,
'DISTANCE_ACCURACY_VALUE',
'Maximum model space distance between geometric entities at asserted c
onnectivities');
#13379=(
GEOMETRIC_REPRESENTATION_CONTEXT(3)
GLOBAL_UNCERTAINTY_ASSIGNED_CONTEXT((#13377))
GLOBAL_UNIT_ASSIGNED_CONTEXT((#13381,#13383,#13384))
REPRESENTATION_CONTEXT('','3D')
);
#13380=(
GEOMETRIC_REPRESENTATION_CONTEXT(3)
GLOBAL_UNCERTAINTY_ASSIGNED_CONTEXT((#13378))
GLOBAL_UNIT_ASSIGNED_CONTEXT((#13381,#13383,#13384))
REPRESENTATION_CONTEXT('','3D')
);
#13381=(
LENGTH_UNIT()
NAMED_UNIT(*)
SI_UNIT(.MILLI.,.METRE.)
);
#13382=(
LENGTH_UNIT()
NAMED_UNIT(*)
SI_UNIT($,.METRE.)
);
#13383=(
NAMED_UNIT(*)
PLANE_ANGLE_UNIT()
SI_UNIT($,.RADIAN.)
);
#13384=(
NAMED_UNIT(*)
SI_UNIT($,.STERADIAN.)
SOLID_ANGLE_UNIT()
);
#13385=SHAPE_DEFINITION_REPRESENTATION(#13386,#13387);
#13386=PRODUCT_DEFINITION_SHAPE('',$,#13389);
#13387=SHAPE_REPRESENTATION('',(#6853),#13379);
#13388=PRODUCT_DEFINITION_CONTEXT('part definition',#13393,'design');
#13389=PRODUCT_DEFINITION('2026-09-17-14-44-05-879','bottoom',#13390,#13388);
#13390=PRODUCT_DEFINITION_FORMATION('',$,#13395);
#13391=PRODUCT_RELATED_PRODUCT_CATEGORY('bottoom','bottoom',(#13395));
#13392=APPLICATION_PROTOCOL_DEFINITION('international standard',
'automotive_design',2009,#13393);
#13393=APPLICATION_CONTEXT(
'Core Data for Automotive Mechanical Design Process');
#13394=PRODUCT_CONTEXT('part definition',#13393,'mechanical');
#13395=PRODUCT('2026-09-17-14-44-05-879','bottoom',$,(#13394));
#13396=PRESENTATION_STYLE_ASSIGNMENT((#13400));
#13397=PRESENTATION_STYLE_ASSIGNMENT((#13401));
#13398=PRESENTATION_STYLE_ASSIGNMENT((#13402));
#13399=PRESENTATION_STYLE_ASSIGNMENT((#13403));
#13400=SURFACE_STYLE_USAGE(.BOTH.,#13404);
#13401=SURFACE_STYLE_USAGE(.BOTH.,#13405);
#13402=SURFACE_STYLE_USAGE(.BOTH.,#13406);
#13403=SURFACE_STYLE_USAGE(.BOTH.,#13407);
#13404=SURFACE_SIDE_STYLE('',(#13408));
#13405=SURFACE_SIDE_STYLE('',(#13409));
#13406=SURFACE_SIDE_STYLE('',(#13410));
#13407=SURFACE_SIDE_STYLE('',(#13411));
#13408=SURFACE_STYLE_FILL_AREA(#13412);
#13409=SURFACE_STYLE_FILL_AREA(#13413);
#13410=SURFACE_STYLE_FILL_AREA(#13414);
#13411=SURFACE_STYLE_FILL_AREA(#13415);
#13412=FILL_AREA_STYLE('Plate',(#13416));
#13413=FILL_AREA_STYLE('Opaque(63,63,63)',(#13417));
#13414=FILL_AREA_STYLE('Opaque(40,40,40)',(#13418));
#13415=FILL_AREA_STYLE('Opaque(25,25,25)',(#13419));
#13416=FILL_AREA_STYLE_COLOUR('Plate',#13420);
#13417=FILL_AREA_STYLE_COLOUR('Opaque(63,63,63)',#13421);
#13418=FILL_AREA_STYLE_COLOUR('Opaque(40,40,40)',#13422);
#13419=FILL_AREA_STYLE_COLOUR('Opaque(25,25,25)',#13423);
#13420=COLOUR_RGB('Plate',0.6,0.6,0.6);
#13421=COLOUR_RGB('Opaque(63,63,63)',0.247058823529412,0.247058823529412,
0.247058823529412);
#13422=COLOUR_RGB('Opaque(40,40,40)',0.156862745098039,0.156862745098039,
0.156862745098039);
#13423=COLOUR_RGB('Opaque(25,25,25)',0.0980392156862745,0.0980392156862745,
0.0980392156862745);
ENDSEC;
END-ISO-10303-21;
