ISO-10303-21;
HEADER;
/* Generated by software containing ST-Developer
 * from STEP Tools, Inc. (www.steptools.com) 
 */

FILE_DESCRIPTION(
/* description */ (''),
/* implementation_level */ '2;1');

FILE_NAME(
/* name */ 'top.step',
/* time_stamp */ '2026-09-17T14:44:48-04:00',
/* author */ (''),
/* organization */ (''),
/* preprocessor_version */ 'ST-DEVELOPER v20.1',
/* originating_system */ 'Autodesk Translation Framework v15.8.0.0',
/* authorisation */ '');

FILE_SCHEMA (('AUTOMOTIVE_DESIGN { 1 0 10303 214 3 1 1 }'));
ENDSEC;

DATA;
#10=MECHANICAL_DESIGN_GEOMETRIC_PRESENTATION_REPRESENTATION('',(#38,#39,
#40,#41),#9695);
#11=SHAPE_REPRESENTATION_RELATIONSHIP('SRR','None',#9702,#12);
#12=ADVANCED_BREP_SHAPE_REPRESENTATION('',(#13),#9694);
#13=MANIFOLD_SOLID_BREP('Body1',#4879);
#14=CIRCLE('',#4969,5.);
#15=CIRCLE('',#4970,5.);
#16=CIRCLE('',#4973,5.);
#17=CIRCLE('',#4974,5.);
#18=CIRCLE('',#4975,5.);
#19=CIRCLE('',#4976,2.);
#20=CIRCLE('',#4977,2.);
#21=CIRCLE('',#4978,2.);
#22=CIRCLE('',#4979,2.);
#23=CIRCLE('',#4981,5.);
#24=CIRCLE('',#4984,5.);
#25=CIRCLE('',#4986,5.);
#26=CIRCLE('',#4987,2.);
#27=CIRCLE('',#4988,2.);
#28=CIRCLE('',#4989,2.);
#29=CIRCLE('',#4990,2.);
#30=CYLINDRICAL_SURFACE('',#4968,5.);
#31=CYLINDRICAL_SURFACE('',#4980,5.);
#32=CYLINDRICAL_SURFACE('',#4983,5.);
#33=CYLINDRICAL_SURFACE('',#4991,5.);
#34=CYLINDRICAL_SURFACE('',#4993,2.);
#35=CYLINDRICAL_SURFACE('',#4994,2.);
#36=CYLINDRICAL_SURFACE('',#4995,2.);
#37=CYLINDRICAL_SURFACE('',#4996,2.);
#38=STYLED_ITEM('',(#9712),#4847);
#39=STYLED_ITEM('',(#9712),#4848);
#40=STYLED_ITEM('',(#9712),#4851);
#41=STYLED_ITEM('',(#9711),#13);
#42=FACE_BOUND('',#872,.T.);
#43=FACE_BOUND('',#911,.T.);
#44=FACE_BOUND('',#1011,.T.);
#45=FACE_BOUND('',#1012,.T.);
#46=FACE_BOUND('',#1013,.T.);
#47=FACE_BOUND('',#1014,.T.);
#48=FACE_BOUND('',#1015,.T.);
#49=FACE_BOUND('',#1016,.T.);
#50=FACE_BOUND('',#1017,.T.);
#51=FACE_BOUND('',#1018,.T.);
#52=FACE_BOUND('',#1019,.T.);
#53=FACE_BOUND('',#1020,.T.);
#54=FACE_BOUND('',#1021,.T.);
#55=FACE_BOUND('',#1022,.T.);
#56=FACE_BOUND('',#1023,.T.);
#57=FACE_BOUND('',#1024,.T.);
#58=FACE_BOUND('',#1025,.T.);
#59=FACE_BOUND('',#1026,.T.);
#60=FACE_BOUND('',#1027,.T.);
#61=FACE_BOUND('',#1028,.T.);
#62=FACE_BOUND('',#1029,.T.);
#63=FACE_BOUND('',#1034,.T.);
#64=FACE_BOUND('',#1035,.T.);
#65=FACE_BOUND('',#1036,.T.);
#66=FACE_BOUND('',#1037,.T.);
#67=FACE_BOUND('',#1038,.T.);
#68=FACE_BOUND('',#1039,.T.);
#69=FACE_BOUND('',#1040,.T.);
#70=FACE_BOUND('',#1041,.T.);
#71=B_SPLINE_CURVE_WITH_KNOTS('',3,(#5696,#5697,#5698,#5699,#5700),
 .UNSPECIFIED.,.F.,.F.,(4,1,4),(0.,0.0616474594100185,0.143572181678608),
 .UNSPECIFIED.);
#72=B_SPLINE_CURVE_WITH_KNOTS('',3,(#5703,#5704,#5705,#5706,#5707),
 .UNSPECIFIED.,.F.,.F.,(4,1,4),(0.,0.0616474594100185,0.143572181678608),
 .UNSPECIFIED.);
#73=B_SPLINE_CURVE_WITH_KNOTS('',3,(#5719,#5720,#5721,#5722,#5723),
 .UNSPECIFIED.,.F.,.F.,(4,1,4),(0.,0.0531728060209404,0.104609000910916),
 .UNSPECIFIED.);
#74=B_SPLINE_CURVE_WITH_KNOTS('',3,(#5726,#5727,#5728,#5729,#5730),
 .UNSPECIFIED.,.F.,.F.,(4,1,4),(0.,0.0531728060209404,0.104609000910916),
 .UNSPECIFIED.);
#75=B_SPLINE_CURVE_WITH_KNOTS('',3,(#5742,#5743,#5744,#5745,#5746),
 .UNSPECIFIED.,.F.,.F.,(4,1,4),(0.,0.0540127942093655,0.108459337555897),
 .UNSPECIFIED.);
#76=B_SPLINE_CURVE_WITH_KNOTS('',3,(#5749,#5750,#5751,#5752,#5753),
 .UNSPECIFIED.,.F.,.F.,(4,1,4),(0.,0.0540127942093655,0.108459337555897),
 .UNSPECIFIED.);
#77=B_SPLINE_CURVE_WITH_KNOTS('',3,(#5765,#5766,#5767,#5768,#5769),
 .UNSPECIFIED.,.F.,.F.,(4,1,4),(0.,0.0467887299109304,0.0980743424289727),
 .UNSPECIFIED.);
#78=B_SPLINE_CURVE_WITH_KNOTS('',3,(#5772,#5773,#5774,#5775,#5776),
 .UNSPECIFIED.,.F.,.F.,(4,1,4),(0.,0.0467887299109304,0.0980743424289727),
 .UNSPECIFIED.);
#79=B_SPLINE_CURVE_WITH_KNOTS('',3,(#5788,#5789,#5790,#5791,#5792),
 .UNSPECIFIED.,.F.,.F.,(4,1,4),(0.,0.0468569541044588,0.0920336164594439),
 .UNSPECIFIED.);
#80=B_SPLINE_CURVE_WITH_KNOTS('',3,(#5795,#5796,#5797,#5798,#5799),
 .UNSPECIFIED.,.F.,.F.,(4,1,4),(0.,0.0468569541044588,0.0920336164594439),
 .UNSPECIFIED.);
#81=B_SPLINE_CURVE_WITH_KNOTS('',3,(#5811,#5812,#5813,#5814,#5815),
 .UNSPECIFIED.,.F.,.F.,(4,1,4),(0.,0.0805129816468679,0.129947610678856),
 .UNSPECIFIED.);
#82=B_SPLINE_CURVE_WITH_KNOTS('',3,(#5818,#5819,#5820,#5821,#5822),
 .UNSPECIFIED.,.F.,.F.,(4,1,4),(0.,0.0805129816468679,0.129947610678856),
 .UNSPECIFIED.);
#83=B_SPLINE_CURVE_WITH_KNOTS('',3,(#5852,#5853,#5854,#5855,#5856),
 .UNSPECIFIED.,.F.,.F.,(4,1,4),(0.,0.047063410543738,0.114961137852224),
 .UNSPECIFIED.);
#84=B_SPLINE_CURVE_WITH_KNOTS('',3,(#5859,#5860,#5861,#5862,#5863),
 .UNSPECIFIED.,.F.,.F.,(4,1,4),(0.,0.047063410543738,0.114961137852224),
 .UNSPECIFIED.);
#85=B_SPLINE_CURVE_WITH_KNOTS('',3,(#5875,#5876,#5877,#5878,#5879),
 .UNSPECIFIED.,.F.,.F.,(4,1,4),(0.,0.0472889533883987,0.0991902071923932),
 .UNSPECIFIED.);
#86=B_SPLINE_CURVE_WITH_KNOTS('',3,(#5882,#5883,#5884,#5885,#5886),
 .UNSPECIFIED.,.F.,.F.,(4,1,4),(0.,0.0472889533883987,0.0991902071923932),
 .UNSPECIFIED.);
#87=B_SPLINE_CURVE_WITH_KNOTS('',3,(#5898,#5899,#5900,#5901,#5902),
 .UNSPECIFIED.,.F.,.F.,(4,1,4),(0.,0.0557986858956689,0.103972234376317),
 .UNSPECIFIED.);
#88=B_SPLINE_CURVE_WITH_KNOTS('',3,(#5905,#5906,#5907,#5908,#5909),
 .UNSPECIFIED.,.F.,.F.,(4,1,4),(0.,0.0557986858956689,0.103972234376317),
 .UNSPECIFIED.);
#89=B_SPLINE_CURVE_WITH_KNOTS('',3,(#5921,#5922,#5923,#5924,#5925),
 .UNSPECIFIED.,.F.,.F.,(4,1,4),(0.,0.0622917334239976,0.122883708207004),
 .UNSPECIFIED.);
#90=B_SPLINE_CURVE_WITH_KNOTS('',3,(#5928,#5929,#5930,#5931,#5932),
 .UNSPECIFIED.,.F.,.F.,(4,1,4),(0.,0.0622917334239976,0.122883708207004),
 .UNSPECIFIED.);
#91=B_SPLINE_CURVE_WITH_KNOTS('',3,(#5944,#5945,#5946,#5947,#5948),
 .UNSPECIFIED.,.F.,.F.,(4,1,4),(0.,0.135765863826394,0.269453565848234),
 .UNSPECIFIED.);
#92=B_SPLINE_CURVE_WITH_KNOTS('',3,(#5951,#5952,#5953,#5954,#5955),
 .UNSPECIFIED.,.F.,.F.,(4,1,4),(0.,0.135765863826394,0.269453565848234),
 .UNSPECIFIED.);
#93=B_SPLINE_CURVE_WITH_KNOTS('',3,(#6011,#6012,#6013,#6014,#6015),
 .UNSPECIFIED.,.F.,.F.,(4,1,4),(0.,0.0658141131564377,0.15326644891409),
 .UNSPECIFIED.);
#94=B_SPLINE_CURVE_WITH_KNOTS('',3,(#6018,#6019,#6020,#6021,#6022),
 .UNSPECIFIED.,.F.,.F.,(4,1,4),(0.,0.0658141131564377,0.15326644891409),
 .UNSPECIFIED.);
#95=B_SPLINE_CURVE_WITH_KNOTS('',3,(#6034,#6035,#6036,#6037,#6038),
 .UNSPECIFIED.,.F.,.F.,(4,1,4),(0.,0.050678124930337,0.103623826511425),
 .UNSPECIFIED.);
#96=B_SPLINE_CURVE_WITH_KNOTS('',3,(#6041,#6042,#6043,#6044,#6045),
 .UNSPECIFIED.,.F.,.F.,(4,1,4),(0.,0.050678124930337,0.103623826511425),
 .UNSPECIFIED.);
#97=B_SPLINE_CURVE_WITH_KNOTS('',3,(#6057,#6058,#6059,#6060,#6061),
 .UNSPECIFIED.,.F.,.F.,(4,1,4),(0.,0.0503447567208328,0.100653364436968),
 .UNSPECIFIED.);
#98=B_SPLINE_CURVE_WITH_KNOTS('',3,(#6064,#6065,#6066,#6067,#6068),
 .UNSPECIFIED.,.F.,.F.,(4,1,4),(0.,0.0503447567208328,0.100653364436968),
 .UNSPECIFIED.);
#99=B_SPLINE_CURVE_WITH_KNOTS('',3,(#6080,#6081,#6082,#6083,#6084),
 .UNSPECIFIED.,.F.,.F.,(4,1,4),(0.,0.0500750911865405,0.109623616373598),
 .UNSPECIFIED.);
#100=B_SPLINE_CURVE_WITH_KNOTS('',3,(#6087,#6088,#6089,#6090,#6091),
 .UNSPECIFIED.,.F.,.F.,(4,1,4),(0.,0.0500750911865405,0.109623616373598),
 .UNSPECIFIED.);
#101=B_SPLINE_CURVE_WITH_KNOTS('',3,(#6103,#6104,#6105,#6106,#6107),
 .UNSPECIFIED.,.F.,.F.,(4,1,4),(0.,0.0720154182475938,0.127908254787479),
 .UNSPECIFIED.);
#102=B_SPLINE_CURVE_WITH_KNOTS('',3,(#6110,#6111,#6112,#6113,#6114),
 .UNSPECIFIED.,.F.,.F.,(4,1,4),(0.,0.0720154182475938,0.127908254787479),
 .UNSPECIFIED.);
#103=B_SPLINE_CURVE_WITH_KNOTS('',3,(#6144,#6145,#6146,#6147,#6148),
 .UNSPECIFIED.,.F.,.F.,(4,1,4),(0.,0.0761573988941579,0.173584515859632),
 .UNSPECIFIED.);
#104=B_SPLINE_CURVE_WITH_KNOTS('',3,(#6151,#6152,#6153,#6154,#6155),
 .UNSPECIFIED.,.F.,.F.,(4,1,4),(0.,0.0761573988941579,0.173584515859632),
 .UNSPECIFIED.);
#105=B_SPLINE_CURVE_WITH_KNOTS('',3,(#6167,#6168,#6169,#6170,#6171),
 .UNSPECIFIED.,.F.,.F.,(4,1,4),(0.,0.0710635089754117,0.139596720314336),
 .UNSPECIFIED.);
#106=B_SPLINE_CURVE_WITH_KNOTS('',3,(#6174,#6175,#6176,#6177,#6178),
 .UNSPECIFIED.,.F.,.F.,(4,1,4),(0.,0.0710635089754117,0.139596720314336),
 .UNSPECIFIED.);
#107=B_SPLINE_CURVE_WITH_KNOTS('',3,(#6190,#6191,#6192,#6193,#6194),
 .UNSPECIFIED.,.F.,.F.,(4,1,4),(0.,0.0371934501693757,0.0770649916456301),
 .UNSPECIFIED.);
#108=B_SPLINE_CURVE_WITH_KNOTS('',3,(#6197,#6198,#6199,#6200,#6201),
 .UNSPECIFIED.,.F.,.F.,(4,1,4),(0.,0.0371934501693757,0.0770649916456301),
 .UNSPECIFIED.);
#109=B_SPLINE_CURVE_WITH_KNOTS('',3,(#6213,#6214,#6215,#6216,#6217),
 .UNSPECIFIED.,.F.,.F.,(4,1,4),(0.,0.0337268186663602,0.0687876066792583),
 .UNSPECIFIED.);
#110=B_SPLINE_CURVE_WITH_KNOTS('',3,(#6220,#6221,#6222,#6223,#6224),
 .UNSPECIFIED.,.F.,.F.,(4,1,4),(0.,0.0337268186663602,0.0687876066792583),
 .UNSPECIFIED.);
#111=B_SPLINE_CURVE_WITH_KNOTS('',3,(#6236,#6237,#6238,#6239,#6240),
 .UNSPECIFIED.,.F.,.F.,(4,1,4),(0.,0.0634229425864946,0.107069464206029),
 .UNSPECIFIED.);
#112=B_SPLINE_CURVE_WITH_KNOTS('',3,(#6243,#6244,#6245,#6246,#6247),
 .UNSPECIFIED.,.F.,.F.,(4,1,4),(0.,0.0634229425864946,0.107069464206029),
 .UNSPECIFIED.);
#113=B_SPLINE_CURVE_WITH_KNOTS('',3,(#6277,#6278,#6279,#6280,#6281),
 .UNSPECIFIED.,.F.,.F.,(4,1,4),(0.,0.0873894597311665,0.196389576010538),
 .UNSPECIFIED.);
#114=B_SPLINE_CURVE_WITH_KNOTS('',3,(#6284,#6285,#6286,#6287,#6288),
 .UNSPECIFIED.,.F.,.F.,(4,1,4),(0.,0.0873894597311665,0.196389576010538),
 .UNSPECIFIED.);
#115=B_SPLINE_CURVE_WITH_KNOTS('',3,(#6300,#6301,#6302,#6303,#6304),
 .UNSPECIFIED.,.F.,.F.,(4,1,4),(0.,0.0964881412458897,0.179940102349091),
 .UNSPECIFIED.);
#116=B_SPLINE_CURVE_WITH_KNOTS('',3,(#6307,#6308,#6309,#6310,#6311),
 .UNSPECIFIED.,.F.,.F.,(4,1,4),(0.,0.0964881412458897,0.179940102349091),
 .UNSPECIFIED.);
#117=B_SPLINE_CURVE_WITH_KNOTS('',3,(#6323,#6324,#6325,#6326,#6327),
 .UNSPECIFIED.,.F.,.F.,(4,1,4),(0.,0.137250852612033,0.266046990876251),
 .UNSPECIFIED.);
#118=B_SPLINE_CURVE_WITH_KNOTS('',3,(#6330,#6331,#6332,#6333,#6334),
 .UNSPECIFIED.,.F.,.F.,(4,1,4),(0.,0.137250852612033,0.266046990876251),
 .UNSPECIFIED.);
#119=B_SPLINE_CURVE_WITH_KNOTS('',3,(#6346,#6347,#6348,#6349,#6350),
 .UNSPECIFIED.,.F.,.F.,(4,1,4),(0.,0.0594496752928284,0.120069298641807),
 .UNSPECIFIED.);
#120=B_SPLINE_CURVE_WITH_KNOTS('',3,(#6353,#6354,#6355,#6356,#6357),
 .UNSPECIFIED.,.F.,.F.,(4,1,4),(0.,0.0594496752928284,0.120069298641807),
 .UNSPECIFIED.);
#121=B_SPLINE_CURVE_WITH_KNOTS('',3,(#6369,#6370,#6371,#6372,#6373),
 .UNSPECIFIED.,.F.,.F.,(4,1,4),(0.,0.0737182544958806,0.13759178715124),
 .UNSPECIFIED.);
#122=B_SPLINE_CURVE_WITH_KNOTS('',3,(#6376,#6377,#6378,#6379,#6380),
 .UNSPECIFIED.,.F.,.F.,(4,1,4),(0.,0.0737182544958806,0.13759178715124),
 .UNSPECIFIED.);
#123=B_SPLINE_CURVE_WITH_KNOTS('',3,(#6392,#6393,#6394,#6395,#6396),
 .UNSPECIFIED.,.F.,.F.,(4,1,4),(0.,0.0652339794067975,0.134095280162404),
 .UNSPECIFIED.);
#124=B_SPLINE_CURVE_WITH_KNOTS('',3,(#6399,#6400,#6401,#6402,#6403),
 .UNSPECIFIED.,.F.,.F.,(4,1,4),(0.,0.0652339794067975,0.134095280162404),
 .UNSPECIFIED.);
#125=B_SPLINE_CURVE_WITH_KNOTS('',3,(#6415,#6416,#6417,#6418,#6419),
 .UNSPECIFIED.,.F.,.F.,(4,1,4),(0.,0.0623156734448195,0.125670443526635),
 .UNSPECIFIED.);
#126=B_SPLINE_CURVE_WITH_KNOTS('',3,(#6422,#6423,#6424,#6425,#6426),
 .UNSPECIFIED.,.F.,.F.,(4,1,4),(0.,0.0623156734448195,0.125670443526635),
 .UNSPECIFIED.);
#127=B_SPLINE_CURVE_WITH_KNOTS('',3,(#6461,#6462,#6463,#6464,#6465),
 .UNSPECIFIED.,.F.,.F.,(4,1,4),(0.,0.0535952434859167,0.125048965860465),
 .UNSPECIFIED.);
#128=B_SPLINE_CURVE_WITH_KNOTS('',3,(#6469,#6470,#6471,#6472,#6473),
 .UNSPECIFIED.,.F.,.F.,(4,1,4),(0.,0.0535952434859167,0.125048965860465),
 .UNSPECIFIED.);
#129=B_SPLINE_CURVE_WITH_KNOTS('',3,(#6486,#6487,#6488,#6489,#6490),
 .UNSPECIFIED.,.F.,.F.,(4,1,4),(0.,0.060388730100518,0.11892649096266),
 .UNSPECIFIED.);
#130=B_SPLINE_CURVE_WITH_KNOTS('',3,(#6493,#6494,#6495,#6496,#6497),
 .UNSPECIFIED.,.F.,.F.,(4,1,4),(0.,0.060388730100518,0.11892649096266),
 .UNSPECIFIED.);
#131=B_SPLINE_CURVE_WITH_KNOTS('',3,(#6509,#6510,#6511,#6512,#6513),
 .UNSPECIFIED.,.F.,.F.,(4,1,4),(0.,0.0674668941129955,0.131055214165066),
 .UNSPECIFIED.);
#132=B_SPLINE_CURVE_WITH_KNOTS('',3,(#6516,#6517,#6518,#6519,#6520),
 .UNSPECIFIED.,.F.,.F.,(4,1,4),(0.,0.0674668941129955,0.131055214165066),
 .UNSPECIFIED.);
#133=B_SPLINE_CURVE_WITH_KNOTS('',3,(#6532,#6533,#6534,#6535,#6536),
 .UNSPECIFIED.,.F.,.F.,(4,1,4),(0.,0.0519572702126881,0.11549835984805),
 .UNSPECIFIED.);
#134=B_SPLINE_CURVE_WITH_KNOTS('',3,(#6539,#6540,#6541,#6542,#6543),
 .UNSPECIFIED.,.F.,.F.,(4,1,4),(0.,0.0519572702126881,0.11549835984805),
 .UNSPECIFIED.);
#135=B_SPLINE_CURVE_WITH_KNOTS('',3,(#6555,#6556,#6557,#6558,#6559),
 .UNSPECIFIED.,.F.,.F.,(4,1,4),(0.,0.0459696664412685,0.0921673436428854),
 .UNSPECIFIED.);
#136=B_SPLINE_CURVE_WITH_KNOTS('',3,(#6562,#6563,#6564,#6565,#6566),
 .UNSPECIFIED.,.F.,.F.,(4,1,4),(0.,0.0459696664412685,0.0921673436428854),
 .UNSPECIFIED.);
#137=B_SPLINE_CURVE_WITH_KNOTS('',3,(#6578,#6579,#6580,#6581,#6582),
 .UNSPECIFIED.,.F.,.F.,(4,1,4),(0.,0.0305207653600167,0.0614267683837451),
 .UNSPECIFIED.);
#138=B_SPLINE_CURVE_WITH_KNOTS('',3,(#6585,#6586,#6587,#6588,#6589),
 .UNSPECIFIED.,.F.,.F.,(4,1,4),(0.,0.0305207653600167,0.0614267683837451),
 .UNSPECIFIED.);
#139=B_SPLINE_CURVE_WITH_KNOTS('',3,(#6601,#6602,#6603,#6604,#6605),
 .UNSPECIFIED.,.F.,.F.,(4,1,4),(0.,0.0324778767919981,0.06345698259169),
 .UNSPECIFIED.);
#140=B_SPLINE_CURVE_WITH_KNOTS('',3,(#6608,#6609,#6610,#6611,#6612),
 .UNSPECIFIED.,.F.,.F.,(4,1,4),(0.,0.0324778767919981,0.06345698259169),
 .UNSPECIFIED.);
#141=B_SPLINE_CURVE_WITH_KNOTS('',3,(#6624,#6625,#6626,#6627,#6628),
 .UNSPECIFIED.,.F.,.F.,(4,1,4),(0.,0.0656635091279196,0.110060180413512),
 .UNSPECIFIED.);
#142=B_SPLINE_CURVE_WITH_KNOTS('',3,(#6631,#6632,#6633,#6634,#6635),
 .UNSPECIFIED.,.F.,.F.,(4,1,4),(0.,0.0656635091279196,0.110060180413512),
 .UNSPECIFIED.);
#143=B_SPLINE_CURVE_WITH_KNOTS('',3,(#6647,#6648,#6649,#6650,#6651),
 .UNSPECIFIED.,.F.,.F.,(4,1,4),(0.,0.0872893402744841,0.206169971772977),
 .UNSPECIFIED.);
#144=B_SPLINE_CURVE_WITH_KNOTS('',3,(#6654,#6655,#6656,#6657,#6658),
 .UNSPECIFIED.,.F.,.F.,(4,1,4),(0.,0.0872893402744841,0.206169971772977),
 .UNSPECIFIED.);
#145=B_SPLINE_CURVE_WITH_KNOTS('',3,(#6682,#6683,#6684,#6685,#6686),
 .UNSPECIFIED.,.F.,.F.,(4,1,4),(0.,0.0459337919408564,0.0926769863523506),
 .UNSPECIFIED.);
#146=B_SPLINE_CURVE_WITH_KNOTS('',3,(#6689,#6690,#6691,#6692,#6693),
 .UNSPECIFIED.,.F.,.F.,(4,1,4),(0.,0.0459337919408564,0.0926769863523506),
 .UNSPECIFIED.);
#147=B_SPLINE_CURVE_WITH_KNOTS('',3,(#6705,#6706,#6707,#6708,#6709),
 .UNSPECIFIED.,.F.,.F.,(4,1,4),(0.,0.13976477813332,0.216814418071158),
 .UNSPECIFIED.);
#148=B_SPLINE_CURVE_WITH_KNOTS('',3,(#6712,#6713,#6714,#6715,#6716),
 .UNSPECIFIED.,.F.,.F.,(4,1,4),(0.,0.13976477813332,0.216814418071158),
 .UNSPECIFIED.);
#149=B_SPLINE_CURVE_WITH_KNOTS('',3,(#6734,#6735,#6736,#6737,#6738),
 .UNSPECIFIED.,.F.,.F.,(4,1,4),(0.,0.0442375550016761,0.11349053739834),
 .UNSPECIFIED.);
#150=B_SPLINE_CURVE_WITH_KNOTS('',3,(#6741,#6742,#6743,#6744,#6745),
 .UNSPECIFIED.,.F.,.F.,(4,1,4),(0.,0.0442375550016761,0.11349053739834),
 .UNSPECIFIED.);
#151=B_SPLINE_CURVE_WITH_KNOTS('',3,(#6757,#6758,#6759,#6760,#6761),
 .UNSPECIFIED.,.F.,.F.,(4,1,4),(0.,0.0440343681219237,0.0925430135369383),
 .UNSPECIFIED.);
#152=B_SPLINE_CURVE_WITH_KNOTS('',3,(#6764,#6765,#6766,#6767,#6768),
 .UNSPECIFIED.,.F.,.F.,(4,1,4),(0.,0.0440343681219237,0.0925430135369383),
 .UNSPECIFIED.);
#153=B_SPLINE_CURVE_WITH_KNOTS('',3,(#6780,#6781,#6782,#6783,#6784),
 .UNSPECIFIED.,.F.,.F.,(4,1,4),(0.,0.0560182437459065,0.10226064520539),
 .UNSPECIFIED.);
#154=B_SPLINE_CURVE_WITH_KNOTS('',3,(#6787,#6788,#6789,#6790,#6791),
 .UNSPECIFIED.,.F.,.F.,(4,1,4),(0.,0.0560182437459065,0.10226064520539),
 .UNSPECIFIED.);
#155=B_SPLINE_CURVE_WITH_KNOTS('',3,(#6803,#6804,#6805,#6806,#6807),
 .UNSPECIFIED.,.F.,.F.,(4,1,4),(0.,0.0842490288690106,0.152907428967792),
 .UNSPECIFIED.);
#156=B_SPLINE_CURVE_WITH_KNOTS('',3,(#6810,#6811,#6812,#6813,#6814),
 .UNSPECIFIED.,.F.,.F.,(4,1,4),(0.,0.0842490288690106,0.152907428967792),
 .UNSPECIFIED.);
#157=B_SPLINE_CURVE_WITH_KNOTS('',3,(#6826,#6827,#6828,#6829,#6830),
 .UNSPECIFIED.,.F.,.F.,(4,1,4),(0.,0.0789359340475667,0.166992322538563),
 .UNSPECIFIED.);
#158=B_SPLINE_CURVE_WITH_KNOTS('',3,(#6833,#6834,#6835,#6836,#6837),
 .UNSPECIFIED.,.F.,.F.,(4,1,4),(0.,0.0789359340475667,0.166992322538563),
 .UNSPECIFIED.);
#159=B_SPLINE_CURVE_WITH_KNOTS('',3,(#6849,#6850,#6851,#6852,#6853),
 .UNSPECIFIED.,.F.,.F.,(4,1,4),(0.,0.0621627047527299,0.132021198223577),
 .UNSPECIFIED.);
#160=B_SPLINE_CURVE_WITH_KNOTS('',3,(#6856,#6857,#6858,#6859,#6860),
 .UNSPECIFIED.,.F.,.F.,(4,1,4),(0.,0.0621627047527299,0.132021198223577),
 .UNSPECIFIED.);
#161=B_SPLINE_CURVE_WITH_KNOTS('',3,(#6872,#6873,#6874,#6875,#6876),
 .UNSPECIFIED.,.F.,.F.,(4,1,4),(0.,0.0729513315392723,0.136549258785903),
 .UNSPECIFIED.);
#162=B_SPLINE_CURVE_WITH_KNOTS('',3,(#6879,#6880,#6881,#6882,#6883),
 .UNSPECIFIED.,.F.,.F.,(4,1,4),(0.,0.0729513315392723,0.136549258785903),
 .UNSPECIFIED.);
#163=B_SPLINE_CURVE_WITH_KNOTS('',3,(#6901,#6902,#6903,#6904,#6905),
 .UNSPECIFIED.,.F.,.F.,(4,1,4),(0.,0.0552777609363704,0.125347221408826),
 .UNSPECIFIED.);
#164=B_SPLINE_CURVE_WITH_KNOTS('',3,(#6908,#6909,#6910,#6911,#6912),
 .UNSPECIFIED.,.F.,.F.,(4,1,4),(0.,0.0552777609363704,0.125347221408826),
 .UNSPECIFIED.);
#165=B_SPLINE_CURVE_WITH_KNOTS('',3,(#6924,#6925,#6926,#6927,#6928),
 .UNSPECIFIED.,.F.,.F.,(4,1,4),(0.,0.0756714405455108,0.132995053399655),
 .UNSPECIFIED.);
#166=B_SPLINE_CURVE_WITH_KNOTS('',3,(#6931,#6932,#6933,#6934,#6935),
 .UNSPECIFIED.,.F.,.F.,(4,1,4),(0.,0.0756714405455108,0.132995053399655),
 .UNSPECIFIED.);
#167=B_SPLINE_CURVE_WITH_KNOTS('',3,(#6947,#6948,#6949,#6950,#6951),
 .UNSPECIFIED.,.F.,.F.,(4,1,4),(0.,0.0662969989416452,0.148303098151727),
 .UNSPECIFIED.);
#168=B_SPLINE_CURVE_WITH_KNOTS('',3,(#6954,#6955,#6956,#6957,#6958),
 .UNSPECIFIED.,.F.,.F.,(4,1,4),(0.,0.0662969989416452,0.148303098151727),
 .UNSPECIFIED.);
#169=B_SPLINE_CURVE_WITH_KNOTS('',3,(#6970,#6971,#6972,#6973,#6974),
 .UNSPECIFIED.,.F.,.F.,(4,1,4),(0.,0.0645381480341668,0.11379637741595),
 .UNSPECIFIED.);
#170=B_SPLINE_CURVE_WITH_KNOTS('',3,(#6977,#6978,#6979,#6980,#6981),
 .UNSPECIFIED.,.F.,.F.,(4,1,4),(0.,0.0645381480341668,0.11379637741595),
 .UNSPECIFIED.);
#171=B_SPLINE_CURVE_WITH_KNOTS('',3,(#6993,#6994,#6995,#6996,#6997),
 .UNSPECIFIED.,.F.,.F.,(4,1,4),(0.,0.0206406837230955,0.032067632860876),
 .UNSPECIFIED.);
#172=B_SPLINE_CURVE_WITH_KNOTS('',3,(#7000,#7001,#7002,#7003,#7004),
 .UNSPECIFIED.,.F.,.F.,(4,1,4),(0.,0.0206406837230955,0.032067632860876),
 .UNSPECIFIED.);
#173=B_SPLINE_CURVE_WITH_KNOTS('',3,(#7016,#7017,#7018,#7019,#7020),
 .UNSPECIFIED.,.F.,.F.,(4,1,4),(0.,0.130548550111125,0.223278709190691),
 .UNSPECIFIED.);
#174=B_SPLINE_CURVE_WITH_KNOTS('',3,(#7023,#7024,#7025,#7026,#7027),
 .UNSPECIFIED.,.F.,.F.,(4,1,4),(0.,0.130548550111125,0.223278709190691),
 .UNSPECIFIED.);
#175=B_SPLINE_CURVE_WITH_KNOTS('',3,(#7039,#7040,#7041,#7042,#7043),
 .UNSPECIFIED.,.F.,.F.,(4,1,4),(0.,0.0463210325416278,0.110737136295269),
 .UNSPECIFIED.);
#176=B_SPLINE_CURVE_WITH_KNOTS('',3,(#7046,#7047,#7048,#7049,#7050),
 .UNSPECIFIED.,.F.,.F.,(4,1,4),(0.,0.0463210325416278,0.110737136295269),
 .UNSPECIFIED.);
#177=B_SPLINE_CURVE_WITH_KNOTS('',3,(#7062,#7063,#7064,#7065,#7066),
 .UNSPECIFIED.,.F.,.F.,(4,1,4),(0.,0.0477944221479212,0.0973965685863139),
 .UNSPECIFIED.);
#178=B_SPLINE_CURVE_WITH_KNOTS('',3,(#7069,#7070,#7071,#7072,#7073),
 .UNSPECIFIED.,.F.,.F.,(4,1,4),(0.,0.0477944221479212,0.0973965685863139),
 .UNSPECIFIED.);
#179=B_SPLINE_CURVE_WITH_KNOTS('',3,(#7085,#7086,#7087,#7088,#7089),
 .UNSPECIFIED.,.F.,.F.,(4,1,4),(0.,0.0485199974865777,0.0955961869783367),
 .UNSPECIFIED.);
#180=B_SPLINE_CURVE_WITH_KNOTS('',3,(#7092,#7093,#7094,#7095,#7096),
 .UNSPECIFIED.,.F.,.F.,(4,1,4),(0.,0.0485199974865777,0.0955961869783367),
 .UNSPECIFIED.);
#181=B_SPLINE_CURVE_WITH_KNOTS('',3,(#7108,#7109,#7110,#7111,#7112),
 .UNSPECIFIED.,.F.,.F.,(4,1,4),(0.,0.051262497794772,0.100996689179491),
 .UNSPECIFIED.);
#182=B_SPLINE_CURVE_WITH_KNOTS('',3,(#7115,#7116,#7117,#7118,#7119),
 .UNSPECIFIED.,.F.,.F.,(4,1,4),(0.,0.051262497794772,0.100996689179491),
 .UNSPECIFIED.);
#183=B_SPLINE_CURVE_WITH_KNOTS('',3,(#7131,#7132,#7133,#7134,#7135),
 .UNSPECIFIED.,.F.,.F.,(4,1,4),(0.,0.082003403144296,0.166166844072944),
 .UNSPECIFIED.);
#184=B_SPLINE_CURVE_WITH_KNOTS('',3,(#7138,#7139,#7140,#7141,#7142),
 .UNSPECIFIED.,.F.,.F.,(4,1,4),(0.,0.082003403144296,0.166166844072944),
 .UNSPECIFIED.);
#185=B_SPLINE_CURVE_WITH_KNOTS('',3,(#7154,#7155,#7156,#7157,#7158),
 .UNSPECIFIED.,.F.,.F.,(4,1,4),(0.,0.106561327298955,0.195930937295539),
 .UNSPECIFIED.);
#186=B_SPLINE_CURVE_WITH_KNOTS('',3,(#7161,#7162,#7163,#7164,#7165),
 .UNSPECIFIED.,.F.,.F.,(4,1,4),(0.,0.106561327298955,0.195930937295539),
 .UNSPECIFIED.);
#187=B_SPLINE_CURVE_WITH_KNOTS('',3,(#7177,#7178,#7179,#7180,#7181),
 .UNSPECIFIED.,.F.,.F.,(4,1,4),(0.,0.0678061537873633,0.138063408227157),
 .UNSPECIFIED.);
#188=B_SPLINE_CURVE_WITH_KNOTS('',3,(#7184,#7185,#7186,#7187,#7188),
 .UNSPECIFIED.,.F.,.F.,(4,1,4),(0.,0.0678061537873633,0.138063408227157),
 .UNSPECIFIED.);
#189=B_SPLINE_CURVE_WITH_KNOTS('',3,(#7200,#7201,#7202,#7203,#7204),
 .UNSPECIFIED.,.F.,.F.,(4,1,4),(0.,0.0832220271686329,0.155292020169765),
 .UNSPECIFIED.);
#190=B_SPLINE_CURVE_WITH_KNOTS('',3,(#7207,#7208,#7209,#7210,#7211),
 .UNSPECIFIED.,.F.,.F.,(4,1,4),(0.,0.0832220271686329,0.155292020169765),
 .UNSPECIFIED.);
#191=B_SPLINE_CURVE_WITH_KNOTS('',3,(#7222,#7223,#7224,#7225,#7226),
 .UNSPECIFIED.,.F.,.F.,(4,1,4),(0.,0.044309780162978,0.0930428945163197),
 .UNSPECIFIED.);
#192=B_SPLINE_CURVE_WITH_KNOTS('',3,(#7227,#7228,#7229,#7230,#7231),
 .UNSPECIFIED.,.F.,.F.,(4,1,4),(0.,0.044309780162978,0.0930428945163197),
 .UNSPECIFIED.);
#193=B_SPLINE_CURVE_WITH_KNOTS('',3,(#7245,#7246,#7247,#7248,#7249),
 .UNSPECIFIED.,.F.,.F.,(4,1,4),(0.,0.0535949794877892,0.125048734865594),
 .UNSPECIFIED.);
#194=B_SPLINE_CURVE_WITH_KNOTS('',3,(#7253,#7254,#7255,#7256,#7257),
 .UNSPECIFIED.,.F.,.F.,(4,1,4),(0.,0.0535949794877892,0.125048734865594),
 .UNSPECIFIED.);
#195=B_SPLINE_CURVE_WITH_KNOTS('',3,(#7270,#7271,#7272,#7273,#7274),
 .UNSPECIFIED.,.F.,.F.,(4,1,4),(0.,0.0603891084779438,0.118926869340086),
 .UNSPECIFIED.);
#196=B_SPLINE_CURVE_WITH_KNOTS('',3,(#7277,#7278,#7279,#7280,#7281),
 .UNSPECIFIED.,.F.,.F.,(4,1,4),(0.,0.0603891084779438,0.118926869340086),
 .UNSPECIFIED.);
#197=B_SPLINE_CURVE_WITH_KNOTS('',3,(#7293,#7294,#7295,#7296,#7297),
 .UNSPECIFIED.,.F.,.F.,(4,1,4),(0.,0.067466657276425,0.131054977328496),
 .UNSPECIFIED.);
#198=B_SPLINE_CURVE_WITH_KNOTS('',3,(#7300,#7301,#7302,#7303,#7304),
 .UNSPECIFIED.,.F.,.F.,(4,1,4),(0.,0.067466657276425,0.131054977328496),
 .UNSPECIFIED.);
#199=B_SPLINE_CURVE_WITH_KNOTS('',3,(#7316,#7317,#7318,#7319,#7320),
 .UNSPECIFIED.,.F.,.F.,(4,1,4),(0.,0.0519572702126881,0.11549835984805),
 .UNSPECIFIED.);
#200=B_SPLINE_CURVE_WITH_KNOTS('',3,(#7323,#7324,#7325,#7326,#7327),
 .UNSPECIFIED.,.F.,.F.,(4,1,4),(0.,0.0519572702126881,0.11549835984805),
 .UNSPECIFIED.);
#201=B_SPLINE_CURVE_WITH_KNOTS('',3,(#7339,#7340,#7341,#7342,#7343),
 .UNSPECIFIED.,.F.,.F.,(4,1,4),(0.,0.0459696664412685,0.0921673436428854),
 .UNSPECIFIED.);
#202=B_SPLINE_CURVE_WITH_KNOTS('',3,(#7346,#7347,#7348,#7349,#7350),
 .UNSPECIFIED.,.F.,.F.,(4,1,4),(0.,0.0459696664412685,0.0921673436428854),
 .UNSPECIFIED.);
#203=B_SPLINE_CURVE_WITH_KNOTS('',3,(#7362,#7363,#7364,#7365,#7366),
 .UNSPECIFIED.,.F.,.F.,(4,1,4),(0.,0.0305205655370338,0.0614266014490348),
 .UNSPECIFIED.);
#204=B_SPLINE_CURVE_WITH_KNOTS('',3,(#7369,#7370,#7371,#7372,#7373),
 .UNSPECIFIED.,.F.,.F.,(4,1,4),(0.,0.0305205655370338,0.0614266014490348),
 .UNSPECIFIED.);
#205=B_SPLINE_CURVE_WITH_KNOTS('',3,(#7385,#7386,#7387,#7388,#7389),
 .UNSPECIFIED.,.F.,.F.,(4,1,4),(0.,0.0324778767919981,0.063457300199447),
 .UNSPECIFIED.);
#206=B_SPLINE_CURVE_WITH_KNOTS('',3,(#7392,#7393,#7394,#7395,#7396),
 .UNSPECIFIED.,.F.,.F.,(4,1,4),(0.,0.0324778767919981,0.063457300199447),
 .UNSPECIFIED.);
#207=B_SPLINE_CURVE_WITH_KNOTS('',3,(#7408,#7409,#7410,#7411,#7412),
 .UNSPECIFIED.,.F.,.F.,(4,1,4),(0.,0.0656635091279196,0.110059724346809),
 .UNSPECIFIED.);
#208=B_SPLINE_CURVE_WITH_KNOTS('',3,(#7415,#7416,#7417,#7418,#7419),
 .UNSPECIFIED.,.F.,.F.,(4,1,4),(0.,0.0656635091279196,0.110059724346809),
 .UNSPECIFIED.);
#209=B_SPLINE_CURVE_WITH_KNOTS('',3,(#7431,#7432,#7433,#7434,#7435),
 .UNSPECIFIED.,.F.,.F.,(4,1,4),(0.,0.087288883804619,0.206169984536186),
 .UNSPECIFIED.);
#210=B_SPLINE_CURVE_WITH_KNOTS('',3,(#7438,#7439,#7440,#7441,#7442),
 .UNSPECIFIED.,.F.,.F.,(4,1,4),(0.,0.087288883804619,0.206169984536186),
 .UNSPECIFIED.);
#211=B_SPLINE_CURVE_WITH_KNOTS('',3,(#7466,#7467,#7468,#7469,#7470),
 .UNSPECIFIED.,.F.,.F.,(4,1,4),(0.,0.0459336706773219,0.0926772599820616),
 .UNSPECIFIED.);
#212=B_SPLINE_CURVE_WITH_KNOTS('',3,(#7473,#7474,#7475,#7476,#7477),
 .UNSPECIFIED.,.F.,.F.,(4,1,4),(0.,0.0459336706773219,0.0926772599820616),
 .UNSPECIFIED.);
#213=B_SPLINE_CURVE_WITH_KNOTS('',3,(#7489,#7490,#7491,#7492,#7493),
 .UNSPECIFIED.,.F.,.F.,(4,1,4),(0.,0.13976477813332,0.216814381660206),
 .UNSPECIFIED.);
#214=B_SPLINE_CURVE_WITH_KNOTS('',3,(#7496,#7497,#7498,#7499,#7500),
 .UNSPECIFIED.,.F.,.F.,(4,1,4),(0.,0.13976477813332,0.216814381660206),
 .UNSPECIFIED.);
#215=B_SPLINE_CURVE_WITH_KNOTS('',3,(#7518,#7519,#7520,#7521,#7522),
 .UNSPECIFIED.,.F.,.F.,(4,1,4),(0.,0.0442376046344522,0.113490587031116),
 .UNSPECIFIED.);
#216=B_SPLINE_CURVE_WITH_KNOTS('',3,(#7525,#7526,#7527,#7528,#7529),
 .UNSPECIFIED.,.F.,.F.,(4,1,4),(0.,0.0442376046344522,0.113490587031116),
 .UNSPECIFIED.);
#217=B_SPLINE_CURVE_WITH_KNOTS('',3,(#7541,#7542,#7543,#7544,#7545),
 .UNSPECIFIED.,.F.,.F.,(4,1,4),(0.,0.0440343681219237,0.0925428660209348),
 .UNSPECIFIED.);
#218=B_SPLINE_CURVE_WITH_KNOTS('',3,(#7548,#7549,#7550,#7551,#7552),
 .UNSPECIFIED.,.F.,.F.,(4,1,4),(0.,0.0440343681219237,0.0925428660209348),
 .UNSPECIFIED.);
#219=B_SPLINE_CURVE_WITH_KNOTS('',3,(#7564,#7565,#7566,#7567,#7568),
 .UNSPECIFIED.,.F.,.F.,(4,1,4),(0.,0.0560182437459065,0.10226064520539),
 .UNSPECIFIED.);
#220=B_SPLINE_CURVE_WITH_KNOTS('',3,(#7571,#7572,#7573,#7574,#7575),
 .UNSPECIFIED.,.F.,.F.,(4,1,4),(0.,0.0560182437459065,0.10226064520539),
 .UNSPECIFIED.);
#221=B_SPLINE_CURVE_WITH_KNOTS('',3,(#7587,#7588,#7589,#7590,#7591),
 .UNSPECIFIED.,.F.,.F.,(4,1,4),(0.,0.0842490288690106,0.152907428967792),
 .UNSPECIFIED.);
#222=B_SPLINE_CURVE_WITH_KNOTS('',3,(#7594,#7595,#7596,#7597,#7598),
 .UNSPECIFIED.,.F.,.F.,(4,1,4),(0.,0.0842490288690106,0.152907428967792),
 .UNSPECIFIED.);
#223=B_SPLINE_CURVE_WITH_KNOTS('',3,(#7610,#7611,#7612,#7613,#7614),
 .UNSPECIFIED.,.F.,.F.,(4,1,4),(0.,0.0789354715082124,0.166992335577243),
 .UNSPECIFIED.);
#224=B_SPLINE_CURVE_WITH_KNOTS('',3,(#7617,#7618,#7619,#7620,#7621),
 .UNSPECIFIED.,.F.,.F.,(4,1,4),(0.,0.0789354715082124,0.166992335577243),
 .UNSPECIFIED.);
#225=B_SPLINE_CURVE_WITH_KNOTS('',3,(#7633,#7634,#7635,#7636,#7637),
 .UNSPECIFIED.,.F.,.F.,(4,1,4),(0.,0.0621628806937703,0.132021374164618),
 .UNSPECIFIED.);
#226=B_SPLINE_CURVE_WITH_KNOTS('',3,(#7640,#7641,#7642,#7643,#7644),
 .UNSPECIFIED.,.F.,.F.,(4,1,4),(0.,0.0621628806937703,0.132021374164618),
 .UNSPECIFIED.);
#227=B_SPLINE_CURVE_WITH_KNOTS('',3,(#7656,#7657,#7658,#7659,#7660),
 .UNSPECIFIED.,.F.,.F.,(4,1,4),(0.,0.0729512607582008,0.136549429659342),
 .UNSPECIFIED.);
#228=B_SPLINE_CURVE_WITH_KNOTS('',3,(#7663,#7664,#7665,#7666,#7667),
 .UNSPECIFIED.,.F.,.F.,(4,1,4),(0.,0.0729512607582008,0.136549429659342),
 .UNSPECIFIED.);
#229=B_SPLINE_CURVE_WITH_KNOTS('',3,(#7685,#7686,#7687,#7688,#7689),
 .UNSPECIFIED.,.F.,.F.,(4,1,4),(0.,0.0552779157641341,0.125347290649906),
 .UNSPECIFIED.);
#230=B_SPLINE_CURVE_WITH_KNOTS('',3,(#7692,#7693,#7694,#7695,#7696),
 .UNSPECIFIED.,.F.,.F.,(4,1,4),(0.,0.0552779157641341,0.125347290649906),
 .UNSPECIFIED.);
#231=B_SPLINE_CURVE_WITH_KNOTS('',3,(#7708,#7709,#7710,#7711,#7712),
 .UNSPECIFIED.,.F.,.F.,(4,1,4),(0.,0.0756712033288544,0.132995253802452),
 .UNSPECIFIED.);
#232=B_SPLINE_CURVE_WITH_KNOTS('',3,(#7715,#7716,#7717,#7718,#7719),
 .UNSPECIFIED.,.F.,.F.,(4,1,4),(0.,0.0756712033288544,0.132995253802452),
 .UNSPECIFIED.);
#233=B_SPLINE_CURVE_WITH_KNOTS('',3,(#7731,#7732,#7733,#7734,#7735),
 .UNSPECIFIED.,.F.,.F.,(4,1,4),(0.,0.0662969989416452,0.148303098151727),
 .UNSPECIFIED.);
#234=B_SPLINE_CURVE_WITH_KNOTS('',3,(#7738,#7739,#7740,#7741,#7742),
 .UNSPECIFIED.,.F.,.F.,(4,1,4),(0.,0.0662969989416452,0.148303098151727),
 .UNSPECIFIED.);
#235=B_SPLINE_CURVE_WITH_KNOTS('',3,(#7754,#7755,#7756,#7757,#7758),
 .UNSPECIFIED.,.F.,.F.,(4,1,4),(0.,0.0645381480341668,0.11379637741595),
 .UNSPECIFIED.);
#236=B_SPLINE_CURVE_WITH_KNOTS('',3,(#7761,#7762,#7763,#7764,#7765),
 .UNSPECIFIED.,.F.,.F.,(4,1,4),(0.,0.0645381480341668,0.11379637741595),
 .UNSPECIFIED.);
#237=B_SPLINE_CURVE_WITH_KNOTS('',3,(#7777,#7778,#7779,#7780,#7781),
 .UNSPECIFIED.,.F.,.F.,(4,1,4),(0.,0.0206406955375392,0.0320676446753198),
 .UNSPECIFIED.);
#238=B_SPLINE_CURVE_WITH_KNOTS('',3,(#7784,#7785,#7786,#7787,#7788),
 .UNSPECIFIED.,.F.,.F.,(4,1,4),(0.,0.0206406955375392,0.0320676446753198),
 .UNSPECIFIED.);
#239=B_SPLINE_CURVE_WITH_KNOTS('',3,(#7800,#7801,#7802,#7803,#7804),
 .UNSPECIFIED.,.F.,.F.,(4,1,4),(0.,0.130548314350922,0.223278473430487),
 .UNSPECIFIED.);
#240=B_SPLINE_CURVE_WITH_KNOTS('',3,(#7807,#7808,#7809,#7810,#7811),
 .UNSPECIFIED.,.F.,.F.,(4,1,4),(0.,0.130548314350922,0.223278473430487),
 .UNSPECIFIED.);
#241=B_SPLINE_CURVE_WITH_KNOTS('',3,(#7823,#7824,#7825,#7826,#7827),
 .UNSPECIFIED.,.F.,.F.,(4,1,4),(0.,0.0463210325416278,0.110737136295269),
 .UNSPECIFIED.);
#242=B_SPLINE_CURVE_WITH_KNOTS('',3,(#7830,#7831,#7832,#7833,#7834),
 .UNSPECIFIED.,.F.,.F.,(4,1,4),(0.,0.0463210325416278,0.110737136295269),
 .UNSPECIFIED.);
#243=B_SPLINE_CURVE_WITH_KNOTS('',3,(#7846,#7847,#7848,#7849,#7850),
 .UNSPECIFIED.,.F.,.F.,(4,1,4),(0.,0.0477944221479212,0.0973963444026582),
 .UNSPECIFIED.);
#244=B_SPLINE_CURVE_WITH_KNOTS('',3,(#7853,#7854,#7855,#7856,#7857),
 .UNSPECIFIED.,.F.,.F.,(4,1,4),(0.,0.0477944221479212,0.0973963444026582),
 .UNSPECIFIED.);
#245=B_SPLINE_CURVE_WITH_KNOTS('',3,(#7869,#7870,#7871,#7872,#7873),
 .UNSPECIFIED.,.F.,.F.,(4,1,4),(0.,0.0485198600610845,0.095596229195504),
 .UNSPECIFIED.);
#246=B_SPLINE_CURVE_WITH_KNOTS('',3,(#7876,#7877,#7878,#7879,#7880),
 .UNSPECIFIED.,.F.,.F.,(4,1,4),(0.,0.0485198600610845,0.095596229195504),
 .UNSPECIFIED.);
#247=B_SPLINE_CURVE_WITH_KNOTS('',3,(#7892,#7893,#7894,#7895,#7896),
 .UNSPECIFIED.,.F.,.F.,(4,1,4),(0.,0.0512625259506235,0.100996717335343),
 .UNSPECIFIED.);
#248=B_SPLINE_CURVE_WITH_KNOTS('',3,(#7899,#7900,#7901,#7902,#7903),
 .UNSPECIFIED.,.F.,.F.,(4,1,4),(0.,0.0512625259506235,0.100996717335343),
 .UNSPECIFIED.);
#249=B_SPLINE_CURVE_WITH_KNOTS('',3,(#7915,#7916,#7917,#7918,#7919),
 .UNSPECIFIED.,.F.,.F.,(4,1,4),(0.,0.082003403144296,0.166166798663205),
 .UNSPECIFIED.);
#250=B_SPLINE_CURVE_WITH_KNOTS('',3,(#7922,#7923,#7924,#7925,#7926),
 .UNSPECIFIED.,.F.,.F.,(4,1,4),(0.,0.082003403144296,0.166166798663205),
 .UNSPECIFIED.);
#251=B_SPLINE_CURVE_WITH_KNOTS('',3,(#7938,#7939,#7940,#7941,#7942),
 .UNSPECIFIED.,.F.,.F.,(4,1,4),(0.,0.106561563475196,0.19593117347178),
 .UNSPECIFIED.);
#252=B_SPLINE_CURVE_WITH_KNOTS('',3,(#7945,#7946,#7947,#7948,#7949),
 .UNSPECIFIED.,.F.,.F.,(4,1,4),(0.,0.106561563475196,0.19593117347178),
 .UNSPECIFIED.);
#253=B_SPLINE_CURVE_WITH_KNOTS('',3,(#7961,#7962,#7963,#7964,#7965),
 .UNSPECIFIED.,.F.,.F.,(4,1,4),(0.,0.0678061537873633,0.138063645783844),
 .UNSPECIFIED.);
#254=B_SPLINE_CURVE_WITH_KNOTS('',3,(#7968,#7969,#7970,#7971,#7972),
 .UNSPECIFIED.,.F.,.F.,(4,1,4),(0.,0.0678061537873633,0.138063645783844),
 .UNSPECIFIED.);
#255=B_SPLINE_CURVE_WITH_KNOTS('',3,(#7984,#7985,#7986,#7987,#7988),
 .UNSPECIFIED.,.F.,.F.,(4,1,4),(0.,0.0832216436568256,0.155291636657958),
 .UNSPECIFIED.);
#256=B_SPLINE_CURVE_WITH_KNOTS('',3,(#7991,#7992,#7993,#7994,#7995),
 .UNSPECIFIED.,.F.,.F.,(4,1,4),(0.,0.0832216436568256,0.155291636657958),
 .UNSPECIFIED.);
#257=B_SPLINE_CURVE_WITH_KNOTS('',3,(#8006,#8007,#8008,#8009,#8010),
 .UNSPECIFIED.,.F.,.F.,(4,1,4),(0.,0.044309780162978,0.0930428945163197),
 .UNSPECIFIED.);
#258=B_SPLINE_CURVE_WITH_KNOTS('',3,(#8011,#8012,#8013,#8014,#8015),
 .UNSPECIFIED.,.F.,.F.,(4,1,4),(0.,0.044309780162978,0.0930428945163197),
 .UNSPECIFIED.);
#259=B_SPLINE_CURVE_WITH_KNOTS('',3,(#8037,#8038,#8039,#8040,#8041),
 .UNSPECIFIED.,.F.,.F.,(4,1,4),(0.,0.0702509813133225,0.145119006326439),
 .UNSPECIFIED.);
#260=B_SPLINE_CURVE_WITH_KNOTS('',3,(#8044,#8045,#8046,#8047,#8048),
 .UNSPECIFIED.,.F.,.F.,(4,1,4),(0.,0.0702509813133225,0.145119006326439),
 .UNSPECIFIED.);
#261=B_SPLINE_CURVE_WITH_KNOTS('',3,(#8060,#8061,#8062,#8063,#8064),
 .UNSPECIFIED.,.F.,.F.,(4,1,4),(0.,0.0398664351918436,0.0822767776851653),
 .UNSPECIFIED.);
#262=B_SPLINE_CURVE_WITH_KNOTS('',3,(#8067,#8068,#8069,#8070,#8071),
 .UNSPECIFIED.,.F.,.F.,(4,1,4),(0.,0.0398664351918436,0.0822767776851653),
 .UNSPECIFIED.);
#263=B_SPLINE_CURVE_WITH_KNOTS('',3,(#8083,#8084,#8085,#8086,#8087),
 .UNSPECIFIED.,.F.,.F.,(4,1,4),(0.,0.0386761690622372,0.0773165921252373),
 .UNSPECIFIED.);
#264=B_SPLINE_CURVE_WITH_KNOTS('',3,(#8090,#8091,#8092,#8093,#8094),
 .UNSPECIFIED.,.F.,.F.,(4,1,4),(0.,0.0386761690622372,0.0773165921252373),
 .UNSPECIFIED.);
#265=B_SPLINE_CURVE_WITH_KNOTS('',3,(#8106,#8107,#8108,#8109,#8110),
 .UNSPECIFIED.,.F.,.F.,(4,1,4),(0.,0.0492437248316367,0.094752437497521),
 .UNSPECIFIED.);
#266=B_SPLINE_CURVE_WITH_KNOTS('',3,(#8113,#8114,#8115,#8116,#8117),
 .UNSPECIFIED.,.F.,.F.,(4,1,4),(0.,0.0492437248316367,0.094752437497521),
 .UNSPECIFIED.);
#267=B_SPLINE_CURVE_WITH_KNOTS('',3,(#8135,#8136,#8137,#8138,#8139),
 .UNSPECIFIED.,.F.,.F.,(4,1,4),(0.,0.0633620984235782,0.133551277756489),
 .UNSPECIFIED.);
#268=B_SPLINE_CURVE_WITH_KNOTS('',3,(#8142,#8143,#8144,#8145,#8146),
 .UNSPECIFIED.,.F.,.F.,(4,1,4),(0.,0.0633620984235782,0.133551277756489),
 .UNSPECIFIED.);
#269=B_SPLINE_CURVE_WITH_KNOTS('',3,(#8158,#8159,#8160,#8161,#8162),
 .UNSPECIFIED.,.F.,.F.,(4,1,4),(0.,0.0418701297237398,0.0835086649442082),
 .UNSPECIFIED.);
#270=B_SPLINE_CURVE_WITH_KNOTS('',3,(#8165,#8166,#8167,#8168,#8169),
 .UNSPECIFIED.,.F.,.F.,(4,1,4),(0.,0.0418701297237398,0.0835086649442082),
 .UNSPECIFIED.);
#271=B_SPLINE_CURVE_WITH_KNOTS('',3,(#8181,#8182,#8183,#8184,#8185),
 .UNSPECIFIED.,.F.,.F.,(4,1,4),(0.,0.0757877164406787,0.128905402756581),
 .UNSPECIFIED.);
#272=B_SPLINE_CURVE_WITH_KNOTS('',3,(#8188,#8189,#8190,#8191,#8192),
 .UNSPECIFIED.,.F.,.F.,(4,1,4),(0.,0.0757877164406787,0.128905402756581),
 .UNSPECIFIED.);
#273=B_SPLINE_CURVE_WITH_KNOTS('',3,(#8252,#8253,#8254,#8255,#8256),
 .UNSPECIFIED.,.F.,.F.,(4,1,4),(0.,0.0672565814001346,0.13101507079722),
 .UNSPECIFIED.);
#274=B_SPLINE_CURVE_WITH_KNOTS('',3,(#8260,#8261,#8262,#8263,#8264),
 .UNSPECIFIED.,.F.,.F.,(4,1,4),(0.,0.0672565814001346,0.13101507079722),
 .UNSPECIFIED.);
#275=B_SPLINE_CURVE_WITH_KNOTS('',3,(#8277,#8278,#8279,#8280,#8281),
 .UNSPECIFIED.,.F.,.F.,(4,1,4),(0.,0.0813502991674911,0.164526108048989),
 .UNSPECIFIED.);
#276=B_SPLINE_CURVE_WITH_KNOTS('',3,(#8284,#8285,#8286,#8287,#8288),
 .UNSPECIFIED.,.F.,.F.,(4,1,4),(0.,0.0813502991674911,0.164526108048989),
 .UNSPECIFIED.);
#277=B_SPLINE_CURVE_WITH_KNOTS('',3,(#8300,#8301,#8302,#8303,#8304),
 .UNSPECIFIED.,.F.,.F.,(4,1,4),(0.,0.126796746290547,0.22258970855907),
 .UNSPECIFIED.);
#278=B_SPLINE_CURVE_WITH_KNOTS('',3,(#8307,#8308,#8309,#8310,#8311),
 .UNSPECIFIED.,.F.,.F.,(4,1,4),(0.,0.126796746290547,0.22258970855907),
 .UNSPECIFIED.);
#279=B_SPLINE_CURVE_WITH_KNOTS('',3,(#8323,#8324,#8325,#8326,#8327),
 .UNSPECIFIED.,.F.,.F.,(4,1,4),(0.,0.0962467366487209,0.22166086141128),
 .UNSPECIFIED.);
#280=B_SPLINE_CURVE_WITH_KNOTS('',3,(#8330,#8331,#8332,#8333,#8334),
 .UNSPECIFIED.,.F.,.F.,(4,1,4),(0.,0.0962467366487209,0.22166086141128),
 .UNSPECIFIED.);
#281=B_SPLINE_CURVE_WITH_KNOTS('',3,(#8346,#8347,#8348,#8349,#8350),
 .UNSPECIFIED.,.F.,.F.,(4,1,4),(0.,0.0857007228624083,0.168971597771821),
 .UNSPECIFIED.);
#282=B_SPLINE_CURVE_WITH_KNOTS('',3,(#8353,#8354,#8355,#8356,#8357),
 .UNSPECIFIED.,.F.,.F.,(4,1,4),(0.,0.0857007228624083,0.168971597771821),
 .UNSPECIFIED.);
#283=B_SPLINE_CURVE_WITH_KNOTS('',3,(#8369,#8370,#8371,#8372,#8373),
 .UNSPECIFIED.,.F.,.F.,(4,1,4),(0.,0.0552387047223713,0.11285202102294),
 .UNSPECIFIED.);
#284=B_SPLINE_CURVE_WITH_KNOTS('',3,(#8376,#8377,#8378,#8379,#8380),
 .UNSPECIFIED.,.F.,.F.,(4,1,4),(0.,0.0552387047223713,0.11285202102294),
 .UNSPECIFIED.);
#285=B_SPLINE_CURVE_WITH_KNOTS('',3,(#8392,#8393,#8394,#8395,#8396),
 .UNSPECIFIED.,.F.,.F.,(4,1,4),(0.,0.068171590920224,0.126949971326253),
 .UNSPECIFIED.);
#286=B_SPLINE_CURVE_WITH_KNOTS('',3,(#8399,#8400,#8401,#8402,#8403),
 .UNSPECIFIED.,.F.,.F.,(4,1,4),(0.,0.068171590920224,0.126949971326253),
 .UNSPECIFIED.);
#287=B_SPLINE_CURVE_WITH_KNOTS('',3,(#8421,#8422,#8423,#8424,#8425),
 .UNSPECIFIED.,.F.,.F.,(4,1,4),(0.,0.0948982160687918,0.198162194384301),
 .UNSPECIFIED.);
#288=B_SPLINE_CURVE_WITH_KNOTS('',3,(#8428,#8429,#8430,#8431,#8432),
 .UNSPECIFIED.,.F.,.F.,(4,1,4),(0.,0.0948982160687918,0.198162194384301),
 .UNSPECIFIED.);
#289=B_SPLINE_CURVE_WITH_KNOTS('',3,(#8444,#8445,#8446,#8447,#8448),
 .UNSPECIFIED.,.F.,.F.,(4,1,4),(0.,0.10829741231698,0.205053274383805),
 .UNSPECIFIED.);
#290=B_SPLINE_CURVE_WITH_KNOTS('',3,(#8451,#8452,#8453,#8454,#8455),
 .UNSPECIFIED.,.F.,.F.,(4,1,4),(0.,0.10829741231698,0.205053274383805),
 .UNSPECIFIED.);
#291=B_SPLINE_CURVE_WITH_KNOTS('',3,(#8467,#8468,#8469,#8470,#8471),
 .UNSPECIFIED.,.F.,.F.,(4,1,4),(0.,0.0892851509035671,0.17991093226805),
 .UNSPECIFIED.);
#292=B_SPLINE_CURVE_WITH_KNOTS('',3,(#8474,#8475,#8476,#8477,#8478),
 .UNSPECIFIED.,.F.,.F.,(4,1,4),(0.,0.0892851509035671,0.17991093226805),
 .UNSPECIFIED.);
#293=B_SPLINE_CURVE_WITH_KNOTS('',3,(#8490,#8491,#8492,#8493,#8494),
 .UNSPECIFIED.,.F.,.F.,(4,1,4),(0.,0.0912798224588716,0.179767577197229),
 .UNSPECIFIED.);
#294=B_SPLINE_CURVE_WITH_KNOTS('',3,(#8497,#8498,#8499,#8500,#8501),
 .UNSPECIFIED.,.F.,.F.,(4,1,4),(0.,0.0912798224588716,0.179767577197229),
 .UNSPECIFIED.);
#295=B_SPLINE_CURVE_WITH_KNOTS('',3,(#8513,#8514,#8515,#8516,#8517),
 .UNSPECIFIED.,.F.,.F.,(4,1,4),(0.,0.11042188657985,0.210109756512769),
 .UNSPECIFIED.);
#296=B_SPLINE_CURVE_WITH_KNOTS('',3,(#8520,#8521,#8522,#8523,#8524),
 .UNSPECIFIED.,.F.,.F.,(4,1,4),(0.,0.11042188657985,0.210109756512769),
 .UNSPECIFIED.);
#297=B_SPLINE_CURVE_WITH_KNOTS('',3,(#8536,#8537,#8538,#8539,#8540),
 .UNSPECIFIED.,.F.,.F.,(4,1,4),(0.,0.136313609126734,0.298282801706498),
 .UNSPECIFIED.);
#298=B_SPLINE_CURVE_WITH_KNOTS('',3,(#8543,#8544,#8545,#8546,#8547),
 .UNSPECIFIED.,.F.,.F.,(4,1,4),(0.,0.136313609126734,0.298282801706498),
 .UNSPECIFIED.);
#299=B_SPLINE_CURVE_WITH_KNOTS('',3,(#8559,#8560,#8561,#8562,#8563),
 .UNSPECIFIED.,.F.,.F.,(4,1,4),(0.,0.136307226157253,0.264103462343074),
 .UNSPECIFIED.);
#300=B_SPLINE_CURVE_WITH_KNOTS('',3,(#8566,#8567,#8568,#8569,#8570),
 .UNSPECIFIED.,.F.,.F.,(4,1,4),(0.,0.136307226157253,0.264103462343074),
 .UNSPECIFIED.);
#301=B_SPLINE_CURVE_WITH_KNOTS('',3,(#8582,#8583,#8584,#8585,#8586),
 .UNSPECIFIED.,.F.,.F.,(4,1,4),(0.,0.105118417556833,0.215929336624356),
 .UNSPECIFIED.);
#302=B_SPLINE_CURVE_WITH_KNOTS('',3,(#8589,#8590,#8591,#8592,#8593),
 .UNSPECIFIED.,.F.,.F.,(4,1,4),(0.,0.105118417556833,0.215929336624356),
 .UNSPECIFIED.);
#303=B_SPLINE_CURVE_WITH_KNOTS('',3,(#8605,#8606,#8607,#8608,#8609),
 .UNSPECIFIED.,.F.,.F.,(4,1,4),(0.,0.116711590122897,0.223712543754583),
 .UNSPECIFIED.);
#304=B_SPLINE_CURVE_WITH_KNOTS('',3,(#8612,#8613,#8614,#8615,#8616),
 .UNSPECIFIED.,.F.,.F.,(4,1,4),(0.,0.116711590122897,0.223712543754583),
 .UNSPECIFIED.);
#305=B_SPLINE_CURVE_WITH_KNOTS('',3,(#8633,#8634,#8635,#8636,#8637),
 .UNSPECIFIED.,.F.,.F.,(4,1,4),(0.,0.0687910448188491,0.151860308540899),
 .UNSPECIFIED.);
#306=B_SPLINE_CURVE_WITH_KNOTS('',3,(#8638,#8639,#8640,#8641,#8642),
 .UNSPECIFIED.,.F.,.F.,(4,1,4),(0.,0.0687910448188491,0.151860308540899),
 .UNSPECIFIED.);
#307=B_SPLINE_CURVE_WITH_KNOTS('',3,(#8681,#8682,#8683,#8684,#8685),
 .UNSPECIFIED.,.F.,.F.,(4,1,4),(0.,0.125264493380398,0.226170020033292),
 .UNSPECIFIED.);
#308=B_SPLINE_CURVE_WITH_KNOTS('',3,(#8689,#8690,#8691,#8692,#8693),
 .UNSPECIFIED.,.F.,.F.,(4,1,4),(0.,0.125264493380398,0.226170020033292),
 .UNSPECIFIED.);
#309=B_SPLINE_CURVE_WITH_KNOTS('',3,(#8706,#8707,#8708,#8709,#8710),
 .UNSPECIFIED.,.F.,.F.,(4,1,4),(0.,0.0753269599691056,0.156498879599064),
 .UNSPECIFIED.);
#310=B_SPLINE_CURVE_WITH_KNOTS('',3,(#8713,#8714,#8715,#8716,#8717),
 .UNSPECIFIED.,.F.,.F.,(4,1,4),(0.,0.0753269599691056,0.156498879599064),
 .UNSPECIFIED.);
#311=B_SPLINE_CURVE_WITH_KNOTS('',3,(#8729,#8730,#8731,#8732,#8733),
 .UNSPECIFIED.,.F.,.F.,(4,1,4),(0.,0.0650075600561553,0.13453987389407),
 .UNSPECIFIED.);
#312=B_SPLINE_CURVE_WITH_KNOTS('',3,(#8736,#8737,#8738,#8739,#8740),
 .UNSPECIFIED.,.F.,.F.,(4,1,4),(0.,0.0650075600561553,0.13453987389407),
 .UNSPECIFIED.);
#313=B_SPLINE_CURVE_WITH_KNOTS('',3,(#8752,#8753,#8754,#8755,#8756),
 .UNSPECIFIED.,.F.,.F.,(4,1,4),(0.,0.0602696174507591,0.122395389736737),
 .UNSPECIFIED.);
#314=B_SPLINE_CURVE_WITH_KNOTS('',3,(#8759,#8760,#8761,#8762,#8763),
 .UNSPECIFIED.,.F.,.F.,(4,1,4),(0.,0.0602696174507591,0.122395389736737),
 .UNSPECIFIED.);
#315=B_SPLINE_CURVE_WITH_KNOTS('',3,(#8775,#8776,#8777,#8778,#8779),
 .UNSPECIFIED.,.F.,.F.,(4,1,4),(0.,0.0522633461313371,0.110367742027447),
 .UNSPECIFIED.);
#316=B_SPLINE_CURVE_WITH_KNOTS('',3,(#8782,#8783,#8784,#8785,#8786),
 .UNSPECIFIED.,.F.,.F.,(4,1,4),(0.,0.0522633461313371,0.110367742027447),
 .UNSPECIFIED.);
#317=B_SPLINE_CURVE_WITH_KNOTS('',3,(#8798,#8799,#8800,#8801,#8802),
 .UNSPECIFIED.,.F.,.F.,(4,1,4),(0.,0.0534040838797845,0.104439305334663),
 .UNSPECIFIED.);
#318=B_SPLINE_CURVE_WITH_KNOTS('',3,(#8805,#8806,#8807,#8808,#8809),
 .UNSPECIFIED.,.F.,.F.,(4,1,4),(0.,0.0534040838797845,0.104439305334663),
 .UNSPECIFIED.);
#319=B_SPLINE_CURVE_WITH_KNOTS('',3,(#8821,#8822,#8823,#8824,#8825),
 .UNSPECIFIED.,.F.,.F.,(4,1,4),(0.,0.115025359444378,0.190592255405525),
 .UNSPECIFIED.);
#320=B_SPLINE_CURVE_WITH_KNOTS('',3,(#8828,#8829,#8830,#8831,#8832),
 .UNSPECIFIED.,.F.,.F.,(4,1,4),(0.,0.115025359444378,0.190592255405525),
 .UNSPECIFIED.);
#321=B_SPLINE_CURVE_WITH_KNOTS('',3,(#8844,#8845,#8846,#8847,#8848),
 .UNSPECIFIED.,.F.,.F.,(4,1,4),(0.,0.0380270919423356,0.112916225070249),
 .UNSPECIFIED.);
#322=B_SPLINE_CURVE_WITH_KNOTS('',3,(#8851,#8852,#8853,#8854,#8855),
 .UNSPECIFIED.,.F.,.F.,(4,1,4),(0.,0.0380270919423356,0.112916225070249),
 .UNSPECIFIED.);
#323=B_SPLINE_CURVE_WITH_KNOTS('',3,(#8867,#8868,#8869,#8870,#8871),
 .UNSPECIFIED.,.F.,.F.,(4,1,4),(0.,0.0264215225702992,0.0578498931280283),
 .UNSPECIFIED.);
#324=B_SPLINE_CURVE_WITH_KNOTS('',3,(#8874,#8875,#8876,#8877,#8878),
 .UNSPECIFIED.,.F.,.F.,(4,1,4),(0.,0.0264215225702992,0.0578498931280283),
 .UNSPECIFIED.);
#325=B_SPLINE_CURVE_WITH_KNOTS('',3,(#8890,#8891,#8892,#8893,#8894),
 .UNSPECIFIED.,.F.,.F.,(4,1,4),(0.,0.02298896500722,0.0461944786594609),
 .UNSPECIFIED.);
#326=B_SPLINE_CURVE_WITH_KNOTS('',3,(#8897,#8898,#8899,#8900,#8901),
 .UNSPECIFIED.,.F.,.F.,(4,1,4),(0.,0.02298896500722,0.0461944786594609),
 .UNSPECIFIED.);
#327=B_SPLINE_CURVE_WITH_KNOTS('',3,(#8913,#8914,#8915,#8916,#8917),
 .UNSPECIFIED.,.F.,.F.,(4,1,4),(0.,0.0407015144629629,0.0769751180786286),
 .UNSPECIFIED.);
#328=B_SPLINE_CURVE_WITH_KNOTS('',3,(#8920,#8921,#8922,#8923,#8924),
 .UNSPECIFIED.,.F.,.F.,(4,1,4),(0.,0.0407015144629629,0.0769751180786286),
 .UNSPECIFIED.);
#329=B_SPLINE_CURVE_WITH_KNOTS('',3,(#8936,#8937,#8938,#8939,#8940),
 .UNSPECIFIED.,.F.,.F.,(4,1,4),(0.,0.072812381334673,0.125434282157279),
 .UNSPECIFIED.);
#330=B_SPLINE_CURVE_WITH_KNOTS('',3,(#8943,#8944,#8945,#8946,#8947),
 .UNSPECIFIED.,.F.,.F.,(4,1,4),(0.,0.072812381334673,0.125434282157279),
 .UNSPECIFIED.);
#331=B_SPLINE_CURVE_WITH_KNOTS('',3,(#8959,#8960,#8961,#8962,#8963),
 .UNSPECIFIED.,.F.,.F.,(4,1,4),(0.,0.0528511496025701,0.116856962316291),
 .UNSPECIFIED.);
#332=B_SPLINE_CURVE_WITH_KNOTS('',3,(#8966,#8967,#8968,#8969,#8970),
 .UNSPECIFIED.,.F.,.F.,(4,1,4),(0.,0.0528511496025701,0.116856962316291),
 .UNSPECIFIED.);
#333=B_SPLINE_CURVE_WITH_KNOTS('',3,(#8982,#8983,#8984,#8985,#8986),
 .UNSPECIFIED.,.F.,.F.,(4,1,4),(0.,0.0522858386284682,0.101249704576685),
 .UNSPECIFIED.);
#334=B_SPLINE_CURVE_WITH_KNOTS('',3,(#8989,#8990,#8991,#8992,#8993),
 .UNSPECIFIED.,.F.,.F.,(4,1,4),(0.,0.0522858386284682,0.101249704576685),
 .UNSPECIFIED.);
#335=B_SPLINE_CURVE_WITH_KNOTS('',3,(#9011,#9012,#9013,#9014,#9015),
 .UNSPECIFIED.,.F.,.F.,(4,1,4),(0.,0.0554584002222632,0.12072705699977),
 .UNSPECIFIED.);
#336=B_SPLINE_CURVE_WITH_KNOTS('',3,(#9018,#9019,#9020,#9021,#9022),
 .UNSPECIFIED.,.F.,.F.,(4,1,4),(0.,0.0554584002222632,0.12072705699977),
 .UNSPECIFIED.);
#337=B_SPLINE_CURVE_WITH_KNOTS('',3,(#9034,#9035,#9036,#9037,#9038),
 .UNSPECIFIED.,.F.,.F.,(4,1,4),(0.,0.0630375080503729,0.117311159713042),
 .UNSPECIFIED.);
#338=B_SPLINE_CURVE_WITH_KNOTS('',3,(#9041,#9042,#9043,#9044,#9045),
 .UNSPECIFIED.,.F.,.F.,(4,1,4),(0.,0.0630375080503729,0.117311159713042),
 .UNSPECIFIED.);
#339=B_SPLINE_CURVE_WITH_KNOTS('',3,(#9057,#9058,#9059,#9060,#9061),
 .UNSPECIFIED.,.F.,.F.,(4,1,4),(0.,0.0802997914631077,0.152355861806031),
 .UNSPECIFIED.);
#340=B_SPLINE_CURVE_WITH_KNOTS('',3,(#9064,#9065,#9066,#9067,#9068),
 .UNSPECIFIED.,.F.,.F.,(4,1,4),(0.,0.0802997914631077,0.152355861806031),
 .UNSPECIFIED.);
#341=B_SPLINE_CURVE_WITH_KNOTS('',3,(#9080,#9081,#9082,#9083,#9084),
 .UNSPECIFIED.,.F.,.F.,(4,1,4),(0.,0.052412127853234,0.107360370679453),
 .UNSPECIFIED.);
#342=B_SPLINE_CURVE_WITH_KNOTS('',3,(#9087,#9088,#9089,#9090,#9091),
 .UNSPECIFIED.,.F.,.F.,(4,1,4),(0.,0.052412127853234,0.107360370679453),
 .UNSPECIFIED.);
#343=B_SPLINE_CURVE_WITH_KNOTS('',3,(#9103,#9104,#9105,#9106,#9107),
 .UNSPECIFIED.,.F.,.F.,(4,1,4),(0.,0.039078485868669,0.0862331918900633),
 .UNSPECIFIED.);
#344=B_SPLINE_CURVE_WITH_KNOTS('',3,(#9110,#9111,#9112,#9113,#9114),
 .UNSPECIFIED.,.F.,.F.,(4,1,4),(0.,0.039078485868669,0.0862331918900633),
 .UNSPECIFIED.);
#345=B_SPLINE_CURVE_WITH_KNOTS('',3,(#9126,#9127,#9128,#9129,#9130),
 .UNSPECIFIED.,.F.,.F.,(4,1,4),(0.,0.0459566172450847,0.0919624639945723),
 .UNSPECIFIED.);
#346=B_SPLINE_CURVE_WITH_KNOTS('',3,(#9133,#9134,#9135,#9136,#9137),
 .UNSPECIFIED.,.F.,.F.,(4,1,4),(0.,0.0459566172450847,0.0919624639945723),
 .UNSPECIFIED.);
#347=B_SPLINE_CURVE_WITH_KNOTS('',3,(#9149,#9150,#9151,#9152,#9153),
 .UNSPECIFIED.,.F.,.F.,(4,1,4),(0.,0.0469686546395782,0.0931266353065198),
 .UNSPECIFIED.);
#348=B_SPLINE_CURVE_WITH_KNOTS('',3,(#9156,#9157,#9158,#9159,#9160),
 .UNSPECIFIED.,.F.,.F.,(4,1,4),(0.,0.0469686546395782,0.0931266353065198),
 .UNSPECIFIED.);
#349=B_SPLINE_CURVE_WITH_KNOTS('',3,(#9172,#9173,#9174,#9175,#9176),
 .UNSPECIFIED.,.F.,.F.,(4,1,4),(0.,0.0505173065535383,0.101864855674107),
 .UNSPECIFIED.);
#350=B_SPLINE_CURVE_WITH_KNOTS('',3,(#9179,#9180,#9181,#9182,#9183),
 .UNSPECIFIED.,.F.,.F.,(4,1,4),(0.,0.0505173065535383,0.101864855674107),
 .UNSPECIFIED.);
#351=B_SPLINE_CURVE_WITH_KNOTS('',3,(#9195,#9196,#9197,#9198,#9199),
 .UNSPECIFIED.,.F.,.F.,(4,1,4),(0.,0.054633398929602,0.106055230128558),
 .UNSPECIFIED.);
#352=B_SPLINE_CURVE_WITH_KNOTS('',3,(#9202,#9203,#9204,#9205,#9206),
 .UNSPECIFIED.,.F.,.F.,(4,1,4),(0.,0.054633398929602,0.106055230128558),
 .UNSPECIFIED.);
#353=B_SPLINE_CURVE_WITH_KNOTS('',3,(#9218,#9219,#9220,#9221,#9222),
 .UNSPECIFIED.,.F.,.F.,(4,1,4),(0.,0.118682517440957,0.196494041604928),
 .UNSPECIFIED.);
#354=B_SPLINE_CURVE_WITH_KNOTS('',3,(#9225,#9226,#9227,#9228,#9229),
 .UNSPECIFIED.,.F.,.F.,(4,1,4),(0.,0.118682517440957,0.196494041604928),
 .UNSPECIFIED.);
#355=B_SPLINE_CURVE_WITH_KNOTS('',3,(#9241,#9242,#9243,#9244,#9245),
 .UNSPECIFIED.,.F.,.F.,(4,1,4),(0.,0.0477626979439927,0.132465447861098),
 .UNSPECIFIED.);
#356=B_SPLINE_CURVE_WITH_KNOTS('',3,(#9248,#9249,#9250,#9251,#9252),
 .UNSPECIFIED.,.F.,.F.,(4,1,4),(0.,0.0477626979439927,0.132465447861098),
 .UNSPECIFIED.);
#357=B_SPLINE_CURVE_WITH_KNOTS('',3,(#9264,#9265,#9266,#9267,#9268),
 .UNSPECIFIED.,.F.,.F.,(4,1,4),(0.,0.038258922887553,0.0774579637553417),
 .UNSPECIFIED.);
#358=B_SPLINE_CURVE_WITH_KNOTS('',3,(#9271,#9272,#9273,#9274,#9275),
 .UNSPECIFIED.,.F.,.F.,(4,1,4),(0.,0.038258922887553,0.0774579637553417),
 .UNSPECIFIED.);
#359=B_SPLINE_CURVE_WITH_KNOTS('',3,(#9287,#9288,#9289,#9290,#9291),
 .UNSPECIFIED.,.F.,.F.,(4,1,4),(0.,0.048408243160958,0.0929984725768322),
 .UNSPECIFIED.);
#360=B_SPLINE_CURVE_WITH_KNOTS('',3,(#9294,#9295,#9296,#9297,#9298),
 .UNSPECIFIED.,.F.,.F.,(4,1,4),(0.,0.048408243160958,0.0929984725768322),
 .UNSPECIFIED.);
#361=B_SPLINE_CURVE_WITH_KNOTS('',3,(#9310,#9311,#9312,#9313,#9314),
 .UNSPECIFIED.,.F.,.F.,(4,1,4),(0.,0.0741715634583177,0.132094318242236),
 .UNSPECIFIED.);
#362=B_SPLINE_CURVE_WITH_KNOTS('',3,(#9317,#9318,#9319,#9320,#9321),
 .UNSPECIFIED.,.F.,.F.,(4,1,4),(0.,0.0741715634583177,0.132094318242236),
 .UNSPECIFIED.);
#363=B_SPLINE_CURVE_WITH_KNOTS('',3,(#9333,#9334,#9335,#9336,#9337),
 .UNSPECIFIED.,.F.,.F.,(4,1,4),(0.,0.0631551948361298,0.138393588477396),
 .UNSPECIFIED.);
#364=B_SPLINE_CURVE_WITH_KNOTS('',3,(#9340,#9341,#9342,#9343,#9344),
 .UNSPECIFIED.,.F.,.F.,(4,1,4),(0.,0.0631551948361298,0.138393588477396),
 .UNSPECIFIED.);
#365=B_SPLINE_CURVE_WITH_KNOTS('',3,(#9356,#9357,#9358,#9359,#9360),
 .UNSPECIFIED.,.F.,.F.,(4,1,4),(0.,0.0673043672973322,0.127814267735121),
 .UNSPECIFIED.);
#366=B_SPLINE_CURVE_WITH_KNOTS('',3,(#9363,#9364,#9365,#9366,#9367),
 .UNSPECIFIED.,.F.,.F.,(4,1,4),(0.,0.0673043672973322,0.127814267735121),
 .UNSPECIFIED.);
#367=B_SPLINE_CURVE_WITH_KNOTS('',3,(#9384,#9385,#9386,#9387,#9388),
 .UNSPECIFIED.,.F.,.F.,(4,1,4),(0.,0.0947503550852873,0.201391014785672),
 .UNSPECIFIED.);
#368=B_SPLINE_CURVE_WITH_KNOTS('',3,(#9389,#9390,#9391,#9392,#9393),
 .UNSPECIFIED.,.F.,.F.,(4,1,4),(0.,0.0947503550852873,0.201391014785672),
 .UNSPECIFIED.);
#369=B_SPLINE_CURVE_WITH_KNOTS('',3,(#9463,#9464,#9465,#9466,#9467),
 .UNSPECIFIED.,.F.,.F.,(4,1,4),(0.,0.070808602073082,0.168902438849487),
 .UNSPECIFIED.);
#370=B_SPLINE_CURVE_WITH_KNOTS('',3,(#9470,#9471,#9472,#9473,#9474),
 .UNSPECIFIED.,.F.,.F.,(4,1,4),(0.,0.070808602073082,0.168902438849487),
 .UNSPECIFIED.);
#371=B_SPLINE_CURVE_WITH_KNOTS('',3,(#9486,#9487,#9488,#9489,#9490),
 .UNSPECIFIED.,.F.,.F.,(4,1,4),(0.,0.0909760448787288,0.155534749184825),
 .UNSPECIFIED.);
#372=B_SPLINE_CURVE_WITH_KNOTS('',3,(#9493,#9494,#9495,#9496,#9497),
 .UNSPECIFIED.,.F.,.F.,(4,1,4),(0.,0.0909760448787288,0.155534749184825),
 .UNSPECIFIED.);
#373=B_SPLINE_SURFACE_WITH_KNOTS('',3,1,((#5685,#5686),(#5687,#5688),(#5689,
#5690),(#5691,#5692),(#5693,#5694)),.UNSPECIFIED.,.F.,.F.,.F.,(4,1,4),(2,
2),(0.,0.0616474594100185,0.143572181678608),(0.,0.2),.UNSPECIFIED.);
#374=B_SPLINE_SURFACE_WITH_KNOTS('',3,1,((#5708,#5709),(#5710,#5711),(#5712,
#5713),(#5714,#5715),(#5716,#5717)),.UNSPECIFIED.,.F.,.F.,.F.,(4,1,4),(2,
2),(0.,0.0531728060209404,0.104609000910916),(0.,0.2),.UNSPECIFIED.);
#375=B_SPLINE_SURFACE_WITH_KNOTS('',3,1,((#5731,#5732),(#5733,#5734),(#5735,
#5736),(#5737,#5738),(#5739,#5740)),.UNSPECIFIED.,.F.,.F.,.F.,(4,1,4),(2,
2),(0.,0.0540127942093655,0.108459337555897),(0.,0.2),.UNSPECIFIED.);
#376=B_SPLINE_SURFACE_WITH_KNOTS('',3,1,((#5754,#5755),(#5756,#5757),(#5758,
#5759),(#5760,#5761),(#5762,#5763)),.UNSPECIFIED.,.F.,.F.,.F.,(4,1,4),(2,
2),(0.,0.0467887299109304,0.0980743424289727),(0.,0.2),.UNSPECIFIED.);
#377=B_SPLINE_SURFACE_WITH_KNOTS('',3,1,((#5777,#5778),(#5779,#5780),(#5781,
#5782),(#5783,#5784),(#5785,#5786)),.UNSPECIFIED.,.F.,.F.,.F.,(4,1,4),(2,
2),(0.,0.0468569541044588,0.0920336164594439),(0.,0.2),.UNSPECIFIED.);
#378=B_SPLINE_SURFACE_WITH_KNOTS('',3,1,((#5800,#5801),(#5802,#5803),(#5804,
#5805),(#5806,#5807),(#5808,#5809)),.UNSPECIFIED.,.F.,.F.,.F.,(4,1,4),(2,
2),(0.,0.0805129816468679,0.129947610678856),(0.,0.2),.UNSPECIFIED.);
#379=B_SPLINE_SURFACE_WITH_KNOTS('',3,1,((#5841,#5842),(#5843,#5844),(#5845,
#5846),(#5847,#5848),(#5849,#5850)),.UNSPECIFIED.,.F.,.F.,.F.,(4,1,4),(2,
2),(0.,0.047063410543738,0.114961137852224),(0.,0.2),.UNSPECIFIED.);
#380=B_SPLINE_SURFACE_WITH_KNOTS('',3,1,((#5864,#5865),(#5866,#5867),(#5868,
#5869),(#5870,#5871),(#5872,#5873)),.UNSPECIFIED.,.F.,.F.,.F.,(4,1,4),(2,
2),(0.,0.0472889533883987,0.0991902071923932),(0.,0.2),.UNSPECIFIED.);
#381=B_SPLINE_SURFACE_WITH_KNOTS('',3,1,((#5887,#5888),(#5889,#5890),(#5891,
#5892),(#5893,#5894),(#5895,#5896)),.UNSPECIFIED.,.F.,.F.,.F.,(4,1,4),(2,
2),(0.,0.0557986858956689,0.103972234376317),(0.,0.2),.UNSPECIFIED.);
#382=B_SPLINE_SURFACE_WITH_KNOTS('',3,1,((#5910,#5911),(#5912,#5913),(#5914,
#5915),(#5916,#5917),(#5918,#5919)),.UNSPECIFIED.,.F.,.F.,.F.,(4,1,4),(2,
2),(0.,0.0622917334239976,0.122883708207004),(0.,0.2),.UNSPECIFIED.);
#383=B_SPLINE_SURFACE_WITH_KNOTS('',3,1,((#5933,#5934),(#5935,#5936),(#5937,
#5938),(#5939,#5940),(#5941,#5942)),.UNSPECIFIED.,.F.,.F.,.F.,(4,1,4),(2,
2),(0.,0.135765863826394,0.269453565848234),(0.,0.2),.UNSPECIFIED.);
#384=B_SPLINE_SURFACE_WITH_KNOTS('',3,1,((#6000,#6001),(#6002,#6003),(#6004,
#6005),(#6006,#6007),(#6008,#6009)),.UNSPECIFIED.,.F.,.F.,.F.,(4,1,4),(2,
2),(0.,0.0658141131564377,0.15326644891409),(0.,0.2),.UNSPECIFIED.);
#385=B_SPLINE_SURFACE_WITH_KNOTS('',3,1,((#6023,#6024),(#6025,#6026),(#6027,
#6028),(#6029,#6030),(#6031,#6032)),.UNSPECIFIED.,.F.,.F.,.F.,(4,1,4),(2,
2),(0.,0.050678124930337,0.103623826511425),(0.,0.2),.UNSPECIFIED.);
#386=B_SPLINE_SURFACE_WITH_KNOTS('',3,1,((#6046,#6047),(#6048,#6049),(#6050,
#6051),(#6052,#6053),(#6054,#6055)),.UNSPECIFIED.,.F.,.F.,.F.,(4,1,4),(2,
2),(0.,0.0503447567208328,0.100653364436968),(0.,0.2),.UNSPECIFIED.);
#387=B_SPLINE_SURFACE_WITH_KNOTS('',3,1,((#6069,#6070),(#6071,#6072),(#6073,
#6074),(#6075,#6076),(#6077,#6078)),.UNSPECIFIED.,.F.,.F.,.F.,(4,1,4),(2,
2),(0.,0.0500750911865405,0.109623616373598),(0.,0.2),.UNSPECIFIED.);
#388=B_SPLINE_SURFACE_WITH_KNOTS('',3,1,((#6092,#6093),(#6094,#6095),(#6096,
#6097),(#6098,#6099),(#6100,#6101)),.UNSPECIFIED.,.F.,.F.,.F.,(4,1,4),(2,
2),(0.,0.0720154182475938,0.127908254787479),(0.,0.2),.UNSPECIFIED.);
#389=B_SPLINE_SURFACE_WITH_KNOTS('',3,1,((#6133,#6134),(#6135,#6136),(#6137,
#6138),(#6139,#6140),(#6141,#6142)),.UNSPECIFIED.,.F.,.F.,.F.,(4,1,4),(2,
2),(0.,0.0761573988941579,0.173584515859632),(0.,0.2),.UNSPECIFIED.);
#390=B_SPLINE_SURFACE_WITH_KNOTS('',3,1,((#6156,#6157),(#6158,#6159),(#6160,
#6161),(#6162,#6163),(#6164,#6165)),.UNSPECIFIED.,.F.,.F.,.F.,(4,1,4),(2,
2),(0.,0.0710635089754117,0.139596720314336),(0.,0.2),.UNSPECIFIED.);
#391=B_SPLINE_SURFACE_WITH_KNOTS('',3,1,((#6179,#6180),(#6181,#6182),(#6183,
#6184),(#6185,#6186),(#6187,#6188)),.UNSPECIFIED.,.F.,.F.,.F.,(4,1,4),(2,
2),(0.,0.0371934501693757,0.0770649916456301),(0.,0.2),.UNSPECIFIED.);
#392=B_SPLINE_SURFACE_WITH_KNOTS('',3,1,((#6202,#6203),(#6204,#6205),(#6206,
#6207),(#6208,#6209),(#6210,#6211)),.UNSPECIFIED.,.F.,.F.,.F.,(4,1,4),(2,
2),(0.,0.0337268186663602,0.0687876066792583),(0.,0.2),.UNSPECIFIED.);
#393=B_SPLINE_SURFACE_WITH_KNOTS('',3,1,((#6225,#6226),(#6227,#6228),(#6229,
#6230),(#6231,#6232),(#6233,#6234)),.UNSPECIFIED.,.F.,.F.,.F.,(4,1,4),(2,
2),(0.,0.0634229425864946,0.107069464206029),(0.,0.2),.UNSPECIFIED.);
#394=B_SPLINE_SURFACE_WITH_KNOTS('',3,1,((#6266,#6267),(#6268,#6269),(#6270,
#6271),(#6272,#6273),(#6274,#6275)),.UNSPECIFIED.,.F.,.F.,.F.,(4,1,4),(2,
2),(0.,0.0873894597311665,0.196389576010538),(0.,0.2),.UNSPECIFIED.);
#395=B_SPLINE_SURFACE_WITH_KNOTS('',3,1,((#6289,#6290),(#6291,#6292),(#6293,
#6294),(#6295,#6296),(#6297,#6298)),.UNSPECIFIED.,.F.,.F.,.F.,(4,1,4),(2,
2),(0.,0.0964881412458897,0.179940102349091),(0.,0.2),.UNSPECIFIED.);
#396=B_SPLINE_SURFACE_WITH_KNOTS('',3,1,((#6312,#6313),(#6314,#6315),(#6316,
#6317),(#6318,#6319),(#6320,#6321)),.UNSPECIFIED.,.F.,.F.,.F.,(4,1,4),(2,
2),(0.,0.137250852612033,0.266046990876251),(0.,0.2),.UNSPECIFIED.);
#397=B_SPLINE_SURFACE_WITH_KNOTS('',3,1,((#6335,#6336),(#6337,#6338),(#6339,
#6340),(#6341,#6342),(#6343,#6344)),.UNSPECIFIED.,.F.,.F.,.F.,(4,1,4),(2,
2),(0.,0.0594496752928284,0.120069298641807),(0.,0.2),.UNSPECIFIED.);
#398=B_SPLINE_SURFACE_WITH_KNOTS('',3,1,((#6358,#6359),(#6360,#6361),(#6362,
#6363),(#6364,#6365),(#6366,#6367)),.UNSPECIFIED.,.F.,.F.,.F.,(4,1,4),(2,
2),(0.,0.0737182544958806,0.13759178715124),(0.,0.2),.UNSPECIFIED.);
#399=B_SPLINE_SURFACE_WITH_KNOTS('',3,1,((#6381,#6382),(#6383,#6384),(#6385,
#6386),(#6387,#6388),(#6389,#6390)),.UNSPECIFIED.,.F.,.F.,.F.,(4,1,4),(2,
2),(0.,0.0652339794067975,0.134095280162404),(0.,0.2),.UNSPECIFIED.);
#400=B_SPLINE_SURFACE_WITH_KNOTS('',3,1,((#6404,#6405),(#6406,#6407),(#6408,
#6409),(#6410,#6411),(#6412,#6413)),.UNSPECIFIED.,.F.,.F.,.F.,(4,1,4),(2,
2),(0.,0.0623156734448195,0.125670443526635),(0.,0.2),.UNSPECIFIED.);
#401=B_SPLINE_SURFACE_WITH_KNOTS('',3,1,((#6449,#6450),(#6451,#6452),(#6453,
#6454),(#6455,#6456),(#6457,#6458)),.UNSPECIFIED.,.F.,.F.,.F.,(4,1,4),(2,
2),(0.,0.0535952434859167,0.125048965860465),(0.,0.2),.UNSPECIFIED.);
#402=B_SPLINE_SURFACE_WITH_KNOTS('',3,1,((#6475,#6476),(#6477,#6478),(#6479,
#6480),(#6481,#6482),(#6483,#6484)),.UNSPECIFIED.,.F.,.F.,.F.,(4,1,4),(2,
2),(0.,0.060388730100518,0.11892649096266),(0.,0.2),.UNSPECIFIED.);
#403=B_SPLINE_SURFACE_WITH_KNOTS('',3,1,((#6498,#6499),(#6500,#6501),(#6502,
#6503),(#6504,#6505),(#6506,#6507)),.UNSPECIFIED.,.F.,.F.,.F.,(4,1,4),(2,
2),(0.,0.0674668941129955,0.131055214165066),(0.,0.2),.UNSPECIFIED.);
#404=B_SPLINE_SURFACE_WITH_KNOTS('',3,1,((#6521,#6522),(#6523,#6524),(#6525,
#6526),(#6527,#6528),(#6529,#6530)),.UNSPECIFIED.,.F.,.F.,.F.,(4,1,4),(2,
2),(0.,0.0519572702126881,0.11549835984805),(0.,0.2),.UNSPECIFIED.);
#405=B_SPLINE_SURFACE_WITH_KNOTS('',3,1,((#6544,#6545),(#6546,#6547),(#6548,
#6549),(#6550,#6551),(#6552,#6553)),.UNSPECIFIED.,.F.,.F.,.F.,(4,1,4),(2,
2),(0.,0.0459696664412685,0.0921673436428854),(0.,0.2),.UNSPECIFIED.);
#406=B_SPLINE_SURFACE_WITH_KNOTS('',3,1,((#6567,#6568),(#6569,#6570),(#6571,
#6572),(#6573,#6574),(#6575,#6576)),.UNSPECIFIED.,.F.,.F.,.F.,(4,1,4),(2,
2),(0.,0.0305207653600167,0.0614267683837451),(0.,0.2),.UNSPECIFIED.);
#407=B_SPLINE_SURFACE_WITH_KNOTS('',3,1,((#6590,#6591),(#6592,#6593),(#6594,
#6595),(#6596,#6597),(#6598,#6599)),.UNSPECIFIED.,.F.,.F.,.F.,(4,1,4),(2,
2),(0.,0.0324778767919981,0.06345698259169),(0.,0.2),.UNSPECIFIED.);
#408=B_SPLINE_SURFACE_WITH_KNOTS('',3,1,((#6613,#6614),(#6615,#6616),(#6617,
#6618),(#6619,#6620),(#6621,#6622)),.UNSPECIFIED.,.F.,.F.,.F.,(4,1,4),(2,
2),(0.,0.0656635091279196,0.110060180413512),(0.,0.2),.UNSPECIFIED.);
#409=B_SPLINE_SURFACE_WITH_KNOTS('',3,1,((#6636,#6637),(#6638,#6639),(#6640,
#6641),(#6642,#6643),(#6644,#6645)),.UNSPECIFIED.,.F.,.F.,.F.,(4,1,4),(2,
2),(0.,0.0872893402744841,0.206169971772977),(0.,0.2),.UNSPECIFIED.);
#410=B_SPLINE_SURFACE_WITH_KNOTS('',3,1,((#6671,#6672),(#6673,#6674),(#6675,
#6676),(#6677,#6678),(#6679,#6680)),.UNSPECIFIED.,.F.,.F.,.F.,(4,1,4),(2,
2),(0.,0.0459337919408564,0.0926769863523506),(0.,0.2),.UNSPECIFIED.);
#411=B_SPLINE_SURFACE_WITH_KNOTS('',3,1,((#6694,#6695),(#6696,#6697),(#6698,
#6699),(#6700,#6701),(#6702,#6703)),.UNSPECIFIED.,.F.,.F.,.F.,(4,1,4),(2,
2),(0.,0.13976477813332,0.216814418071158),(0.,0.2),.UNSPECIFIED.);
#412=B_SPLINE_SURFACE_WITH_KNOTS('',3,1,((#6723,#6724),(#6725,#6726),(#6727,
#6728),(#6729,#6730),(#6731,#6732)),.UNSPECIFIED.,.F.,.F.,.F.,(4,1,4),(2,
2),(0.,0.0442375550016761,0.11349053739834),(0.,0.2),.UNSPECIFIED.);
#413=B_SPLINE_SURFACE_WITH_KNOTS('',3,1,((#6746,#6747),(#6748,#6749),(#6750,
#6751),(#6752,#6753),(#6754,#6755)),.UNSPECIFIED.,.F.,.F.,.F.,(4,1,4),(2,
2),(0.,0.0440343681219237,0.0925430135369383),(0.,0.2),.UNSPECIFIED.);
#414=B_SPLINE_SURFACE_WITH_KNOTS('',3,1,((#6769,#6770),(#6771,#6772),(#6773,
#6774),(#6775,#6776),(#6777,#6778)),.UNSPECIFIED.,.F.,.F.,.F.,(4,1,4),(2,
2),(0.,0.0560182437459065,0.10226064520539),(0.,0.2),.UNSPECIFIED.);
#415=B_SPLINE_SURFACE_WITH_KNOTS('',3,1,((#6792,#6793),(#6794,#6795),(#6796,
#6797),(#6798,#6799),(#6800,#6801)),.UNSPECIFIED.,.F.,.F.,.F.,(4,1,4),(2,
2),(0.,0.0842490288690106,0.152907428967792),(0.,0.2),.UNSPECIFIED.);
#416=B_SPLINE_SURFACE_WITH_KNOTS('',3,1,((#6815,#6816),(#6817,#6818),(#6819,
#6820),(#6821,#6822),(#6823,#6824)),.UNSPECIFIED.,.F.,.F.,.F.,(4,1,4),(2,
2),(0.,0.0789359340475667,0.166992322538563),(0.,0.2),.UNSPECIFIED.);
#417=B_SPLINE_SURFACE_WITH_KNOTS('',3,1,((#6838,#6839),(#6840,#6841),(#6842,
#6843),(#6844,#6845),(#6846,#6847)),.UNSPECIFIED.,.F.,.F.,.F.,(4,1,4),(2,
2),(0.,0.0621627047527299,0.132021198223577),(0.,0.2),.UNSPECIFIED.);
#418=B_SPLINE_SURFACE_WITH_KNOTS('',3,1,((#6861,#6862),(#6863,#6864),(#6865,
#6866),(#6867,#6868),(#6869,#6870)),.UNSPECIFIED.,.F.,.F.,.F.,(4,1,4),(2,
2),(0.,0.0729513315392723,0.136549258785903),(0.,0.2),.UNSPECIFIED.);
#419=B_SPLINE_SURFACE_WITH_KNOTS('',3,1,((#6890,#6891),(#6892,#6893),(#6894,
#6895),(#6896,#6897),(#6898,#6899)),.UNSPECIFIED.,.F.,.F.,.F.,(4,1,4),(2,
2),(0.,0.0552777609363704,0.125347221408826),(0.,0.2),.UNSPECIFIED.);
#420=B_SPLINE_SURFACE_WITH_KNOTS('',3,1,((#6913,#6914),(#6915,#6916),(#6917,
#6918),(#6919,#6920),(#6921,#6922)),.UNSPECIFIED.,.F.,.F.,.F.,(4,1,4),(2,
2),(0.,0.0756714405455108,0.132995053399655),(0.,0.2),.UNSPECIFIED.);
#421=B_SPLINE_SURFACE_WITH_KNOTS('',3,1,((#6936,#6937),(#6938,#6939),(#6940,
#6941),(#6942,#6943),(#6944,#6945)),.UNSPECIFIED.,.F.,.F.,.F.,(4,1,4),(2,
2),(0.,0.0662969989416452,0.148303098151727),(0.,0.2),.UNSPECIFIED.);
#422=B_SPLINE_SURFACE_WITH_KNOTS('',3,1,((#6959,#6960),(#6961,#6962),(#6963,
#6964),(#6965,#6966),(#6967,#6968)),.UNSPECIFIED.,.F.,.F.,.F.,(4,1,4),(2,
2),(0.,0.0645381480341668,0.11379637741595),(0.,0.2),.UNSPECIFIED.);
#423=B_SPLINE_SURFACE_WITH_KNOTS('',3,1,((#6982,#6983),(#6984,#6985),(#6986,
#6987),(#6988,#6989),(#6990,#6991)),.UNSPECIFIED.,.F.,.F.,.F.,(4,1,4),(2,
2),(0.,0.0206406837230955,0.032067632860876),(0.,0.2),.UNSPECIFIED.);
#424=B_SPLINE_SURFACE_WITH_KNOTS('',3,1,((#7005,#7006),(#7007,#7008),(#7009,
#7010),(#7011,#7012),(#7013,#7014)),.UNSPECIFIED.,.F.,.F.,.F.,(4,1,4),(2,
2),(0.,0.130548550111125,0.223278709190691),(0.,0.2),.UNSPECIFIED.);
#425=B_SPLINE_SURFACE_WITH_KNOTS('',3,1,((#7028,#7029),(#7030,#7031),(#7032,
#7033),(#7034,#7035),(#7036,#7037)),.UNSPECIFIED.,.F.,.F.,.F.,(4,1,4),(2,
2),(0.,0.0463210325416278,0.110737136295269),(0.,0.2),.UNSPECIFIED.);
#426=B_SPLINE_SURFACE_WITH_KNOTS('',3,1,((#7051,#7052),(#7053,#7054),(#7055,
#7056),(#7057,#7058),(#7059,#7060)),.UNSPECIFIED.,.F.,.F.,.F.,(4,1,4),(2,
2),(0.,0.0477944221479212,0.0973965685863139),(0.,0.2),.UNSPECIFIED.);
#427=B_SPLINE_SURFACE_WITH_KNOTS('',3,1,((#7074,#7075),(#7076,#7077),(#7078,
#7079),(#7080,#7081),(#7082,#7083)),.UNSPECIFIED.,.F.,.F.,.F.,(4,1,4),(2,
2),(0.,0.0485199974865777,0.0955961869783367),(0.,0.2),.UNSPECIFIED.);
#428=B_SPLINE_SURFACE_WITH_KNOTS('',3,1,((#7097,#7098),(#7099,#7100),(#7101,
#7102),(#7103,#7104),(#7105,#7106)),.UNSPECIFIED.,.F.,.F.,.F.,(4,1,4),(2,
2),(0.,0.051262497794772,0.100996689179491),(0.,0.2),.UNSPECIFIED.);
#429=B_SPLINE_SURFACE_WITH_KNOTS('',3,1,((#7120,#7121),(#7122,#7123),(#7124,
#7125),(#7126,#7127),(#7128,#7129)),.UNSPECIFIED.,.F.,.F.,.F.,(4,1,4),(2,
2),(0.,0.082003403144296,0.166166844072944),(0.,0.2),.UNSPECIFIED.);
#430=B_SPLINE_SURFACE_WITH_KNOTS('',3,1,((#7143,#7144),(#7145,#7146),(#7147,
#7148),(#7149,#7150),(#7151,#7152)),.UNSPECIFIED.,.F.,.F.,.F.,(4,1,4),(2,
2),(0.,0.106561327298955,0.195930937295539),(0.,0.2),.UNSPECIFIED.);
#431=B_SPLINE_SURFACE_WITH_KNOTS('',3,1,((#7166,#7167),(#7168,#7169),(#7170,
#7171),(#7172,#7173),(#7174,#7175)),.UNSPECIFIED.,.F.,.F.,.F.,(4,1,4),(2,
2),(0.,0.0678061537873633,0.138063408227157),(0.,0.2),.UNSPECIFIED.);
#432=B_SPLINE_SURFACE_WITH_KNOTS('',3,1,((#7189,#7190),(#7191,#7192),(#7193,
#7194),(#7195,#7196),(#7197,#7198)),.UNSPECIFIED.,.F.,.F.,.F.,(4,1,4),(2,
2),(0.,0.0832220271686329,0.155292020169765),(0.,0.2),.UNSPECIFIED.);
#433=B_SPLINE_SURFACE_WITH_KNOTS('',3,1,((#7212,#7213),(#7214,#7215),(#7216,
#7217),(#7218,#7219),(#7220,#7221)),.UNSPECIFIED.,.F.,.F.,.F.,(4,1,4),(2,
2),(0.,0.044309780162978,0.0930428945163197),(0.,0.2),.UNSPECIFIED.);
#434=B_SPLINE_SURFACE_WITH_KNOTS('',3,1,((#7233,#7234),(#7235,#7236),(#7237,
#7238),(#7239,#7240),(#7241,#7242)),.UNSPECIFIED.,.F.,.F.,.F.,(4,1,4),(2,
2),(0.,0.0535949794877892,0.125048734865594),(0.,0.2),.UNSPECIFIED.);
#435=B_SPLINE_SURFACE_WITH_KNOTS('',3,1,((#7259,#7260),(#7261,#7262),(#7263,
#7264),(#7265,#7266),(#7267,#7268)),.UNSPECIFIED.,.F.,.F.,.F.,(4,1,4),(2,
2),(0.,0.0603891084779438,0.118926869340086),(0.,0.2),.UNSPECIFIED.);
#436=B_SPLINE_SURFACE_WITH_KNOTS('',3,1,((#7282,#7283),(#7284,#7285),(#7286,
#7287),(#7288,#7289),(#7290,#7291)),.UNSPECIFIED.,.F.,.F.,.F.,(4,1,4),(2,
2),(0.,0.067466657276425,0.131054977328496),(0.,0.2),.UNSPECIFIED.);
#437=B_SPLINE_SURFACE_WITH_KNOTS('',3,1,((#7305,#7306),(#7307,#7308),(#7309,
#7310),(#7311,#7312),(#7313,#7314)),.UNSPECIFIED.,.F.,.F.,.F.,(4,1,4),(2,
2),(0.,0.0519572702126881,0.11549835984805),(0.,0.2),.UNSPECIFIED.);
#438=B_SPLINE_SURFACE_WITH_KNOTS('',3,1,((#7328,#7329),(#7330,#7331),(#7332,
#7333),(#7334,#7335),(#7336,#7337)),.UNSPECIFIED.,.F.,.F.,.F.,(4,1,4),(2,
2),(0.,0.0459696664412685,0.0921673436428854),(0.,0.2),.UNSPECIFIED.);
#439=B_SPLINE_SURFACE_WITH_KNOTS('',3,1,((#7351,#7352),(#7353,#7354),(#7355,
#7356),(#7357,#7358),(#7359,#7360)),.UNSPECIFIED.,.F.,.F.,.F.,(4,1,4),(2,
2),(0.,0.0305205655370338,0.0614266014490348),(0.,0.2),.UNSPECIFIED.);
#440=B_SPLINE_SURFACE_WITH_KNOTS('',3,1,((#7374,#7375),(#7376,#7377),(#7378,
#7379),(#7380,#7381),(#7382,#7383)),.UNSPECIFIED.,.F.,.F.,.F.,(4,1,4),(2,
2),(0.,0.0324778767919981,0.063457300199447),(0.,0.2),.UNSPECIFIED.);
#441=B_SPLINE_SURFACE_WITH_KNOTS('',3,1,((#7397,#7398),(#7399,#7400),(#7401,
#7402),(#7403,#7404),(#7405,#7406)),.UNSPECIFIED.,.F.,.F.,.F.,(4,1,4),(2,
2),(0.,0.0656635091279196,0.110059724346809),(0.,0.2),.UNSPECIFIED.);
#442=B_SPLINE_SURFACE_WITH_KNOTS('',3,1,((#7420,#7421),(#7422,#7423),(#7424,
#7425),(#7426,#7427),(#7428,#7429)),.UNSPECIFIED.,.F.,.F.,.F.,(4,1,4),(2,
2),(0.,0.087288883804619,0.206169984536186),(0.,0.2),.UNSPECIFIED.);
#443=B_SPLINE_SURFACE_WITH_KNOTS('',3,1,((#7455,#7456),(#7457,#7458),(#7459,
#7460),(#7461,#7462),(#7463,#7464)),.UNSPECIFIED.,.F.,.F.,.F.,(4,1,4),(2,
2),(0.,0.0459336706773219,0.0926772599820616),(0.,0.2),.UNSPECIFIED.);
#444=B_SPLINE_SURFACE_WITH_KNOTS('',3,1,((#7478,#7479),(#7480,#7481),(#7482,
#7483),(#7484,#7485),(#7486,#7487)),.UNSPECIFIED.,.F.,.F.,.F.,(4,1,4),(2,
2),(0.,0.13976477813332,0.216814381660206),(0.,0.2),.UNSPECIFIED.);
#445=B_SPLINE_SURFACE_WITH_KNOTS('',3,1,((#7507,#7508),(#7509,#7510),(#7511,
#7512),(#7513,#7514),(#7515,#7516)),.UNSPECIFIED.,.F.,.F.,.F.,(4,1,4),(2,
2),(0.,0.0442376046344522,0.113490587031116),(0.,0.2),.UNSPECIFIED.);
#446=B_SPLINE_SURFACE_WITH_KNOTS('',3,1,((#7530,#7531),(#7532,#7533),(#7534,
#7535),(#7536,#7537),(#7538,#7539)),.UNSPECIFIED.,.F.,.F.,.F.,(4,1,4),(2,
2),(0.,0.0440343681219237,0.0925428660209348),(0.,0.2),.UNSPECIFIED.);
#447=B_SPLINE_SURFACE_WITH_KNOTS('',3,1,((#7553,#7554),(#7555,#7556),(#7557,
#7558),(#7559,#7560),(#7561,#7562)),.UNSPECIFIED.,.F.,.F.,.F.,(4,1,4),(2,
2),(0.,0.0560182437459065,0.10226064520539),(0.,0.2),.UNSPECIFIED.);
#448=B_SPLINE_SURFACE_WITH_KNOTS('',3,1,((#7576,#7577),(#7578,#7579),(#7580,
#7581),(#7582,#7583),(#7584,#7585)),.UNSPECIFIED.,.F.,.F.,.F.,(4,1,4),(2,
2),(0.,0.0842490288690106,0.152907428967792),(0.,0.2),.UNSPECIFIED.);
#449=B_SPLINE_SURFACE_WITH_KNOTS('',3,1,((#7599,#7600),(#7601,#7602),(#7603,
#7604),(#7605,#7606),(#7607,#7608)),.UNSPECIFIED.,.F.,.F.,.F.,(4,1,4),(2,
2),(0.,0.0789354715082124,0.166992335577243),(0.,0.2),.UNSPECIFIED.);
#450=B_SPLINE_SURFACE_WITH_KNOTS('',3,1,((#7622,#7623),(#7624,#7625),(#7626,
#7627),(#7628,#7629),(#7630,#7631)),.UNSPECIFIED.,.F.,.F.,.F.,(4,1,4),(2,
2),(0.,0.0621628806937703,0.132021374164618),(0.,0.2),.UNSPECIFIED.);
#451=B_SPLINE_SURFACE_WITH_KNOTS('',3,1,((#7645,#7646),(#7647,#7648),(#7649,
#7650),(#7651,#7652),(#7653,#7654)),.UNSPECIFIED.,.F.,.F.,.F.,(4,1,4),(2,
2),(0.,0.0729512607582008,0.136549429659342),(0.,0.2),.UNSPECIFIED.);
#452=B_SPLINE_SURFACE_WITH_KNOTS('',3,1,((#7674,#7675),(#7676,#7677),(#7678,
#7679),(#7680,#7681),(#7682,#7683)),.UNSPECIFIED.,.F.,.F.,.F.,(4,1,4),(2,
2),(0.,0.0552779157641341,0.125347290649906),(0.,0.2),.UNSPECIFIED.);
#453=B_SPLINE_SURFACE_WITH_KNOTS('',3,1,((#7697,#7698),(#7699,#7700),(#7701,
#7702),(#7703,#7704),(#7705,#7706)),.UNSPECIFIED.,.F.,.F.,.F.,(4,1,4),(2,
2),(0.,0.0756712033288544,0.132995253802452),(0.,0.2),.UNSPECIFIED.);
#454=B_SPLINE_SURFACE_WITH_KNOTS('',3,1,((#7720,#7721),(#7722,#7723),(#7724,
#7725),(#7726,#7727),(#7728,#7729)),.UNSPECIFIED.,.F.,.F.,.F.,(4,1,4),(2,
2),(0.,0.0662969989416452,0.148303098151727),(0.,0.2),.UNSPECIFIED.);
#455=B_SPLINE_SURFACE_WITH_KNOTS('',3,1,((#7743,#7744),(#7745,#7746),(#7747,
#7748),(#7749,#7750),(#7751,#7752)),.UNSPECIFIED.,.F.,.F.,.F.,(4,1,4),(2,
2),(0.,0.0645381480341668,0.11379637741595),(0.,0.2),.UNSPECIFIED.);
#456=B_SPLINE_SURFACE_WITH_KNOTS('',3,1,((#7766,#7767),(#7768,#7769),(#7770,
#7771),(#7772,#7773),(#7774,#7775)),.UNSPECIFIED.,.F.,.F.,.F.,(4,1,4),(2,
2),(0.,0.0206406955375392,0.0320676446753198),(0.,0.2),.UNSPECIFIED.);
#457=B_SPLINE_SURFACE_WITH_KNOTS('',3,1,((#7789,#7790),(#7791,#7792),(#7793,
#7794),(#7795,#7796),(#7797,#7798)),.UNSPECIFIED.,.F.,.F.,.F.,(4,1,4),(2,
2),(0.,0.130548314350922,0.223278473430487),(0.,0.2),.UNSPECIFIED.);
#458=B_SPLINE_SURFACE_WITH_KNOTS('',3,1,((#7812,#7813),(#7814,#7815),(#7816,
#7817),(#7818,#7819),(#7820,#7821)),.UNSPECIFIED.,.F.,.F.,.F.,(4,1,4),(2,
2),(0.,0.0463210325416278,0.110737136295269),(0.,0.2),.UNSPECIFIED.);
#459=B_SPLINE_SURFACE_WITH_KNOTS('',3,1,((#7835,#7836),(#7837,#7838),(#7839,
#7840),(#7841,#7842),(#7843,#7844)),.UNSPECIFIED.,.F.,.F.,.F.,(4,1,4),(2,
2),(0.,0.0477944221479212,0.0973963444026582),(0.,0.2),.UNSPECIFIED.);
#460=B_SPLINE_SURFACE_WITH_KNOTS('',3,1,((#7858,#7859),(#7860,#7861),(#7862,
#7863),(#7864,#7865),(#7866,#7867)),.UNSPECIFIED.,.F.,.F.,.F.,(4,1,4),(2,
2),(0.,0.0485198600610845,0.095596229195504),(0.,0.2),.UNSPECIFIED.);
#461=B_SPLINE_SURFACE_WITH_KNOTS('',3,1,((#7881,#7882),(#7883,#7884),(#7885,
#7886),(#7887,#7888),(#7889,#7890)),.UNSPECIFIED.,.F.,.F.,.F.,(4,1,4),(2,
2),(0.,0.0512625259506235,0.100996717335343),(0.,0.2),.UNSPECIFIED.);
#462=B_SPLINE_SURFACE_WITH_KNOTS('',3,1,((#7904,#7905),(#7906,#7907),(#7908,
#7909),(#7910,#7911),(#7912,#7913)),.UNSPECIFIED.,.F.,.F.,.F.,(4,1,4),(2,
2),(0.,0.082003403144296,0.166166798663205),(0.,0.2),.UNSPECIFIED.);
#463=B_SPLINE_SURFACE_WITH_KNOTS('',3,1,((#7927,#7928),(#7929,#7930),(#7931,
#7932),(#7933,#7934),(#7935,#7936)),.UNSPECIFIED.,.F.,.F.,.F.,(4,1,4),(2,
2),(0.,0.106561563475196,0.19593117347178),(0.,0.2),.UNSPECIFIED.);
#464=B_SPLINE_SURFACE_WITH_KNOTS('',3,1,((#7950,#7951),(#7952,#7953),(#7954,
#7955),(#7956,#7957),(#7958,#7959)),.UNSPECIFIED.,.F.,.F.,.F.,(4,1,4),(2,
2),(0.,0.0678061537873633,0.138063645783844),(0.,0.2),.UNSPECIFIED.);
#465=B_SPLINE_SURFACE_WITH_KNOTS('',3,1,((#7973,#7974),(#7975,#7976),(#7977,
#7978),(#7979,#7980),(#7981,#7982)),.UNSPECIFIED.,.F.,.F.,.F.,(4,1,4),(2,
2),(0.,0.0832216436568256,0.155291636657958),(0.,0.2),.UNSPECIFIED.);
#466=B_SPLINE_SURFACE_WITH_KNOTS('',3,1,((#7996,#7997),(#7998,#7999),(#8000,
#8001),(#8002,#8003),(#8004,#8005)),.UNSPECIFIED.,.F.,.F.,.F.,(4,1,4),(2,
2),(0.,0.044309780162978,0.0930428945163197),(0.,0.2),.UNSPECIFIED.);
#467=B_SPLINE_SURFACE_WITH_KNOTS('',3,1,((#8026,#8027),(#8028,#8029),(#8030,
#8031),(#8032,#8033),(#8034,#8035)),.UNSPECIFIED.,.F.,.F.,.F.,(4,1,4),(2,
2),(0.,0.0702509813133225,0.145119006326439),(0.,0.2),.UNSPECIFIED.);
#468=B_SPLINE_SURFACE_WITH_KNOTS('',3,1,((#8049,#8050),(#8051,#8052),(#8053,
#8054),(#8055,#8056),(#8057,#8058)),.UNSPECIFIED.,.F.,.F.,.F.,(4,1,4),(2,
2),(0.,0.0398664351918436,0.0822767776851653),(0.,0.2),.UNSPECIFIED.);
#469=B_SPLINE_SURFACE_WITH_KNOTS('',3,1,((#8072,#8073),(#8074,#8075),(#8076,
#8077),(#8078,#8079),(#8080,#8081)),.UNSPECIFIED.,.F.,.F.,.F.,(4,1,4),(2,
2),(0.,0.0386761690622372,0.0773165921252373),(0.,0.2),.UNSPECIFIED.);
#470=B_SPLINE_SURFACE_WITH_KNOTS('',3,1,((#8095,#8096),(#8097,#8098),(#8099,
#8100),(#8101,#8102),(#8103,#8104)),.UNSPECIFIED.,.F.,.F.,.F.,(4,1,4),(2,
2),(0.,0.0492437248316367,0.094752437497521),(0.,0.2),.UNSPECIFIED.);
#471=B_SPLINE_SURFACE_WITH_KNOTS('',3,1,((#8124,#8125),(#8126,#8127),(#8128,
#8129),(#8130,#8131),(#8132,#8133)),.UNSPECIFIED.,.F.,.F.,.F.,(4,1,4),(2,
2),(0.,0.0633620984235782,0.133551277756489),(0.,0.2),.UNSPECIFIED.);
#472=B_SPLINE_SURFACE_WITH_KNOTS('',3,1,((#8147,#8148),(#8149,#8150),(#8151,
#8152),(#8153,#8154),(#8155,#8156)),.UNSPECIFIED.,.F.,.F.,.F.,(4,1,4),(2,
2),(0.,0.0418701297237398,0.0835086649442082),(0.,0.2),.UNSPECIFIED.);
#473=B_SPLINE_SURFACE_WITH_KNOTS('',3,1,((#8170,#8171),(#8172,#8173),(#8174,
#8175),(#8176,#8177),(#8178,#8179)),.UNSPECIFIED.,.F.,.F.,.F.,(4,1,4),(2,
2),(0.,0.0757877164406787,0.128905402756581),(0.,0.2),.UNSPECIFIED.);
#474=B_SPLINE_SURFACE_WITH_KNOTS('',3,1,((#8240,#8241),(#8242,#8243),(#8244,
#8245),(#8246,#8247),(#8248,#8249)),.UNSPECIFIED.,.F.,.F.,.F.,(4,1,4),(2,
2),(0.,0.0672565814001346,0.13101507079722),(0.,0.2),.UNSPECIFIED.);
#475=B_SPLINE_SURFACE_WITH_KNOTS('',3,1,((#8266,#8267),(#8268,#8269),(#8270,
#8271),(#8272,#8273),(#8274,#8275)),.UNSPECIFIED.,.F.,.F.,.F.,(4,1,4),(2,
2),(0.,0.0813502991674911,0.164526108048989),(0.,0.2),.UNSPECIFIED.);
#476=B_SPLINE_SURFACE_WITH_KNOTS('',3,1,((#8289,#8290),(#8291,#8292),(#8293,
#8294),(#8295,#8296),(#8297,#8298)),.UNSPECIFIED.,.F.,.F.,.F.,(4,1,4),(2,
2),(0.,0.126796746290547,0.22258970855907),(0.,0.2),.UNSPECIFIED.);
#477=B_SPLINE_SURFACE_WITH_KNOTS('',3,1,((#8312,#8313),(#8314,#8315),(#8316,
#8317),(#8318,#8319),(#8320,#8321)),.UNSPECIFIED.,.F.,.F.,.F.,(4,1,4),(2,
2),(0.,0.0962467366487209,0.22166086141128),(0.,0.2),.UNSPECIFIED.);
#478=B_SPLINE_SURFACE_WITH_KNOTS('',3,1,((#8335,#8336),(#8337,#8338),(#8339,
#8340),(#8341,#8342),(#8343,#8344)),.UNSPECIFIED.,.F.,.F.,.F.,(4,1,4),(2,
2),(0.,0.0857007228624083,0.168971597771821),(0.,0.2),.UNSPECIFIED.);
#479=B_SPLINE_SURFACE_WITH_KNOTS('',3,1,((#8358,#8359),(#8360,#8361),(#8362,
#8363),(#8364,#8365),(#8366,#8367)),.UNSPECIFIED.,.F.,.F.,.F.,(4,1,4),(2,
2),(0.,0.0552387047223713,0.11285202102294),(0.,0.2),.UNSPECIFIED.);
#480=B_SPLINE_SURFACE_WITH_KNOTS('',3,1,((#8381,#8382),(#8383,#8384),(#8385,
#8386),(#8387,#8388),(#8389,#8390)),.UNSPECIFIED.,.F.,.F.,.F.,(4,1,4),(2,
2),(0.,0.068171590920224,0.126949971326253),(0.,0.2),.UNSPECIFIED.);
#481=B_SPLINE_SURFACE_WITH_KNOTS('',3,1,((#8410,#8411),(#8412,#8413),(#8414,
#8415),(#8416,#8417),(#8418,#8419)),.UNSPECIFIED.,.F.,.F.,.F.,(4,1,4),(2,
2),(0.,0.0948982160687918,0.198162194384301),(0.,0.2),.UNSPECIFIED.);
#482=B_SPLINE_SURFACE_WITH_KNOTS('',3,1,((#8433,#8434),(#8435,#8436),(#8437,
#8438),(#8439,#8440),(#8441,#8442)),.UNSPECIFIED.,.F.,.F.,.F.,(4,1,4),(2,
2),(0.,0.10829741231698,0.205053274383805),(0.,0.2),.UNSPECIFIED.);
#483=B_SPLINE_SURFACE_WITH_KNOTS('',3,1,((#8456,#8457),(#8458,#8459),(#8460,
#8461),(#8462,#8463),(#8464,#8465)),.UNSPECIFIED.,.F.,.F.,.F.,(4,1,4),(2,
2),(0.,0.0892851509035671,0.17991093226805),(0.,0.2),.UNSPECIFIED.);
#484=B_SPLINE_SURFACE_WITH_KNOTS('',3,1,((#8479,#8480),(#8481,#8482),(#8483,
#8484),(#8485,#8486),(#8487,#8488)),.UNSPECIFIED.,.F.,.F.,.F.,(4,1,4),(2,
2),(0.,0.0912798224588716,0.179767577197229),(0.,0.2),.UNSPECIFIED.);
#485=B_SPLINE_SURFACE_WITH_KNOTS('',3,1,((#8502,#8503),(#8504,#8505),(#8506,
#8507),(#8508,#8509),(#8510,#8511)),.UNSPECIFIED.,.F.,.F.,.F.,(4,1,4),(2,
2),(0.,0.11042188657985,0.210109756512769),(0.,0.2),.UNSPECIFIED.);
#486=B_SPLINE_SURFACE_WITH_KNOTS('',3,1,((#8525,#8526),(#8527,#8528),(#8529,
#8530),(#8531,#8532),(#8533,#8534)),.UNSPECIFIED.,.F.,.F.,.F.,(4,1,4),(2,
2),(0.,0.136313609126734,0.298282801706498),(0.,0.2),.UNSPECIFIED.);
#487=B_SPLINE_SURFACE_WITH_KNOTS('',3,1,((#8548,#8549),(#8550,#8551),(#8552,
#8553),(#8554,#8555),(#8556,#8557)),.UNSPECIFIED.,.F.,.F.,.F.,(4,1,4),(2,
2),(0.,0.136307226157253,0.264103462343074),(0.,0.2),.UNSPECIFIED.);
#488=B_SPLINE_SURFACE_WITH_KNOTS('',3,1,((#8571,#8572),(#8573,#8574),(#8575,
#8576),(#8577,#8578),(#8579,#8580)),.UNSPECIFIED.,.F.,.F.,.F.,(4,1,4),(2,
2),(0.,0.105118417556833,0.215929336624356),(0.,0.2),.UNSPECIFIED.);
#489=B_SPLINE_SURFACE_WITH_KNOTS('',3,1,((#8594,#8595),(#8596,#8597),(#8598,
#8599),(#8600,#8601),(#8602,#8603)),.UNSPECIFIED.,.F.,.F.,.F.,(4,1,4),(2,
2),(0.,0.116711590122897,0.223712543754583),(0.,0.2),.UNSPECIFIED.);
#490=B_SPLINE_SURFACE_WITH_KNOTS('',3,1,((#8623,#8624),(#8625,#8626),(#8627,
#8628),(#8629,#8630),(#8631,#8632)),.UNSPECIFIED.,.F.,.F.,.F.,(4,1,4),(2,
2),(0.,0.0687910448188491,0.151860308540899),(0.,0.2),.UNSPECIFIED.);
#491=B_SPLINE_SURFACE_WITH_KNOTS('',3,1,((#8669,#8670),(#8671,#8672),(#8673,
#8674),(#8675,#8676),(#8677,#8678)),.UNSPECIFIED.,.F.,.F.,.F.,(4,1,4),(2,
2),(0.,0.125264493380398,0.226170020033292),(0.,0.2),.UNSPECIFIED.);
#492=B_SPLINE_SURFACE_WITH_KNOTS('',3,1,((#8695,#8696),(#8697,#8698),(#8699,
#8700),(#8701,#8702),(#8703,#8704)),.UNSPECIFIED.,.F.,.F.,.F.,(4,1,4),(2,
2),(0.,0.0753269599691056,0.156498879599064),(0.,0.2),.UNSPECIFIED.);
#493=B_SPLINE_SURFACE_WITH_KNOTS('',3,1,((#8718,#8719),(#8720,#8721),(#8722,
#8723),(#8724,#8725),(#8726,#8727)),.UNSPECIFIED.,.F.,.F.,.F.,(4,1,4),(2,
2),(0.,0.0650075600561553,0.13453987389407),(0.,0.2),.UNSPECIFIED.);
#494=B_SPLINE_SURFACE_WITH_KNOTS('',3,1,((#8741,#8742),(#8743,#8744),(#8745,
#8746),(#8747,#8748),(#8749,#8750)),.UNSPECIFIED.,.F.,.F.,.F.,(4,1,4),(2,
2),(0.,0.0602696174507591,0.122395389736737),(0.,0.2),.UNSPECIFIED.);
#495=B_SPLINE_SURFACE_WITH_KNOTS('',3,1,((#8764,#8765),(#8766,#8767),(#8768,
#8769),(#8770,#8771),(#8772,#8773)),.UNSPECIFIED.,.F.,.F.,.F.,(4,1,4),(2,
2),(0.,0.0522633461313371,0.110367742027447),(0.,0.2),.UNSPECIFIED.);
#496=B_SPLINE_SURFACE_WITH_KNOTS('',3,1,((#8787,#8788),(#8789,#8790),(#8791,
#8792),(#8793,#8794),(#8795,#8796)),.UNSPECIFIED.,.F.,.F.,.F.,(4,1,4),(2,
2),(0.,0.0534040838797845,0.104439305334663),(0.,0.2),.UNSPECIFIED.);
#497=B_SPLINE_SURFACE_WITH_KNOTS('',3,1,((#8810,#8811),(#8812,#8813),(#8814,
#8815),(#8816,#8817),(#8818,#8819)),.UNSPECIFIED.,.F.,.F.,.F.,(4,1,4),(2,
2),(0.,0.115025359444378,0.190592255405525),(0.,0.2),.UNSPECIFIED.);
#498=B_SPLINE_SURFACE_WITH_KNOTS('',3,1,((#8833,#8834),(#8835,#8836),(#8837,
#8838),(#8839,#8840),(#8841,#8842)),.UNSPECIFIED.,.F.,.F.,.F.,(4,1,4),(2,
2),(0.,0.0380270919423356,0.112916225070249),(0.,0.2),.UNSPECIFIED.);
#499=B_SPLINE_SURFACE_WITH_KNOTS('',3,1,((#8856,#8857),(#8858,#8859),(#8860,
#8861),(#8862,#8863),(#8864,#8865)),.UNSPECIFIED.,.F.,.F.,.F.,(4,1,4),(2,
2),(0.,0.0264215225702992,0.0578498931280283),(0.,0.2),.UNSPECIFIED.);
#500=B_SPLINE_SURFACE_WITH_KNOTS('',3,1,((#8879,#8880),(#8881,#8882),(#8883,
#8884),(#8885,#8886),(#8887,#8888)),.UNSPECIFIED.,.F.,.F.,.F.,(4,1,4),(2,
2),(0.,0.02298896500722,0.0461944786594609),(0.,0.2),.UNSPECIFIED.);
#501=B_SPLINE_SURFACE_WITH_KNOTS('',3,1,((#8902,#8903),(#8904,#8905),(#8906,
#8907),(#8908,#8909),(#8910,#8911)),.UNSPECIFIED.,.F.,.F.,.F.,(4,1,4),(2,
2),(0.,0.0407015144629629,0.0769751180786286),(0.,0.2),.UNSPECIFIED.);
#502=B_SPLINE_SURFACE_WITH_KNOTS('',3,1,((#8925,#8926),(#8927,#8928),(#8929,
#8930),(#8931,#8932),(#8933,#8934)),.UNSPECIFIED.,.F.,.F.,.F.,(4,1,4),(2,
2),(0.,0.072812381334673,0.125434282157279),(0.,0.2),.UNSPECIFIED.);
#503=B_SPLINE_SURFACE_WITH_KNOTS('',3,1,((#8948,#8949),(#8950,#8951),(#8952,
#8953),(#8954,#8955),(#8956,#8957)),.UNSPECIFIED.,.F.,.F.,.F.,(4,1,4),(2,
2),(0.,0.0528511496025701,0.116856962316291),(0.,0.2),.UNSPECIFIED.);
#504=B_SPLINE_SURFACE_WITH_KNOTS('',3,1,((#8971,#8972),(#8973,#8974),(#8975,
#8976),(#8977,#8978),(#8979,#8980)),.UNSPECIFIED.,.F.,.F.,.F.,(4,1,4),(2,
2),(0.,0.0522858386284682,0.101249704576685),(0.,0.2),.UNSPECIFIED.);
#505=B_SPLINE_SURFACE_WITH_KNOTS('',3,1,((#9000,#9001),(#9002,#9003),(#9004,
#9005),(#9006,#9007),(#9008,#9009)),.UNSPECIFIED.,.F.,.F.,.F.,(4,1,4),(2,
2),(0.,0.0554584002222632,0.12072705699977),(0.,0.2),.UNSPECIFIED.);
#506=B_SPLINE_SURFACE_WITH_KNOTS('',3,1,((#9023,#9024),(#9025,#9026),(#9027,
#9028),(#9029,#9030),(#9031,#9032)),.UNSPECIFIED.,.F.,.F.,.F.,(4,1,4),(2,
2),(0.,0.0630375080503729,0.117311159713042),(0.,0.2),.UNSPECIFIED.);
#507=B_SPLINE_SURFACE_WITH_KNOTS('',3,1,((#9046,#9047),(#9048,#9049),(#9050,
#9051),(#9052,#9053),(#9054,#9055)),.UNSPECIFIED.,.F.,.F.,.F.,(4,1,4),(2,
2),(0.,0.0802997914631077,0.152355861806031),(0.,0.2),.UNSPECIFIED.);
#508=B_SPLINE_SURFACE_WITH_KNOTS('',3,1,((#9069,#9070),(#9071,#9072),(#9073,
#9074),(#9075,#9076),(#9077,#9078)),.UNSPECIFIED.,.F.,.F.,.F.,(4,1,4),(2,
2),(0.,0.052412127853234,0.107360370679453),(0.,0.2),.UNSPECIFIED.);
#509=B_SPLINE_SURFACE_WITH_KNOTS('',3,1,((#9092,#9093),(#9094,#9095),(#9096,
#9097),(#9098,#9099),(#9100,#9101)),.UNSPECIFIED.,.F.,.F.,.F.,(4,1,4),(2,
2),(0.,0.039078485868669,0.0862331918900633),(0.,0.2),.UNSPECIFIED.);
#510=B_SPLINE_SURFACE_WITH_KNOTS('',3,1,((#9115,#9116),(#9117,#9118),(#9119,
#9120),(#9121,#9122),(#9123,#9124)),.UNSPECIFIED.,.F.,.F.,.F.,(4,1,4),(2,
2),(0.,0.0459566172450847,0.0919624639945723),(0.,0.2),.UNSPECIFIED.);
#511=B_SPLINE_SURFACE_WITH_KNOTS('',3,1,((#9138,#9139),(#9140,#9141),(#9142,
#9143),(#9144,#9145),(#9146,#9147)),.UNSPECIFIED.,.F.,.F.,.F.,(4,1,4),(2,
2),(0.,0.0469686546395782,0.0931266353065198),(0.,0.2),.UNSPECIFIED.);
#512=B_SPLINE_SURFACE_WITH_KNOTS('',3,1,((#9161,#9162),(#9163,#9164),(#9165,
#9166),(#9167,#9168),(#9169,#9170)),.UNSPECIFIED.,.F.,.F.,.F.,(4,1,4),(2,
2),(0.,0.0505173065535383,0.101864855674107),(0.,0.2),.UNSPECIFIED.);
#513=B_SPLINE_SURFACE_WITH_KNOTS('',3,1,((#9184,#9185),(#9186,#9187),(#9188,
#9189),(#9190,#9191),(#9192,#9193)),.UNSPECIFIED.,.F.,.F.,.F.,(4,1,4),(2,
2),(0.,0.054633398929602,0.106055230128558),(0.,0.2),.UNSPECIFIED.);
#514=B_SPLINE_SURFACE_WITH_KNOTS('',3,1,((#9207,#9208),(#9209,#9210),(#9211,
#9212),(#9213,#9214),(#9215,#9216)),.UNSPECIFIED.,.F.,.F.,.F.,(4,1,4),(2,
2),(0.,0.118682517440957,0.196494041604928),(0.,0.2),.UNSPECIFIED.);
#515=B_SPLINE_SURFACE_WITH_KNOTS('',3,1,((#9230,#9231),(#9232,#9233),(#9234,
#9235),(#9236,#9237),(#9238,#9239)),.UNSPECIFIED.,.F.,.F.,.F.,(4,1,4),(2,
2),(0.,0.0477626979439927,0.132465447861098),(0.,0.2),.UNSPECIFIED.);
#516=B_SPLINE_SURFACE_WITH_KNOTS('',3,1,((#9253,#9254),(#9255,#9256),(#9257,
#9258),(#9259,#9260),(#9261,#9262)),.UNSPECIFIED.,.F.,.F.,.F.,(4,1,4),(2,
2),(0.,0.038258922887553,0.0774579637553417),(0.,0.2),.UNSPECIFIED.);
#517=B_SPLINE_SURFACE_WITH_KNOTS('',3,1,((#9276,#9277),(#9278,#9279),(#9280,
#9281),(#9282,#9283),(#9284,#9285)),.UNSPECIFIED.,.F.,.F.,.F.,(4,1,4),(2,
2),(0.,0.048408243160958,0.0929984725768322),(0.,0.2),.UNSPECIFIED.);
#518=B_SPLINE_SURFACE_WITH_KNOTS('',3,1,((#9299,#9300),(#9301,#9302),(#9303,
#9304),(#9305,#9306),(#9307,#9308)),.UNSPECIFIED.,.F.,.F.,.F.,(4,1,4),(2,
2),(0.,0.0741715634583177,0.132094318242236),(0.,0.2),.UNSPECIFIED.);
#519=B_SPLINE_SURFACE_WITH_KNOTS('',3,1,((#9322,#9323),(#9324,#9325),(#9326,
#9327),(#9328,#9329),(#9330,#9331)),.UNSPECIFIED.,.F.,.F.,.F.,(4,1,4),(2,
2),(0.,0.0631551948361298,0.138393588477396),(0.,0.2),.UNSPECIFIED.);
#520=B_SPLINE_SURFACE_WITH_KNOTS('',3,1,((#9345,#9346),(#9347,#9348),(#9349,
#9350),(#9351,#9352),(#9353,#9354)),.UNSPECIFIED.,.F.,.F.,.F.,(4,1,4),(2,
2),(0.,0.0673043672973322,0.127814267735121),(0.,0.2),.UNSPECIFIED.);
#521=B_SPLINE_SURFACE_WITH_KNOTS('',3,1,((#9374,#9375),(#9376,#9377),(#9378,
#9379),(#9380,#9381),(#9382,#9383)),.UNSPECIFIED.,.F.,.F.,.F.,(4,1,4),(2,
2),(0.,0.0947503550852873,0.201391014785672),(0.,0.2),.UNSPECIFIED.);
#522=B_SPLINE_SURFACE_WITH_KNOTS('',3,1,((#9452,#9453),(#9454,#9455),(#9456,
#9457),(#9458,#9459),(#9460,#9461)),.UNSPECIFIED.,.F.,.F.,.F.,(4,1,4),(2,
2),(0.,0.070808602073082,0.168902438849487),(0.,0.2),.UNSPECIFIED.);
#523=B_SPLINE_SURFACE_WITH_KNOTS('',3,1,((#9475,#9476),(#9477,#9478),(#9479,
#9480),(#9481,#9482),(#9483,#9484)),.UNSPECIFIED.,.F.,.F.,.F.,(4,1,4),(2,
2),(0.,0.0909760448787288,0.155534749184825),(0.,0.2),.UNSPECIFIED.);
#524=FACE_OUTER_BOUND('',#780,.T.);
#525=FACE_OUTER_BOUND('',#781,.T.);
#526=FACE_OUTER_BOUND('',#782,.T.);
#527=FACE_OUTER_BOUND('',#783,.T.);
#528=FACE_OUTER_BOUND('',#784,.T.);
#529=FACE_OUTER_BOUND('',#785,.T.);
#530=FACE_OUTER_BOUND('',#786,.T.);
#531=FACE_OUTER_BOUND('',#787,.T.);
#532=FACE_OUTER_BOUND('',#788,.T.);
#533=FACE_OUTER_BOUND('',#789,.T.);
#534=FACE_OUTER_BOUND('',#790,.T.);
#535=FACE_OUTER_BOUND('',#791,.T.);
#536=FACE_OUTER_BOUND('',#792,.T.);
#537=FACE_OUTER_BOUND('',#793,.T.);
#538=FACE_OUTER_BOUND('',#794,.T.);
#539=FACE_OUTER_BOUND('',#795,.T.);
#540=FACE_OUTER_BOUND('',#796,.T.);
#541=FACE_OUTER_BOUND('',#797,.T.);
#542=FACE_OUTER_BOUND('',#798,.T.);
#543=FACE_OUTER_BOUND('',#799,.T.);
#544=FACE_OUTER_BOUND('',#800,.T.);
#545=FACE_OUTER_BOUND('',#801,.T.);
#546=FACE_OUTER_BOUND('',#802,.T.);
#547=FACE_OUTER_BOUND('',#803,.T.);
#548=FACE_OUTER_BOUND('',#804,.T.);
#549=FACE_OUTER_BOUND('',#805,.T.);
#550=FACE_OUTER_BOUND('',#806,.T.);
#551=FACE_OUTER_BOUND('',#807,.T.);
#552=FACE_OUTER_BOUND('',#808,.T.);
#553=FACE_OUTER_BOUND('',#809,.T.);
#554=FACE_OUTER_BOUND('',#810,.T.);
#555=FACE_OUTER_BOUND('',#811,.T.);
#556=FACE_OUTER_BOUND('',#812,.T.);
#557=FACE_OUTER_BOUND('',#813,.T.);
#558=FACE_OUTER_BOUND('',#814,.T.);
#559=FACE_OUTER_BOUND('',#815,.T.);
#560=FACE_OUTER_BOUND('',#816,.T.);
#561=FACE_OUTER_BOUND('',#817,.T.);
#562=FACE_OUTER_BOUND('',#818,.T.);
#563=FACE_OUTER_BOUND('',#819,.T.);
#564=FACE_OUTER_BOUND('',#820,.T.);
#565=FACE_OUTER_BOUND('',#821,.T.);
#566=FACE_OUTER_BOUND('',#822,.T.);
#567=FACE_OUTER_BOUND('',#823,.T.);
#568=FACE_OUTER_BOUND('',#824,.T.);
#569=FACE_OUTER_BOUND('',#825,.T.);
#570=FACE_OUTER_BOUND('',#826,.T.);
#571=FACE_OUTER_BOUND('',#827,.T.);
#572=FACE_OUTER_BOUND('',#828,.T.);
#573=FACE_OUTER_BOUND('',#829,.T.);
#574=FACE_OUTER_BOUND('',#830,.T.);
#575=FACE_OUTER_BOUND('',#831,.T.);
#576=FACE_OUTER_BOUND('',#832,.T.);
#577=FACE_OUTER_BOUND('',#833,.T.);
#578=FACE_OUTER_BOUND('',#834,.T.);
#579=FACE_OUTER_BOUND('',#835,.T.);
#580=FACE_OUTER_BOUND('',#836,.T.);
#581=FACE_OUTER_BOUND('',#837,.T.);
#582=FACE_OUTER_BOUND('',#838,.T.);
#583=FACE_OUTER_BOUND('',#839,.T.);
#584=FACE_OUTER_BOUND('',#840,.T.);
#585=FACE_OUTER_BOUND('',#841,.T.);
#586=FACE_OUTER_BOUND('',#842,.T.);
#587=FACE_OUTER_BOUND('',#843,.T.);
#588=FACE_OUTER_BOUND('',#844,.T.);
#589=FACE_OUTER_BOUND('',#845,.T.);
#590=FACE_OUTER_BOUND('',#846,.T.);
#591=FACE_OUTER_BOUND('',#847,.T.);
#592=FACE_OUTER_BOUND('',#848,.T.);
#593=FACE_OUTER_BOUND('',#849,.T.);
#594=FACE_OUTER_BOUND('',#850,.T.);
#595=FACE_OUTER_BOUND('',#851,.T.);
#596=FACE_OUTER_BOUND('',#852,.T.);
#597=FACE_OUTER_BOUND('',#853,.T.);
#598=FACE_OUTER_BOUND('',#854,.T.);
#599=FACE_OUTER_BOUND('',#855,.T.);
#600=FACE_OUTER_BOUND('',#856,.T.);
#601=FACE_OUTER_BOUND('',#857,.T.);
#602=FACE_OUTER_BOUND('',#858,.T.);
#603=FACE_OUTER_BOUND('',#859,.T.);
#604=FACE_OUTER_BOUND('',#860,.T.);
#605=FACE_OUTER_BOUND('',#861,.T.);
#606=FACE_OUTER_BOUND('',#862,.T.);
#607=FACE_OUTER_BOUND('',#863,.T.);
#608=FACE_OUTER_BOUND('',#864,.T.);
#609=FACE_OUTER_BOUND('',#865,.T.);
#610=FACE_OUTER_BOUND('',#866,.T.);
#611=FACE_OUTER_BOUND('',#867,.T.);
#612=FACE_OUTER_BOUND('',#868,.T.);
#613=FACE_OUTER_BOUND('',#869,.T.);
#614=FACE_OUTER_BOUND('',#870,.T.);
#615=FACE_OUTER_BOUND('',#871,.T.);
#616=FACE_OUTER_BOUND('',#873,.T.);
#617=FACE_OUTER_BOUND('',#874,.T.);
#618=FACE_OUTER_BOUND('',#875,.T.);
#619=FACE_OUTER_BOUND('',#876,.T.);
#620=FACE_OUTER_BOUND('',#877,.T.);
#621=FACE_OUTER_BOUND('',#878,.T.);
#622=FACE_OUTER_BOUND('',#879,.T.);
#623=FACE_OUTER_BOUND('',#880,.T.);
#624=FACE_OUTER_BOUND('',#881,.T.);
#625=FACE_OUTER_BOUND('',#882,.T.);
#626=FACE_OUTER_BOUND('',#883,.T.);
#627=FACE_OUTER_BOUND('',#884,.T.);
#628=FACE_OUTER_BOUND('',#885,.T.);
#629=FACE_OUTER_BOUND('',#886,.T.);
#630=FACE_OUTER_BOUND('',#887,.T.);
#631=FACE_OUTER_BOUND('',#888,.T.);
#632=FACE_OUTER_BOUND('',#889,.T.);
#633=FACE_OUTER_BOUND('',#890,.T.);
#634=FACE_OUTER_BOUND('',#891,.T.);
#635=FACE_OUTER_BOUND('',#892,.T.);
#636=FACE_OUTER_BOUND('',#893,.T.);
#637=FACE_OUTER_BOUND('',#894,.T.);
#638=FACE_OUTER_BOUND('',#895,.T.);
#639=FACE_OUTER_BOUND('',#896,.T.);
#640=FACE_OUTER_BOUND('',#897,.T.);
#641=FACE_OUTER_BOUND('',#898,.T.);
#642=FACE_OUTER_BOUND('',#899,.T.);
#643=FACE_OUTER_BOUND('',#900,.T.);
#644=FACE_OUTER_BOUND('',#901,.T.);
#645=FACE_OUTER_BOUND('',#902,.T.);
#646=FACE_OUTER_BOUND('',#903,.T.);
#647=FACE_OUTER_BOUND('',#904,.T.);
#648=FACE_OUTER_BOUND('',#905,.T.);
#649=FACE_OUTER_BOUND('',#906,.T.);
#650=FACE_OUTER_BOUND('',#907,.T.);
#651=FACE_OUTER_BOUND('',#908,.T.);
#652=FACE_OUTER_BOUND('',#909,.T.);
#653=FACE_OUTER_BOUND('',#910,.T.);
#654=FACE_OUTER_BOUND('',#912,.T.);
#655=FACE_OUTER_BOUND('',#913,.T.);
#656=FACE_OUTER_BOUND('',#914,.T.);
#657=FACE_OUTER_BOUND('',#915,.T.);
#658=FACE_OUTER_BOUND('',#916,.T.);
#659=FACE_OUTER_BOUND('',#917,.T.);
#660=FACE_OUTER_BOUND('',#918,.T.);
#661=FACE_OUTER_BOUND('',#919,.T.);
#662=FACE_OUTER_BOUND('',#920,.T.);
#663=FACE_OUTER_BOUND('',#921,.T.);
#664=FACE_OUTER_BOUND('',#922,.T.);
#665=FACE_OUTER_BOUND('',#923,.T.);
#666=FACE_OUTER_BOUND('',#924,.T.);
#667=FACE_OUTER_BOUND('',#925,.T.);
#668=FACE_OUTER_BOUND('',#926,.T.);
#669=FACE_OUTER_BOUND('',#927,.T.);
#670=FACE_OUTER_BOUND('',#928,.T.);
#671=FACE_OUTER_BOUND('',#929,.T.);
#672=FACE_OUTER_BOUND('',#930,.T.);
#673=FACE_OUTER_BOUND('',#931,.T.);
#674=FACE_OUTER_BOUND('',#932,.T.);
#675=FACE_OUTER_BOUND('',#933,.T.);
#676=FACE_OUTER_BOUND('',#934,.T.);
#677=FACE_OUTER_BOUND('',#935,.T.);
#678=FACE_OUTER_BOUND('',#936,.T.);
#679=FACE_OUTER_BOUND('',#937,.T.);
#680=FACE_OUTER_BOUND('',#938,.T.);
#681=FACE_OUTER_BOUND('',#939,.T.);
#682=FACE_OUTER_BOUND('',#940,.T.);
#683=FACE_OUTER_BOUND('',#941,.T.);
#684=FACE_OUTER_BOUND('',#942,.T.);
#685=FACE_OUTER_BOUND('',#943,.T.);
#686=FACE_OUTER_BOUND('',#944,.T.);
#687=FACE_OUTER_BOUND('',#945,.T.);
#688=FACE_OUTER_BOUND('',#946,.T.);
#689=FACE_OUTER_BOUND('',#947,.T.);
#690=FACE_OUTER_BOUND('',#948,.T.);
#691=FACE_OUTER_BOUND('',#949,.T.);
#692=FACE_OUTER_BOUND('',#950,.T.);
#693=FACE_OUTER_BOUND('',#951,.T.);
#694=FACE_OUTER_BOUND('',#952,.T.);
#695=FACE_OUTER_BOUND('',#953,.T.);
#696=FACE_OUTER_BOUND('',#954,.T.);
#697=FACE_OUTER_BOUND('',#955,.T.);
#698=FACE_OUTER_BOUND('',#956,.T.);
#699=FACE_OUTER_BOUND('',#957,.T.);
#700=FACE_OUTER_BOUND('',#958,.T.);
#701=FACE_OUTER_BOUND('',#959,.T.);
#702=FACE_OUTER_BOUND('',#960,.T.);
#703=FACE_OUTER_BOUND('',#961,.T.);
#704=FACE_OUTER_BOUND('',#962,.T.);
#705=FACE_OUTER_BOUND('',#963,.T.);
#706=FACE_OUTER_BOUND('',#964,.T.);
#707=FACE_OUTER_BOUND('',#965,.T.);
#708=FACE_OUTER_BOUND('',#966,.T.);
#709=FACE_OUTER_BOUND('',#967,.T.);
#710=FACE_OUTER_BOUND('',#968,.T.);
#711=FACE_OUTER_BOUND('',#969,.T.);
#712=FACE_OUTER_BOUND('',#970,.T.);
#713=FACE_OUTER_BOUND('',#971,.T.);
#714=FACE_OUTER_BOUND('',#972,.T.);
#715=FACE_OUTER_BOUND('',#973,.T.);
#716=FACE_OUTER_BOUND('',#974,.T.);
#717=FACE_OUTER_BOUND('',#975,.T.);
#718=FACE_OUTER_BOUND('',#976,.T.);
#719=FACE_OUTER_BOUND('',#977,.T.);
#720=FACE_OUTER_BOUND('',#978,.T.);
#721=FACE_OUTER_BOUND('',#979,.T.);
#722=FACE_OUTER_BOUND('',#980,.T.);
#723=FACE_OUTER_BOUND('',#981,.T.);
#724=FACE_OUTER_BOUND('',#982,.T.);
#725=FACE_OUTER_BOUND('',#983,.T.);
#726=FACE_OUTER_BOUND('',#984,.T.);
#727=FACE_OUTER_BOUND('',#985,.T.);
#728=FACE_OUTER_BOUND('',#986,.T.);
#729=FACE_OUTER_BOUND('',#987,.T.);
#730=FACE_OUTER_BOUND('',#988,.T.);
#731=FACE_OUTER_BOUND('',#989,.T.);
#732=FACE_OUTER_BOUND('',#990,.T.);
#733=FACE_OUTER_BOUND('',#991,.T.);
#734=FACE_OUTER_BOUND('',#992,.T.);
#735=FACE_OUTER_BOUND('',#993,.T.);
#736=FACE_OUTER_BOUND('',#994,.T.);
#737=FACE_OUTER_BOUND('',#995,.T.);
#738=FACE_OUTER_BOUND('',#996,.T.);
#739=FACE_OUTER_BOUND('',#997,.T.);
#740=FACE_OUTER_BOUND('',#998,.T.);
#741=FACE_OUTER_BOUND('',#999,.T.);
#742=FACE_OUTER_BOUND('',#1000,.T.);
#743=FACE_OUTER_BOUND('',#1001,.T.);
#744=FACE_OUTER_BOUND('',#1002,.T.);
#745=FACE_OUTER_BOUND('',#1003,.T.);
#746=FACE_OUTER_BOUND('',#1004,.T.);
#747=FACE_OUTER_BOUND('',#1005,.T.);
#748=FACE_OUTER_BOUND('',#1006,.T.);
#749=FACE_OUTER_BOUND('',#1007,.T.);
#750=FACE_OUTER_BOUND('',#1008,.T.);
#751=FACE_OUTER_BOUND('',#1009,.T.);
#752=FACE_OUTER_BOUND('',#1010,.T.);
#753=FACE_OUTER_BOUND('',#1030,.T.);
#754=FACE_OUTER_BOUND('',#1031,.T.);
#755=FACE_OUTER_BOUND('',#1032,.T.);
#756=FACE_OUTER_BOUND('',#1033,.T.);
#757=FACE_OUTER_BOUND('',#1042,.T.);
#758=FACE_OUTER_BOUND('',#1043,.T.);
#759=FACE_OUTER_BOUND('',#1044,.T.);
#760=FACE_OUTER_BOUND('',#1045,.T.);
#761=FACE_OUTER_BOUND('',#1046,.T.);
#762=FACE_OUTER_BOUND('',#1047,.T.);
#763=FACE_OUTER_BOUND('',#1048,.T.);
#764=FACE_OUTER_BOUND('',#1049,.T.);
#765=FACE_OUTER_BOUND('',#1050,.T.);
#766=FACE_OUTER_BOUND('',#1051,.T.);
#767=FACE_OUTER_BOUND('',#1052,.T.);
#768=FACE_OUTER_BOUND('',#1053,.T.);
#769=FACE_OUTER_BOUND('',#1054,.T.);
#770=FACE_OUTER_BOUND('',#1055,.T.);
#771=FACE_OUTER_BOUND('',#1056,.T.);
#772=FACE_OUTER_BOUND('',#1057,.T.);
#773=FACE_OUTER_BOUND('',#1058,.T.);
#774=FACE_OUTER_BOUND('',#1059,.T.);
#775=FACE_OUTER_BOUND('',#1060,.T.);
#776=FACE_OUTER_BOUND('',#1061,.T.);
#777=FACE_OUTER_BOUND('',#1062,.T.);
#778=FACE_OUTER_BOUND('',#1063,.T.);
#779=FACE_OUTER_BOUND('',#1064,.T.);
#780=EDGE_LOOP('',(#3080,#3081,#3082,#3083));
#781=EDGE_LOOP('',(#3084,#3085,#3086,#3087));
#782=EDGE_LOOP('',(#3088,#3089,#3090,#3091));
#783=EDGE_LOOP('',(#3092,#3093,#3094,#3095));
#784=EDGE_LOOP('',(#3096,#3097,#3098,#3099));
#785=EDGE_LOOP('',(#3100,#3101,#3102,#3103));
#786=EDGE_LOOP('',(#3104,#3105,#3106,#3107));
#787=EDGE_LOOP('',(#3108,#3109,#3110,#3111));
#788=EDGE_LOOP('',(#3112,#3113,#3114,#3115));
#789=EDGE_LOOP('',(#3116,#3117,#3118,#3119));
#790=EDGE_LOOP('',(#3120,#3121,#3122,#3123));
#791=EDGE_LOOP('',(#3124,#3125,#3126,#3127));
#792=EDGE_LOOP('',(#3128,#3129,#3130,#3131));
#793=EDGE_LOOP('',(#3132,#3133,#3134,#3135));
#794=EDGE_LOOP('',(#3136,#3137,#3138,#3139));
#795=EDGE_LOOP('',(#3140,#3141,#3142,#3143));
#796=EDGE_LOOP('',(#3144,#3145,#3146,#3147));
#797=EDGE_LOOP('',(#3148,#3149,#3150,#3151));
#798=EDGE_LOOP('',(#3152,#3153,#3154,#3155));
#799=EDGE_LOOP('',(#3156,#3157,#3158,#3159,#3160,#3161,#3162,#3163,#3164,
#3165,#3166,#3167,#3168,#3169,#3170,#3171,#3172,#3173,#3174));
#800=EDGE_LOOP('',(#3175,#3176,#3177,#3178));
#801=EDGE_LOOP('',(#3179,#3180,#3181,#3182));
#802=EDGE_LOOP('',(#3183,#3184,#3185,#3186));
#803=EDGE_LOOP('',(#3187,#3188,#3189,#3190));
#804=EDGE_LOOP('',(#3191,#3192,#3193,#3194));
#805=EDGE_LOOP('',(#3195,#3196,#3197,#3198));
#806=EDGE_LOOP('',(#3199,#3200,#3201,#3202));
#807=EDGE_LOOP('',(#3203,#3204,#3205,#3206));
#808=EDGE_LOOP('',(#3207,#3208,#3209,#3210));
#809=EDGE_LOOP('',(#3211,#3212,#3213,#3214));
#810=EDGE_LOOP('',(#3215,#3216,#3217,#3218));
#811=EDGE_LOOP('',(#3219,#3220,#3221,#3222));
#812=EDGE_LOOP('',(#3223,#3224,#3225,#3226));
#813=EDGE_LOOP('',(#3227,#3228,#3229,#3230));
#814=EDGE_LOOP('',(#3231,#3232,#3233,#3234));
#815=EDGE_LOOP('',(#3235,#3236,#3237,#3238));
#816=EDGE_LOOP('',(#3239,#3240,#3241,#3242));
#817=EDGE_LOOP('',(#3243,#3244,#3245,#3246));
#818=EDGE_LOOP('',(#3247,#3248,#3249,#3250));
#819=EDGE_LOOP('',(#3251,#3252,#3253,#3254));
#820=EDGE_LOOP('',(#3255,#3256,#3257,#3258));
#821=EDGE_LOOP('',(#3259,#3260,#3261,#3262));
#822=EDGE_LOOP('',(#3263,#3264,#3265,#3266));
#823=EDGE_LOOP('',(#3267,#3268,#3269,#3270));
#824=EDGE_LOOP('',(#3271,#3272,#3273,#3274));
#825=EDGE_LOOP('',(#3275,#3276,#3277,#3278));
#826=EDGE_LOOP('',(#3279,#3280,#3281,#3282));
#827=EDGE_LOOP('',(#3283,#3284,#3285,#3286));
#828=EDGE_LOOP('',(#3287,#3288,#3289,#3290));
#829=EDGE_LOOP('',(#3291,#3292,#3293,#3294));
#830=EDGE_LOOP('',(#3295,#3296,#3297,#3298));
#831=EDGE_LOOP('',(#3299,#3300,#3301,#3302));
#832=EDGE_LOOP('',(#3303,#3304,#3305,#3306));
#833=EDGE_LOOP('',(#3307,#3308,#3309,#3310,#3311,#3312,#3313,#3314,#3315,
#3316,#3317,#3318,#3319,#3320,#3321,#3322,#3323,#3324,#3325,#3326,#3327,
#3328,#3329,#3330,#3331,#3332,#3333,#3334));
#834=EDGE_LOOP('',(#3335,#3336,#3337,#3338));
#835=EDGE_LOOP('',(#3339,#3340,#3341,#3342));
#836=EDGE_LOOP('',(#3343,#3344,#3345,#3346));
#837=EDGE_LOOP('',(#3347,#3348,#3349,#3350));
#838=EDGE_LOOP('',(#3351,#3352,#3353,#3354));
#839=EDGE_LOOP('',(#3355,#3356,#3357,#3358));
#840=EDGE_LOOP('',(#3359,#3360,#3361,#3362));
#841=EDGE_LOOP('',(#3363,#3364,#3365,#3366));
#842=EDGE_LOOP('',(#3367,#3368,#3369,#3370));
#843=EDGE_LOOP('',(#3371,#3372,#3373,#3374));
#844=EDGE_LOOP('',(#3375,#3376,#3377,#3378));
#845=EDGE_LOOP('',(#3379,#3380,#3381,#3382));
#846=EDGE_LOOP('',(#3383,#3384,#3385,#3386));
#847=EDGE_LOOP('',(#3387,#3388,#3389,#3390));
#848=EDGE_LOOP('',(#3391,#3392,#3393,#3394));
#849=EDGE_LOOP('',(#3395,#3396,#3397,#3398));
#850=EDGE_LOOP('',(#3399,#3400,#3401,#3402));
#851=EDGE_LOOP('',(#3403,#3404,#3405,#3406));
#852=EDGE_LOOP('',(#3407,#3408,#3409,#3410));
#853=EDGE_LOOP('',(#3411,#3412,#3413,#3414));
#854=EDGE_LOOP('',(#3415,#3416,#3417,#3418));
#855=EDGE_LOOP('',(#3419,#3420,#3421,#3422));
#856=EDGE_LOOP('',(#3423,#3424,#3425,#3426));
#857=EDGE_LOOP('',(#3427,#3428,#3429,#3430));
#858=EDGE_LOOP('',(#3431,#3432,#3433,#3434));
#859=EDGE_LOOP('',(#3435,#3436,#3437,#3438));
#860=EDGE_LOOP('',(#3439,#3440,#3441,#3442));
#861=EDGE_LOOP('',(#3443,#3444,#3445,#3446));
#862=EDGE_LOOP('',(#3447,#3448,#3449,#3450));
#863=EDGE_LOOP('',(#3451,#3452,#3453,#3454));
#864=EDGE_LOOP('',(#3455,#3456,#3457,#3458));
#865=EDGE_LOOP('',(#3459,#3460,#3461,#3462));
#866=EDGE_LOOP('',(#3463,#3464,#3465,#3466));
#867=EDGE_LOOP('',(#3467,#3468,#3469,#3470));
#868=EDGE_LOOP('',(#3471,#3472,#3473,#3474));
#869=EDGE_LOOP('',(#3475,#3476,#3477,#3478));
#870=EDGE_LOOP('',(#3479,#3480,#3481,#3482));
#871=EDGE_LOOP('',(#3483,#3484,#3485,#3486,#3487,#3488,#3489,#3490,#3491,
#3492,#3493,#3494,#3495,#3496,#3497,#3498,#3499,#3500,#3501,#3502,#3503,
#3504,#3505,#3506,#3507,#3508,#3509));
#872=EDGE_LOOP('',(#3510,#3511,#3512,#3513,#3514,#3515,#3516,#3517,#3518,
#3519));
#873=EDGE_LOOP('',(#3520,#3521,#3522,#3523));
#874=EDGE_LOOP('',(#3524,#3525,#3526,#3527));
#875=EDGE_LOOP('',(#3528,#3529,#3530,#3531));
#876=EDGE_LOOP('',(#3532,#3533,#3534,#3535));
#877=EDGE_LOOP('',(#3536,#3537,#3538,#3539));
#878=EDGE_LOOP('',(#3540,#3541,#3542,#3543));
#879=EDGE_LOOP('',(#3544,#3545,#3546,#3547));
#880=EDGE_LOOP('',(#3548,#3549,#3550,#3551));
#881=EDGE_LOOP('',(#3552,#3553,#3554,#3555));
#882=EDGE_LOOP('',(#3556,#3557,#3558,#3559));
#883=EDGE_LOOP('',(#3560,#3561,#3562,#3563));
#884=EDGE_LOOP('',(#3564,#3565,#3566,#3567));
#885=EDGE_LOOP('',(#3568,#3569,#3570,#3571));
#886=EDGE_LOOP('',(#3572,#3573,#3574,#3575));
#887=EDGE_LOOP('',(#3576,#3577,#3578,#3579));
#888=EDGE_LOOP('',(#3580,#3581,#3582,#3583));
#889=EDGE_LOOP('',(#3584,#3585,#3586,#3587));
#890=EDGE_LOOP('',(#3588,#3589,#3590,#3591));
#891=EDGE_LOOP('',(#3592,#3593,#3594,#3595));
#892=EDGE_LOOP('',(#3596,#3597,#3598,#3599));
#893=EDGE_LOOP('',(#3600,#3601,#3602,#3603));
#894=EDGE_LOOP('',(#3604,#3605,#3606,#3607));
#895=EDGE_LOOP('',(#3608,#3609,#3610,#3611));
#896=EDGE_LOOP('',(#3612,#3613,#3614,#3615));
#897=EDGE_LOOP('',(#3616,#3617,#3618,#3619));
#898=EDGE_LOOP('',(#3620,#3621,#3622,#3623));
#899=EDGE_LOOP('',(#3624,#3625,#3626,#3627));
#900=EDGE_LOOP('',(#3628,#3629,#3630,#3631));
#901=EDGE_LOOP('',(#3632,#3633,#3634,#3635));
#902=EDGE_LOOP('',(#3636,#3637,#3638,#3639));
#903=EDGE_LOOP('',(#3640,#3641,#3642,#3643));
#904=EDGE_LOOP('',(#3644,#3645,#3646,#3647));
#905=EDGE_LOOP('',(#3648,#3649,#3650,#3651));
#906=EDGE_LOOP('',(#3652,#3653,#3654,#3655));
#907=EDGE_LOOP('',(#3656,#3657,#3658,#3659));
#908=EDGE_LOOP('',(#3660,#3661,#3662,#3663));
#909=EDGE_LOOP('',(#3664,#3665,#3666,#3667));
#910=EDGE_LOOP('',(#3668,#3669,#3670,#3671,#3672,#3673,#3674,#3675,#3676,
#3677,#3678,#3679,#3680,#3681,#3682,#3683,#3684,#3685,#3686,#3687,#3688,
#3689,#3690,#3691,#3692,#3693,#3694));
#911=EDGE_LOOP('',(#3695,#3696,#3697,#3698,#3699,#3700,#3701,#3702,#3703,
#3704));
#912=EDGE_LOOP('',(#3705,#3706,#3707,#3708));
#913=EDGE_LOOP('',(#3709,#3710,#3711,#3712));
#914=EDGE_LOOP('',(#3713,#3714,#3715,#3716));
#915=EDGE_LOOP('',(#3717,#3718,#3719,#3720));
#916=EDGE_LOOP('',(#3721,#3722,#3723,#3724));
#917=EDGE_LOOP('',(#3725,#3726,#3727,#3728));
#918=EDGE_LOOP('',(#3729,#3730,#3731,#3732));
#919=EDGE_LOOP('',(#3733,#3734,#3735,#3736));
#920=EDGE_LOOP('',(#3737,#3738,#3739,#3740));
#921=EDGE_LOOP('',(#3741,#3742,#3743,#3744));
#922=EDGE_LOOP('',(#3745,#3746,#3747,#3748));
#923=EDGE_LOOP('',(#3749,#3750,#3751,#3752));
#924=EDGE_LOOP('',(#3753,#3754,#3755,#3756));
#925=EDGE_LOOP('',(#3757,#3758,#3759,#3760,#3761,#3762,#3763,#3764,#3765,
#3766,#3767,#3768,#3769));
#926=EDGE_LOOP('',(#3770,#3771,#3772,#3773));
#927=EDGE_LOOP('',(#3774,#3775,#3776,#3777));
#928=EDGE_LOOP('',(#3778,#3779,#3780,#3781));
#929=EDGE_LOOP('',(#3782,#3783,#3784,#3785));
#930=EDGE_LOOP('',(#3786,#3787,#3788,#3789));
#931=EDGE_LOOP('',(#3790,#3791,#3792,#3793));
#932=EDGE_LOOP('',(#3794,#3795,#3796,#3797));
#933=EDGE_LOOP('',(#3798,#3799,#3800,#3801));
#934=EDGE_LOOP('',(#3802,#3803,#3804,#3805));
#935=EDGE_LOOP('',(#3806,#3807,#3808,#3809));
#936=EDGE_LOOP('',(#3810,#3811,#3812,#3813));
#937=EDGE_LOOP('',(#3814,#3815,#3816,#3817));
#938=EDGE_LOOP('',(#3818,#3819,#3820,#3821));
#939=EDGE_LOOP('',(#3822,#3823,#3824,#3825));
#940=EDGE_LOOP('',(#3826,#3827,#3828,#3829));
#941=EDGE_LOOP('',(#3830,#3831,#3832,#3833));
#942=EDGE_LOOP('',(#3834,#3835,#3836,#3837));
#943=EDGE_LOOP('',(#3838,#3839,#3840,#3841));
#944=EDGE_LOOP('',(#3842,#3843,#3844,#3845));
#945=EDGE_LOOP('',(#3846,#3847,#3848,#3849));
#946=EDGE_LOOP('',(#3850,#3851,#3852,#3853));
#947=EDGE_LOOP('',(#3854,#3855,#3856,#3857));
#948=EDGE_LOOP('',(#3858,#3859,#3860,#3861));
#949=EDGE_LOOP('',(#3862,#3863,#3864,#3865));
#950=EDGE_LOOP('',(#3866,#3867,#3868,#3869,#3870,#3871,#3872,#3873,#3874,
#3875,#3876,#3877,#3878,#3879,#3880,#3881,#3882,#3883,#3884));
#951=EDGE_LOOP('',(#3885,#3886,#3887,#3888));
#952=EDGE_LOOP('',(#3889,#3890,#3891,#3892));
#953=EDGE_LOOP('',(#3893,#3894,#3895,#3896));
#954=EDGE_LOOP('',(#3897,#3898,#3899,#3900));
#955=EDGE_LOOP('',(#3901,#3902,#3903,#3904));
#956=EDGE_LOOP('',(#3905,#3906,#3907,#3908));
#957=EDGE_LOOP('',(#3909,#3910,#3911,#3912));
#958=EDGE_LOOP('',(#3913,#3914,#3915,#3916));
#959=EDGE_LOOP('',(#3917,#3918,#3919,#3920));
#960=EDGE_LOOP('',(#3921,#3922,#3923,#3924));
#961=EDGE_LOOP('',(#3925,#3926,#3927,#3928));
#962=EDGE_LOOP('',(#3929,#3930,#3931,#3932));
#963=EDGE_LOOP('',(#3933,#3934,#3935,#3936));
#964=EDGE_LOOP('',(#3937,#3938,#3939,#3940));
#965=EDGE_LOOP('',(#3941,#3942,#3943,#3944));
#966=EDGE_LOOP('',(#3945,#3946,#3947,#3948));
#967=EDGE_LOOP('',(#3949,#3950,#3951,#3952));
#968=EDGE_LOOP('',(#3953,#3954,#3955,#3956));
#969=EDGE_LOOP('',(#3957,#3958,#3959,#3960));
#970=EDGE_LOOP('',(#3961,#3962,#3963,#3964));
#971=EDGE_LOOP('',(#3965,#3966,#3967,#3968));
#972=EDGE_LOOP('',(#3969,#3970,#3971,#3972));
#973=EDGE_LOOP('',(#3973,#3974,#3975,#3976));
#974=EDGE_LOOP('',(#3977,#3978,#3979,#3980));
#975=EDGE_LOOP('',(#3981,#3982,#3983,#3984));
#976=EDGE_LOOP('',(#3985,#3986,#3987,#3988));
#977=EDGE_LOOP('',(#3989,#3990,#3991,#3992));
#978=EDGE_LOOP('',(#3993,#3994,#3995,#3996));
#979=EDGE_LOOP('',(#3997,#3998,#3999,#4000));
#980=EDGE_LOOP('',(#4001,#4002,#4003,#4004));
#981=EDGE_LOOP('',(#4005,#4006,#4007,#4008));
#982=EDGE_LOOP('',(#4009,#4010,#4011,#4012));
#983=EDGE_LOOP('',(#4013,#4014,#4015,#4016));
#984=EDGE_LOOP('',(#4017,#4018,#4019,#4020));
#985=EDGE_LOOP('',(#4021,#4022,#4023,#4024));
#986=EDGE_LOOP('',(#4025,#4026,#4027,#4028));
#987=EDGE_LOOP('',(#4029,#4030,#4031,#4032));
#988=EDGE_LOOP('',(#4033,#4034,#4035,#4036));
#989=EDGE_LOOP('',(#4037,#4038,#4039,#4040,#4041,#4042,#4043,#4044,#4045,
#4046,#4047,#4048,#4049,#4050,#4051,#4052,#4053,#4054,#4055,#4056,#4057,
#4058,#4059,#4060,#4061,#4062,#4063,#4064,#4065,#4066,#4067,#4068,#4069));
#990=EDGE_LOOP('',(#4070,#4071,#4072,#4073));
#991=EDGE_LOOP('',(#4074,#4075,#4076,#4077));
#992=EDGE_LOOP('',(#4078,#4079,#4080,#4081));
#993=EDGE_LOOP('',(#4082,#4083,#4084,#4085));
#994=EDGE_LOOP('',(#4086,#4087,#4088,#4089));
#995=EDGE_LOOP('',(#4090,#4091,#4092,#4093));
#996=EDGE_LOOP('',(#4094,#4095,#4096,#4097));
#997=EDGE_LOOP('',(#4098,#4099,#4100,#4101));
#998=EDGE_LOOP('',(#4102,#4103,#4104,#4105));
#999=EDGE_LOOP('',(#4106,#4107,#4108,#4109));
#1000=EDGE_LOOP('',(#4110,#4111,#4112,#4113));
#1001=EDGE_LOOP('',(#4114,#4115,#4116,#4117));
#1002=EDGE_LOOP('',(#4118,#4119,#4120,#4121));
#1003=EDGE_LOOP('',(#4122,#4123,#4124,#4125));
#1004=EDGE_LOOP('',(#4126,#4127,#4128,#4129));
#1005=EDGE_LOOP('',(#4130,#4131,#4132,#4133,#4134,#4135,#4136,#4137,#4138,
#4139,#4140,#4141,#4142,#4143,#4144));
#1006=EDGE_LOOP('',(#4145,#4146,#4147,#4148,#4149,#4150,#4151,#4152,#4153,
#4154));
#1007=EDGE_LOOP('',(#4155,#4156,#4157,#4158,#4159,#4160,#4161,#4162,#4163,
#4164));
#1008=EDGE_LOOP('',(#4165,#4166,#4167,#4168));
#1009=EDGE_LOOP('',(#4169,#4170,#4171,#4172));
#1010=EDGE_LOOP('',(#4173,#4174,#4175,#4176,#4177,#4178,#4179,#4180));
#1011=EDGE_LOOP('',(#4181));
#1012=EDGE_LOOP('',(#4182));
#1013=EDGE_LOOP('',(#4183));
#1014=EDGE_LOOP('',(#4184));
#1015=EDGE_LOOP('',(#4185,#4186,#4187,#4188));
#1016=EDGE_LOOP('',(#4189,#4190,#4191,#4192));
#1017=EDGE_LOOP('',(#4193,#4194,#4195,#4196));
#1018=EDGE_LOOP('',(#4197,#4198,#4199,#4200));
#1019=EDGE_LOOP('',(#4201,#4202,#4203,#4204,#4205,#4206,#4207,#4208,#4209,
#4210,#4211,#4212,#4213,#4214,#4215));
#1020=EDGE_LOOP('',(#4216,#4217,#4218,#4219,#4220,#4221,#4222,#4223,#4224,
#4225,#4226,#4227,#4228,#4229,#4230,#4231,#4232,#4233,#4234,#4235,#4236,
#4237,#4238,#4239,#4240,#4241,#4242,#4243,#4244,#4245,#4246,#4247,#4248));
#1021=EDGE_LOOP('',(#4249,#4250,#4251,#4252));
#1022=EDGE_LOOP('',(#4253,#4254,#4255,#4256,#4257,#4258,#4259,#4260,#4261,
#4262,#4263,#4264,#4265,#4266,#4267,#4268,#4269,#4270,#4271));
#1023=EDGE_LOOP('',(#4272,#4273,#4274,#4275));
#1024=EDGE_LOOP('',(#4276,#4277,#4278,#4279,#4280,#4281,#4282,#4283,#4284,
#4285,#4286,#4287,#4288));
#1025=EDGE_LOOP('',(#4289,#4290,#4291,#4292,#4293,#4294,#4295,#4296,#4297,
#4298,#4299,#4300,#4301,#4302,#4303,#4304,#4305,#4306,#4307,#4308,#4309,
#4310,#4311,#4312,#4313,#4314,#4315));
#1026=EDGE_LOOP('',(#4316,#4317,#4318,#4319,#4320,#4321,#4322,#4323,#4324,
#4325,#4326,#4327,#4328,#4329,#4330,#4331,#4332,#4333,#4334,#4335,#4336,
#4337,#4338,#4339,#4340,#4341,#4342));
#1027=EDGE_LOOP('',(#4343,#4344,#4345,#4346,#4347,#4348,#4349,#4350,#4351,
#4352,#4353,#4354,#4355,#4356,#4357,#4358,#4359,#4360,#4361,#4362,#4363,
#4364,#4365,#4366,#4367,#4368,#4369,#4370));
#1028=EDGE_LOOP('',(#4371,#4372,#4373,#4374));
#1029=EDGE_LOOP('',(#4375,#4376,#4377,#4378,#4379,#4380,#4381,#4382,#4383,
#4384,#4385,#4386,#4387,#4388,#4389,#4390,#4391,#4392,#4393));
#1030=EDGE_LOOP('',(#4394,#4395,#4396,#4397));
#1031=EDGE_LOOP('',(#4398,#4399,#4400,#4401));
#1032=EDGE_LOOP('',(#4402,#4403,#4404,#4405));
#1033=EDGE_LOOP('',(#4406,#4407,#4408,#4409,#4410,#4411,#4412,#4413));
#1034=EDGE_LOOP('',(#4414,#4415,#4416,#4417));
#1035=EDGE_LOOP('',(#4418,#4419,#4420,#4421));
#1036=EDGE_LOOP('',(#4422,#4423,#4424,#4425));
#1037=EDGE_LOOP('',(#4426,#4427,#4428,#4429));
#1038=EDGE_LOOP('',(#4430));
#1039=EDGE_LOOP('',(#4431));
#1040=EDGE_LOOP('',(#4432));
#1041=EDGE_LOOP('',(#4433));
#1042=EDGE_LOOP('',(#4434,#4435,#4436,#4437));
#1043=EDGE_LOOP('',(#4438,#4439,#4440,#4441));
#1044=EDGE_LOOP('',(#4442,#4443,#4444,#4445));
#1045=EDGE_LOOP('',(#4446,#4447,#4448,#4449));
#1046=EDGE_LOOP('',(#4450,#4451,#4452,#4453));
#1047=EDGE_LOOP('',(#4454,#4455,#4456,#4457));
#1048=EDGE_LOOP('',(#4458,#4459,#4460,#4461));
#1049=EDGE_LOOP('',(#4462,#4463,#4464,#4465));
#1050=EDGE_LOOP('',(#4466,#4467,#4468,#4469));
#1051=EDGE_LOOP('',(#4470,#4471,#4472,#4473));
#1052=EDGE_LOOP('',(#4474,#4475,#4476,#4477));
#1053=EDGE_LOOP('',(#4478,#4479,#4480,#4481));
#1054=EDGE_LOOP('',(#4482,#4483,#4484,#4485));
#1055=EDGE_LOOP('',(#4486,#4487,#4488,#4489));
#1056=EDGE_LOOP('',(#4490,#4491,#4492,#4493));
#1057=EDGE_LOOP('',(#4494,#4495,#4496,#4497));
#1058=EDGE_LOOP('',(#4498,#4499,#4500,#4501));
#1059=EDGE_LOOP('',(#4502,#4503,#4504,#4505));
#1060=EDGE_LOOP('',(#4506,#4507,#4508,#4509));
#1061=EDGE_LOOP('',(#4510,#4511,#4512,#4513));
#1062=EDGE_LOOP('',(#4514,#4515,#4516,#4517));
#1063=EDGE_LOOP('',(#4518,#4519,#4520,#4521));
#1064=EDGE_LOOP('',(#4522,#4523,#4524,#4525));
#1065=LINE('',#5667,#1470);
#1066=LINE('',#5669,#1471);
#1067=LINE('',#5671,#1472);
#1068=LINE('',#5672,#1473);
#1069=LINE('',#5675,#1474);
#1070=LINE('',#5677,#1475);
#1071=LINE('',#5678,#1476);
#1072=LINE('',#5681,#1477);
#1073=LINE('',#5683,#1478);
#1074=LINE('',#5684,#1479);
#1075=LINE('',#5702,#1480);
#1076=LINE('',#5725,#1481);
#1077=LINE('',#5748,#1482);
#1078=LINE('',#5771,#1483);
#1079=LINE('',#5794,#1484);
#1080=LINE('',#5817,#1485);
#1081=LINE('',#5825,#1486);
#1082=LINE('',#5827,#1487);
#1083=LINE('',#5828,#1488);
#1084=LINE('',#5831,#1489);
#1085=LINE('',#5833,#1490);
#1086=LINE('',#5834,#1491);
#1087=LINE('',#5837,#1492);
#1088=LINE('',#5839,#1493);
#1089=LINE('',#5840,#1494);
#1090=LINE('',#5858,#1495);
#1091=LINE('',#5881,#1496);
#1092=LINE('',#5904,#1497);
#1093=LINE('',#5927,#1498);
#1094=LINE('',#5950,#1499);
#1095=LINE('',#5958,#1500);
#1096=LINE('',#5960,#1501);
#1097=LINE('',#5961,#1502);
#1098=LINE('',#5963,#1503);
#1099=LINE('',#5964,#1504);
#1100=LINE('',#5969,#1505);
#1101=LINE('',#5971,#1506);
#1102=LINE('',#5973,#1507);
#1103=LINE('',#5974,#1508);
#1104=LINE('',#5977,#1509);
#1105=LINE('',#5979,#1510);
#1106=LINE('',#5980,#1511);
#1107=LINE('',#5983,#1512);
#1108=LINE('',#5985,#1513);
#1109=LINE('',#5986,#1514);
#1110=LINE('',#5988,#1515);
#1111=LINE('',#5989,#1516);
#1112=LINE('',#5994,#1517);
#1113=LINE('',#5996,#1518);
#1114=LINE('',#5998,#1519);
#1115=LINE('',#5999,#1520);
#1116=LINE('',#6017,#1521);
#1117=LINE('',#6040,#1522);
#1118=LINE('',#6063,#1523);
#1119=LINE('',#6086,#1524);
#1120=LINE('',#6109,#1525);
#1121=LINE('',#6117,#1526);
#1122=LINE('',#6119,#1527);
#1123=LINE('',#6120,#1528);
#1124=LINE('',#6123,#1529);
#1125=LINE('',#6125,#1530);
#1126=LINE('',#6126,#1531);
#1127=LINE('',#6129,#1532);
#1128=LINE('',#6131,#1533);
#1129=LINE('',#6132,#1534);
#1130=LINE('',#6150,#1535);
#1131=LINE('',#6173,#1536);
#1132=LINE('',#6196,#1537);
#1133=LINE('',#6219,#1538);
#1134=LINE('',#6242,#1539);
#1135=LINE('',#6250,#1540);
#1136=LINE('',#6252,#1541);
#1137=LINE('',#6253,#1542);
#1138=LINE('',#6256,#1543);
#1139=LINE('',#6258,#1544);
#1140=LINE('',#6259,#1545);
#1141=LINE('',#6262,#1546);
#1142=LINE('',#6264,#1547);
#1143=LINE('',#6265,#1548);
#1144=LINE('',#6283,#1549);
#1145=LINE('',#6306,#1550);
#1146=LINE('',#6329,#1551);
#1147=LINE('',#6352,#1552);
#1148=LINE('',#6375,#1553);
#1149=LINE('',#6398,#1554);
#1150=LINE('',#6421,#1555);
#1151=LINE('',#6429,#1556);
#1152=LINE('',#6431,#1557);
#1153=LINE('',#6432,#1558);
#1154=LINE('',#6435,#1559);
#1155=LINE('',#6437,#1560);
#1156=LINE('',#6438,#1561);
#1157=LINE('',#6441,#1562);
#1158=LINE('',#6443,#1563);
#1159=LINE('',#6444,#1564);
#1160=LINE('',#6446,#1565);
#1161=LINE('',#6447,#1566);
#1162=LINE('',#6467,#1567);
#1163=LINE('',#6474,#1568);
#1164=LINE('',#6492,#1569);
#1165=LINE('',#6515,#1570);
#1166=LINE('',#6538,#1571);
#1167=LINE('',#6561,#1572);
#1168=LINE('',#6584,#1573);
#1169=LINE('',#6607,#1574);
#1170=LINE('',#6630,#1575);
#1171=LINE('',#6653,#1576);
#1172=LINE('',#6660,#1577);
#1173=LINE('',#6661,#1578);
#1174=LINE('',#6665,#1579);
#1175=LINE('',#6667,#1580);
#1176=LINE('',#6669,#1581);
#1177=LINE('',#6670,#1582);
#1178=LINE('',#6688,#1583);
#1179=LINE('',#6711,#1584);
#1180=LINE('',#6719,#1585);
#1181=LINE('',#6721,#1586);
#1182=LINE('',#6722,#1587);
#1183=LINE('',#6740,#1588);
#1184=LINE('',#6763,#1589);
#1185=LINE('',#6786,#1590);
#1186=LINE('',#6809,#1591);
#1187=LINE('',#6832,#1592);
#1188=LINE('',#6855,#1593);
#1189=LINE('',#6878,#1594);
#1190=LINE('',#6886,#1595);
#1191=LINE('',#6888,#1596);
#1192=LINE('',#6889,#1597);
#1193=LINE('',#6907,#1598);
#1194=LINE('',#6930,#1599);
#1195=LINE('',#6953,#1600);
#1196=LINE('',#6976,#1601);
#1197=LINE('',#6999,#1602);
#1198=LINE('',#7022,#1603);
#1199=LINE('',#7045,#1604);
#1200=LINE('',#7068,#1605);
#1201=LINE('',#7091,#1606);
#1202=LINE('',#7114,#1607);
#1203=LINE('',#7137,#1608);
#1204=LINE('',#7160,#1609);
#1205=LINE('',#7183,#1610);
#1206=LINE('',#7206,#1611);
#1207=LINE('',#7251,#1612);
#1208=LINE('',#7258,#1613);
#1209=LINE('',#7276,#1614);
#1210=LINE('',#7299,#1615);
#1211=LINE('',#7322,#1616);
#1212=LINE('',#7345,#1617);
#1213=LINE('',#7368,#1618);
#1214=LINE('',#7391,#1619);
#1215=LINE('',#7414,#1620);
#1216=LINE('',#7437,#1621);
#1217=LINE('',#7444,#1622);
#1218=LINE('',#7445,#1623);
#1219=LINE('',#7449,#1624);
#1220=LINE('',#7451,#1625);
#1221=LINE('',#7453,#1626);
#1222=LINE('',#7454,#1627);
#1223=LINE('',#7472,#1628);
#1224=LINE('',#7495,#1629);
#1225=LINE('',#7503,#1630);
#1226=LINE('',#7505,#1631);
#1227=LINE('',#7506,#1632);
#1228=LINE('',#7524,#1633);
#1229=LINE('',#7547,#1634);
#1230=LINE('',#7570,#1635);
#1231=LINE('',#7593,#1636);
#1232=LINE('',#7616,#1637);
#1233=LINE('',#7639,#1638);
#1234=LINE('',#7662,#1639);
#1235=LINE('',#7670,#1640);
#1236=LINE('',#7672,#1641);
#1237=LINE('',#7673,#1642);
#1238=LINE('',#7691,#1643);
#1239=LINE('',#7714,#1644);
#1240=LINE('',#7737,#1645);
#1241=LINE('',#7760,#1646);
#1242=LINE('',#7783,#1647);
#1243=LINE('',#7806,#1648);
#1244=LINE('',#7829,#1649);
#1245=LINE('',#7852,#1650);
#1246=LINE('',#7875,#1651);
#1247=LINE('',#7898,#1652);
#1248=LINE('',#7921,#1653);
#1249=LINE('',#7944,#1654);
#1250=LINE('',#7967,#1655);
#1251=LINE('',#7990,#1656);
#1252=LINE('',#8020,#1657);
#1253=LINE('',#8022,#1658);
#1254=LINE('',#8024,#1659);
#1255=LINE('',#8025,#1660);
#1256=LINE('',#8043,#1661);
#1257=LINE('',#8066,#1662);
#1258=LINE('',#8089,#1663);
#1259=LINE('',#8112,#1664);
#1260=LINE('',#8120,#1665);
#1261=LINE('',#8122,#1666);
#1262=LINE('',#8123,#1667);
#1263=LINE('',#8141,#1668);
#1264=LINE('',#8164,#1669);
#1265=LINE('',#8187,#1670);
#1266=LINE('',#8195,#1671);
#1267=LINE('',#8197,#1672);
#1268=LINE('',#8198,#1673);
#1269=LINE('',#8201,#1674);
#1270=LINE('',#8203,#1675);
#1271=LINE('',#8204,#1676);
#1272=LINE('',#8207,#1677);
#1273=LINE('',#8209,#1678);
#1274=LINE('',#8210,#1679);
#1275=LINE('',#8212,#1680);
#1276=LINE('',#8213,#1681);
#1277=LINE('',#8218,#1682);
#1278=LINE('',#8220,#1683);
#1279=LINE('',#8222,#1684);
#1280=LINE('',#8223,#1685);
#1281=LINE('',#8226,#1686);
#1282=LINE('',#8228,#1687);
#1283=LINE('',#8229,#1688);
#1284=LINE('',#8232,#1689);
#1285=LINE('',#8234,#1690);
#1286=LINE('',#8235,#1691);
#1287=LINE('',#8237,#1692);
#1288=LINE('',#8238,#1693);
#1289=LINE('',#8258,#1694);
#1290=LINE('',#8265,#1695);
#1291=LINE('',#8283,#1696);
#1292=LINE('',#8306,#1697);
#1293=LINE('',#8329,#1698);
#1294=LINE('',#8352,#1699);
#1295=LINE('',#8375,#1700);
#1296=LINE('',#8398,#1701);
#1297=LINE('',#8406,#1702);
#1298=LINE('',#8408,#1703);
#1299=LINE('',#8409,#1704);
#1300=LINE('',#8427,#1705);
#1301=LINE('',#8450,#1706);
#1302=LINE('',#8473,#1707);
#1303=LINE('',#8496,#1708);
#1304=LINE('',#8519,#1709);
#1305=LINE('',#8542,#1710);
#1306=LINE('',#8565,#1711);
#1307=LINE('',#8588,#1712);
#1308=LINE('',#8611,#1713);
#1309=LINE('',#8619,#1714);
#1310=LINE('',#8621,#1715);
#1311=LINE('',#8622,#1716);
#1312=LINE('',#8647,#1717);
#1313=LINE('',#8649,#1718);
#1314=LINE('',#8651,#1719);
#1315=LINE('',#8652,#1720);
#1316=LINE('',#8655,#1721);
#1317=LINE('',#8657,#1722);
#1318=LINE('',#8658,#1723);
#1319=LINE('',#8661,#1724);
#1320=LINE('',#8663,#1725);
#1321=LINE('',#8664,#1726);
#1322=LINE('',#8666,#1727);
#1323=LINE('',#8667,#1728);
#1324=LINE('',#8687,#1729);
#1325=LINE('',#8694,#1730);
#1326=LINE('',#8712,#1731);
#1327=LINE('',#8735,#1732);
#1328=LINE('',#8758,#1733);
#1329=LINE('',#8781,#1734);
#1330=LINE('',#8804,#1735);
#1331=LINE('',#8827,#1736);
#1332=LINE('',#8850,#1737);
#1333=LINE('',#8873,#1738);
#1334=LINE('',#8896,#1739);
#1335=LINE('',#8919,#1740);
#1336=LINE('',#8942,#1741);
#1337=LINE('',#8965,#1742);
#1338=LINE('',#8988,#1743);
#1339=LINE('',#8996,#1744);
#1340=LINE('',#8998,#1745);
#1341=LINE('',#8999,#1746);
#1342=LINE('',#9017,#1747);
#1343=LINE('',#9040,#1748);
#1344=LINE('',#9063,#1749);
#1345=LINE('',#9086,#1750);
#1346=LINE('',#9109,#1751);
#1347=LINE('',#9132,#1752);
#1348=LINE('',#9155,#1753);
#1349=LINE('',#9178,#1754);
#1350=LINE('',#9201,#1755);
#1351=LINE('',#9224,#1756);
#1352=LINE('',#9247,#1757);
#1353=LINE('',#9270,#1758);
#1354=LINE('',#9293,#1759);
#1355=LINE('',#9316,#1760);
#1356=LINE('',#9339,#1761);
#1357=LINE('',#9362,#1762);
#1358=LINE('',#9370,#1763);
#1359=LINE('',#9372,#1764);
#1360=LINE('',#9373,#1765);
#1361=LINE('',#9398,#1766);
#1362=LINE('',#9400,#1767);
#1363=LINE('',#9402,#1768);
#1364=LINE('',#9403,#1769);
#1365=LINE('',#9406,#1770);
#1366=LINE('',#9408,#1771);
#1367=LINE('',#9409,#1772);
#1368=LINE('',#9412,#1773);
#1369=LINE('',#9414,#1774);
#1370=LINE('',#9415,#1775);
#1371=LINE('',#9418,#1776);
#1372=LINE('',#9420,#1777);
#1373=LINE('',#9421,#1778);
#1374=LINE('',#9424,#1779);
#1375=LINE('',#9426,#1780);
#1376=LINE('',#9427,#1781);
#1377=LINE('',#9430,#1782);
#1378=LINE('',#9432,#1783);
#1379=LINE('',#9433,#1784);
#1380=LINE('',#9436,#1785);
#1381=LINE('',#9438,#1786);
#1382=LINE('',#9439,#1787);
#1383=LINE('',#9442,#1788);
#1384=LINE('',#9444,#1789);
#1385=LINE('',#9445,#1790);
#1386=LINE('',#9448,#1791);
#1387=LINE('',#9450,#1792);
#1388=LINE('',#9451,#1793);
#1389=LINE('',#9469,#1794);
#1390=LINE('',#9492,#1795);
#1391=LINE('',#9500,#1796);
#1392=LINE('',#9502,#1797);
#1393=LINE('',#9503,#1798);
#1394=LINE('',#9506,#1799);
#1395=LINE('',#9508,#1800);
#1396=LINE('',#9509,#1801);
#1397=LINE('',#9512,#1802);
#1398=LINE('',#9514,#1803);
#1399=LINE('',#9515,#1804);
#1400=LINE('',#9517,#1805);
#1401=LINE('',#9518,#1806);
#1402=LINE('',#9527,#1807);
#1403=LINE('',#9530,#1808);
#1404=LINE('',#9533,#1809);
#1405=LINE('',#9535,#1810);
#1406=LINE('',#9536,#1811);
#1407=LINE('',#9539,#1812);
#1408=LINE('',#9543,#1813);
#1409=LINE('',#9547,#1814);
#1410=LINE('',#9559,#1815);
#1411=LINE('',#9561,#1816);
#1412=LINE('',#9563,#1817);
#1413=LINE('',#9564,#1818);
#1414=LINE('',#9567,#1819);
#1415=LINE('',#9569,#1820);
#1416=LINE('',#9571,#1821);
#1417=LINE('',#9572,#1822);
#1418=LINE('',#9575,#1823);
#1419=LINE('',#9577,#1824);
#1420=LINE('',#9579,#1825);
#1421=LINE('',#9580,#1826);
#1422=LINE('',#9583,#1827);
#1423=LINE('',#9585,#1828);
#1424=LINE('',#9587,#1829);
#1425=LINE('',#9588,#1830);
#1426=LINE('',#9592,#1831);
#1427=LINE('',#9595,#1832);
#1428=LINE('',#9596,#1833);
#1429=LINE('',#9599,#1834);
#1430=LINE('',#9603,#1835);
#1431=LINE('',#9606,#1836);
#1432=LINE('',#9609,#1837);
#1433=LINE('',#9611,#1838);
#1434=LINE('',#9613,#1839);
#1435=LINE('',#9614,#1840);
#1436=LINE('',#9617,#1841);
#1437=LINE('',#9619,#1842);
#1438=LINE('',#9621,#1843);
#1439=LINE('',#9622,#1844);
#1440=LINE('',#9625,#1845);
#1441=LINE('',#9627,#1846);
#1442=LINE('',#9629,#1847);
#1443=LINE('',#9630,#1848);
#1444=LINE('',#9633,#1849);
#1445=LINE('',#9635,#1850);
#1446=LINE('',#9637,#1851);
#1447=LINE('',#9638,#1852);
#1448=LINE('',#9648,#1853);
#1449=LINE('',#9649,#1854);
#1450=LINE('',#9652,#1855);
#1451=LINE('',#9654,#1856);
#1452=LINE('',#9656,#1857);
#1453=LINE('',#9658,#1858);
#1454=LINE('',#9660,#1859);
#1455=LINE('',#9661,#1860);
#1456=LINE('',#9663,#1861);
#1457=LINE('',#9665,#1862);
#1458=LINE('',#9668,#1863);
#1459=LINE('',#9669,#1864);
#1460=LINE('',#9671,#1865);
#1461=LINE('',#9673,#1866);
#1462=LINE('',#9676,#1867);
#1463=LINE('',#9677,#1868);
#1464=LINE('',#9679,#1869);
#1465=LINE('',#9681,#1870);
#1466=LINE('',#9684,#1871);
#1467=LINE('',#9685,#1872);
#1468=LINE('',#9687,#1873);
#1469=LINE('',#9689,#1874);
#1470=VECTOR('',#5018,10.);
#1471=VECTOR('',#5019,10.);
#1472=VECTOR('',#5020,10.);
#1473=VECTOR('',#5021,10.);
#1474=VECTOR('',#5024,10.);
#1475=VECTOR('',#5025,10.);
#1476=VECTOR('',#5026,10.);
#1477=VECTOR('',#5029,10.);
#1478=VECTOR('',#5030,10.);
#1479=VECTOR('',#5031,10.);
#1480=VECTOR('',#5032,10.);
#1481=VECTOR('',#5033,10.);
#1482=VECTOR('',#5034,10.);
#1483=VECTOR('',#5035,10.);
#1484=VECTOR('',#5036,10.);
#1485=VECTOR('',#5037,10.);
#1486=VECTOR('',#5040,10.);
#1487=VECTOR('',#5041,10.);
#1488=VECTOR('',#5042,10.);
#1489=VECTOR('',#5045,10.);
#1490=VECTOR('',#5046,10.);
#1491=VECTOR('',#5047,10.);
#1492=VECTOR('',#5050,10.);
#1493=VECTOR('',#5051,10.);
#1494=VECTOR('',#5052,10.);
#1495=VECTOR('',#5053,10.);
#1496=VECTOR('',#5054,10.);
#1497=VECTOR('',#5055,10.);
#1498=VECTOR('',#5056,10.);
#1499=VECTOR('',#5057,10.);
#1500=VECTOR('',#5060,10.);
#1501=VECTOR('',#5061,10.);
#1502=VECTOR('',#5062,10.);
#1503=VECTOR('',#5065,10.);
#1504=VECTOR('',#5066,10.);
#1505=VECTOR('',#5071,10.);
#1506=VECTOR('',#5072,10.);
#1507=VECTOR('',#5073,10.);
#1508=VECTOR('',#5074,10.);
#1509=VECTOR('',#5077,10.);
#1510=VECTOR('',#5078,10.);
#1511=VECTOR('',#5079,10.);
#1512=VECTOR('',#5082,10.);
#1513=VECTOR('',#5083,10.);
#1514=VECTOR('',#5084,10.);
#1515=VECTOR('',#5087,10.);
#1516=VECTOR('',#5088,10.);
#1517=VECTOR('',#5093,10.);
#1518=VECTOR('',#5094,10.);
#1519=VECTOR('',#5095,10.);
#1520=VECTOR('',#5096,10.);
#1521=VECTOR('',#5097,10.);
#1522=VECTOR('',#5098,10.);
#1523=VECTOR('',#5099,10.);
#1524=VECTOR('',#5100,10.);
#1525=VECTOR('',#5101,10.);
#1526=VECTOR('',#5104,10.);
#1527=VECTOR('',#5105,10.);
#1528=VECTOR('',#5106,10.);
#1529=VECTOR('',#5109,10.);
#1530=VECTOR('',#5110,10.);
#1531=VECTOR('',#5111,10.);
#1532=VECTOR('',#5114,10.);
#1533=VECTOR('',#5115,10.);
#1534=VECTOR('',#5116,10.);
#1535=VECTOR('',#5117,10.);
#1536=VECTOR('',#5118,10.);
#1537=VECTOR('',#5119,10.);
#1538=VECTOR('',#5120,10.);
#1539=VECTOR('',#5121,10.);
#1540=VECTOR('',#5124,10.);
#1541=VECTOR('',#5125,10.);
#1542=VECTOR('',#5126,10.);
#1543=VECTOR('',#5129,10.);
#1544=VECTOR('',#5130,10.);
#1545=VECTOR('',#5131,10.);
#1546=VECTOR('',#5134,10.);
#1547=VECTOR('',#5135,10.);
#1548=VECTOR('',#5136,10.);
#1549=VECTOR('',#5137,10.);
#1550=VECTOR('',#5138,10.);
#1551=VECTOR('',#5139,10.);
#1552=VECTOR('',#5140,10.);
#1553=VECTOR('',#5141,10.);
#1554=VECTOR('',#5142,10.);
#1555=VECTOR('',#5143,10.);
#1556=VECTOR('',#5146,10.);
#1557=VECTOR('',#5147,10.);
#1558=VECTOR('',#5148,10.);
#1559=VECTOR('',#5151,10.);
#1560=VECTOR('',#5152,10.);
#1561=VECTOR('',#5153,10.);
#1562=VECTOR('',#5156,10.);
#1563=VECTOR('',#5157,10.);
#1564=VECTOR('',#5158,10.);
#1565=VECTOR('',#5161,10.);
#1566=VECTOR('',#5162,10.);
#1567=VECTOR('',#5165,10.);
#1568=VECTOR('',#5166,10.);
#1569=VECTOR('',#5167,10.);
#1570=VECTOR('',#5168,10.);
#1571=VECTOR('',#5169,10.);
#1572=VECTOR('',#5170,10.);
#1573=VECTOR('',#5171,10.);
#1574=VECTOR('',#5172,10.);
#1575=VECTOR('',#5173,10.);
#1576=VECTOR('',#5174,10.);
#1577=VECTOR('',#5177,10.);
#1578=VECTOR('',#5178,10.);
#1579=VECTOR('',#5181,10.);
#1580=VECTOR('',#5182,10.);
#1581=VECTOR('',#5183,10.);
#1582=VECTOR('',#5184,10.);
#1583=VECTOR('',#5185,10.);
#1584=VECTOR('',#5186,10.);
#1585=VECTOR('',#5189,10.);
#1586=VECTOR('',#5190,10.);
#1587=VECTOR('',#5191,10.);
#1588=VECTOR('',#5192,10.);
#1589=VECTOR('',#5193,10.);
#1590=VECTOR('',#5194,10.);
#1591=VECTOR('',#5195,10.);
#1592=VECTOR('',#5196,10.);
#1593=VECTOR('',#5197,10.);
#1594=VECTOR('',#5198,10.);
#1595=VECTOR('',#5201,10.);
#1596=VECTOR('',#5202,10.);
#1597=VECTOR('',#5203,10.);
#1598=VECTOR('',#5204,10.);
#1599=VECTOR('',#5205,10.);
#1600=VECTOR('',#5206,10.);
#1601=VECTOR('',#5207,10.);
#1602=VECTOR('',#5208,10.);
#1603=VECTOR('',#5209,10.);
#1604=VECTOR('',#5210,10.);
#1605=VECTOR('',#5211,10.);
#1606=VECTOR('',#5212,10.);
#1607=VECTOR('',#5213,10.);
#1608=VECTOR('',#5214,10.);
#1609=VECTOR('',#5215,10.);
#1610=VECTOR('',#5216,10.);
#1611=VECTOR('',#5217,10.);
#1612=VECTOR('',#5220,10.);
#1613=VECTOR('',#5221,10.);
#1614=VECTOR('',#5222,10.);
#1615=VECTOR('',#5223,10.);
#1616=VECTOR('',#5224,10.);
#1617=VECTOR('',#5225,10.);
#1618=VECTOR('',#5226,10.);
#1619=VECTOR('',#5227,10.);
#1620=VECTOR('',#5228,10.);
#1621=VECTOR('',#5229,10.);
#1622=VECTOR('',#5232,10.);
#1623=VECTOR('',#5233,10.);
#1624=VECTOR('',#5236,10.);
#1625=VECTOR('',#5237,10.);
#1626=VECTOR('',#5238,10.);
#1627=VECTOR('',#5239,10.);
#1628=VECTOR('',#5240,10.);
#1629=VECTOR('',#5241,10.);
#1630=VECTOR('',#5244,10.);
#1631=VECTOR('',#5245,10.);
#1632=VECTOR('',#5246,10.);
#1633=VECTOR('',#5247,10.);
#1634=VECTOR('',#5248,10.);
#1635=VECTOR('',#5249,10.);
#1636=VECTOR('',#5250,10.);
#1637=VECTOR('',#5251,10.);
#1638=VECTOR('',#5252,10.);
#1639=VECTOR('',#5253,10.);
#1640=VECTOR('',#5256,10.);
#1641=VECTOR('',#5257,10.);
#1642=VECTOR('',#5258,10.);
#1643=VECTOR('',#5259,10.);
#1644=VECTOR('',#5260,10.);
#1645=VECTOR('',#5261,10.);
#1646=VECTOR('',#5262,10.);
#1647=VECTOR('',#5263,10.);
#1648=VECTOR('',#5264,10.);
#1649=VECTOR('',#5265,10.);
#1650=VECTOR('',#5266,10.);
#1651=VECTOR('',#5267,10.);
#1652=VECTOR('',#5268,10.);
#1653=VECTOR('',#5269,10.);
#1654=VECTOR('',#5270,10.);
#1655=VECTOR('',#5271,10.);
#1656=VECTOR('',#5272,10.);
#1657=VECTOR('',#5277,10.);
#1658=VECTOR('',#5278,10.);
#1659=VECTOR('',#5279,10.);
#1660=VECTOR('',#5280,10.);
#1661=VECTOR('',#5281,10.);
#1662=VECTOR('',#5282,10.);
#1663=VECTOR('',#5283,10.);
#1664=VECTOR('',#5284,10.);
#1665=VECTOR('',#5287,10.);
#1666=VECTOR('',#5288,10.);
#1667=VECTOR('',#5289,10.);
#1668=VECTOR('',#5290,10.);
#1669=VECTOR('',#5291,10.);
#1670=VECTOR('',#5292,10.);
#1671=VECTOR('',#5295,10.);
#1672=VECTOR('',#5296,10.);
#1673=VECTOR('',#5297,10.);
#1674=VECTOR('',#5300,10.);
#1675=VECTOR('',#5301,10.);
#1676=VECTOR('',#5302,10.);
#1677=VECTOR('',#5305,10.);
#1678=VECTOR('',#5306,10.);
#1679=VECTOR('',#5307,10.);
#1680=VECTOR('',#5310,10.);
#1681=VECTOR('',#5311,10.);
#1682=VECTOR('',#5316,10.);
#1683=VECTOR('',#5317,10.);
#1684=VECTOR('',#5318,10.);
#1685=VECTOR('',#5319,10.);
#1686=VECTOR('',#5322,10.);
#1687=VECTOR('',#5323,10.);
#1688=VECTOR('',#5324,10.);
#1689=VECTOR('',#5327,10.);
#1690=VECTOR('',#5328,10.);
#1691=VECTOR('',#5329,10.);
#1692=VECTOR('',#5332,10.);
#1693=VECTOR('',#5333,10.);
#1694=VECTOR('',#5336,10.);
#1695=VECTOR('',#5337,10.);
#1696=VECTOR('',#5338,10.);
#1697=VECTOR('',#5339,10.);
#1698=VECTOR('',#5340,10.);
#1699=VECTOR('',#5341,10.);
#1700=VECTOR('',#5342,10.);
#1701=VECTOR('',#5343,10.);
#1702=VECTOR('',#5346,10.);
#1703=VECTOR('',#5347,10.);
#1704=VECTOR('',#5348,10.);
#1705=VECTOR('',#5349,10.);
#1706=VECTOR('',#5350,10.);
#1707=VECTOR('',#5351,10.);
#1708=VECTOR('',#5352,10.);
#1709=VECTOR('',#5353,10.);
#1710=VECTOR('',#5354,10.);
#1711=VECTOR('',#5355,10.);
#1712=VECTOR('',#5356,10.);
#1713=VECTOR('',#5357,10.);
#1714=VECTOR('',#5360,10.);
#1715=VECTOR('',#5361,10.);
#1716=VECTOR('',#5362,10.);
#1717=VECTOR('',#5367,10.);
#1718=VECTOR('',#5368,10.);
#1719=VECTOR('',#5369,10.);
#1720=VECTOR('',#5370,10.);
#1721=VECTOR('',#5373,10.);
#1722=VECTOR('',#5374,10.);
#1723=VECTOR('',#5375,10.);
#1724=VECTOR('',#5378,10.);
#1725=VECTOR('',#5379,10.);
#1726=VECTOR('',#5380,10.);
#1727=VECTOR('',#5383,10.);
#1728=VECTOR('',#5384,10.);
#1729=VECTOR('',#5387,10.);
#1730=VECTOR('',#5388,10.);
#1731=VECTOR('',#5389,10.);
#1732=VECTOR('',#5390,10.);
#1733=VECTOR('',#5391,10.);
#1734=VECTOR('',#5392,10.);
#1735=VECTOR('',#5393,10.);
#1736=VECTOR('',#5394,10.);
#1737=VECTOR('',#5395,10.);
#1738=VECTOR('',#5396,10.);
#1739=VECTOR('',#5397,10.);
#1740=VECTOR('',#5398,10.);
#1741=VECTOR('',#5399,10.);
#1742=VECTOR('',#5400,10.);
#1743=VECTOR('',#5401,10.);
#1744=VECTOR('',#5404,10.);
#1745=VECTOR('',#5405,10.);
#1746=VECTOR('',#5406,10.);
#1747=VECTOR('',#5407,10.);
#1748=VECTOR('',#5408,10.);
#1749=VECTOR('',#5409,10.);
#1750=VECTOR('',#5410,10.);
#1751=VECTOR('',#5411,10.);
#1752=VECTOR('',#5412,10.);
#1753=VECTOR('',#5413,10.);
#1754=VECTOR('',#5414,10.);
#1755=VECTOR('',#5415,10.);
#1756=VECTOR('',#5416,10.);
#1757=VECTOR('',#5417,10.);
#1758=VECTOR('',#5418,10.);
#1759=VECTOR('',#5419,10.);
#1760=VECTOR('',#5420,10.);
#1761=VECTOR('',#5421,10.);
#1762=VECTOR('',#5422,10.);
#1763=VECTOR('',#5425,10.);
#1764=VECTOR('',#5426,10.);
#1765=VECTOR('',#5427,10.);
#1766=VECTOR('',#5432,10.);
#1767=VECTOR('',#5433,10.);
#1768=VECTOR('',#5434,10.);
#1769=VECTOR('',#5435,10.);
#1770=VECTOR('',#5438,10.);
#1771=VECTOR('',#5439,10.);
#1772=VECTOR('',#5440,10.);
#1773=VECTOR('',#5443,10.);
#1774=VECTOR('',#5444,10.);
#1775=VECTOR('',#5445,10.);
#1776=VECTOR('',#5448,10.);
#1777=VECTOR('',#5449,10.);
#1778=VECTOR('',#5450,10.);
#1779=VECTOR('',#5453,10.);
#1780=VECTOR('',#5454,10.);
#1781=VECTOR('',#5455,10.);
#1782=VECTOR('',#5458,10.);
#1783=VECTOR('',#5459,10.);
#1784=VECTOR('',#5460,10.);
#1785=VECTOR('',#5463,10.);
#1786=VECTOR('',#5464,10.);
#1787=VECTOR('',#5465,10.);
#1788=VECTOR('',#5468,10.);
#1789=VECTOR('',#5469,10.);
#1790=VECTOR('',#5470,10.);
#1791=VECTOR('',#5473,10.);
#1792=VECTOR('',#5474,10.);
#1793=VECTOR('',#5475,10.);
#1794=VECTOR('',#5476,10.);
#1795=VECTOR('',#5477,10.);
#1796=VECTOR('',#5480,10.);
#1797=VECTOR('',#5481,10.);
#1798=VECTOR('',#5482,10.);
#1799=VECTOR('',#5485,10.);
#1800=VECTOR('',#5486,10.);
#1801=VECTOR('',#5487,10.);
#1802=VECTOR('',#5490,10.);
#1803=VECTOR('',#5491,10.);
#1804=VECTOR('',#5492,10.);
#1805=VECTOR('',#5495,10.);
#1806=VECTOR('',#5496,10.);
#1807=VECTOR('',#5507,10.);
#1808=VECTOR('',#5510,10.);
#1809=VECTOR('',#5513,10.);
#1810=VECTOR('',#5514,10.);
#1811=VECTOR('',#5515,10.);
#1812=VECTOR('',#5518,10.);
#1813=VECTOR('',#5521,10.);
#1814=VECTOR('',#5524,10.);
#1815=VECTOR('',#5535,10.);
#1816=VECTOR('',#5536,10.);
#1817=VECTOR('',#5537,10.);
#1818=VECTOR('',#5538,10.);
#1819=VECTOR('',#5539,10.);
#1820=VECTOR('',#5540,10.);
#1821=VECTOR('',#5541,10.);
#1822=VECTOR('',#5542,10.);
#1823=VECTOR('',#5543,10.);
#1824=VECTOR('',#5544,10.);
#1825=VECTOR('',#5545,10.);
#1826=VECTOR('',#5546,10.);
#1827=VECTOR('',#5547,10.);
#1828=VECTOR('',#5548,10.);
#1829=VECTOR('',#5549,10.);
#1830=VECTOR('',#5550,10.);
#1831=VECTOR('',#5555,10.);
#1832=VECTOR('',#5558,10.);
#1833=VECTOR('',#5559,10.);
#1834=VECTOR('',#5562,10.);
#1835=VECTOR('',#5567,10.);
#1836=VECTOR('',#5570,10.);
#1837=VECTOR('',#5571,10.);
#1838=VECTOR('',#5572,10.);
#1839=VECTOR('',#5573,10.);
#1840=VECTOR('',#5574,10.);
#1841=VECTOR('',#5575,10.);
#1842=VECTOR('',#5576,10.);
#1843=VECTOR('',#5577,10.);
#1844=VECTOR('',#5578,10.);
#1845=VECTOR('',#5579,10.);
#1846=VECTOR('',#5580,10.);
#1847=VECTOR('',#5581,10.);
#1848=VECTOR('',#5582,10.);
#1849=VECTOR('',#5583,10.);
#1850=VECTOR('',#5584,10.);
#1851=VECTOR('',#5585,10.);
#1852=VECTOR('',#5586,10.);
#1853=VECTOR('',#5597,10.);
#1854=VECTOR('',#5598,10.);
#1855=VECTOR('',#5603,2.);
#1856=VECTOR('',#5606,2.);
#1857=VECTOR('',#5609,2.);
#1858=VECTOR('',#5612,2.);
#1859=VECTOR('',#5615,10.);
#1860=VECTOR('',#5616,10.);
#1861=VECTOR('',#5619,10.);
#1862=VECTOR('',#5622,10.);
#1863=VECTOR('',#5627,10.);
#1864=VECTOR('',#5628,10.);
#1865=VECTOR('',#5631,10.);
#1866=VECTOR('',#5634,10.);
#1867=VECTOR('',#5639,10.);
#1868=VECTOR('',#5640,10.);
#1869=VECTOR('',#5643,10.);
#1870=VECTOR('',#5646,10.);
#1871=VECTOR('',#5651,10.);
#1872=VECTOR('',#5652,10.);
#1873=VECTOR('',#5655,10.);
#1874=VECTOR('',#5658,10.);
#1875=VERTEX_POINT('',#5665);
#1876=VERTEX_POINT('',#5666);
#1877=VERTEX_POINT('',#5668);
#1878=VERTEX_POINT('',#5670);
#1879=VERTEX_POINT('',#5674);
#1880=VERTEX_POINT('',#5676);
#1881=VERTEX_POINT('',#5680);
#1882=VERTEX_POINT('',#5682);
#1883=VERTEX_POINT('',#5695);
#1884=VERTEX_POINT('',#5701);
#1885=VERTEX_POINT('',#5718);
#1886=VERTEX_POINT('',#5724);
#1887=VERTEX_POINT('',#5741);
#1888=VERTEX_POINT('',#5747);
#1889=VERTEX_POINT('',#5764);
#1890=VERTEX_POINT('',#5770);
#1891=VERTEX_POINT('',#5787);
#1892=VERTEX_POINT('',#5793);
#1893=VERTEX_POINT('',#5810);
#1894=VERTEX_POINT('',#5816);
#1895=VERTEX_POINT('',#5824);
#1896=VERTEX_POINT('',#5826);
#1897=VERTEX_POINT('',#5830);
#1898=VERTEX_POINT('',#5832);
#1899=VERTEX_POINT('',#5836);
#1900=VERTEX_POINT('',#5838);
#1901=VERTEX_POINT('',#5851);
#1902=VERTEX_POINT('',#5857);
#1903=VERTEX_POINT('',#5874);
#1904=VERTEX_POINT('',#5880);
#1905=VERTEX_POINT('',#5897);
#1906=VERTEX_POINT('',#5903);
#1907=VERTEX_POINT('',#5920);
#1908=VERTEX_POINT('',#5926);
#1909=VERTEX_POINT('',#5943);
#1910=VERTEX_POINT('',#5949);
#1911=VERTEX_POINT('',#5957);
#1912=VERTEX_POINT('',#5959);
#1913=VERTEX_POINT('',#5967);
#1914=VERTEX_POINT('',#5968);
#1915=VERTEX_POINT('',#5970);
#1916=VERTEX_POINT('',#5972);
#1917=VERTEX_POINT('',#5976);
#1918=VERTEX_POINT('',#5978);
#1919=VERTEX_POINT('',#5982);
#1920=VERTEX_POINT('',#5984);
#1921=VERTEX_POINT('',#5992);
#1922=VERTEX_POINT('',#5993);
#1923=VERTEX_POINT('',#5995);
#1924=VERTEX_POINT('',#5997);
#1925=VERTEX_POINT('',#6010);
#1926=VERTEX_POINT('',#6016);
#1927=VERTEX_POINT('',#6033);
#1928=VERTEX_POINT('',#6039);
#1929=VERTEX_POINT('',#6056);
#1930=VERTEX_POINT('',#6062);
#1931=VERTEX_POINT('',#6079);
#1932=VERTEX_POINT('',#6085);
#1933=VERTEX_POINT('',#6102);
#1934=VERTEX_POINT('',#6108);
#1935=VERTEX_POINT('',#6116);
#1936=VERTEX_POINT('',#6118);
#1937=VERTEX_POINT('',#6122);
#1938=VERTEX_POINT('',#6124);
#1939=VERTEX_POINT('',#6128);
#1940=VERTEX_POINT('',#6130);
#1941=VERTEX_POINT('',#6143);
#1942=VERTEX_POINT('',#6149);
#1943=VERTEX_POINT('',#6166);
#1944=VERTEX_POINT('',#6172);
#1945=VERTEX_POINT('',#6189);
#1946=VERTEX_POINT('',#6195);
#1947=VERTEX_POINT('',#6212);
#1948=VERTEX_POINT('',#6218);
#1949=VERTEX_POINT('',#6235);
#1950=VERTEX_POINT('',#6241);
#1951=VERTEX_POINT('',#6249);
#1952=VERTEX_POINT('',#6251);
#1953=VERTEX_POINT('',#6255);
#1954=VERTEX_POINT('',#6257);
#1955=VERTEX_POINT('',#6261);
#1956=VERTEX_POINT('',#6263);
#1957=VERTEX_POINT('',#6276);
#1958=VERTEX_POINT('',#6282);
#1959=VERTEX_POINT('',#6299);
#1960=VERTEX_POINT('',#6305);
#1961=VERTEX_POINT('',#6322);
#1962=VERTEX_POINT('',#6328);
#1963=VERTEX_POINT('',#6345);
#1964=VERTEX_POINT('',#6351);
#1965=VERTEX_POINT('',#6368);
#1966=VERTEX_POINT('',#6374);
#1967=VERTEX_POINT('',#6391);
#1968=VERTEX_POINT('',#6397);
#1969=VERTEX_POINT('',#6414);
#1970=VERTEX_POINT('',#6420);
#1971=VERTEX_POINT('',#6428);
#1972=VERTEX_POINT('',#6430);
#1973=VERTEX_POINT('',#6434);
#1974=VERTEX_POINT('',#6436);
#1975=VERTEX_POINT('',#6440);
#1976=VERTEX_POINT('',#6442);
#1977=VERTEX_POINT('',#6459);
#1978=VERTEX_POINT('',#6460);
#1979=VERTEX_POINT('',#6466);
#1980=VERTEX_POINT('',#6468);
#1981=VERTEX_POINT('',#6485);
#1982=VERTEX_POINT('',#6491);
#1983=VERTEX_POINT('',#6508);
#1984=VERTEX_POINT('',#6514);
#1985=VERTEX_POINT('',#6531);
#1986=VERTEX_POINT('',#6537);
#1987=VERTEX_POINT('',#6554);
#1988=VERTEX_POINT('',#6560);
#1989=VERTEX_POINT('',#6577);
#1990=VERTEX_POINT('',#6583);
#1991=VERTEX_POINT('',#6600);
#1992=VERTEX_POINT('',#6606);
#1993=VERTEX_POINT('',#6623);
#1994=VERTEX_POINT('',#6629);
#1995=VERTEX_POINT('',#6646);
#1996=VERTEX_POINT('',#6652);
#1997=VERTEX_POINT('',#6663);
#1998=VERTEX_POINT('',#6664);
#1999=VERTEX_POINT('',#6666);
#2000=VERTEX_POINT('',#6668);
#2001=VERTEX_POINT('',#6681);
#2002=VERTEX_POINT('',#6687);
#2003=VERTEX_POINT('',#6704);
#2004=VERTEX_POINT('',#6710);
#2005=VERTEX_POINT('',#6718);
#2006=VERTEX_POINT('',#6720);
#2007=VERTEX_POINT('',#6733);
#2008=VERTEX_POINT('',#6739);
#2009=VERTEX_POINT('',#6756);
#2010=VERTEX_POINT('',#6762);
#2011=VERTEX_POINT('',#6779);
#2012=VERTEX_POINT('',#6785);
#2013=VERTEX_POINT('',#6802);
#2014=VERTEX_POINT('',#6808);
#2015=VERTEX_POINT('',#6825);
#2016=VERTEX_POINT('',#6831);
#2017=VERTEX_POINT('',#6848);
#2018=VERTEX_POINT('',#6854);
#2019=VERTEX_POINT('',#6871);
#2020=VERTEX_POINT('',#6877);
#2021=VERTEX_POINT('',#6885);
#2022=VERTEX_POINT('',#6887);
#2023=VERTEX_POINT('',#6900);
#2024=VERTEX_POINT('',#6906);
#2025=VERTEX_POINT('',#6923);
#2026=VERTEX_POINT('',#6929);
#2027=VERTEX_POINT('',#6946);
#2028=VERTEX_POINT('',#6952);
#2029=VERTEX_POINT('',#6969);
#2030=VERTEX_POINT('',#6975);
#2031=VERTEX_POINT('',#6992);
#2032=VERTEX_POINT('',#6998);
#2033=VERTEX_POINT('',#7015);
#2034=VERTEX_POINT('',#7021);
#2035=VERTEX_POINT('',#7038);
#2036=VERTEX_POINT('',#7044);
#2037=VERTEX_POINT('',#7061);
#2038=VERTEX_POINT('',#7067);
#2039=VERTEX_POINT('',#7084);
#2040=VERTEX_POINT('',#7090);
#2041=VERTEX_POINT('',#7107);
#2042=VERTEX_POINT('',#7113);
#2043=VERTEX_POINT('',#7130);
#2044=VERTEX_POINT('',#7136);
#2045=VERTEX_POINT('',#7153);
#2046=VERTEX_POINT('',#7159);
#2047=VERTEX_POINT('',#7176);
#2048=VERTEX_POINT('',#7182);
#2049=VERTEX_POINT('',#7199);
#2050=VERTEX_POINT('',#7205);
#2051=VERTEX_POINT('',#7243);
#2052=VERTEX_POINT('',#7244);
#2053=VERTEX_POINT('',#7250);
#2054=VERTEX_POINT('',#7252);
#2055=VERTEX_POINT('',#7269);
#2056=VERTEX_POINT('',#7275);
#2057=VERTEX_POINT('',#7292);
#2058=VERTEX_POINT('',#7298);
#2059=VERTEX_POINT('',#7315);
#2060=VERTEX_POINT('',#7321);
#2061=VERTEX_POINT('',#7338);
#2062=VERTEX_POINT('',#7344);
#2063=VERTEX_POINT('',#7361);
#2064=VERTEX_POINT('',#7367);
#2065=VERTEX_POINT('',#7384);
#2066=VERTEX_POINT('',#7390);
#2067=VERTEX_POINT('',#7407);
#2068=VERTEX_POINT('',#7413);
#2069=VERTEX_POINT('',#7430);
#2070=VERTEX_POINT('',#7436);
#2071=VERTEX_POINT('',#7447);
#2072=VERTEX_POINT('',#7448);
#2073=VERTEX_POINT('',#7450);
#2074=VERTEX_POINT('',#7452);
#2075=VERTEX_POINT('',#7465);
#2076=VERTEX_POINT('',#7471);
#2077=VERTEX_POINT('',#7488);
#2078=VERTEX_POINT('',#7494);
#2079=VERTEX_POINT('',#7502);
#2080=VERTEX_POINT('',#7504);
#2081=VERTEX_POINT('',#7517);
#2082=VERTEX_POINT('',#7523);
#2083=VERTEX_POINT('',#7540);
#2084=VERTEX_POINT('',#7546);
#2085=VERTEX_POINT('',#7563);
#2086=VERTEX_POINT('',#7569);
#2087=VERTEX_POINT('',#7586);
#2088=VERTEX_POINT('',#7592);
#2089=VERTEX_POINT('',#7609);
#2090=VERTEX_POINT('',#7615);
#2091=VERTEX_POINT('',#7632);
#2092=VERTEX_POINT('',#7638);
#2093=VERTEX_POINT('',#7655);
#2094=VERTEX_POINT('',#7661);
#2095=VERTEX_POINT('',#7669);
#2096=VERTEX_POINT('',#7671);
#2097=VERTEX_POINT('',#7684);
#2098=VERTEX_POINT('',#7690);
#2099=VERTEX_POINT('',#7707);
#2100=VERTEX_POINT('',#7713);
#2101=VERTEX_POINT('',#7730);
#2102=VERTEX_POINT('',#7736);
#2103=VERTEX_POINT('',#7753);
#2104=VERTEX_POINT('',#7759);
#2105=VERTEX_POINT('',#7776);
#2106=VERTEX_POINT('',#7782);
#2107=VERTEX_POINT('',#7799);
#2108=VERTEX_POINT('',#7805);
#2109=VERTEX_POINT('',#7822);
#2110=VERTEX_POINT('',#7828);
#2111=VERTEX_POINT('',#7845);
#2112=VERTEX_POINT('',#7851);
#2113=VERTEX_POINT('',#7868);
#2114=VERTEX_POINT('',#7874);
#2115=VERTEX_POINT('',#7891);
#2116=VERTEX_POINT('',#7897);
#2117=VERTEX_POINT('',#7914);
#2118=VERTEX_POINT('',#7920);
#2119=VERTEX_POINT('',#7937);
#2120=VERTEX_POINT('',#7943);
#2121=VERTEX_POINT('',#7960);
#2122=VERTEX_POINT('',#7966);
#2123=VERTEX_POINT('',#7983);
#2124=VERTEX_POINT('',#7989);
#2125=VERTEX_POINT('',#8018);
#2126=VERTEX_POINT('',#8019);
#2127=VERTEX_POINT('',#8021);
#2128=VERTEX_POINT('',#8023);
#2129=VERTEX_POINT('',#8036);
#2130=VERTEX_POINT('',#8042);
#2131=VERTEX_POINT('',#8059);
#2132=VERTEX_POINT('',#8065);
#2133=VERTEX_POINT('',#8082);
#2134=VERTEX_POINT('',#8088);
#2135=VERTEX_POINT('',#8105);
#2136=VERTEX_POINT('',#8111);
#2137=VERTEX_POINT('',#8119);
#2138=VERTEX_POINT('',#8121);
#2139=VERTEX_POINT('',#8134);
#2140=VERTEX_POINT('',#8140);
#2141=VERTEX_POINT('',#8157);
#2142=VERTEX_POINT('',#8163);
#2143=VERTEX_POINT('',#8180);
#2144=VERTEX_POINT('',#8186);
#2145=VERTEX_POINT('',#8194);
#2146=VERTEX_POINT('',#8196);
#2147=VERTEX_POINT('',#8200);
#2148=VERTEX_POINT('',#8202);
#2149=VERTEX_POINT('',#8206);
#2150=VERTEX_POINT('',#8208);
#2151=VERTEX_POINT('',#8216);
#2152=VERTEX_POINT('',#8217);
#2153=VERTEX_POINT('',#8219);
#2154=VERTEX_POINT('',#8221);
#2155=VERTEX_POINT('',#8225);
#2156=VERTEX_POINT('',#8227);
#2157=VERTEX_POINT('',#8231);
#2158=VERTEX_POINT('',#8233);
#2159=VERTEX_POINT('',#8250);
#2160=VERTEX_POINT('',#8251);
#2161=VERTEX_POINT('',#8257);
#2162=VERTEX_POINT('',#8259);
#2163=VERTEX_POINT('',#8276);
#2164=VERTEX_POINT('',#8282);
#2165=VERTEX_POINT('',#8299);
#2166=VERTEX_POINT('',#8305);
#2167=VERTEX_POINT('',#8322);
#2168=VERTEX_POINT('',#8328);
#2169=VERTEX_POINT('',#8345);
#2170=VERTEX_POINT('',#8351);
#2171=VERTEX_POINT('',#8368);
#2172=VERTEX_POINT('',#8374);
#2173=VERTEX_POINT('',#8391);
#2174=VERTEX_POINT('',#8397);
#2175=VERTEX_POINT('',#8405);
#2176=VERTEX_POINT('',#8407);
#2177=VERTEX_POINT('',#8420);
#2178=VERTEX_POINT('',#8426);
#2179=VERTEX_POINT('',#8443);
#2180=VERTEX_POINT('',#8449);
#2181=VERTEX_POINT('',#8466);
#2182=VERTEX_POINT('',#8472);
#2183=VERTEX_POINT('',#8489);
#2184=VERTEX_POINT('',#8495);
#2185=VERTEX_POINT('',#8512);
#2186=VERTEX_POINT('',#8518);
#2187=VERTEX_POINT('',#8535);
#2188=VERTEX_POINT('',#8541);
#2189=VERTEX_POINT('',#8558);
#2190=VERTEX_POINT('',#8564);
#2191=VERTEX_POINT('',#8581);
#2192=VERTEX_POINT('',#8587);
#2193=VERTEX_POINT('',#8604);
#2194=VERTEX_POINT('',#8610);
#2195=VERTEX_POINT('',#8618);
#2196=VERTEX_POINT('',#8620);
#2197=VERTEX_POINT('',#8645);
#2198=VERTEX_POINT('',#8646);
#2199=VERTEX_POINT('',#8648);
#2200=VERTEX_POINT('',#8650);
#2201=VERTEX_POINT('',#8654);
#2202=VERTEX_POINT('',#8656);
#2203=VERTEX_POINT('',#8660);
#2204=VERTEX_POINT('',#8662);
#2205=VERTEX_POINT('',#8679);
#2206=VERTEX_POINT('',#8680);
#2207=VERTEX_POINT('',#8686);
#2208=VERTEX_POINT('',#8688);
#2209=VERTEX_POINT('',#8705);
#2210=VERTEX_POINT('',#8711);
#2211=VERTEX_POINT('',#8728);
#2212=VERTEX_POINT('',#8734);
#2213=VERTEX_POINT('',#8751);
#2214=VERTEX_POINT('',#8757);
#2215=VERTEX_POINT('',#8774);
#2216=VERTEX_POINT('',#8780);
#2217=VERTEX_POINT('',#8797);
#2218=VERTEX_POINT('',#8803);
#2219=VERTEX_POINT('',#8820);
#2220=VERTEX_POINT('',#8826);
#2221=VERTEX_POINT('',#8843);
#2222=VERTEX_POINT('',#8849);
#2223=VERTEX_POINT('',#8866);
#2224=VERTEX_POINT('',#8872);
#2225=VERTEX_POINT('',#8889);
#2226=VERTEX_POINT('',#8895);
#2227=VERTEX_POINT('',#8912);
#2228=VERTEX_POINT('',#8918);
#2229=VERTEX_POINT('',#8935);
#2230=VERTEX_POINT('',#8941);
#2231=VERTEX_POINT('',#8958);
#2232=VERTEX_POINT('',#8964);
#2233=VERTEX_POINT('',#8981);
#2234=VERTEX_POINT('',#8987);
#2235=VERTEX_POINT('',#8995);
#2236=VERTEX_POINT('',#8997);
#2237=VERTEX_POINT('',#9010);
#2238=VERTEX_POINT('',#9016);
#2239=VERTEX_POINT('',#9033);
#2240=VERTEX_POINT('',#9039);
#2241=VERTEX_POINT('',#9056);
#2242=VERTEX_POINT('',#9062);
#2243=VERTEX_POINT('',#9079);
#2244=VERTEX_POINT('',#9085);
#2245=VERTEX_POINT('',#9102);
#2246=VERTEX_POINT('',#9108);
#2247=VERTEX_POINT('',#9125);
#2248=VERTEX_POINT('',#9131);
#2249=VERTEX_POINT('',#9148);
#2250=VERTEX_POINT('',#9154);
#2251=VERTEX_POINT('',#9171);
#2252=VERTEX_POINT('',#9177);
#2253=VERTEX_POINT('',#9194);
#2254=VERTEX_POINT('',#9200);
#2255=VERTEX_POINT('',#9217);
#2256=VERTEX_POINT('',#9223);
#2257=VERTEX_POINT('',#9240);
#2258=VERTEX_POINT('',#9246);
#2259=VERTEX_POINT('',#9263);
#2260=VERTEX_POINT('',#9269);
#2261=VERTEX_POINT('',#9286);
#2262=VERTEX_POINT('',#9292);
#2263=VERTEX_POINT('',#9309);
#2264=VERTEX_POINT('',#9315);
#2265=VERTEX_POINT('',#9332);
#2266=VERTEX_POINT('',#9338);
#2267=VERTEX_POINT('',#9355);
#2268=VERTEX_POINT('',#9361);
#2269=VERTEX_POINT('',#9369);
#2270=VERTEX_POINT('',#9371);
#2271=VERTEX_POINT('',#9396);
#2272=VERTEX_POINT('',#9397);
#2273=VERTEX_POINT('',#9399);
#2274=VERTEX_POINT('',#9401);
#2275=VERTEX_POINT('',#9405);
#2276=VERTEX_POINT('',#9407);
#2277=VERTEX_POINT('',#9411);
#2278=VERTEX_POINT('',#9413);
#2279=VERTEX_POINT('',#9417);
#2280=VERTEX_POINT('',#9419);
#2281=VERTEX_POINT('',#9423);
#2282=VERTEX_POINT('',#9425);
#2283=VERTEX_POINT('',#9429);
#2284=VERTEX_POINT('',#9431);
#2285=VERTEX_POINT('',#9435);
#2286=VERTEX_POINT('',#9437);
#2287=VERTEX_POINT('',#9441);
#2288=VERTEX_POINT('',#9443);
#2289=VERTEX_POINT('',#9447);
#2290=VERTEX_POINT('',#9449);
#2291=VERTEX_POINT('',#9462);
#2292=VERTEX_POINT('',#9468);
#2293=VERTEX_POINT('',#9485);
#2294=VERTEX_POINT('',#9491);
#2295=VERTEX_POINT('',#9499);
#2296=VERTEX_POINT('',#9501);
#2297=VERTEX_POINT('',#9505);
#2298=VERTEX_POINT('',#9507);
#2299=VERTEX_POINT('',#9511);
#2300=VERTEX_POINT('',#9513);
#2301=VERTEX_POINT('',#9523);
#2302=VERTEX_POINT('',#9524);
#2303=VERTEX_POINT('',#9526);
#2304=VERTEX_POINT('',#9528);
#2305=VERTEX_POINT('',#9532);
#2306=VERTEX_POINT('',#9534);
#2307=VERTEX_POINT('',#9538);
#2308=VERTEX_POINT('',#9540);
#2309=VERTEX_POINT('',#9542);
#2310=VERTEX_POINT('',#9544);
#2311=VERTEX_POINT('',#9546);
#2312=VERTEX_POINT('',#9549);
#2313=VERTEX_POINT('',#9551);
#2314=VERTEX_POINT('',#9553);
#2315=VERTEX_POINT('',#9555);
#2316=VERTEX_POINT('',#9557);
#2317=VERTEX_POINT('',#9558);
#2318=VERTEX_POINT('',#9560);
#2319=VERTEX_POINT('',#9562);
#2320=VERTEX_POINT('',#9565);
#2321=VERTEX_POINT('',#9566);
#2322=VERTEX_POINT('',#9568);
#2323=VERTEX_POINT('',#9570);
#2324=VERTEX_POINT('',#9573);
#2325=VERTEX_POINT('',#9574);
#2326=VERTEX_POINT('',#9576);
#2327=VERTEX_POINT('',#9578);
#2328=VERTEX_POINT('',#9581);
#2329=VERTEX_POINT('',#9582);
#2330=VERTEX_POINT('',#9584);
#2331=VERTEX_POINT('',#9586);
#2332=VERTEX_POINT('',#9590);
#2333=VERTEX_POINT('',#9594);
#2334=VERTEX_POINT('',#9598);
#2335=VERTEX_POINT('',#9602);
#2336=VERTEX_POINT('',#9604);
#2337=VERTEX_POINT('',#9607);
#2338=VERTEX_POINT('',#9608);
#2339=VERTEX_POINT('',#9610);
#2340=VERTEX_POINT('',#9612);
#2341=VERTEX_POINT('',#9615);
#2342=VERTEX_POINT('',#9616);
#2343=VERTEX_POINT('',#9618);
#2344=VERTEX_POINT('',#9620);
#2345=VERTEX_POINT('',#9623);
#2346=VERTEX_POINT('',#9624);
#2347=VERTEX_POINT('',#9626);
#2348=VERTEX_POINT('',#9628);
#2349=VERTEX_POINT('',#9631);
#2350=VERTEX_POINT('',#9632);
#2351=VERTEX_POINT('',#9634);
#2352=VERTEX_POINT('',#9636);
#2353=VERTEX_POINT('',#9639);
#2354=VERTEX_POINT('',#9641);
#2355=VERTEX_POINT('',#9643);
#2356=VERTEX_POINT('',#9645);
#2357=EDGE_CURVE('',#1875,#1876,#1065,.T.);
#2358=EDGE_CURVE('',#1875,#1877,#1066,.T.);
#2359=EDGE_CURVE('',#1877,#1878,#1067,.T.);
#2360=EDGE_CURVE('',#1876,#1878,#1068,.T.);
#2361=EDGE_CURVE('',#1879,#1875,#1069,.T.);
#2362=EDGE_CURVE('',#1879,#1880,#1070,.T.);
#2363=EDGE_CURVE('',#1880,#1877,#1071,.T.);
#2364=EDGE_CURVE('',#1881,#1879,#1072,.T.);
#2365=EDGE_CURVE('',#1881,#1882,#1073,.T.);
#2366=EDGE_CURVE('',#1882,#1880,#1074,.T.);
#2367=EDGE_CURVE('',#1883,#1881,#71,.T.);
#2368=EDGE_CURVE('',#1883,#1884,#1075,.T.);
#2369=EDGE_CURVE('',#1884,#1882,#72,.T.);
#2370=EDGE_CURVE('',#1885,#1883,#73,.T.);
#2371=EDGE_CURVE('',#1885,#1886,#1076,.T.);
#2372=EDGE_CURVE('',#1886,#1884,#74,.T.);
#2373=EDGE_CURVE('',#1887,#1885,#75,.T.);
#2374=EDGE_CURVE('',#1887,#1888,#1077,.T.);
#2375=EDGE_CURVE('',#1888,#1886,#76,.T.);
#2376=EDGE_CURVE('',#1889,#1887,#77,.T.);
#2377=EDGE_CURVE('',#1889,#1890,#1078,.T.);
#2378=EDGE_CURVE('',#1890,#1888,#78,.T.);
#2379=EDGE_CURVE('',#1891,#1889,#79,.T.);
#2380=EDGE_CURVE('',#1891,#1892,#1079,.T.);
#2381=EDGE_CURVE('',#1892,#1890,#80,.T.);
#2382=EDGE_CURVE('',#1893,#1891,#81,.T.);
#2383=EDGE_CURVE('',#1893,#1894,#1080,.T.);
#2384=EDGE_CURVE('',#1894,#1892,#82,.T.);
#2385=EDGE_CURVE('',#1895,#1893,#1081,.T.);
#2386=EDGE_CURVE('',#1895,#1896,#1082,.T.);
#2387=EDGE_CURVE('',#1896,#1894,#1083,.T.);
#2388=EDGE_CURVE('',#1897,#1895,#1084,.T.);
#2389=EDGE_CURVE('',#1897,#1898,#1085,.T.);
#2390=EDGE_CURVE('',#1898,#1896,#1086,.T.);
#2391=EDGE_CURVE('',#1899,#1897,#1087,.T.);
#2392=EDGE_CURVE('',#1899,#1900,#1088,.T.);
#2393=EDGE_CURVE('',#1900,#1898,#1089,.T.);
#2394=EDGE_CURVE('',#1901,#1899,#83,.T.);
#2395=EDGE_CURVE('',#1901,#1902,#1090,.T.);
#2396=EDGE_CURVE('',#1902,#1900,#84,.T.);
#2397=EDGE_CURVE('',#1903,#1901,#85,.T.);
#2398=EDGE_CURVE('',#1903,#1904,#1091,.T.);
#2399=EDGE_CURVE('',#1904,#1902,#86,.T.);
#2400=EDGE_CURVE('',#1905,#1903,#87,.T.);
#2401=EDGE_CURVE('',#1905,#1906,#1092,.T.);
#2402=EDGE_CURVE('',#1906,#1904,#88,.T.);
#2403=EDGE_CURVE('',#1907,#1905,#89,.T.);
#2404=EDGE_CURVE('',#1907,#1908,#1093,.T.);
#2405=EDGE_CURVE('',#1908,#1906,#90,.T.);
#2406=EDGE_CURVE('',#1909,#1907,#91,.T.);
#2407=EDGE_CURVE('',#1909,#1910,#1094,.T.);
#2408=EDGE_CURVE('',#1910,#1908,#92,.T.);
#2409=EDGE_CURVE('',#1911,#1909,#1095,.T.);
#2410=EDGE_CURVE('',#1911,#1912,#1096,.T.);
#2411=EDGE_CURVE('',#1912,#1910,#1097,.T.);
#2412=EDGE_CURVE('',#1876,#1911,#1098,.T.);
#2413=EDGE_CURVE('',#1878,#1912,#1099,.T.);
#2414=EDGE_CURVE('',#1913,#1914,#1100,.T.);
#2415=EDGE_CURVE('',#1913,#1915,#1101,.T.);
#2416=EDGE_CURVE('',#1915,#1916,#1102,.T.);
#2417=EDGE_CURVE('',#1914,#1916,#1103,.T.);
#2418=EDGE_CURVE('',#1917,#1913,#1104,.T.);
#2419=EDGE_CURVE('',#1917,#1918,#1105,.T.);
#2420=EDGE_CURVE('',#1918,#1915,#1106,.T.);
#2421=EDGE_CURVE('',#1919,#1917,#1107,.T.);
#2422=EDGE_CURVE('',#1919,#1920,#1108,.T.);
#2423=EDGE_CURVE('',#1920,#1918,#1109,.T.);
#2424=EDGE_CURVE('',#1914,#1919,#1110,.T.);
#2425=EDGE_CURVE('',#1916,#1920,#1111,.T.);
#2426=EDGE_CURVE('',#1921,#1922,#1112,.T.);
#2427=EDGE_CURVE('',#1921,#1923,#1113,.T.);
#2428=EDGE_CURVE('',#1923,#1924,#1114,.T.);
#2429=EDGE_CURVE('',#1922,#1924,#1115,.T.);
#2430=EDGE_CURVE('',#1925,#1921,#93,.T.);
#2431=EDGE_CURVE('',#1925,#1926,#1116,.T.);
#2432=EDGE_CURVE('',#1926,#1923,#94,.T.);
#2433=EDGE_CURVE('',#1927,#1925,#95,.T.);
#2434=EDGE_CURVE('',#1927,#1928,#1117,.T.);
#2435=EDGE_CURVE('',#1928,#1926,#96,.T.);
#2436=EDGE_CURVE('',#1929,#1927,#97,.T.);
#2437=EDGE_CURVE('',#1929,#1930,#1118,.T.);
#2438=EDGE_CURVE('',#1930,#1928,#98,.T.);
#2439=EDGE_CURVE('',#1931,#1929,#99,.T.);
#2440=EDGE_CURVE('',#1931,#1932,#1119,.T.);
#2441=EDGE_CURVE('',#1932,#1930,#100,.T.);
#2442=EDGE_CURVE('',#1933,#1931,#101,.T.);
#2443=EDGE_CURVE('',#1933,#1934,#1120,.T.);
#2444=EDGE_CURVE('',#1934,#1932,#102,.T.);
#2445=EDGE_CURVE('',#1935,#1933,#1121,.T.);
#2446=EDGE_CURVE('',#1935,#1936,#1122,.T.);
#2447=EDGE_CURVE('',#1936,#1934,#1123,.T.);
#2448=EDGE_CURVE('',#1937,#1935,#1124,.T.);
#2449=EDGE_CURVE('',#1937,#1938,#1125,.T.);
#2450=EDGE_CURVE('',#1938,#1936,#1126,.T.);
#2451=EDGE_CURVE('',#1939,#1937,#1127,.T.);
#2452=EDGE_CURVE('',#1939,#1940,#1128,.T.);
#2453=EDGE_CURVE('',#1940,#1938,#1129,.T.);
#2454=EDGE_CURVE('',#1941,#1939,#103,.T.);
#2455=EDGE_CURVE('',#1941,#1942,#1130,.T.);
#2456=EDGE_CURVE('',#1942,#1940,#104,.T.);
#2457=EDGE_CURVE('',#1943,#1941,#105,.T.);
#2458=EDGE_CURVE('',#1943,#1944,#1131,.T.);
#2459=EDGE_CURVE('',#1944,#1942,#106,.T.);
#2460=EDGE_CURVE('',#1945,#1943,#107,.T.);
#2461=EDGE_CURVE('',#1945,#1946,#1132,.T.);
#2462=EDGE_CURVE('',#1946,#1944,#108,.T.);
#2463=EDGE_CURVE('',#1947,#1945,#109,.T.);
#2464=EDGE_CURVE('',#1947,#1948,#1133,.T.);
#2465=EDGE_CURVE('',#1948,#1946,#110,.T.);
#2466=EDGE_CURVE('',#1949,#1947,#111,.T.);
#2467=EDGE_CURVE('',#1949,#1950,#1134,.T.);
#2468=EDGE_CURVE('',#1950,#1948,#112,.T.);
#2469=EDGE_CURVE('',#1951,#1949,#1135,.T.);
#2470=EDGE_CURVE('',#1951,#1952,#1136,.T.);
#2471=EDGE_CURVE('',#1952,#1950,#1137,.T.);
#2472=EDGE_CURVE('',#1953,#1951,#1138,.T.);
#2473=EDGE_CURVE('',#1953,#1954,#1139,.T.);
#2474=EDGE_CURVE('',#1954,#1952,#1140,.T.);
#2475=EDGE_CURVE('',#1955,#1953,#1141,.T.);
#2476=EDGE_CURVE('',#1955,#1956,#1142,.T.);
#2477=EDGE_CURVE('',#1956,#1954,#1143,.T.);
#2478=EDGE_CURVE('',#1957,#1955,#113,.T.);
#2479=EDGE_CURVE('',#1957,#1958,#1144,.T.);
#2480=EDGE_CURVE('',#1958,#1956,#114,.T.);
#2481=EDGE_CURVE('',#1959,#1957,#115,.T.);
#2482=EDGE_CURVE('',#1959,#1960,#1145,.T.);
#2483=EDGE_CURVE('',#1960,#1958,#116,.T.);
#2484=EDGE_CURVE('',#1961,#1959,#117,.T.);
#2485=EDGE_CURVE('',#1961,#1962,#1146,.T.);
#2486=EDGE_CURVE('',#1962,#1960,#118,.T.);
#2487=EDGE_CURVE('',#1963,#1961,#119,.T.);
#2488=EDGE_CURVE('',#1963,#1964,#1147,.T.);
#2489=EDGE_CURVE('',#1964,#1962,#120,.T.);
#2490=EDGE_CURVE('',#1965,#1963,#121,.T.);
#2491=EDGE_CURVE('',#1965,#1966,#1148,.T.);
#2492=EDGE_CURVE('',#1966,#1964,#122,.T.);
#2493=EDGE_CURVE('',#1967,#1965,#123,.T.);
#2494=EDGE_CURVE('',#1967,#1968,#1149,.T.);
#2495=EDGE_CURVE('',#1968,#1966,#124,.T.);
#2496=EDGE_CURVE('',#1969,#1967,#125,.T.);
#2497=EDGE_CURVE('',#1969,#1970,#1150,.T.);
#2498=EDGE_CURVE('',#1970,#1968,#126,.T.);
#2499=EDGE_CURVE('',#1971,#1969,#1151,.T.);
#2500=EDGE_CURVE('',#1971,#1972,#1152,.T.);
#2501=EDGE_CURVE('',#1972,#1970,#1153,.T.);
#2502=EDGE_CURVE('',#1973,#1971,#1154,.T.);
#2503=EDGE_CURVE('',#1973,#1974,#1155,.T.);
#2504=EDGE_CURVE('',#1974,#1972,#1156,.T.);
#2505=EDGE_CURVE('',#1975,#1973,#1157,.T.);
#2506=EDGE_CURVE('',#1975,#1976,#1158,.T.);
#2507=EDGE_CURVE('',#1976,#1974,#1159,.T.);
#2508=EDGE_CURVE('',#1922,#1975,#1160,.T.);
#2509=EDGE_CURVE('',#1924,#1976,#1161,.T.);
#2510=EDGE_CURVE('',#1977,#1978,#127,.T.);
#2511=EDGE_CURVE('',#1977,#1979,#1162,.T.);
#2512=EDGE_CURVE('',#1979,#1980,#128,.T.);
#2513=EDGE_CURVE('',#1978,#1980,#1163,.T.);
#2514=EDGE_CURVE('',#1981,#1977,#129,.T.);
#2515=EDGE_CURVE('',#1981,#1982,#1164,.T.);
#2516=EDGE_CURVE('',#1982,#1979,#130,.T.);
#2517=EDGE_CURVE('',#1983,#1981,#131,.T.);
#2518=EDGE_CURVE('',#1983,#1984,#1165,.T.);
#2519=EDGE_CURVE('',#1984,#1982,#132,.T.);
#2520=EDGE_CURVE('',#1985,#1983,#133,.T.);
#2521=EDGE_CURVE('',#1985,#1986,#1166,.T.);
#2522=EDGE_CURVE('',#1986,#1984,#134,.T.);
#2523=EDGE_CURVE('',#1987,#1985,#135,.T.);
#2524=EDGE_CURVE('',#1987,#1988,#1167,.T.);
#2525=EDGE_CURVE('',#1988,#1986,#136,.T.);
#2526=EDGE_CURVE('',#1989,#1987,#137,.T.);
#2527=EDGE_CURVE('',#1989,#1990,#1168,.T.);
#2528=EDGE_CURVE('',#1990,#1988,#138,.T.);
#2529=EDGE_CURVE('',#1991,#1989,#139,.T.);
#2530=EDGE_CURVE('',#1991,#1992,#1169,.T.);
#2531=EDGE_CURVE('',#1992,#1990,#140,.T.);
#2532=EDGE_CURVE('',#1993,#1991,#141,.T.);
#2533=EDGE_CURVE('',#1993,#1994,#1170,.T.);
#2534=EDGE_CURVE('',#1994,#1992,#142,.T.);
#2535=EDGE_CURVE('',#1995,#1993,#143,.T.);
#2536=EDGE_CURVE('',#1995,#1996,#1171,.T.);
#2537=EDGE_CURVE('',#1996,#1994,#144,.T.);
#2538=EDGE_CURVE('',#1978,#1995,#1172,.T.);
#2539=EDGE_CURVE('',#1980,#1996,#1173,.T.);
#2540=EDGE_CURVE('',#1997,#1998,#1174,.T.);
#2541=EDGE_CURVE('',#1997,#1999,#1175,.T.);
#2542=EDGE_CURVE('',#1999,#2000,#1176,.T.);
#2543=EDGE_CURVE('',#1998,#2000,#1177,.T.);
#2544=EDGE_CURVE('',#2001,#1997,#145,.T.);
#2545=EDGE_CURVE('',#2001,#2002,#1178,.T.);
#2546=EDGE_CURVE('',#2002,#1999,#146,.T.);
#2547=EDGE_CURVE('',#2003,#2001,#147,.T.);
#2548=EDGE_CURVE('',#2003,#2004,#1179,.T.);
#2549=EDGE_CURVE('',#2004,#2002,#148,.T.);
#2550=EDGE_CURVE('',#2005,#2003,#1180,.T.);
#2551=EDGE_CURVE('',#2005,#2006,#1181,.T.);
#2552=EDGE_CURVE('',#2006,#2004,#1182,.T.);
#2553=EDGE_CURVE('',#2007,#2005,#149,.T.);
#2554=EDGE_CURVE('',#2007,#2008,#1183,.T.);
#2555=EDGE_CURVE('',#2008,#2006,#150,.T.);
#2556=EDGE_CURVE('',#2009,#2007,#151,.T.);
#2557=EDGE_CURVE('',#2009,#2010,#1184,.T.);
#2558=EDGE_CURVE('',#2010,#2008,#152,.T.);
#2559=EDGE_CURVE('',#2011,#2009,#153,.T.);
#2560=EDGE_CURVE('',#2011,#2012,#1185,.T.);
#2561=EDGE_CURVE('',#2012,#2010,#154,.T.);
#2562=EDGE_CURVE('',#2013,#2011,#155,.T.);
#2563=EDGE_CURVE('',#2013,#2014,#1186,.T.);
#2564=EDGE_CURVE('',#2014,#2012,#156,.T.);
#2565=EDGE_CURVE('',#2015,#2013,#157,.T.);
#2566=EDGE_CURVE('',#2015,#2016,#1187,.T.);
#2567=EDGE_CURVE('',#2016,#2014,#158,.T.);
#2568=EDGE_CURVE('',#2017,#2015,#159,.T.);
#2569=EDGE_CURVE('',#2017,#2018,#1188,.T.);
#2570=EDGE_CURVE('',#2018,#2016,#160,.T.);
#2571=EDGE_CURVE('',#2019,#2017,#161,.T.);
#2572=EDGE_CURVE('',#2019,#2020,#1189,.T.);
#2573=EDGE_CURVE('',#2020,#2018,#162,.T.);
#2574=EDGE_CURVE('',#2021,#2019,#1190,.T.);
#2575=EDGE_CURVE('',#2021,#2022,#1191,.T.);
#2576=EDGE_CURVE('',#2022,#2020,#1192,.T.);
#2577=EDGE_CURVE('',#2023,#2021,#163,.T.);
#2578=EDGE_CURVE('',#2023,#2024,#1193,.T.);
#2579=EDGE_CURVE('',#2024,#2022,#164,.T.);
#2580=EDGE_CURVE('',#2025,#2023,#165,.T.);
#2581=EDGE_CURVE('',#2025,#2026,#1194,.T.);
#2582=EDGE_CURVE('',#2026,#2024,#166,.T.);
#2583=EDGE_CURVE('',#2027,#2025,#167,.T.);
#2584=EDGE_CURVE('',#2027,#2028,#1195,.T.);
#2585=EDGE_CURVE('',#2028,#2026,#168,.T.);
#2586=EDGE_CURVE('',#2029,#2027,#169,.T.);
#2587=EDGE_CURVE('',#2029,#2030,#1196,.T.);
#2588=EDGE_CURVE('',#2030,#2028,#170,.T.);
#2589=EDGE_CURVE('',#2031,#2029,#171,.T.);
#2590=EDGE_CURVE('',#2031,#2032,#1197,.T.);
#2591=EDGE_CURVE('',#2032,#2030,#172,.T.);
#2592=EDGE_CURVE('',#2033,#2031,#173,.T.);
#2593=EDGE_CURVE('',#2033,#2034,#1198,.T.);
#2594=EDGE_CURVE('',#2034,#2032,#174,.T.);
#2595=EDGE_CURVE('',#2035,#2033,#175,.T.);
#2596=EDGE_CURVE('',#2035,#2036,#1199,.T.);
#2597=EDGE_CURVE('',#2036,#2034,#176,.T.);
#2598=EDGE_CURVE('',#2037,#2035,#177,.T.);
#2599=EDGE_CURVE('',#2037,#2038,#1200,.T.);
#2600=EDGE_CURVE('',#2038,#2036,#178,.T.);
#2601=EDGE_CURVE('',#2039,#2037,#179,.T.);
#2602=EDGE_CURVE('',#2039,#2040,#1201,.T.);
#2603=EDGE_CURVE('',#2040,#2038,#180,.T.);
#2604=EDGE_CURVE('',#2041,#2039,#181,.T.);
#2605=EDGE_CURVE('',#2041,#2042,#1202,.T.);
#2606=EDGE_CURVE('',#2042,#2040,#182,.T.);
#2607=EDGE_CURVE('',#2043,#2041,#183,.T.);
#2608=EDGE_CURVE('',#2043,#2044,#1203,.T.);
#2609=EDGE_CURVE('',#2044,#2042,#184,.T.);
#2610=EDGE_CURVE('',#2045,#2043,#185,.T.);
#2611=EDGE_CURVE('',#2045,#2046,#1204,.T.);
#2612=EDGE_CURVE('',#2046,#2044,#186,.T.);
#2613=EDGE_CURVE('',#2047,#2045,#187,.T.);
#2614=EDGE_CURVE('',#2047,#2048,#1205,.T.);
#2615=EDGE_CURVE('',#2048,#2046,#188,.T.);
#2616=EDGE_CURVE('',#2049,#2047,#189,.T.);
#2617=EDGE_CURVE('',#2049,#2050,#1206,.T.);
#2618=EDGE_CURVE('',#2050,#2048,#190,.T.);
#2619=EDGE_CURVE('',#1998,#2049,#191,.T.);
#2620=EDGE_CURVE('',#2000,#2050,#192,.T.);
#2621=EDGE_CURVE('',#2051,#2052,#193,.T.);
#2622=EDGE_CURVE('',#2051,#2053,#1207,.T.);
#2623=EDGE_CURVE('',#2053,#2054,#194,.T.);
#2624=EDGE_CURVE('',#2052,#2054,#1208,.T.);
#2625=EDGE_CURVE('',#2055,#2051,#195,.T.);
#2626=EDGE_CURVE('',#2055,#2056,#1209,.T.);
#2627=EDGE_CURVE('',#2056,#2053,#196,.T.);
#2628=EDGE_CURVE('',#2057,#2055,#197,.T.);
#2629=EDGE_CURVE('',#2057,#2058,#1210,.T.);
#2630=EDGE_CURVE('',#2058,#2056,#198,.T.);
#2631=EDGE_CURVE('',#2059,#2057,#199,.T.);
#2632=EDGE_CURVE('',#2059,#2060,#1211,.T.);
#2633=EDGE_CURVE('',#2060,#2058,#200,.T.);
#2634=EDGE_CURVE('',#2061,#2059,#201,.T.);
#2635=EDGE_CURVE('',#2061,#2062,#1212,.T.);
#2636=EDGE_CURVE('',#2062,#2060,#202,.T.);
#2637=EDGE_CURVE('',#2063,#2061,#203,.T.);
#2638=EDGE_CURVE('',#2063,#2064,#1213,.T.);
#2639=EDGE_CURVE('',#2064,#2062,#204,.T.);
#2640=EDGE_CURVE('',#2065,#2063,#205,.T.);
#2641=EDGE_CURVE('',#2065,#2066,#1214,.T.);
#2642=EDGE_CURVE('',#2066,#2064,#206,.T.);
#2643=EDGE_CURVE('',#2067,#2065,#207,.T.);
#2644=EDGE_CURVE('',#2067,#2068,#1215,.T.);
#2645=EDGE_CURVE('',#2068,#2066,#208,.T.);
#2646=EDGE_CURVE('',#2069,#2067,#209,.T.);
#2647=EDGE_CURVE('',#2069,#2070,#1216,.T.);
#2648=EDGE_CURVE('',#2070,#2068,#210,.T.);
#2649=EDGE_CURVE('',#2052,#2069,#1217,.T.);
#2650=EDGE_CURVE('',#2054,#2070,#1218,.T.);
#2651=EDGE_CURVE('',#2071,#2072,#1219,.T.);
#2652=EDGE_CURVE('',#2071,#2073,#1220,.T.);
#2653=EDGE_CURVE('',#2073,#2074,#1221,.T.);
#2654=EDGE_CURVE('',#2072,#2074,#1222,.T.);
#2655=EDGE_CURVE('',#2075,#2071,#211,.T.);
#2656=EDGE_CURVE('',#2075,#2076,#1223,.T.);
#2657=EDGE_CURVE('',#2076,#2073,#212,.T.);
#2658=EDGE_CURVE('',#2077,#2075,#213,.T.);
#2659=EDGE_CURVE('',#2077,#2078,#1224,.T.);
#2660=EDGE_CURVE('',#2078,#2076,#214,.T.);
#2661=EDGE_CURVE('',#2079,#2077,#1225,.T.);
#2662=EDGE_CURVE('',#2079,#2080,#1226,.T.);
#2663=EDGE_CURVE('',#2080,#2078,#1227,.T.);
#2664=EDGE_CURVE('',#2081,#2079,#215,.T.);
#2665=EDGE_CURVE('',#2081,#2082,#1228,.T.);
#2666=EDGE_CURVE('',#2082,#2080,#216,.T.);
#2667=EDGE_CURVE('',#2083,#2081,#217,.T.);
#2668=EDGE_CURVE('',#2083,#2084,#1229,.T.);
#2669=EDGE_CURVE('',#2084,#2082,#218,.T.);
#2670=EDGE_CURVE('',#2085,#2083,#219,.T.);
#2671=EDGE_CURVE('',#2085,#2086,#1230,.T.);
#2672=EDGE_CURVE('',#2086,#2084,#220,.T.);
#2673=EDGE_CURVE('',#2087,#2085,#221,.T.);
#2674=EDGE_CURVE('',#2087,#2088,#1231,.T.);
#2675=EDGE_CURVE('',#2088,#2086,#222,.T.);
#2676=EDGE_CURVE('',#2089,#2087,#223,.T.);
#2677=EDGE_CURVE('',#2089,#2090,#1232,.T.);
#2678=EDGE_CURVE('',#2090,#2088,#224,.T.);
#2679=EDGE_CURVE('',#2091,#2089,#225,.T.);
#2680=EDGE_CURVE('',#2091,#2092,#1233,.T.);
#2681=EDGE_CURVE('',#2092,#2090,#226,.T.);
#2682=EDGE_CURVE('',#2093,#2091,#227,.T.);
#2683=EDGE_CURVE('',#2093,#2094,#1234,.T.);
#2684=EDGE_CURVE('',#2094,#2092,#228,.T.);
#2685=EDGE_CURVE('',#2095,#2093,#1235,.T.);
#2686=EDGE_CURVE('',#2095,#2096,#1236,.T.);
#2687=EDGE_CURVE('',#2096,#2094,#1237,.T.);
#2688=EDGE_CURVE('',#2097,#2095,#229,.T.);
#2689=EDGE_CURVE('',#2097,#2098,#1238,.T.);
#2690=EDGE_CURVE('',#2098,#2096,#230,.T.);
#2691=EDGE_CURVE('',#2099,#2097,#231,.T.);
#2692=EDGE_CURVE('',#2099,#2100,#1239,.T.);
#2693=EDGE_CURVE('',#2100,#2098,#232,.T.);
#2694=EDGE_CURVE('',#2101,#2099,#233,.T.);
#2695=EDGE_CURVE('',#2101,#2102,#1240,.T.);
#2696=EDGE_CURVE('',#2102,#2100,#234,.T.);
#2697=EDGE_CURVE('',#2103,#2101,#235,.T.);
#2698=EDGE_CURVE('',#2103,#2104,#1241,.T.);
#2699=EDGE_CURVE('',#2104,#2102,#236,.T.);
#2700=EDGE_CURVE('',#2105,#2103,#237,.T.);
#2701=EDGE_CURVE('',#2105,#2106,#1242,.T.);
#2702=EDGE_CURVE('',#2106,#2104,#238,.T.);
#2703=EDGE_CURVE('',#2107,#2105,#239,.T.);
#2704=EDGE_CURVE('',#2107,#2108,#1243,.T.);
#2705=EDGE_CURVE('',#2108,#2106,#240,.T.);
#2706=EDGE_CURVE('',#2109,#2107,#241,.T.);
#2707=EDGE_CURVE('',#2109,#2110,#1244,.T.);
#2708=EDGE_CURVE('',#2110,#2108,#242,.T.);
#2709=EDGE_CURVE('',#2111,#2109,#243,.T.);
#2710=EDGE_CURVE('',#2111,#2112,#1245,.T.);
#2711=EDGE_CURVE('',#2112,#2110,#244,.T.);
#2712=EDGE_CURVE('',#2113,#2111,#245,.T.);
#2713=EDGE_CURVE('',#2113,#2114,#1246,.T.);
#2714=EDGE_CURVE('',#2114,#2112,#246,.T.);
#2715=EDGE_CURVE('',#2115,#2113,#247,.T.);
#2716=EDGE_CURVE('',#2115,#2116,#1247,.T.);
#2717=EDGE_CURVE('',#2116,#2114,#248,.T.);
#2718=EDGE_CURVE('',#2117,#2115,#249,.T.);
#2719=EDGE_CURVE('',#2117,#2118,#1248,.T.);
#2720=EDGE_CURVE('',#2118,#2116,#250,.T.);
#2721=EDGE_CURVE('',#2119,#2117,#251,.T.);
#2722=EDGE_CURVE('',#2119,#2120,#1249,.T.);
#2723=EDGE_CURVE('',#2120,#2118,#252,.T.);
#2724=EDGE_CURVE('',#2121,#2119,#253,.T.);
#2725=EDGE_CURVE('',#2121,#2122,#1250,.T.);
#2726=EDGE_CURVE('',#2122,#2120,#254,.T.);
#2727=EDGE_CURVE('',#2123,#2121,#255,.T.);
#2728=EDGE_CURVE('',#2123,#2124,#1251,.T.);
#2729=EDGE_CURVE('',#2124,#2122,#256,.T.);
#2730=EDGE_CURVE('',#2072,#2123,#257,.T.);
#2731=EDGE_CURVE('',#2074,#2124,#258,.T.);
#2732=EDGE_CURVE('',#2125,#2126,#1252,.T.);
#2733=EDGE_CURVE('',#2125,#2127,#1253,.T.);
#2734=EDGE_CURVE('',#2127,#2128,#1254,.T.);
#2735=EDGE_CURVE('',#2126,#2128,#1255,.T.);
#2736=EDGE_CURVE('',#2129,#2125,#259,.T.);
#2737=EDGE_CURVE('',#2129,#2130,#1256,.T.);
#2738=EDGE_CURVE('',#2130,#2127,#260,.T.);
#2739=EDGE_CURVE('',#2131,#2129,#261,.T.);
#2740=EDGE_CURVE('',#2131,#2132,#1257,.T.);
#2741=EDGE_CURVE('',#2132,#2130,#262,.T.);
#2742=EDGE_CURVE('',#2133,#2131,#263,.T.);
#2743=EDGE_CURVE('',#2133,#2134,#1258,.T.);
#2744=EDGE_CURVE('',#2134,#2132,#264,.T.);
#2745=EDGE_CURVE('',#2135,#2133,#265,.T.);
#2746=EDGE_CURVE('',#2135,#2136,#1259,.T.);
#2747=EDGE_CURVE('',#2136,#2134,#266,.T.);
#2748=EDGE_CURVE('',#2137,#2135,#1260,.T.);
#2749=EDGE_CURVE('',#2137,#2138,#1261,.T.);
#2750=EDGE_CURVE('',#2138,#2136,#1262,.T.);
#2751=EDGE_CURVE('',#2139,#2137,#267,.T.);
#2752=EDGE_CURVE('',#2139,#2140,#1263,.T.);
#2753=EDGE_CURVE('',#2140,#2138,#268,.T.);
#2754=EDGE_CURVE('',#2141,#2139,#269,.T.);
#2755=EDGE_CURVE('',#2141,#2142,#1264,.T.);
#2756=EDGE_CURVE('',#2142,#2140,#270,.T.);
#2757=EDGE_CURVE('',#2143,#2141,#271,.T.);
#2758=EDGE_CURVE('',#2143,#2144,#1265,.T.);
#2759=EDGE_CURVE('',#2144,#2142,#272,.T.);
#2760=EDGE_CURVE('',#2145,#2143,#1266,.T.);
#2761=EDGE_CURVE('',#2145,#2146,#1267,.T.);
#2762=EDGE_CURVE('',#2146,#2144,#1268,.T.);
#2763=EDGE_CURVE('',#2147,#2145,#1269,.T.);
#2764=EDGE_CURVE('',#2147,#2148,#1270,.T.);
#2765=EDGE_CURVE('',#2148,#2146,#1271,.T.);
#2766=EDGE_CURVE('',#2149,#2147,#1272,.T.);
#2767=EDGE_CURVE('',#2149,#2150,#1273,.T.);
#2768=EDGE_CURVE('',#2150,#2148,#1274,.T.);
#2769=EDGE_CURVE('',#2126,#2149,#1275,.T.);
#2770=EDGE_CURVE('',#2128,#2150,#1276,.T.);
#2771=EDGE_CURVE('',#2151,#2152,#1277,.T.);
#2772=EDGE_CURVE('',#2151,#2153,#1278,.T.);
#2773=EDGE_CURVE('',#2153,#2154,#1279,.T.);
#2774=EDGE_CURVE('',#2152,#2154,#1280,.T.);
#2775=EDGE_CURVE('',#2155,#2151,#1281,.T.);
#2776=EDGE_CURVE('',#2155,#2156,#1282,.T.);
#2777=EDGE_CURVE('',#2156,#2153,#1283,.T.);
#2778=EDGE_CURVE('',#2157,#2155,#1284,.T.);
#2779=EDGE_CURVE('',#2157,#2158,#1285,.T.);
#2780=EDGE_CURVE('',#2158,#2156,#1286,.T.);
#2781=EDGE_CURVE('',#2152,#2157,#1287,.T.);
#2782=EDGE_CURVE('',#2154,#2158,#1288,.T.);
#2783=EDGE_CURVE('',#2159,#2160,#273,.T.);
#2784=EDGE_CURVE('',#2159,#2161,#1289,.T.);
#2785=EDGE_CURVE('',#2161,#2162,#274,.T.);
#2786=EDGE_CURVE('',#2160,#2162,#1290,.T.);
#2787=EDGE_CURVE('',#2163,#2159,#275,.T.);
#2788=EDGE_CURVE('',#2163,#2164,#1291,.T.);
#2789=EDGE_CURVE('',#2164,#2161,#276,.T.);
#2790=EDGE_CURVE('',#2165,#2163,#277,.T.);
#2791=EDGE_CURVE('',#2165,#2166,#1292,.T.);
#2792=EDGE_CURVE('',#2166,#2164,#278,.T.);
#2793=EDGE_CURVE('',#2167,#2165,#279,.T.);
#2794=EDGE_CURVE('',#2167,#2168,#1293,.T.);
#2795=EDGE_CURVE('',#2168,#2166,#280,.T.);
#2796=EDGE_CURVE('',#2169,#2167,#281,.T.);
#2797=EDGE_CURVE('',#2169,#2170,#1294,.T.);
#2798=EDGE_CURVE('',#2170,#2168,#282,.T.);
#2799=EDGE_CURVE('',#2171,#2169,#283,.T.);
#2800=EDGE_CURVE('',#2171,#2172,#1295,.T.);
#2801=EDGE_CURVE('',#2172,#2170,#284,.T.);
#2802=EDGE_CURVE('',#2173,#2171,#285,.T.);
#2803=EDGE_CURVE('',#2173,#2174,#1296,.T.);
#2804=EDGE_CURVE('',#2174,#2172,#286,.T.);
#2805=EDGE_CURVE('',#2175,#2173,#1297,.T.);
#2806=EDGE_CURVE('',#2175,#2176,#1298,.T.);
#2807=EDGE_CURVE('',#2176,#2174,#1299,.T.);
#2808=EDGE_CURVE('',#2177,#2175,#287,.T.);
#2809=EDGE_CURVE('',#2177,#2178,#1300,.T.);
#2810=EDGE_CURVE('',#2178,#2176,#288,.T.);
#2811=EDGE_CURVE('',#2179,#2177,#289,.T.);
#2812=EDGE_CURVE('',#2179,#2180,#1301,.T.);
#2813=EDGE_CURVE('',#2180,#2178,#290,.T.);
#2814=EDGE_CURVE('',#2181,#2179,#291,.T.);
#2815=EDGE_CURVE('',#2181,#2182,#1302,.T.);
#2816=EDGE_CURVE('',#2182,#2180,#292,.T.);
#2817=EDGE_CURVE('',#2183,#2181,#293,.T.);
#2818=EDGE_CURVE('',#2183,#2184,#1303,.T.);
#2819=EDGE_CURVE('',#2184,#2182,#294,.T.);
#2820=EDGE_CURVE('',#2185,#2183,#295,.T.);
#2821=EDGE_CURVE('',#2185,#2186,#1304,.T.);
#2822=EDGE_CURVE('',#2186,#2184,#296,.T.);
#2823=EDGE_CURVE('',#2187,#2185,#297,.T.);
#2824=EDGE_CURVE('',#2187,#2188,#1305,.T.);
#2825=EDGE_CURVE('',#2188,#2186,#298,.T.);
#2826=EDGE_CURVE('',#2189,#2187,#299,.T.);
#2827=EDGE_CURVE('',#2189,#2190,#1306,.T.);
#2828=EDGE_CURVE('',#2190,#2188,#300,.T.);
#2829=EDGE_CURVE('',#2191,#2189,#301,.T.);
#2830=EDGE_CURVE('',#2191,#2192,#1307,.T.);
#2831=EDGE_CURVE('',#2192,#2190,#302,.T.);
#2832=EDGE_CURVE('',#2193,#2191,#303,.T.);
#2833=EDGE_CURVE('',#2193,#2194,#1308,.T.);
#2834=EDGE_CURVE('',#2194,#2192,#304,.T.);
#2835=EDGE_CURVE('',#2195,#2193,#1309,.T.);
#2836=EDGE_CURVE('',#2195,#2196,#1310,.T.);
#2837=EDGE_CURVE('',#2196,#2194,#1311,.T.);
#2838=EDGE_CURVE('',#2160,#2195,#305,.T.);
#2839=EDGE_CURVE('',#2162,#2196,#306,.T.);
#2840=EDGE_CURVE('',#2197,#2198,#1312,.T.);
#2841=EDGE_CURVE('',#2197,#2199,#1313,.T.);
#2842=EDGE_CURVE('',#2199,#2200,#1314,.T.);
#2843=EDGE_CURVE('',#2198,#2200,#1315,.T.);
#2844=EDGE_CURVE('',#2201,#2197,#1316,.T.);
#2845=EDGE_CURVE('',#2201,#2202,#1317,.T.);
#2846=EDGE_CURVE('',#2202,#2199,#1318,.T.);
#2847=EDGE_CURVE('',#2203,#2201,#1319,.T.);
#2848=EDGE_CURVE('',#2203,#2204,#1320,.T.);
#2849=EDGE_CURVE('',#2204,#2202,#1321,.T.);
#2850=EDGE_CURVE('',#2198,#2203,#1322,.T.);
#2851=EDGE_CURVE('',#2200,#2204,#1323,.T.);
#2852=EDGE_CURVE('',#2205,#2206,#307,.T.);
#2853=EDGE_CURVE('',#2205,#2207,#1324,.T.);
#2854=EDGE_CURVE('',#2207,#2208,#308,.T.);
#2855=EDGE_CURVE('',#2206,#2208,#1325,.T.);
#2856=EDGE_CURVE('',#2209,#2205,#309,.T.);
#2857=EDGE_CURVE('',#2209,#2210,#1326,.T.);
#2858=EDGE_CURVE('',#2210,#2207,#310,.T.);
#2859=EDGE_CURVE('',#2211,#2209,#311,.T.);
#2860=EDGE_CURVE('',#2211,#2212,#1327,.T.);
#2861=EDGE_CURVE('',#2212,#2210,#312,.T.);
#2862=EDGE_CURVE('',#2213,#2211,#313,.T.);
#2863=EDGE_CURVE('',#2213,#2214,#1328,.T.);
#2864=EDGE_CURVE('',#2214,#2212,#314,.T.);
#2865=EDGE_CURVE('',#2215,#2213,#315,.T.);
#2866=EDGE_CURVE('',#2215,#2216,#1329,.T.);
#2867=EDGE_CURVE('',#2216,#2214,#316,.T.);
#2868=EDGE_CURVE('',#2217,#2215,#317,.T.);
#2869=EDGE_CURVE('',#2217,#2218,#1330,.T.);
#2870=EDGE_CURVE('',#2218,#2216,#318,.T.);
#2871=EDGE_CURVE('',#2219,#2217,#319,.T.);
#2872=EDGE_CURVE('',#2219,#2220,#1331,.T.);
#2873=EDGE_CURVE('',#2220,#2218,#320,.T.);
#2874=EDGE_CURVE('',#2221,#2219,#321,.T.);
#2875=EDGE_CURVE('',#2221,#2222,#1332,.T.);
#2876=EDGE_CURVE('',#2222,#2220,#322,.T.);
#2877=EDGE_CURVE('',#2223,#2221,#323,.T.);
#2878=EDGE_CURVE('',#2223,#2224,#1333,.T.);
#2879=EDGE_CURVE('',#2224,#2222,#324,.T.);
#2880=EDGE_CURVE('',#2225,#2223,#325,.T.);
#2881=EDGE_CURVE('',#2225,#2226,#1334,.T.);
#2882=EDGE_CURVE('',#2226,#2224,#326,.T.);
#2883=EDGE_CURVE('',#2227,#2225,#327,.T.);
#2884=EDGE_CURVE('',#2227,#2228,#1335,.T.);
#2885=EDGE_CURVE('',#2228,#2226,#328,.T.);
#2886=EDGE_CURVE('',#2229,#2227,#329,.T.);
#2887=EDGE_CURVE('',#2229,#2230,#1336,.T.);
#2888=EDGE_CURVE('',#2230,#2228,#330,.T.);
#2889=EDGE_CURVE('',#2231,#2229,#331,.T.);
#2890=EDGE_CURVE('',#2231,#2232,#1337,.T.);
#2891=EDGE_CURVE('',#2232,#2230,#332,.T.);
#2892=EDGE_CURVE('',#2233,#2231,#333,.T.);
#2893=EDGE_CURVE('',#2233,#2234,#1338,.T.);
#2894=EDGE_CURVE('',#2234,#2232,#334,.T.);
#2895=EDGE_CURVE('',#2235,#2233,#1339,.T.);
#2896=EDGE_CURVE('',#2235,#2236,#1340,.T.);
#2897=EDGE_CURVE('',#2236,#2234,#1341,.T.);
#2898=EDGE_CURVE('',#2237,#2235,#335,.T.);
#2899=EDGE_CURVE('',#2237,#2238,#1342,.T.);
#2900=EDGE_CURVE('',#2238,#2236,#336,.T.);
#2901=EDGE_CURVE('',#2239,#2237,#337,.T.);
#2902=EDGE_CURVE('',#2239,#2240,#1343,.T.);
#2903=EDGE_CURVE('',#2240,#2238,#338,.T.);
#2904=EDGE_CURVE('',#2241,#2239,#339,.T.);
#2905=EDGE_CURVE('',#2241,#2242,#1344,.T.);
#2906=EDGE_CURVE('',#2242,#2240,#340,.T.);
#2907=EDGE_CURVE('',#2243,#2241,#341,.T.);
#2908=EDGE_CURVE('',#2243,#2244,#1345,.T.);
#2909=EDGE_CURVE('',#2244,#2242,#342,.T.);
#2910=EDGE_CURVE('',#2245,#2243,#343,.T.);
#2911=EDGE_CURVE('',#2245,#2246,#1346,.T.);
#2912=EDGE_CURVE('',#2246,#2244,#344,.T.);
#2913=EDGE_CURVE('',#2247,#2245,#345,.T.);
#2914=EDGE_CURVE('',#2247,#2248,#1347,.T.);
#2915=EDGE_CURVE('',#2248,#2246,#346,.T.);
#2916=EDGE_CURVE('',#2249,#2247,#347,.T.);
#2917=EDGE_CURVE('',#2249,#2250,#1348,.T.);
#2918=EDGE_CURVE('',#2250,#2248,#348,.T.);
#2919=EDGE_CURVE('',#2251,#2249,#349,.T.);
#2920=EDGE_CURVE('',#2251,#2252,#1349,.T.);
#2921=EDGE_CURVE('',#2252,#2250,#350,.T.);
#2922=EDGE_CURVE('',#2253,#2251,#351,.T.);
#2923=EDGE_CURVE('',#2253,#2254,#1350,.T.);
#2924=EDGE_CURVE('',#2254,#2252,#352,.T.);
#2925=EDGE_CURVE('',#2255,#2253,#353,.T.);
#2926=EDGE_CURVE('',#2255,#2256,#1351,.T.);
#2927=EDGE_CURVE('',#2256,#2254,#354,.T.);
#2928=EDGE_CURVE('',#2257,#2255,#355,.T.);
#2929=EDGE_CURVE('',#2257,#2258,#1352,.T.);
#2930=EDGE_CURVE('',#2258,#2256,#356,.T.);
#2931=EDGE_CURVE('',#2259,#2257,#357,.T.);
#2932=EDGE_CURVE('',#2259,#2260,#1353,.T.);
#2933=EDGE_CURVE('',#2260,#2258,#358,.T.);
#2934=EDGE_CURVE('',#2261,#2259,#359,.T.);
#2935=EDGE_CURVE('',#2261,#2262,#1354,.T.);
#2936=EDGE_CURVE('',#2262,#2260,#360,.T.);
#2937=EDGE_CURVE('',#2263,#2261,#361,.T.);
#2938=EDGE_CURVE('',#2263,#2264,#1355,.T.);
#2939=EDGE_CURVE('',#2264,#2262,#362,.T.);
#2940=EDGE_CURVE('',#2265,#2263,#363,.T.);
#2941=EDGE_CURVE('',#2265,#2266,#1356,.T.);
#2942=EDGE_CURVE('',#2266,#2264,#364,.T.);
#2943=EDGE_CURVE('',#2267,#2265,#365,.T.);
#2944=EDGE_CURVE('',#2267,#2268,#1357,.T.);
#2945=EDGE_CURVE('',#2268,#2266,#366,.T.);
#2946=EDGE_CURVE('',#2269,#2267,#1358,.T.);
#2947=EDGE_CURVE('',#2269,#2270,#1359,.T.);
#2948=EDGE_CURVE('',#2270,#2268,#1360,.T.);
#2949=EDGE_CURVE('',#2206,#2269,#367,.T.);
#2950=EDGE_CURVE('',#2208,#2270,#368,.T.);
#2951=EDGE_CURVE('',#2271,#2272,#1361,.T.);
#2952=EDGE_CURVE('',#2271,#2273,#1362,.T.);
#2953=EDGE_CURVE('',#2273,#2274,#1363,.T.);
#2954=EDGE_CURVE('',#2272,#2274,#1364,.T.);
#2955=EDGE_CURVE('',#2275,#2271,#1365,.T.);
#2956=EDGE_CURVE('',#2275,#2276,#1366,.T.);
#2957=EDGE_CURVE('',#2276,#2273,#1367,.T.);
#2958=EDGE_CURVE('',#2277,#2275,#1368,.T.);
#2959=EDGE_CURVE('',#2277,#2278,#1369,.T.);
#2960=EDGE_CURVE('',#2278,#2276,#1370,.T.);
#2961=EDGE_CURVE('',#2279,#2277,#1371,.T.);
#2962=EDGE_CURVE('',#2279,#2280,#1372,.T.);
#2963=EDGE_CURVE('',#2280,#2278,#1373,.T.);
#2964=EDGE_CURVE('',#2281,#2279,#1374,.T.);
#2965=EDGE_CURVE('',#2281,#2282,#1375,.T.);
#2966=EDGE_CURVE('',#2282,#2280,#1376,.T.);
#2967=EDGE_CURVE('',#2283,#2281,#1377,.T.);
#2968=EDGE_CURVE('',#2283,#2284,#1378,.T.);
#2969=EDGE_CURVE('',#2284,#2282,#1379,.T.);
#2970=EDGE_CURVE('',#2285,#2283,#1380,.T.);
#2971=EDGE_CURVE('',#2285,#2286,#1381,.T.);
#2972=EDGE_CURVE('',#2286,#2284,#1382,.T.);
#2973=EDGE_CURVE('',#2287,#2285,#1383,.T.);
#2974=EDGE_CURVE('',#2287,#2288,#1384,.T.);
#2975=EDGE_CURVE('',#2288,#2286,#1385,.T.);
#2976=EDGE_CURVE('',#2289,#2287,#1386,.T.);
#2977=EDGE_CURVE('',#2289,#2290,#1387,.T.);
#2978=EDGE_CURVE('',#2290,#2288,#1388,.T.);
#2979=EDGE_CURVE('',#2291,#2289,#369,.T.);
#2980=EDGE_CURVE('',#2291,#2292,#1389,.T.);
#2981=EDGE_CURVE('',#2292,#2290,#370,.T.);
#2982=EDGE_CURVE('',#2293,#2291,#371,.T.);
#2983=EDGE_CURVE('',#2293,#2294,#1390,.T.);
#2984=EDGE_CURVE('',#2294,#2292,#372,.T.);
#2985=EDGE_CURVE('',#2295,#2293,#1391,.T.);
#2986=EDGE_CURVE('',#2295,#2296,#1392,.T.);
#2987=EDGE_CURVE('',#2296,#2294,#1393,.T.);
#2988=EDGE_CURVE('',#2297,#2295,#1394,.T.);
#2989=EDGE_CURVE('',#2297,#2298,#1395,.T.);
#2990=EDGE_CURVE('',#2298,#2296,#1396,.T.);
#2991=EDGE_CURVE('',#2299,#2297,#1397,.T.);
#2992=EDGE_CURVE('',#2299,#2300,#1398,.T.);
#2993=EDGE_CURVE('',#2300,#2298,#1399,.T.);
#2994=EDGE_CURVE('',#2272,#2299,#1400,.T.);
#2995=EDGE_CURVE('',#2274,#2300,#1401,.T.);
#2996=EDGE_CURVE('',#2301,#2302,#14,.T.);
#2997=EDGE_CURVE('',#2302,#2303,#1402,.T.);
#2998=EDGE_CURVE('',#2303,#2304,#15,.T.);
#2999=EDGE_CURVE('',#2304,#2301,#1403,.T.);
#3000=EDGE_CURVE('',#2305,#2302,#1404,.T.);
#3001=EDGE_CURVE('',#2306,#2305,#1405,.T.);
#3002=EDGE_CURVE('',#2306,#2303,#1406,.T.);
#3003=EDGE_CURVE('',#2301,#2307,#1407,.T.);
#3004=EDGE_CURVE('',#2308,#2307,#16,.T.);
#3005=EDGE_CURVE('',#2308,#2309,#1408,.T.);
#3006=EDGE_CURVE('',#2310,#2309,#17,.T.);
#3007=EDGE_CURVE('',#2310,#2311,#1409,.T.);
#3008=EDGE_CURVE('',#2305,#2311,#18,.T.);
#3009=EDGE_CURVE('',#2312,#2312,#19,.T.);
#3010=EDGE_CURVE('',#2313,#2313,#20,.T.);
#3011=EDGE_CURVE('',#2314,#2314,#21,.T.);
#3012=EDGE_CURVE('',#2315,#2315,#22,.T.);
#3013=EDGE_CURVE('',#2316,#2317,#1410,.T.);
#3014=EDGE_CURVE('',#2317,#2318,#1411,.T.);
#3015=EDGE_CURVE('',#2318,#2319,#1412,.T.);
#3016=EDGE_CURVE('',#2319,#2316,#1413,.T.);
#3017=EDGE_CURVE('',#2320,#2321,#1414,.T.);
#3018=EDGE_CURVE('',#2321,#2322,#1415,.T.);
#3019=EDGE_CURVE('',#2322,#2323,#1416,.T.);
#3020=EDGE_CURVE('',#2323,#2320,#1417,.T.);
#3021=EDGE_CURVE('',#2324,#2325,#1418,.T.);
#3022=EDGE_CURVE('',#2325,#2326,#1419,.T.);
#3023=EDGE_CURVE('',#2326,#2327,#1420,.T.);
#3024=EDGE_CURVE('',#2327,#2324,#1421,.T.);
#3025=EDGE_CURVE('',#2328,#2329,#1422,.T.);
#3026=EDGE_CURVE('',#2329,#2330,#1423,.T.);
#3027=EDGE_CURVE('',#2330,#2331,#1424,.T.);
#3028=EDGE_CURVE('',#2331,#2328,#1425,.T.);
#3029=EDGE_CURVE('',#2332,#2306,#23,.T.);
#3030=EDGE_CURVE('',#2311,#2332,#1426,.T.);
#3031=EDGE_CURVE('',#2333,#2310,#1427,.T.);
#3032=EDGE_CURVE('',#2332,#2333,#1428,.T.);
#3033=EDGE_CURVE('',#2309,#2334,#1429,.T.);
#3034=EDGE_CURVE('',#2334,#2333,#24,.T.);
#3035=EDGE_CURVE('',#2335,#2334,#1430,.T.);
#3036=EDGE_CURVE('',#2336,#2335,#25,.T.);
#3037=EDGE_CURVE('',#2304,#2336,#1431,.T.);
#3038=EDGE_CURVE('',#2337,#2338,#1432,.T.);
#3039=EDGE_CURVE('',#2339,#2337,#1433,.T.);
#3040=EDGE_CURVE('',#2340,#2339,#1434,.T.);
#3041=EDGE_CURVE('',#2338,#2340,#1435,.T.);
#3042=EDGE_CURVE('',#2341,#2342,#1436,.T.);
#3043=EDGE_CURVE('',#2343,#2341,#1437,.T.);
#3044=EDGE_CURVE('',#2344,#2343,#1438,.T.);
#3045=EDGE_CURVE('',#2342,#2344,#1439,.T.);
#3046=EDGE_CURVE('',#2345,#2346,#1440,.T.);
#3047=EDGE_CURVE('',#2347,#2345,#1441,.T.);
#3048=EDGE_CURVE('',#2348,#2347,#1442,.T.);
#3049=EDGE_CURVE('',#2346,#2348,#1443,.T.);
#3050=EDGE_CURVE('',#2349,#2350,#1444,.T.);
#3051=EDGE_CURVE('',#2351,#2349,#1445,.T.);
#3052=EDGE_CURVE('',#2352,#2351,#1446,.T.);
#3053=EDGE_CURVE('',#2350,#2352,#1447,.T.);
#3054=EDGE_CURVE('',#2353,#2353,#26,.T.);
#3055=EDGE_CURVE('',#2354,#2354,#27,.T.);
#3056=EDGE_CURVE('',#2355,#2355,#28,.T.);
#3057=EDGE_CURVE('',#2356,#2356,#29,.T.);
#3058=EDGE_CURVE('',#2307,#2336,#1448,.T.);
#3059=EDGE_CURVE('',#2335,#2308,#1449,.T.);
#3060=EDGE_CURVE('',#2312,#2356,#1450,.T.);
#3061=EDGE_CURVE('',#2313,#2355,#1451,.T.);
#3062=EDGE_CURVE('',#2314,#2354,#1452,.T.);
#3063=EDGE_CURVE('',#2315,#2353,#1453,.T.);
#3064=EDGE_CURVE('',#2337,#2328,#1454,.T.);
#3065=EDGE_CURVE('',#2339,#2331,#1455,.T.);
#3066=EDGE_CURVE('',#2340,#2330,#1456,.T.);
#3067=EDGE_CURVE('',#2338,#2329,#1457,.T.);
#3068=EDGE_CURVE('',#2341,#2324,#1458,.T.);
#3069=EDGE_CURVE('',#2343,#2327,#1459,.T.);
#3070=EDGE_CURVE('',#2344,#2326,#1460,.T.);
#3071=EDGE_CURVE('',#2342,#2325,#1461,.T.);
#3072=EDGE_CURVE('',#2345,#2320,#1462,.T.);
#3073=EDGE_CURVE('',#2347,#2323,#1463,.T.);
#3074=EDGE_CURVE('',#2348,#2322,#1464,.T.);
#3075=EDGE_CURVE('',#2346,#2321,#1465,.T.);
#3076=EDGE_CURVE('',#2349,#2316,#1466,.T.);
#3077=EDGE_CURVE('',#2351,#2319,#1467,.T.);
#3078=EDGE_CURVE('',#2352,#2318,#1468,.T.);
#3079=EDGE_CURVE('',#2350,#2317,#1469,.T.);
#3080=ORIENTED_EDGE('',*,*,#2357,.F.);
#3081=ORIENTED_EDGE('',*,*,#2358,.T.);
#3082=ORIENTED_EDGE('',*,*,#2359,.T.);
#3083=ORIENTED_EDGE('',*,*,#2360,.F.);
#3084=ORIENTED_EDGE('',*,*,#2361,.F.);
#3085=ORIENTED_EDGE('',*,*,#2362,.T.);
#3086=ORIENTED_EDGE('',*,*,#2363,.T.);
#3087=ORIENTED_EDGE('',*,*,#2358,.F.);
#3088=ORIENTED_EDGE('',*,*,#2364,.F.);
#3089=ORIENTED_EDGE('',*,*,#2365,.T.);
#3090=ORIENTED_EDGE('',*,*,#2366,.T.);
#3091=ORIENTED_EDGE('',*,*,#2362,.F.);
#3092=ORIENTED_EDGE('',*,*,#2367,.F.);
#3093=ORIENTED_EDGE('',*,*,#2368,.T.);
#3094=ORIENTED_EDGE('',*,*,#2369,.T.);
#3095=ORIENTED_EDGE('',*,*,#2365,.F.);
#3096=ORIENTED_EDGE('',*,*,#2370,.F.);
#3097=ORIENTED_EDGE('',*,*,#2371,.T.);
#3098=ORIENTED_EDGE('',*,*,#2372,.T.);
#3099=ORIENTED_EDGE('',*,*,#2368,.F.);
#3100=ORIENTED_EDGE('',*,*,#2373,.F.);
#3101=ORIENTED_EDGE('',*,*,#2374,.T.);
#3102=ORIENTED_EDGE('',*,*,#2375,.T.);
#3103=ORIENTED_EDGE('',*,*,#2371,.F.);
#3104=ORIENTED_EDGE('',*,*,#2376,.F.);
#3105=ORIENTED_EDGE('',*,*,#2377,.T.);
#3106=ORIENTED_EDGE('',*,*,#2378,.T.);
#3107=ORIENTED_EDGE('',*,*,#2374,.F.);
#3108=ORIENTED_EDGE('',*,*,#2379,.F.);
#3109=ORIENTED_EDGE('',*,*,#2380,.T.);
#3110=ORIENTED_EDGE('',*,*,#2381,.T.);
#3111=ORIENTED_EDGE('',*,*,#2377,.F.);
#3112=ORIENTED_EDGE('',*,*,#2382,.F.);
#3113=ORIENTED_EDGE('',*,*,#2383,.T.);
#3114=ORIENTED_EDGE('',*,*,#2384,.T.);
#3115=ORIENTED_EDGE('',*,*,#2380,.F.);
#3116=ORIENTED_EDGE('',*,*,#2385,.F.);
#3117=ORIENTED_EDGE('',*,*,#2386,.T.);
#3118=ORIENTED_EDGE('',*,*,#2387,.T.);
#3119=ORIENTED_EDGE('',*,*,#2383,.F.);
#3120=ORIENTED_EDGE('',*,*,#2388,.F.);
#3121=ORIENTED_EDGE('',*,*,#2389,.T.);
#3122=ORIENTED_EDGE('',*,*,#2390,.T.);
#3123=ORIENTED_EDGE('',*,*,#2386,.F.);
#3124=ORIENTED_EDGE('',*,*,#2391,.F.);
#3125=ORIENTED_EDGE('',*,*,#2392,.T.);
#3126=ORIENTED_EDGE('',*,*,#2393,.T.);
#3127=ORIENTED_EDGE('',*,*,#2389,.F.);
#3128=ORIENTED_EDGE('',*,*,#2394,.F.);
#3129=ORIENTED_EDGE('',*,*,#2395,.T.);
#3130=ORIENTED_EDGE('',*,*,#2396,.T.);
#3131=ORIENTED_EDGE('',*,*,#2392,.F.);
#3132=ORIENTED_EDGE('',*,*,#2397,.F.);
#3133=ORIENTED_EDGE('',*,*,#2398,.T.);
#3134=ORIENTED_EDGE('',*,*,#2399,.T.);
#3135=ORIENTED_EDGE('',*,*,#2395,.F.);
#3136=ORIENTED_EDGE('',*,*,#2400,.F.);
#3137=ORIENTED_EDGE('',*,*,#2401,.T.);
#3138=ORIENTED_EDGE('',*,*,#2402,.T.);
#3139=ORIENTED_EDGE('',*,*,#2398,.F.);
#3140=ORIENTED_EDGE('',*,*,#2403,.F.);
#3141=ORIENTED_EDGE('',*,*,#2404,.T.);
#3142=ORIENTED_EDGE('',*,*,#2405,.T.);
#3143=ORIENTED_EDGE('',*,*,#2401,.F.);
#3144=ORIENTED_EDGE('',*,*,#2406,.F.);
#3145=ORIENTED_EDGE('',*,*,#2407,.T.);
#3146=ORIENTED_EDGE('',*,*,#2408,.T.);
#3147=ORIENTED_EDGE('',*,*,#2404,.F.);
#3148=ORIENTED_EDGE('',*,*,#2409,.F.);
#3149=ORIENTED_EDGE('',*,*,#2410,.T.);
#3150=ORIENTED_EDGE('',*,*,#2411,.T.);
#3151=ORIENTED_EDGE('',*,*,#2407,.F.);
#3152=ORIENTED_EDGE('',*,*,#2412,.F.);
#3153=ORIENTED_EDGE('',*,*,#2360,.T.);
#3154=ORIENTED_EDGE('',*,*,#2413,.T.);
#3155=ORIENTED_EDGE('',*,*,#2410,.F.);
#3156=ORIENTED_EDGE('',*,*,#2413,.F.);
#3157=ORIENTED_EDGE('',*,*,#2359,.F.);
#3158=ORIENTED_EDGE('',*,*,#2363,.F.);
#3159=ORIENTED_EDGE('',*,*,#2366,.F.);
#3160=ORIENTED_EDGE('',*,*,#2369,.F.);
#3161=ORIENTED_EDGE('',*,*,#2372,.F.);
#3162=ORIENTED_EDGE('',*,*,#2375,.F.);
#3163=ORIENTED_EDGE('',*,*,#2378,.F.);
#3164=ORIENTED_EDGE('',*,*,#2381,.F.);
#3165=ORIENTED_EDGE('',*,*,#2384,.F.);
#3166=ORIENTED_EDGE('',*,*,#2387,.F.);
#3167=ORIENTED_EDGE('',*,*,#2390,.F.);
#3168=ORIENTED_EDGE('',*,*,#2393,.F.);
#3169=ORIENTED_EDGE('',*,*,#2396,.F.);
#3170=ORIENTED_EDGE('',*,*,#2399,.F.);
#3171=ORIENTED_EDGE('',*,*,#2402,.F.);
#3172=ORIENTED_EDGE('',*,*,#2405,.F.);
#3173=ORIENTED_EDGE('',*,*,#2408,.F.);
#3174=ORIENTED_EDGE('',*,*,#2411,.F.);
#3175=ORIENTED_EDGE('',*,*,#2414,.F.);
#3176=ORIENTED_EDGE('',*,*,#2415,.T.);
#3177=ORIENTED_EDGE('',*,*,#2416,.T.);
#3178=ORIENTED_EDGE('',*,*,#2417,.F.);
#3179=ORIENTED_EDGE('',*,*,#2418,.F.);
#3180=ORIENTED_EDGE('',*,*,#2419,.T.);
#3181=ORIENTED_EDGE('',*,*,#2420,.T.);
#3182=ORIENTED_EDGE('',*,*,#2415,.F.);
#3183=ORIENTED_EDGE('',*,*,#2421,.F.);
#3184=ORIENTED_EDGE('',*,*,#2422,.T.);
#3185=ORIENTED_EDGE('',*,*,#2423,.T.);
#3186=ORIENTED_EDGE('',*,*,#2419,.F.);
#3187=ORIENTED_EDGE('',*,*,#2424,.F.);
#3188=ORIENTED_EDGE('',*,*,#2417,.T.);
#3189=ORIENTED_EDGE('',*,*,#2425,.T.);
#3190=ORIENTED_EDGE('',*,*,#2422,.F.);
#3191=ORIENTED_EDGE('',*,*,#2425,.F.);
#3192=ORIENTED_EDGE('',*,*,#2416,.F.);
#3193=ORIENTED_EDGE('',*,*,#2420,.F.);
#3194=ORIENTED_EDGE('',*,*,#2423,.F.);
#3195=ORIENTED_EDGE('',*,*,#2426,.F.);
#3196=ORIENTED_EDGE('',*,*,#2427,.T.);
#3197=ORIENTED_EDGE('',*,*,#2428,.T.);
#3198=ORIENTED_EDGE('',*,*,#2429,.F.);
#3199=ORIENTED_EDGE('',*,*,#2430,.F.);
#3200=ORIENTED_EDGE('',*,*,#2431,.T.);
#3201=ORIENTED_EDGE('',*,*,#2432,.T.);
#3202=ORIENTED_EDGE('',*,*,#2427,.F.);
#3203=ORIENTED_EDGE('',*,*,#2433,.F.);
#3204=ORIENTED_EDGE('',*,*,#2434,.T.);
#3205=ORIENTED_EDGE('',*,*,#2435,.T.);
#3206=ORIENTED_EDGE('',*,*,#2431,.F.);
#3207=ORIENTED_EDGE('',*,*,#2436,.F.);
#3208=ORIENTED_EDGE('',*,*,#2437,.T.);
#3209=ORIENTED_EDGE('',*,*,#2438,.T.);
#3210=ORIENTED_EDGE('',*,*,#2434,.F.);
#3211=ORIENTED_EDGE('',*,*,#2439,.F.);
#3212=ORIENTED_EDGE('',*,*,#2440,.T.);
#3213=ORIENTED_EDGE('',*,*,#2441,.T.);
#3214=ORIENTED_EDGE('',*,*,#2437,.F.);
#3215=ORIENTED_EDGE('',*,*,#2442,.F.);
#3216=ORIENTED_EDGE('',*,*,#2443,.T.);
#3217=ORIENTED_EDGE('',*,*,#2444,.T.);
#3218=ORIENTED_EDGE('',*,*,#2440,.F.);
#3219=ORIENTED_EDGE('',*,*,#2445,.F.);
#3220=ORIENTED_EDGE('',*,*,#2446,.T.);
#3221=ORIENTED_EDGE('',*,*,#2447,.T.);
#3222=ORIENTED_EDGE('',*,*,#2443,.F.);
#3223=ORIENTED_EDGE('',*,*,#2448,.F.);
#3224=ORIENTED_EDGE('',*,*,#2449,.T.);
#3225=ORIENTED_EDGE('',*,*,#2450,.T.);
#3226=ORIENTED_EDGE('',*,*,#2446,.F.);
#3227=ORIENTED_EDGE('',*,*,#2451,.F.);
#3228=ORIENTED_EDGE('',*,*,#2452,.T.);
#3229=ORIENTED_EDGE('',*,*,#2453,.T.);
#3230=ORIENTED_EDGE('',*,*,#2449,.F.);
#3231=ORIENTED_EDGE('',*,*,#2454,.F.);
#3232=ORIENTED_EDGE('',*,*,#2455,.T.);
#3233=ORIENTED_EDGE('',*,*,#2456,.T.);
#3234=ORIENTED_EDGE('',*,*,#2452,.F.);
#3235=ORIENTED_EDGE('',*,*,#2457,.F.);
#3236=ORIENTED_EDGE('',*,*,#2458,.T.);
#3237=ORIENTED_EDGE('',*,*,#2459,.T.);
#3238=ORIENTED_EDGE('',*,*,#2455,.F.);
#3239=ORIENTED_EDGE('',*,*,#2460,.F.);
#3240=ORIENTED_EDGE('',*,*,#2461,.T.);
#3241=ORIENTED_EDGE('',*,*,#2462,.T.);
#3242=ORIENTED_EDGE('',*,*,#2458,.F.);
#3243=ORIENTED_EDGE('',*,*,#2463,.F.);
#3244=ORIENTED_EDGE('',*,*,#2464,.T.);
#3245=ORIENTED_EDGE('',*,*,#2465,.T.);
#3246=ORIENTED_EDGE('',*,*,#2461,.F.);
#3247=ORIENTED_EDGE('',*,*,#2466,.F.);
#3248=ORIENTED_EDGE('',*,*,#2467,.T.);
#3249=ORIENTED_EDGE('',*,*,#2468,.T.);
#3250=ORIENTED_EDGE('',*,*,#2464,.F.);
#3251=ORIENTED_EDGE('',*,*,#2469,.F.);
#3252=ORIENTED_EDGE('',*,*,#2470,.T.);
#3253=ORIENTED_EDGE('',*,*,#2471,.T.);
#3254=ORIENTED_EDGE('',*,*,#2467,.F.);
#3255=ORIENTED_EDGE('',*,*,#2472,.F.);
#3256=ORIENTED_EDGE('',*,*,#2473,.T.);
#3257=ORIENTED_EDGE('',*,*,#2474,.T.);
#3258=ORIENTED_EDGE('',*,*,#2470,.F.);
#3259=ORIENTED_EDGE('',*,*,#2475,.F.);
#3260=ORIENTED_EDGE('',*,*,#2476,.T.);
#3261=ORIENTED_EDGE('',*,*,#2477,.T.);
#3262=ORIENTED_EDGE('',*,*,#2473,.F.);
#3263=ORIENTED_EDGE('',*,*,#2478,.F.);
#3264=ORIENTED_EDGE('',*,*,#2479,.T.);
#3265=ORIENTED_EDGE('',*,*,#2480,.T.);
#3266=ORIENTED_EDGE('',*,*,#2476,.F.);
#3267=ORIENTED_EDGE('',*,*,#2481,.F.);
#3268=ORIENTED_EDGE('',*,*,#2482,.T.);
#3269=ORIENTED_EDGE('',*,*,#2483,.T.);
#3270=ORIENTED_EDGE('',*,*,#2479,.F.);
#3271=ORIENTED_EDGE('',*,*,#2484,.F.);
#3272=ORIENTED_EDGE('',*,*,#2485,.T.);
#3273=ORIENTED_EDGE('',*,*,#2486,.T.);
#3274=ORIENTED_EDGE('',*,*,#2482,.F.);
#3275=ORIENTED_EDGE('',*,*,#2487,.F.);
#3276=ORIENTED_EDGE('',*,*,#2488,.T.);
#3277=ORIENTED_EDGE('',*,*,#2489,.T.);
#3278=ORIENTED_EDGE('',*,*,#2485,.F.);
#3279=ORIENTED_EDGE('',*,*,#2490,.F.);
#3280=ORIENTED_EDGE('',*,*,#2491,.T.);
#3281=ORIENTED_EDGE('',*,*,#2492,.T.);
#3282=ORIENTED_EDGE('',*,*,#2488,.F.);
#3283=ORIENTED_EDGE('',*,*,#2493,.F.);
#3284=ORIENTED_EDGE('',*,*,#2494,.T.);
#3285=ORIENTED_EDGE('',*,*,#2495,.T.);
#3286=ORIENTED_EDGE('',*,*,#2491,.F.);
#3287=ORIENTED_EDGE('',*,*,#2496,.F.);
#3288=ORIENTED_EDGE('',*,*,#2497,.T.);
#3289=ORIENTED_EDGE('',*,*,#2498,.T.);
#3290=ORIENTED_EDGE('',*,*,#2494,.F.);
#3291=ORIENTED_EDGE('',*,*,#2499,.F.);
#3292=ORIENTED_EDGE('',*,*,#2500,.T.);
#3293=ORIENTED_EDGE('',*,*,#2501,.T.);
#3294=ORIENTED_EDGE('',*,*,#2497,.F.);
#3295=ORIENTED_EDGE('',*,*,#2502,.F.);
#3296=ORIENTED_EDGE('',*,*,#2503,.T.);
#3297=ORIENTED_EDGE('',*,*,#2504,.T.);
#3298=ORIENTED_EDGE('',*,*,#2500,.F.);
#3299=ORIENTED_EDGE('',*,*,#2505,.F.);
#3300=ORIENTED_EDGE('',*,*,#2506,.T.);
#3301=ORIENTED_EDGE('',*,*,#2507,.T.);
#3302=ORIENTED_EDGE('',*,*,#2503,.F.);
#3303=ORIENTED_EDGE('',*,*,#2508,.F.);
#3304=ORIENTED_EDGE('',*,*,#2429,.T.);
#3305=ORIENTED_EDGE('',*,*,#2509,.T.);
#3306=ORIENTED_EDGE('',*,*,#2506,.F.);
#3307=ORIENTED_EDGE('',*,*,#2509,.F.);
#3308=ORIENTED_EDGE('',*,*,#2428,.F.);
#3309=ORIENTED_EDGE('',*,*,#2432,.F.);
#3310=ORIENTED_EDGE('',*,*,#2435,.F.);
#3311=ORIENTED_EDGE('',*,*,#2438,.F.);
#3312=ORIENTED_EDGE('',*,*,#2441,.F.);
#3313=ORIENTED_EDGE('',*,*,#2444,.F.);
#3314=ORIENTED_EDGE('',*,*,#2447,.F.);
#3315=ORIENTED_EDGE('',*,*,#2450,.F.);
#3316=ORIENTED_EDGE('',*,*,#2453,.F.);
#3317=ORIENTED_EDGE('',*,*,#2456,.F.);
#3318=ORIENTED_EDGE('',*,*,#2459,.F.);
#3319=ORIENTED_EDGE('',*,*,#2462,.F.);
#3320=ORIENTED_EDGE('',*,*,#2465,.F.);
#3321=ORIENTED_EDGE('',*,*,#2468,.F.);
#3322=ORIENTED_EDGE('',*,*,#2471,.F.);
#3323=ORIENTED_EDGE('',*,*,#2474,.F.);
#3324=ORIENTED_EDGE('',*,*,#2477,.F.);
#3325=ORIENTED_EDGE('',*,*,#2480,.F.);
#3326=ORIENTED_EDGE('',*,*,#2483,.F.);
#3327=ORIENTED_EDGE('',*,*,#2486,.F.);
#3328=ORIENTED_EDGE('',*,*,#2489,.F.);
#3329=ORIENTED_EDGE('',*,*,#2492,.F.);
#3330=ORIENTED_EDGE('',*,*,#2495,.F.);
#3331=ORIENTED_EDGE('',*,*,#2498,.F.);
#3332=ORIENTED_EDGE('',*,*,#2501,.F.);
#3333=ORIENTED_EDGE('',*,*,#2504,.F.);
#3334=ORIENTED_EDGE('',*,*,#2507,.F.);
#3335=ORIENTED_EDGE('',*,*,#2510,.F.);
#3336=ORIENTED_EDGE('',*,*,#2511,.T.);
#3337=ORIENTED_EDGE('',*,*,#2512,.T.);
#3338=ORIENTED_EDGE('',*,*,#2513,.F.);
#3339=ORIENTED_EDGE('',*,*,#2514,.F.);
#3340=ORIENTED_EDGE('',*,*,#2515,.T.);
#3341=ORIENTED_EDGE('',*,*,#2516,.T.);
#3342=ORIENTED_EDGE('',*,*,#2511,.F.);
#3343=ORIENTED_EDGE('',*,*,#2517,.F.);
#3344=ORIENTED_EDGE('',*,*,#2518,.T.);
#3345=ORIENTED_EDGE('',*,*,#2519,.T.);
#3346=ORIENTED_EDGE('',*,*,#2515,.F.);
#3347=ORIENTED_EDGE('',*,*,#2520,.F.);
#3348=ORIENTED_EDGE('',*,*,#2521,.T.);
#3349=ORIENTED_EDGE('',*,*,#2522,.T.);
#3350=ORIENTED_EDGE('',*,*,#2518,.F.);
#3351=ORIENTED_EDGE('',*,*,#2523,.F.);
#3352=ORIENTED_EDGE('',*,*,#2524,.T.);
#3353=ORIENTED_EDGE('',*,*,#2525,.T.);
#3354=ORIENTED_EDGE('',*,*,#2521,.F.);
#3355=ORIENTED_EDGE('',*,*,#2526,.F.);
#3356=ORIENTED_EDGE('',*,*,#2527,.T.);
#3357=ORIENTED_EDGE('',*,*,#2528,.T.);
#3358=ORIENTED_EDGE('',*,*,#2524,.F.);
#3359=ORIENTED_EDGE('',*,*,#2529,.F.);
#3360=ORIENTED_EDGE('',*,*,#2530,.T.);
#3361=ORIENTED_EDGE('',*,*,#2531,.T.);
#3362=ORIENTED_EDGE('',*,*,#2527,.F.);
#3363=ORIENTED_EDGE('',*,*,#2532,.F.);
#3364=ORIENTED_EDGE('',*,*,#2533,.T.);
#3365=ORIENTED_EDGE('',*,*,#2534,.T.);
#3366=ORIENTED_EDGE('',*,*,#2530,.F.);
#3367=ORIENTED_EDGE('',*,*,#2535,.F.);
#3368=ORIENTED_EDGE('',*,*,#2536,.T.);
#3369=ORIENTED_EDGE('',*,*,#2537,.T.);
#3370=ORIENTED_EDGE('',*,*,#2533,.F.);
#3371=ORIENTED_EDGE('',*,*,#2538,.F.);
#3372=ORIENTED_EDGE('',*,*,#2513,.T.);
#3373=ORIENTED_EDGE('',*,*,#2539,.T.);
#3374=ORIENTED_EDGE('',*,*,#2536,.F.);
#3375=ORIENTED_EDGE('',*,*,#2540,.F.);
#3376=ORIENTED_EDGE('',*,*,#2541,.T.);
#3377=ORIENTED_EDGE('',*,*,#2542,.T.);
#3378=ORIENTED_EDGE('',*,*,#2543,.F.);
#3379=ORIENTED_EDGE('',*,*,#2544,.F.);
#3380=ORIENTED_EDGE('',*,*,#2545,.T.);
#3381=ORIENTED_EDGE('',*,*,#2546,.T.);
#3382=ORIENTED_EDGE('',*,*,#2541,.F.);
#3383=ORIENTED_EDGE('',*,*,#2547,.F.);
#3384=ORIENTED_EDGE('',*,*,#2548,.T.);
#3385=ORIENTED_EDGE('',*,*,#2549,.T.);
#3386=ORIENTED_EDGE('',*,*,#2545,.F.);
#3387=ORIENTED_EDGE('',*,*,#2550,.F.);
#3388=ORIENTED_EDGE('',*,*,#2551,.T.);
#3389=ORIENTED_EDGE('',*,*,#2552,.T.);
#3390=ORIENTED_EDGE('',*,*,#2548,.F.);
#3391=ORIENTED_EDGE('',*,*,#2553,.F.);
#3392=ORIENTED_EDGE('',*,*,#2554,.T.);
#3393=ORIENTED_EDGE('',*,*,#2555,.T.);
#3394=ORIENTED_EDGE('',*,*,#2551,.F.);
#3395=ORIENTED_EDGE('',*,*,#2556,.F.);
#3396=ORIENTED_EDGE('',*,*,#2557,.T.);
#3397=ORIENTED_EDGE('',*,*,#2558,.T.);
#3398=ORIENTED_EDGE('',*,*,#2554,.F.);
#3399=ORIENTED_EDGE('',*,*,#2559,.F.);
#3400=ORIENTED_EDGE('',*,*,#2560,.T.);
#3401=ORIENTED_EDGE('',*,*,#2561,.T.);
#3402=ORIENTED_EDGE('',*,*,#2557,.F.);
#3403=ORIENTED_EDGE('',*,*,#2562,.F.);
#3404=ORIENTED_EDGE('',*,*,#2563,.T.);
#3405=ORIENTED_EDGE('',*,*,#2564,.T.);
#3406=ORIENTED_EDGE('',*,*,#2560,.F.);
#3407=ORIENTED_EDGE('',*,*,#2565,.F.);
#3408=ORIENTED_EDGE('',*,*,#2566,.T.);
#3409=ORIENTED_EDGE('',*,*,#2567,.T.);
#3410=ORIENTED_EDGE('',*,*,#2563,.F.);
#3411=ORIENTED_EDGE('',*,*,#2568,.F.);
#3412=ORIENTED_EDGE('',*,*,#2569,.T.);
#3413=ORIENTED_EDGE('',*,*,#2570,.T.);
#3414=ORIENTED_EDGE('',*,*,#2566,.F.);
#3415=ORIENTED_EDGE('',*,*,#2571,.F.);
#3416=ORIENTED_EDGE('',*,*,#2572,.T.);
#3417=ORIENTED_EDGE('',*,*,#2573,.T.);
#3418=ORIENTED_EDGE('',*,*,#2569,.F.);
#3419=ORIENTED_EDGE('',*,*,#2574,.F.);
#3420=ORIENTED_EDGE('',*,*,#2575,.T.);
#3421=ORIENTED_EDGE('',*,*,#2576,.T.);
#3422=ORIENTED_EDGE('',*,*,#2572,.F.);
#3423=ORIENTED_EDGE('',*,*,#2577,.F.);
#3424=ORIENTED_EDGE('',*,*,#2578,.T.);
#3425=ORIENTED_EDGE('',*,*,#2579,.T.);
#3426=ORIENTED_EDGE('',*,*,#2575,.F.);
#3427=ORIENTED_EDGE('',*,*,#2580,.F.);
#3428=ORIENTED_EDGE('',*,*,#2581,.T.);
#3429=ORIENTED_EDGE('',*,*,#2582,.T.);
#3430=ORIENTED_EDGE('',*,*,#2578,.F.);
#3431=ORIENTED_EDGE('',*,*,#2583,.F.);
#3432=ORIENTED_EDGE('',*,*,#2584,.T.);
#3433=ORIENTED_EDGE('',*,*,#2585,.T.);
#3434=ORIENTED_EDGE('',*,*,#2581,.F.);
#3435=ORIENTED_EDGE('',*,*,#2586,.F.);
#3436=ORIENTED_EDGE('',*,*,#2587,.T.);
#3437=ORIENTED_EDGE('',*,*,#2588,.T.);
#3438=ORIENTED_EDGE('',*,*,#2584,.F.);
#3439=ORIENTED_EDGE('',*,*,#2589,.F.);
#3440=ORIENTED_EDGE('',*,*,#2590,.T.);
#3441=ORIENTED_EDGE('',*,*,#2591,.T.);
#3442=ORIENTED_EDGE('',*,*,#2587,.F.);
#3443=ORIENTED_EDGE('',*,*,#2592,.F.);
#3444=ORIENTED_EDGE('',*,*,#2593,.T.);
#3445=ORIENTED_EDGE('',*,*,#2594,.T.);
#3446=ORIENTED_EDGE('',*,*,#2590,.F.);
#3447=ORIENTED_EDGE('',*,*,#2595,.F.);
#3448=ORIENTED_EDGE('',*,*,#2596,.T.);
#3449=ORIENTED_EDGE('',*,*,#2597,.T.);
#3450=ORIENTED_EDGE('',*,*,#2593,.F.);
#3451=ORIENTED_EDGE('',*,*,#2598,.F.);
#3452=ORIENTED_EDGE('',*,*,#2599,.T.);
#3453=ORIENTED_EDGE('',*,*,#2600,.T.);
#3454=ORIENTED_EDGE('',*,*,#2596,.F.);
#3455=ORIENTED_EDGE('',*,*,#2601,.F.);
#3456=ORIENTED_EDGE('',*,*,#2602,.T.);
#3457=ORIENTED_EDGE('',*,*,#2603,.T.);
#3458=ORIENTED_EDGE('',*,*,#2599,.F.);
#3459=ORIENTED_EDGE('',*,*,#2604,.F.);
#3460=ORIENTED_EDGE('',*,*,#2605,.T.);
#3461=ORIENTED_EDGE('',*,*,#2606,.T.);
#3462=ORIENTED_EDGE('',*,*,#2602,.F.);
#3463=ORIENTED_EDGE('',*,*,#2607,.F.);
#3464=ORIENTED_EDGE('',*,*,#2608,.T.);
#3465=ORIENTED_EDGE('',*,*,#2609,.T.);
#3466=ORIENTED_EDGE('',*,*,#2605,.F.);
#3467=ORIENTED_EDGE('',*,*,#2610,.F.);
#3468=ORIENTED_EDGE('',*,*,#2611,.T.);
#3469=ORIENTED_EDGE('',*,*,#2612,.T.);
#3470=ORIENTED_EDGE('',*,*,#2608,.F.);
#3471=ORIENTED_EDGE('',*,*,#2613,.F.);
#3472=ORIENTED_EDGE('',*,*,#2614,.T.);
#3473=ORIENTED_EDGE('',*,*,#2615,.T.);
#3474=ORIENTED_EDGE('',*,*,#2611,.F.);
#3475=ORIENTED_EDGE('',*,*,#2616,.F.);
#3476=ORIENTED_EDGE('',*,*,#2617,.T.);
#3477=ORIENTED_EDGE('',*,*,#2618,.T.);
#3478=ORIENTED_EDGE('',*,*,#2614,.F.);
#3479=ORIENTED_EDGE('',*,*,#2619,.F.);
#3480=ORIENTED_EDGE('',*,*,#2543,.T.);
#3481=ORIENTED_EDGE('',*,*,#2620,.T.);
#3482=ORIENTED_EDGE('',*,*,#2617,.F.);
#3483=ORIENTED_EDGE('',*,*,#2620,.F.);
#3484=ORIENTED_EDGE('',*,*,#2542,.F.);
#3485=ORIENTED_EDGE('',*,*,#2546,.F.);
#3486=ORIENTED_EDGE('',*,*,#2549,.F.);
#3487=ORIENTED_EDGE('',*,*,#2552,.F.);
#3488=ORIENTED_EDGE('',*,*,#2555,.F.);
#3489=ORIENTED_EDGE('',*,*,#2558,.F.);
#3490=ORIENTED_EDGE('',*,*,#2561,.F.);
#3491=ORIENTED_EDGE('',*,*,#2564,.F.);
#3492=ORIENTED_EDGE('',*,*,#2567,.F.);
#3493=ORIENTED_EDGE('',*,*,#2570,.F.);
#3494=ORIENTED_EDGE('',*,*,#2573,.F.);
#3495=ORIENTED_EDGE('',*,*,#2576,.F.);
#3496=ORIENTED_EDGE('',*,*,#2579,.F.);
#3497=ORIENTED_EDGE('',*,*,#2582,.F.);
#3498=ORIENTED_EDGE('',*,*,#2585,.F.);
#3499=ORIENTED_EDGE('',*,*,#2588,.F.);
#3500=ORIENTED_EDGE('',*,*,#2591,.F.);
#3501=ORIENTED_EDGE('',*,*,#2594,.F.);
#3502=ORIENTED_EDGE('',*,*,#2597,.F.);
#3503=ORIENTED_EDGE('',*,*,#2600,.F.);
#3504=ORIENTED_EDGE('',*,*,#2603,.F.);
#3505=ORIENTED_EDGE('',*,*,#2606,.F.);
#3506=ORIENTED_EDGE('',*,*,#2609,.F.);
#3507=ORIENTED_EDGE('',*,*,#2612,.F.);
#3508=ORIENTED_EDGE('',*,*,#2615,.F.);
#3509=ORIENTED_EDGE('',*,*,#2618,.F.);
#3510=ORIENTED_EDGE('',*,*,#2539,.F.);
#3511=ORIENTED_EDGE('',*,*,#2512,.F.);
#3512=ORIENTED_EDGE('',*,*,#2516,.F.);
#3513=ORIENTED_EDGE('',*,*,#2519,.F.);
#3514=ORIENTED_EDGE('',*,*,#2522,.F.);
#3515=ORIENTED_EDGE('',*,*,#2525,.F.);
#3516=ORIENTED_EDGE('',*,*,#2528,.F.);
#3517=ORIENTED_EDGE('',*,*,#2531,.F.);
#3518=ORIENTED_EDGE('',*,*,#2534,.F.);
#3519=ORIENTED_EDGE('',*,*,#2537,.F.);
#3520=ORIENTED_EDGE('',*,*,#2621,.F.);
#3521=ORIENTED_EDGE('',*,*,#2622,.T.);
#3522=ORIENTED_EDGE('',*,*,#2623,.T.);
#3523=ORIENTED_EDGE('',*,*,#2624,.F.);
#3524=ORIENTED_EDGE('',*,*,#2625,.F.);
#3525=ORIENTED_EDGE('',*,*,#2626,.T.);
#3526=ORIENTED_EDGE('',*,*,#2627,.T.);
#3527=ORIENTED_EDGE('',*,*,#2622,.F.);
#3528=ORIENTED_EDGE('',*,*,#2628,.F.);
#3529=ORIENTED_EDGE('',*,*,#2629,.T.);
#3530=ORIENTED_EDGE('',*,*,#2630,.T.);
#3531=ORIENTED_EDGE('',*,*,#2626,.F.);
#3532=ORIENTED_EDGE('',*,*,#2631,.F.);
#3533=ORIENTED_EDGE('',*,*,#2632,.T.);
#3534=ORIENTED_EDGE('',*,*,#2633,.T.);
#3535=ORIENTED_EDGE('',*,*,#2629,.F.);
#3536=ORIENTED_EDGE('',*,*,#2634,.F.);
#3537=ORIENTED_EDGE('',*,*,#2635,.T.);
#3538=ORIENTED_EDGE('',*,*,#2636,.T.);
#3539=ORIENTED_EDGE('',*,*,#2632,.F.);
#3540=ORIENTED_EDGE('',*,*,#2637,.F.);
#3541=ORIENTED_EDGE('',*,*,#2638,.T.);
#3542=ORIENTED_EDGE('',*,*,#2639,.T.);
#3543=ORIENTED_EDGE('',*,*,#2635,.F.);
#3544=ORIENTED_EDGE('',*,*,#2640,.F.);
#3545=ORIENTED_EDGE('',*,*,#2641,.T.);
#3546=ORIENTED_EDGE('',*,*,#2642,.T.);
#3547=ORIENTED_EDGE('',*,*,#2638,.F.);
#3548=ORIENTED_EDGE('',*,*,#2643,.F.);
#3549=ORIENTED_EDGE('',*,*,#2644,.T.);
#3550=ORIENTED_EDGE('',*,*,#2645,.T.);
#3551=ORIENTED_EDGE('',*,*,#2641,.F.);
#3552=ORIENTED_EDGE('',*,*,#2646,.F.);
#3553=ORIENTED_EDGE('',*,*,#2647,.T.);
#3554=ORIENTED_EDGE('',*,*,#2648,.T.);
#3555=ORIENTED_EDGE('',*,*,#2644,.F.);
#3556=ORIENTED_EDGE('',*,*,#2649,.F.);
#3557=ORIENTED_EDGE('',*,*,#2624,.T.);
#3558=ORIENTED_EDGE('',*,*,#2650,.T.);
#3559=ORIENTED_EDGE('',*,*,#2647,.F.);
#3560=ORIENTED_EDGE('',*,*,#2651,.F.);
#3561=ORIENTED_EDGE('',*,*,#2652,.T.);
#3562=ORIENTED_EDGE('',*,*,#2653,.T.);
#3563=ORIENTED_EDGE('',*,*,#2654,.F.);
#3564=ORIENTED_EDGE('',*,*,#2655,.F.);
#3565=ORIENTED_EDGE('',*,*,#2656,.T.);
#3566=ORIENTED_EDGE('',*,*,#2657,.T.);
#3567=ORIENTED_EDGE('',*,*,#2652,.F.);
#3568=ORIENTED_EDGE('',*,*,#2658,.F.);
#3569=ORIENTED_EDGE('',*,*,#2659,.T.);
#3570=ORIENTED_EDGE('',*,*,#2660,.T.);
#3571=ORIENTED_EDGE('',*,*,#2656,.F.);
#3572=ORIENTED_EDGE('',*,*,#2661,.F.);
#3573=ORIENTED_EDGE('',*,*,#2662,.T.);
#3574=ORIENTED_EDGE('',*,*,#2663,.T.);
#3575=ORIENTED_EDGE('',*,*,#2659,.F.);
#3576=ORIENTED_EDGE('',*,*,#2664,.F.);
#3577=ORIENTED_EDGE('',*,*,#2665,.T.);
#3578=ORIENTED_EDGE('',*,*,#2666,.T.);
#3579=ORIENTED_EDGE('',*,*,#2662,.F.);
#3580=ORIENTED_EDGE('',*,*,#2667,.F.);
#3581=ORIENTED_EDGE('',*,*,#2668,.T.);
#3582=ORIENTED_EDGE('',*,*,#2669,.T.);
#3583=ORIENTED_EDGE('',*,*,#2665,.F.);
#3584=ORIENTED_EDGE('',*,*,#2670,.F.);
#3585=ORIENTED_EDGE('',*,*,#2671,.T.);
#3586=ORIENTED_EDGE('',*,*,#2672,.T.);
#3587=ORIENTED_EDGE('',*,*,#2668,.F.);
#3588=ORIENTED_EDGE('',*,*,#2673,.F.);
#3589=ORIENTED_EDGE('',*,*,#2674,.T.);
#3590=ORIENTED_EDGE('',*,*,#2675,.T.);
#3591=ORIENTED_EDGE('',*,*,#2671,.F.);
#3592=ORIENTED_EDGE('',*,*,#2676,.F.);
#3593=ORIENTED_EDGE('',*,*,#2677,.T.);
#3594=ORIENTED_EDGE('',*,*,#2678,.T.);
#3595=ORIENTED_EDGE('',*,*,#2674,.F.);
#3596=ORIENTED_EDGE('',*,*,#2679,.F.);
#3597=ORIENTED_EDGE('',*,*,#2680,.T.);
#3598=ORIENTED_EDGE('',*,*,#2681,.T.);
#3599=ORIENTED_EDGE('',*,*,#2677,.F.);
#3600=ORIENTED_EDGE('',*,*,#2682,.F.);
#3601=ORIENTED_EDGE('',*,*,#2683,.T.);
#3602=ORIENTED_EDGE('',*,*,#2684,.T.);
#3603=ORIENTED_EDGE('',*,*,#2680,.F.);
#3604=ORIENTED_EDGE('',*,*,#2685,.F.);
#3605=ORIENTED_EDGE('',*,*,#2686,.T.);
#3606=ORIENTED_EDGE('',*,*,#2687,.T.);
#3607=ORIENTED_EDGE('',*,*,#2683,.F.);
#3608=ORIENTED_EDGE('',*,*,#2688,.F.);
#3609=ORIENTED_EDGE('',*,*,#2689,.T.);
#3610=ORIENTED_EDGE('',*,*,#2690,.T.);
#3611=ORIENTED_EDGE('',*,*,#2686,.F.);
#3612=ORIENTED_EDGE('',*,*,#2691,.F.);
#3613=ORIENTED_EDGE('',*,*,#2692,.T.);
#3614=ORIENTED_EDGE('',*,*,#2693,.T.);
#3615=ORIENTED_EDGE('',*,*,#2689,.F.);
#3616=ORIENTED_EDGE('',*,*,#2694,.F.);
#3617=ORIENTED_EDGE('',*,*,#2695,.T.);
#3618=ORIENTED_EDGE('',*,*,#2696,.T.);
#3619=ORIENTED_EDGE('',*,*,#2692,.F.);
#3620=ORIENTED_EDGE('',*,*,#2697,.F.);
#3621=ORIENTED_EDGE('',*,*,#2698,.T.);
#3622=ORIENTED_EDGE('',*,*,#2699,.T.);
#3623=ORIENTED_EDGE('',*,*,#2695,.F.);
#3624=ORIENTED_EDGE('',*,*,#2700,.F.);
#3625=ORIENTED_EDGE('',*,*,#2701,.T.);
#3626=ORIENTED_EDGE('',*,*,#2702,.T.);
#3627=ORIENTED_EDGE('',*,*,#2698,.F.);
#3628=ORIENTED_EDGE('',*,*,#2703,.F.);
#3629=ORIENTED_EDGE('',*,*,#2704,.T.);
#3630=ORIENTED_EDGE('',*,*,#2705,.T.);
#3631=ORIENTED_EDGE('',*,*,#2701,.F.);
#3632=ORIENTED_EDGE('',*,*,#2706,.F.);
#3633=ORIENTED_EDGE('',*,*,#2707,.T.);
#3634=ORIENTED_EDGE('',*,*,#2708,.T.);
#3635=ORIENTED_EDGE('',*,*,#2704,.F.);
#3636=ORIENTED_EDGE('',*,*,#2709,.F.);
#3637=ORIENTED_EDGE('',*,*,#2710,.T.);
#3638=ORIENTED_EDGE('',*,*,#2711,.T.);
#3639=ORIENTED_EDGE('',*,*,#2707,.F.);
#3640=ORIENTED_EDGE('',*,*,#2712,.F.);
#3641=ORIENTED_EDGE('',*,*,#2713,.T.);
#3642=ORIENTED_EDGE('',*,*,#2714,.T.);
#3643=ORIENTED_EDGE('',*,*,#2710,.F.);
#3644=ORIENTED_EDGE('',*,*,#2715,.F.);
#3645=ORIENTED_EDGE('',*,*,#2716,.T.);
#3646=ORIENTED_EDGE('',*,*,#2717,.T.);
#3647=ORIENTED_EDGE('',*,*,#2713,.F.);
#3648=ORIENTED_EDGE('',*,*,#2718,.F.);
#3649=ORIENTED_EDGE('',*,*,#2719,.T.);
#3650=ORIENTED_EDGE('',*,*,#2720,.T.);
#3651=ORIENTED_EDGE('',*,*,#2716,.F.);
#3652=ORIENTED_EDGE('',*,*,#2721,.F.);
#3653=ORIENTED_EDGE('',*,*,#2722,.T.);
#3654=ORIENTED_EDGE('',*,*,#2723,.T.);
#3655=ORIENTED_EDGE('',*,*,#2719,.F.);
#3656=ORIENTED_EDGE('',*,*,#2724,.F.);
#3657=ORIENTED_EDGE('',*,*,#2725,.T.);
#3658=ORIENTED_EDGE('',*,*,#2726,.T.);
#3659=ORIENTED_EDGE('',*,*,#2722,.F.);
#3660=ORIENTED_EDGE('',*,*,#2727,.F.);
#3661=ORIENTED_EDGE('',*,*,#2728,.T.);
#3662=ORIENTED_EDGE('',*,*,#2729,.T.);
#3663=ORIENTED_EDGE('',*,*,#2725,.F.);
#3664=ORIENTED_EDGE('',*,*,#2730,.F.);
#3665=ORIENTED_EDGE('',*,*,#2654,.T.);
#3666=ORIENTED_EDGE('',*,*,#2731,.T.);
#3667=ORIENTED_EDGE('',*,*,#2728,.F.);
#3668=ORIENTED_EDGE('',*,*,#2731,.F.);
#3669=ORIENTED_EDGE('',*,*,#2653,.F.);
#3670=ORIENTED_EDGE('',*,*,#2657,.F.);
#3671=ORIENTED_EDGE('',*,*,#2660,.F.);
#3672=ORIENTED_EDGE('',*,*,#2663,.F.);
#3673=ORIENTED_EDGE('',*,*,#2666,.F.);
#3674=ORIENTED_EDGE('',*,*,#2669,.F.);
#3675=ORIENTED_EDGE('',*,*,#2672,.F.);
#3676=ORIENTED_EDGE('',*,*,#2675,.F.);
#3677=ORIENTED_EDGE('',*,*,#2678,.F.);
#3678=ORIENTED_EDGE('',*,*,#2681,.F.);
#3679=ORIENTED_EDGE('',*,*,#2684,.F.);
#3680=ORIENTED_EDGE('',*,*,#2687,.F.);
#3681=ORIENTED_EDGE('',*,*,#2690,.F.);
#3682=ORIENTED_EDGE('',*,*,#2693,.F.);
#3683=ORIENTED_EDGE('',*,*,#2696,.F.);
#3684=ORIENTED_EDGE('',*,*,#2699,.F.);
#3685=ORIENTED_EDGE('',*,*,#2702,.F.);
#3686=ORIENTED_EDGE('',*,*,#2705,.F.);
#3687=ORIENTED_EDGE('',*,*,#2708,.F.);
#3688=ORIENTED_EDGE('',*,*,#2711,.F.);
#3689=ORIENTED_EDGE('',*,*,#2714,.F.);
#3690=ORIENTED_EDGE('',*,*,#2717,.F.);
#3691=ORIENTED_EDGE('',*,*,#2720,.F.);
#3692=ORIENTED_EDGE('',*,*,#2723,.F.);
#3693=ORIENTED_EDGE('',*,*,#2726,.F.);
#3694=ORIENTED_EDGE('',*,*,#2729,.F.);
#3695=ORIENTED_EDGE('',*,*,#2650,.F.);
#3696=ORIENTED_EDGE('',*,*,#2623,.F.);
#3697=ORIENTED_EDGE('',*,*,#2627,.F.);
#3698=ORIENTED_EDGE('',*,*,#2630,.F.);
#3699=ORIENTED_EDGE('',*,*,#2633,.F.);
#3700=ORIENTED_EDGE('',*,*,#2636,.F.);
#3701=ORIENTED_EDGE('',*,*,#2639,.F.);
#3702=ORIENTED_EDGE('',*,*,#2642,.F.);
#3703=ORIENTED_EDGE('',*,*,#2645,.F.);
#3704=ORIENTED_EDGE('',*,*,#2648,.F.);
#3705=ORIENTED_EDGE('',*,*,#2732,.F.);
#3706=ORIENTED_EDGE('',*,*,#2733,.T.);
#3707=ORIENTED_EDGE('',*,*,#2734,.T.);
#3708=ORIENTED_EDGE('',*,*,#2735,.F.);
#3709=ORIENTED_EDGE('',*,*,#2736,.F.);
#3710=ORIENTED_EDGE('',*,*,#2737,.T.);
#3711=ORIENTED_EDGE('',*,*,#2738,.T.);
#3712=ORIENTED_EDGE('',*,*,#2733,.F.);
#3713=ORIENTED_EDGE('',*,*,#2739,.F.);
#3714=ORIENTED_EDGE('',*,*,#2740,.T.);
#3715=ORIENTED_EDGE('',*,*,#2741,.T.);
#3716=ORIENTED_EDGE('',*,*,#2737,.F.);
#3717=ORIENTED_EDGE('',*,*,#2742,.F.);
#3718=ORIENTED_EDGE('',*,*,#2743,.T.);
#3719=ORIENTED_EDGE('',*,*,#2744,.T.);
#3720=ORIENTED_EDGE('',*,*,#2740,.F.);
#3721=ORIENTED_EDGE('',*,*,#2745,.F.);
#3722=ORIENTED_EDGE('',*,*,#2746,.T.);
#3723=ORIENTED_EDGE('',*,*,#2747,.T.);
#3724=ORIENTED_EDGE('',*,*,#2743,.F.);
#3725=ORIENTED_EDGE('',*,*,#2748,.F.);
#3726=ORIENTED_EDGE('',*,*,#2749,.T.);
#3727=ORIENTED_EDGE('',*,*,#2750,.T.);
#3728=ORIENTED_EDGE('',*,*,#2746,.F.);
#3729=ORIENTED_EDGE('',*,*,#2751,.F.);
#3730=ORIENTED_EDGE('',*,*,#2752,.T.);
#3731=ORIENTED_EDGE('',*,*,#2753,.T.);
#3732=ORIENTED_EDGE('',*,*,#2749,.F.);
#3733=ORIENTED_EDGE('',*,*,#2754,.F.);
#3734=ORIENTED_EDGE('',*,*,#2755,.T.);
#3735=ORIENTED_EDGE('',*,*,#2756,.T.);
#3736=ORIENTED_EDGE('',*,*,#2752,.F.);
#3737=ORIENTED_EDGE('',*,*,#2757,.F.);
#3738=ORIENTED_EDGE('',*,*,#2758,.T.);
#3739=ORIENTED_EDGE('',*,*,#2759,.T.);
#3740=ORIENTED_EDGE('',*,*,#2755,.F.);
#3741=ORIENTED_EDGE('',*,*,#2760,.F.);
#3742=ORIENTED_EDGE('',*,*,#2761,.T.);
#3743=ORIENTED_EDGE('',*,*,#2762,.T.);
#3744=ORIENTED_EDGE('',*,*,#2758,.F.);
#3745=ORIENTED_EDGE('',*,*,#2763,.F.);
#3746=ORIENTED_EDGE('',*,*,#2764,.T.);
#3747=ORIENTED_EDGE('',*,*,#2765,.T.);
#3748=ORIENTED_EDGE('',*,*,#2761,.F.);
#3749=ORIENTED_EDGE('',*,*,#2766,.F.);
#3750=ORIENTED_EDGE('',*,*,#2767,.T.);
#3751=ORIENTED_EDGE('',*,*,#2768,.T.);
#3752=ORIENTED_EDGE('',*,*,#2764,.F.);
#3753=ORIENTED_EDGE('',*,*,#2769,.F.);
#3754=ORIENTED_EDGE('',*,*,#2735,.T.);
#3755=ORIENTED_EDGE('',*,*,#2770,.T.);
#3756=ORIENTED_EDGE('',*,*,#2767,.F.);
#3757=ORIENTED_EDGE('',*,*,#2770,.F.);
#3758=ORIENTED_EDGE('',*,*,#2734,.F.);
#3759=ORIENTED_EDGE('',*,*,#2738,.F.);
#3760=ORIENTED_EDGE('',*,*,#2741,.F.);
#3761=ORIENTED_EDGE('',*,*,#2744,.F.);
#3762=ORIENTED_EDGE('',*,*,#2747,.F.);
#3763=ORIENTED_EDGE('',*,*,#2750,.F.);
#3764=ORIENTED_EDGE('',*,*,#2753,.F.);
#3765=ORIENTED_EDGE('',*,*,#2756,.F.);
#3766=ORIENTED_EDGE('',*,*,#2759,.F.);
#3767=ORIENTED_EDGE('',*,*,#2762,.F.);
#3768=ORIENTED_EDGE('',*,*,#2765,.F.);
#3769=ORIENTED_EDGE('',*,*,#2768,.F.);
#3770=ORIENTED_EDGE('',*,*,#2771,.F.);
#3771=ORIENTED_EDGE('',*,*,#2772,.T.);
#3772=ORIENTED_EDGE('',*,*,#2773,.T.);
#3773=ORIENTED_EDGE('',*,*,#2774,.F.);
#3774=ORIENTED_EDGE('',*,*,#2775,.F.);
#3775=ORIENTED_EDGE('',*,*,#2776,.T.);
#3776=ORIENTED_EDGE('',*,*,#2777,.T.);
#3777=ORIENTED_EDGE('',*,*,#2772,.F.);
#3778=ORIENTED_EDGE('',*,*,#2778,.F.);
#3779=ORIENTED_EDGE('',*,*,#2779,.T.);
#3780=ORIENTED_EDGE('',*,*,#2780,.T.);
#3781=ORIENTED_EDGE('',*,*,#2776,.F.);
#3782=ORIENTED_EDGE('',*,*,#2781,.F.);
#3783=ORIENTED_EDGE('',*,*,#2774,.T.);
#3784=ORIENTED_EDGE('',*,*,#2782,.T.);
#3785=ORIENTED_EDGE('',*,*,#2779,.F.);
#3786=ORIENTED_EDGE('',*,*,#2782,.F.);
#3787=ORIENTED_EDGE('',*,*,#2773,.F.);
#3788=ORIENTED_EDGE('',*,*,#2777,.F.);
#3789=ORIENTED_EDGE('',*,*,#2780,.F.);
#3790=ORIENTED_EDGE('',*,*,#2783,.F.);
#3791=ORIENTED_EDGE('',*,*,#2784,.T.);
#3792=ORIENTED_EDGE('',*,*,#2785,.T.);
#3793=ORIENTED_EDGE('',*,*,#2786,.F.);
#3794=ORIENTED_EDGE('',*,*,#2787,.F.);
#3795=ORIENTED_EDGE('',*,*,#2788,.T.);
#3796=ORIENTED_EDGE('',*,*,#2789,.T.);
#3797=ORIENTED_EDGE('',*,*,#2784,.F.);
#3798=ORIENTED_EDGE('',*,*,#2790,.F.);
#3799=ORIENTED_EDGE('',*,*,#2791,.T.);
#3800=ORIENTED_EDGE('',*,*,#2792,.T.);
#3801=ORIENTED_EDGE('',*,*,#2788,.F.);
#3802=ORIENTED_EDGE('',*,*,#2793,.F.);
#3803=ORIENTED_EDGE('',*,*,#2794,.T.);
#3804=ORIENTED_EDGE('',*,*,#2795,.T.);
#3805=ORIENTED_EDGE('',*,*,#2791,.F.);
#3806=ORIENTED_EDGE('',*,*,#2796,.F.);
#3807=ORIENTED_EDGE('',*,*,#2797,.T.);
#3808=ORIENTED_EDGE('',*,*,#2798,.T.);
#3809=ORIENTED_EDGE('',*,*,#2794,.F.);
#3810=ORIENTED_EDGE('',*,*,#2799,.F.);
#3811=ORIENTED_EDGE('',*,*,#2800,.T.);
#3812=ORIENTED_EDGE('',*,*,#2801,.T.);
#3813=ORIENTED_EDGE('',*,*,#2797,.F.);
#3814=ORIENTED_EDGE('',*,*,#2802,.F.);
#3815=ORIENTED_EDGE('',*,*,#2803,.T.);
#3816=ORIENTED_EDGE('',*,*,#2804,.T.);
#3817=ORIENTED_EDGE('',*,*,#2800,.F.);
#3818=ORIENTED_EDGE('',*,*,#2805,.F.);
#3819=ORIENTED_EDGE('',*,*,#2806,.T.);
#3820=ORIENTED_EDGE('',*,*,#2807,.T.);
#3821=ORIENTED_EDGE('',*,*,#2803,.F.);
#3822=ORIENTED_EDGE('',*,*,#2808,.F.);
#3823=ORIENTED_EDGE('',*,*,#2809,.T.);
#3824=ORIENTED_EDGE('',*,*,#2810,.T.);
#3825=ORIENTED_EDGE('',*,*,#2806,.F.);
#3826=ORIENTED_EDGE('',*,*,#2811,.F.);
#3827=ORIENTED_EDGE('',*,*,#2812,.T.);
#3828=ORIENTED_EDGE('',*,*,#2813,.T.);
#3829=ORIENTED_EDGE('',*,*,#2809,.F.);
#3830=ORIENTED_EDGE('',*,*,#2814,.F.);
#3831=ORIENTED_EDGE('',*,*,#2815,.T.);
#3832=ORIENTED_EDGE('',*,*,#2816,.T.);
#3833=ORIENTED_EDGE('',*,*,#2812,.F.);
#3834=ORIENTED_EDGE('',*,*,#2817,.F.);
#3835=ORIENTED_EDGE('',*,*,#2818,.T.);
#3836=ORIENTED_EDGE('',*,*,#2819,.T.);
#3837=ORIENTED_EDGE('',*,*,#2815,.F.);
#3838=ORIENTED_EDGE('',*,*,#2820,.F.);
#3839=ORIENTED_EDGE('',*,*,#2821,.T.);
#3840=ORIENTED_EDGE('',*,*,#2822,.T.);
#3841=ORIENTED_EDGE('',*,*,#2818,.F.);
#3842=ORIENTED_EDGE('',*,*,#2823,.F.);
#3843=ORIENTED_EDGE('',*,*,#2824,.T.);
#3844=ORIENTED_EDGE('',*,*,#2825,.T.);
#3845=ORIENTED_EDGE('',*,*,#2821,.F.);
#3846=ORIENTED_EDGE('',*,*,#2826,.F.);
#3847=ORIENTED_EDGE('',*,*,#2827,.T.);
#3848=ORIENTED_EDGE('',*,*,#2828,.T.);
#3849=ORIENTED_EDGE('',*,*,#2824,.F.);
#3850=ORIENTED_EDGE('',*,*,#2829,.F.);
#3851=ORIENTED_EDGE('',*,*,#2830,.T.);
#3852=ORIENTED_EDGE('',*,*,#2831,.T.);
#3853=ORIENTED_EDGE('',*,*,#2827,.F.);
#3854=ORIENTED_EDGE('',*,*,#2832,.F.);
#3855=ORIENTED_EDGE('',*,*,#2833,.T.);
#3856=ORIENTED_EDGE('',*,*,#2834,.T.);
#3857=ORIENTED_EDGE('',*,*,#2830,.F.);
#3858=ORIENTED_EDGE('',*,*,#2835,.F.);
#3859=ORIENTED_EDGE('',*,*,#2836,.T.);
#3860=ORIENTED_EDGE('',*,*,#2837,.T.);
#3861=ORIENTED_EDGE('',*,*,#2833,.F.);
#3862=ORIENTED_EDGE('',*,*,#2838,.F.);
#3863=ORIENTED_EDGE('',*,*,#2786,.T.);
#3864=ORIENTED_EDGE('',*,*,#2839,.T.);
#3865=ORIENTED_EDGE('',*,*,#2836,.F.);
#3866=ORIENTED_EDGE('',*,*,#2839,.F.);
#3867=ORIENTED_EDGE('',*,*,#2785,.F.);
#3868=ORIENTED_EDGE('',*,*,#2789,.F.);
#3869=ORIENTED_EDGE('',*,*,#2792,.F.);
#3870=ORIENTED_EDGE('',*,*,#2795,.F.);
#3871=ORIENTED_EDGE('',*,*,#2798,.F.);
#3872=ORIENTED_EDGE('',*,*,#2801,.F.);
#3873=ORIENTED_EDGE('',*,*,#2804,.F.);
#3874=ORIENTED_EDGE('',*,*,#2807,.F.);
#3875=ORIENTED_EDGE('',*,*,#2810,.F.);
#3876=ORIENTED_EDGE('',*,*,#2813,.F.);
#3877=ORIENTED_EDGE('',*,*,#2816,.F.);
#3878=ORIENTED_EDGE('',*,*,#2819,.F.);
#3879=ORIENTED_EDGE('',*,*,#2822,.F.);
#3880=ORIENTED_EDGE('',*,*,#2825,.F.);
#3881=ORIENTED_EDGE('',*,*,#2828,.F.);
#3882=ORIENTED_EDGE('',*,*,#2831,.F.);
#3883=ORIENTED_EDGE('',*,*,#2834,.F.);
#3884=ORIENTED_EDGE('',*,*,#2837,.F.);
#3885=ORIENTED_EDGE('',*,*,#2840,.F.);
#3886=ORIENTED_EDGE('',*,*,#2841,.T.);
#3887=ORIENTED_EDGE('',*,*,#2842,.T.);
#3888=ORIENTED_EDGE('',*,*,#2843,.F.);
#3889=ORIENTED_EDGE('',*,*,#2844,.F.);
#3890=ORIENTED_EDGE('',*,*,#2845,.T.);
#3891=ORIENTED_EDGE('',*,*,#2846,.T.);
#3892=ORIENTED_EDGE('',*,*,#2841,.F.);
#3893=ORIENTED_EDGE('',*,*,#2847,.F.);
#3894=ORIENTED_EDGE('',*,*,#2848,.T.);
#3895=ORIENTED_EDGE('',*,*,#2849,.T.);
#3896=ORIENTED_EDGE('',*,*,#2845,.F.);
#3897=ORIENTED_EDGE('',*,*,#2850,.F.);
#3898=ORIENTED_EDGE('',*,*,#2843,.T.);
#3899=ORIENTED_EDGE('',*,*,#2851,.T.);
#3900=ORIENTED_EDGE('',*,*,#2848,.F.);
#3901=ORIENTED_EDGE('',*,*,#2851,.F.);
#3902=ORIENTED_EDGE('',*,*,#2842,.F.);
#3903=ORIENTED_EDGE('',*,*,#2846,.F.);
#3904=ORIENTED_EDGE('',*,*,#2849,.F.);
#3905=ORIENTED_EDGE('',*,*,#2852,.F.);
#3906=ORIENTED_EDGE('',*,*,#2853,.T.);
#3907=ORIENTED_EDGE('',*,*,#2854,.T.);
#3908=ORIENTED_EDGE('',*,*,#2855,.F.);
#3909=ORIENTED_EDGE('',*,*,#2856,.F.);
#3910=ORIENTED_EDGE('',*,*,#2857,.T.);
#3911=ORIENTED_EDGE('',*,*,#2858,.T.);
#3912=ORIENTED_EDGE('',*,*,#2853,.F.);
#3913=ORIENTED_EDGE('',*,*,#2859,.F.);
#3914=ORIENTED_EDGE('',*,*,#2860,.T.);
#3915=ORIENTED_EDGE('',*,*,#2861,.T.);
#3916=ORIENTED_EDGE('',*,*,#2857,.F.);
#3917=ORIENTED_EDGE('',*,*,#2862,.F.);
#3918=ORIENTED_EDGE('',*,*,#2863,.T.);
#3919=ORIENTED_EDGE('',*,*,#2864,.T.);
#3920=ORIENTED_EDGE('',*,*,#2860,.F.);
#3921=ORIENTED_EDGE('',*,*,#2865,.F.);
#3922=ORIENTED_EDGE('',*,*,#2866,.T.);
#3923=ORIENTED_EDGE('',*,*,#2867,.T.);
#3924=ORIENTED_EDGE('',*,*,#2863,.F.);
#3925=ORIENTED_EDGE('',*,*,#2868,.F.);
#3926=ORIENTED_EDGE('',*,*,#2869,.T.);
#3927=ORIENTED_EDGE('',*,*,#2870,.T.);
#3928=ORIENTED_EDGE('',*,*,#2866,.F.);
#3929=ORIENTED_EDGE('',*,*,#2871,.F.);
#3930=ORIENTED_EDGE('',*,*,#2872,.T.);
#3931=ORIENTED_EDGE('',*,*,#2873,.T.);
#3932=ORIENTED_EDGE('',*,*,#2869,.F.);
#3933=ORIENTED_EDGE('',*,*,#2874,.F.);
#3934=ORIENTED_EDGE('',*,*,#2875,.T.);
#3935=ORIENTED_EDGE('',*,*,#2876,.T.);
#3936=ORIENTED_EDGE('',*,*,#2872,.F.);
#3937=ORIENTED_EDGE('',*,*,#2877,.F.);
#3938=ORIENTED_EDGE('',*,*,#2878,.T.);
#3939=ORIENTED_EDGE('',*,*,#2879,.T.);
#3940=ORIENTED_EDGE('',*,*,#2875,.F.);
#3941=ORIENTED_EDGE('',*,*,#2880,.F.);
#3942=ORIENTED_EDGE('',*,*,#2881,.T.);
#3943=ORIENTED_EDGE('',*,*,#2882,.T.);
#3944=ORIENTED_EDGE('',*,*,#2878,.F.);
#3945=ORIENTED_EDGE('',*,*,#2883,.F.);
#3946=ORIENTED_EDGE('',*,*,#2884,.T.);
#3947=ORIENTED_EDGE('',*,*,#2885,.T.);
#3948=ORIENTED_EDGE('',*,*,#2881,.F.);
#3949=ORIENTED_EDGE('',*,*,#2886,.F.);
#3950=ORIENTED_EDGE('',*,*,#2887,.T.);
#3951=ORIENTED_EDGE('',*,*,#2888,.T.);
#3952=ORIENTED_EDGE('',*,*,#2884,.F.);
#3953=ORIENTED_EDGE('',*,*,#2889,.F.);
#3954=ORIENTED_EDGE('',*,*,#2890,.T.);
#3955=ORIENTED_EDGE('',*,*,#2891,.T.);
#3956=ORIENTED_EDGE('',*,*,#2887,.F.);
#3957=ORIENTED_EDGE('',*,*,#2892,.F.);
#3958=ORIENTED_EDGE('',*,*,#2893,.T.);
#3959=ORIENTED_EDGE('',*,*,#2894,.T.);
#3960=ORIENTED_EDGE('',*,*,#2890,.F.);
#3961=ORIENTED_EDGE('',*,*,#2895,.F.);
#3962=ORIENTED_EDGE('',*,*,#2896,.T.);
#3963=ORIENTED_EDGE('',*,*,#2897,.T.);
#3964=ORIENTED_EDGE('',*,*,#2893,.F.);
#3965=ORIENTED_EDGE('',*,*,#2898,.F.);
#3966=ORIENTED_EDGE('',*,*,#2899,.T.);
#3967=ORIENTED_EDGE('',*,*,#2900,.T.);
#3968=ORIENTED_EDGE('',*,*,#2896,.F.);
#3969=ORIENTED_EDGE('',*,*,#2901,.F.);
#3970=ORIENTED_EDGE('',*,*,#2902,.T.);
#3971=ORIENTED_EDGE('',*,*,#2903,.T.);
#3972=ORIENTED_EDGE('',*,*,#2899,.F.);
#3973=ORIENTED_EDGE('',*,*,#2904,.F.);
#3974=ORIENTED_EDGE('',*,*,#2905,.T.);
#3975=ORIENTED_EDGE('',*,*,#2906,.T.);
#3976=ORIENTED_EDGE('',*,*,#2902,.F.);
#3977=ORIENTED_EDGE('',*,*,#2907,.F.);
#3978=ORIENTED_EDGE('',*,*,#2908,.T.);
#3979=ORIENTED_EDGE('',*,*,#2909,.T.);
#3980=ORIENTED_EDGE('',*,*,#2905,.F.);
#3981=ORIENTED_EDGE('',*,*,#2910,.F.);
#3982=ORIENTED_EDGE('',*,*,#2911,.T.);
#3983=ORIENTED_EDGE('',*,*,#2912,.T.);
#3984=ORIENTED_EDGE('',*,*,#2908,.F.);
#3985=ORIENTED_EDGE('',*,*,#2913,.F.);
#3986=ORIENTED_EDGE('',*,*,#2914,.T.);
#3987=ORIENTED_EDGE('',*,*,#2915,.T.);
#3988=ORIENTED_EDGE('',*,*,#2911,.F.);
#3989=ORIENTED_EDGE('',*,*,#2916,.F.);
#3990=ORIENTED_EDGE('',*,*,#2917,.T.);
#3991=ORIENTED_EDGE('',*,*,#2918,.T.);
#3992=ORIENTED_EDGE('',*,*,#2914,.F.);
#3993=ORIENTED_EDGE('',*,*,#2919,.F.);
#3994=ORIENTED_EDGE('',*,*,#2920,.T.);
#3995=ORIENTED_EDGE('',*,*,#2921,.T.);
#3996=ORIENTED_EDGE('',*,*,#2917,.F.);
#3997=ORIENTED_EDGE('',*,*,#2922,.F.);
#3998=ORIENTED_EDGE('',*,*,#2923,.T.);
#3999=ORIENTED_EDGE('',*,*,#2924,.T.);
#4000=ORIENTED_EDGE('',*,*,#2920,.F.);
#4001=ORIENTED_EDGE('',*,*,#2925,.F.);
#4002=ORIENTED_EDGE('',*,*,#2926,.T.);
#4003=ORIENTED_EDGE('',*,*,#2927,.T.);
#4004=ORIENTED_EDGE('',*,*,#2923,.F.);
#4005=ORIENTED_EDGE('',*,*,#2928,.F.);
#4006=ORIENTED_EDGE('',*,*,#2929,.T.);
#4007=ORIENTED_EDGE('',*,*,#2930,.T.);
#4008=ORIENTED_EDGE('',*,*,#2926,.F.);
#4009=ORIENTED_EDGE('',*,*,#2931,.F.);
#4010=ORIENTED_EDGE('',*,*,#2932,.T.);
#4011=ORIENTED_EDGE('',*,*,#2933,.T.);
#4012=ORIENTED_EDGE('',*,*,#2929,.F.);
#4013=ORIENTED_EDGE('',*,*,#2934,.F.);
#4014=ORIENTED_EDGE('',*,*,#2935,.T.);
#4015=ORIENTED_EDGE('',*,*,#2936,.T.);
#4016=ORIENTED_EDGE('',*,*,#2932,.F.);
#4017=ORIENTED_EDGE('',*,*,#2937,.F.);
#4018=ORIENTED_EDGE('',*,*,#2938,.T.);
#4019=ORIENTED_EDGE('',*,*,#2939,.T.);
#4020=ORIENTED_EDGE('',*,*,#2935,.F.);
#4021=ORIENTED_EDGE('',*,*,#2940,.F.);
#4022=ORIENTED_EDGE('',*,*,#2941,.T.);
#4023=ORIENTED_EDGE('',*,*,#2942,.T.);
#4024=ORIENTED_EDGE('',*,*,#2938,.F.);
#4025=ORIENTED_EDGE('',*,*,#2943,.F.);
#4026=ORIENTED_EDGE('',*,*,#2944,.T.);
#4027=ORIENTED_EDGE('',*,*,#2945,.T.);
#4028=ORIENTED_EDGE('',*,*,#2941,.F.);
#4029=ORIENTED_EDGE('',*,*,#2946,.F.);
#4030=ORIENTED_EDGE('',*,*,#2947,.T.);
#4031=ORIENTED_EDGE('',*,*,#2948,.T.);
#4032=ORIENTED_EDGE('',*,*,#2944,.F.);
#4033=ORIENTED_EDGE('',*,*,#2949,.F.);
#4034=ORIENTED_EDGE('',*,*,#2855,.T.);
#4035=ORIENTED_EDGE('',*,*,#2950,.T.);
#4036=ORIENTED_EDGE('',*,*,#2947,.F.);
#4037=ORIENTED_EDGE('',*,*,#2950,.F.);
#4038=ORIENTED_EDGE('',*,*,#2854,.F.);
#4039=ORIENTED_EDGE('',*,*,#2858,.F.);
#4040=ORIENTED_EDGE('',*,*,#2861,.F.);
#4041=ORIENTED_EDGE('',*,*,#2864,.F.);
#4042=ORIENTED_EDGE('',*,*,#2867,.F.);
#4043=ORIENTED_EDGE('',*,*,#2870,.F.);
#4044=ORIENTED_EDGE('',*,*,#2873,.F.);
#4045=ORIENTED_EDGE('',*,*,#2876,.F.);
#4046=ORIENTED_EDGE('',*,*,#2879,.F.);
#4047=ORIENTED_EDGE('',*,*,#2882,.F.);
#4048=ORIENTED_EDGE('',*,*,#2885,.F.);
#4049=ORIENTED_EDGE('',*,*,#2888,.F.);
#4050=ORIENTED_EDGE('',*,*,#2891,.F.);
#4051=ORIENTED_EDGE('',*,*,#2894,.F.);
#4052=ORIENTED_EDGE('',*,*,#2897,.F.);
#4053=ORIENTED_EDGE('',*,*,#2900,.F.);
#4054=ORIENTED_EDGE('',*,*,#2903,.F.);
#4055=ORIENTED_EDGE('',*,*,#2906,.F.);
#4056=ORIENTED_EDGE('',*,*,#2909,.F.);
#4057=ORIENTED_EDGE('',*,*,#2912,.F.);
#4058=ORIENTED_EDGE('',*,*,#2915,.F.);
#4059=ORIENTED_EDGE('',*,*,#2918,.F.);
#4060=ORIENTED_EDGE('',*,*,#2921,.F.);
#4061=ORIENTED_EDGE('',*,*,#2924,.F.);
#4062=ORIENTED_EDGE('',*,*,#2927,.F.);
#4063=ORIENTED_EDGE('',*,*,#2930,.F.);
#4064=ORIENTED_EDGE('',*,*,#2933,.F.);
#4065=ORIENTED_EDGE('',*,*,#2936,.F.);
#4066=ORIENTED_EDGE('',*,*,#2939,.F.);
#4067=ORIENTED_EDGE('',*,*,#2942,.F.);
#4068=ORIENTED_EDGE('',*,*,#2945,.F.);
#4069=ORIENTED_EDGE('',*,*,#2948,.F.);
#4070=ORIENTED_EDGE('',*,*,#2951,.F.);
#4071=ORIENTED_EDGE('',*,*,#2952,.T.);
#4072=ORIENTED_EDGE('',*,*,#2953,.T.);
#4073=ORIENTED_EDGE('',*,*,#2954,.F.);
#4074=ORIENTED_EDGE('',*,*,#2955,.F.);
#4075=ORIENTED_EDGE('',*,*,#2956,.T.);
#4076=ORIENTED_EDGE('',*,*,#2957,.T.);
#4077=ORIENTED_EDGE('',*,*,#2952,.F.);
#4078=ORIENTED_EDGE('',*,*,#2958,.F.);
#4079=ORIENTED_EDGE('',*,*,#2959,.T.);
#4080=ORIENTED_EDGE('',*,*,#2960,.T.);
#4081=ORIENTED_EDGE('',*,*,#2956,.F.);
#4082=ORIENTED_EDGE('',*,*,#2961,.F.);
#4083=ORIENTED_EDGE('',*,*,#2962,.T.);
#4084=ORIENTED_EDGE('',*,*,#2963,.T.);
#4085=ORIENTED_EDGE('',*,*,#2959,.F.);
#4086=ORIENTED_EDGE('',*,*,#2964,.F.);
#4087=ORIENTED_EDGE('',*,*,#2965,.T.);
#4088=ORIENTED_EDGE('',*,*,#2966,.T.);
#4089=ORIENTED_EDGE('',*,*,#2962,.F.);
#4090=ORIENTED_EDGE('',*,*,#2967,.F.);
#4091=ORIENTED_EDGE('',*,*,#2968,.T.);
#4092=ORIENTED_EDGE('',*,*,#2969,.T.);
#4093=ORIENTED_EDGE('',*,*,#2965,.F.);
#4094=ORIENTED_EDGE('',*,*,#2970,.F.);
#4095=ORIENTED_EDGE('',*,*,#2971,.T.);
#4096=ORIENTED_EDGE('',*,*,#2972,.T.);
#4097=ORIENTED_EDGE('',*,*,#2968,.F.);
#4098=ORIENTED_EDGE('',*,*,#2973,.F.);
#4099=ORIENTED_EDGE('',*,*,#2974,.T.);
#4100=ORIENTED_EDGE('',*,*,#2975,.T.);
#4101=ORIENTED_EDGE('',*,*,#2971,.F.);
#4102=ORIENTED_EDGE('',*,*,#2976,.F.);
#4103=ORIENTED_EDGE('',*,*,#2977,.T.);
#4104=ORIENTED_EDGE('',*,*,#2978,.T.);
#4105=ORIENTED_EDGE('',*,*,#2974,.F.);
#4106=ORIENTED_EDGE('',*,*,#2979,.F.);
#4107=ORIENTED_EDGE('',*,*,#2980,.T.);
#4108=ORIENTED_EDGE('',*,*,#2981,.T.);
#4109=ORIENTED_EDGE('',*,*,#2977,.F.);
#4110=ORIENTED_EDGE('',*,*,#2982,.F.);
#4111=ORIENTED_EDGE('',*,*,#2983,.T.);
#4112=ORIENTED_EDGE('',*,*,#2984,.T.);
#4113=ORIENTED_EDGE('',*,*,#2980,.F.);
#4114=ORIENTED_EDGE('',*,*,#2985,.F.);
#4115=ORIENTED_EDGE('',*,*,#2986,.T.);
#4116=ORIENTED_EDGE('',*,*,#2987,.T.);
#4117=ORIENTED_EDGE('',*,*,#2983,.F.);
#4118=ORIENTED_EDGE('',*,*,#2988,.F.);
#4119=ORIENTED_EDGE('',*,*,#2989,.T.);
#4120=ORIENTED_EDGE('',*,*,#2990,.T.);
#4121=ORIENTED_EDGE('',*,*,#2986,.F.);
#4122=ORIENTED_EDGE('',*,*,#2991,.F.);
#4123=ORIENTED_EDGE('',*,*,#2992,.T.);
#4124=ORIENTED_EDGE('',*,*,#2993,.T.);
#4125=ORIENTED_EDGE('',*,*,#2989,.F.);
#4126=ORIENTED_EDGE('',*,*,#2994,.F.);
#4127=ORIENTED_EDGE('',*,*,#2954,.T.);
#4128=ORIENTED_EDGE('',*,*,#2995,.T.);
#4129=ORIENTED_EDGE('',*,*,#2992,.F.);
#4130=ORIENTED_EDGE('',*,*,#2995,.F.);
#4131=ORIENTED_EDGE('',*,*,#2953,.F.);
#4132=ORIENTED_EDGE('',*,*,#2957,.F.);
#4133=ORIENTED_EDGE('',*,*,#2960,.F.);
#4134=ORIENTED_EDGE('',*,*,#2963,.F.);
#4135=ORIENTED_EDGE('',*,*,#2966,.F.);
#4136=ORIENTED_EDGE('',*,*,#2969,.F.);
#4137=ORIENTED_EDGE('',*,*,#2972,.F.);
#4138=ORIENTED_EDGE('',*,*,#2975,.F.);
#4139=ORIENTED_EDGE('',*,*,#2978,.F.);
#4140=ORIENTED_EDGE('',*,*,#2981,.F.);
#4141=ORIENTED_EDGE('',*,*,#2984,.F.);
#4142=ORIENTED_EDGE('',*,*,#2987,.F.);
#4143=ORIENTED_EDGE('',*,*,#2990,.F.);
#4144=ORIENTED_EDGE('',*,*,#2993,.F.);
#4145=ORIENTED_EDGE('',*,*,#2621,.T.);
#4146=ORIENTED_EDGE('',*,*,#2649,.T.);
#4147=ORIENTED_EDGE('',*,*,#2646,.T.);
#4148=ORIENTED_EDGE('',*,*,#2643,.T.);
#4149=ORIENTED_EDGE('',*,*,#2640,.T.);
#4150=ORIENTED_EDGE('',*,*,#2637,.T.);
#4151=ORIENTED_EDGE('',*,*,#2634,.T.);
#4152=ORIENTED_EDGE('',*,*,#2631,.T.);
#4153=ORIENTED_EDGE('',*,*,#2628,.T.);
#4154=ORIENTED_EDGE('',*,*,#2625,.T.);
#4155=ORIENTED_EDGE('',*,*,#2510,.T.);
#4156=ORIENTED_EDGE('',*,*,#2538,.T.);
#4157=ORIENTED_EDGE('',*,*,#2535,.T.);
#4158=ORIENTED_EDGE('',*,*,#2532,.T.);
#4159=ORIENTED_EDGE('',*,*,#2529,.T.);
#4160=ORIENTED_EDGE('',*,*,#2526,.T.);
#4161=ORIENTED_EDGE('',*,*,#2523,.T.);
#4162=ORIENTED_EDGE('',*,*,#2520,.T.);
#4163=ORIENTED_EDGE('',*,*,#2517,.T.);
#4164=ORIENTED_EDGE('',*,*,#2514,.T.);
#4165=ORIENTED_EDGE('',*,*,#2996,.T.);
#4166=ORIENTED_EDGE('',*,*,#2997,.T.);
#4167=ORIENTED_EDGE('',*,*,#2998,.T.);
#4168=ORIENTED_EDGE('',*,*,#2999,.T.);
#4169=ORIENTED_EDGE('',*,*,#2997,.F.);
#4170=ORIENTED_EDGE('',*,*,#3000,.F.);
#4171=ORIENTED_EDGE('',*,*,#3001,.F.);
#4172=ORIENTED_EDGE('',*,*,#3002,.T.);
#4173=ORIENTED_EDGE('',*,*,#2996,.F.);
#4174=ORIENTED_EDGE('',*,*,#3003,.T.);
#4175=ORIENTED_EDGE('',*,*,#3004,.F.);
#4176=ORIENTED_EDGE('',*,*,#3005,.T.);
#4177=ORIENTED_EDGE('',*,*,#3006,.F.);
#4178=ORIENTED_EDGE('',*,*,#3007,.T.);
#4179=ORIENTED_EDGE('',*,*,#3008,.F.);
#4180=ORIENTED_EDGE('',*,*,#3000,.T.);
#4181=ORIENTED_EDGE('',*,*,#3009,.T.);
#4182=ORIENTED_EDGE('',*,*,#3010,.T.);
#4183=ORIENTED_EDGE('',*,*,#3011,.T.);
#4184=ORIENTED_EDGE('',*,*,#3012,.T.);
#4185=ORIENTED_EDGE('',*,*,#3013,.T.);
#4186=ORIENTED_EDGE('',*,*,#3014,.T.);
#4187=ORIENTED_EDGE('',*,*,#3015,.T.);
#4188=ORIENTED_EDGE('',*,*,#3016,.T.);
#4189=ORIENTED_EDGE('',*,*,#3017,.T.);
#4190=ORIENTED_EDGE('',*,*,#3018,.T.);
#4191=ORIENTED_EDGE('',*,*,#3019,.T.);
#4192=ORIENTED_EDGE('',*,*,#3020,.T.);
#4193=ORIENTED_EDGE('',*,*,#3021,.T.);
#4194=ORIENTED_EDGE('',*,*,#3022,.T.);
#4195=ORIENTED_EDGE('',*,*,#3023,.T.);
#4196=ORIENTED_EDGE('',*,*,#3024,.T.);
#4197=ORIENTED_EDGE('',*,*,#3025,.T.);
#4198=ORIENTED_EDGE('',*,*,#3026,.T.);
#4199=ORIENTED_EDGE('',*,*,#3027,.T.);
#4200=ORIENTED_EDGE('',*,*,#3028,.T.);
#4201=ORIENTED_EDGE('',*,*,#2951,.T.);
#4202=ORIENTED_EDGE('',*,*,#2994,.T.);
#4203=ORIENTED_EDGE('',*,*,#2991,.T.);
#4204=ORIENTED_EDGE('',*,*,#2988,.T.);
#4205=ORIENTED_EDGE('',*,*,#2985,.T.);
#4206=ORIENTED_EDGE('',*,*,#2982,.T.);
#4207=ORIENTED_EDGE('',*,*,#2979,.T.);
#4208=ORIENTED_EDGE('',*,*,#2976,.T.);
#4209=ORIENTED_EDGE('',*,*,#2973,.T.);
#4210=ORIENTED_EDGE('',*,*,#2970,.T.);
#4211=ORIENTED_EDGE('',*,*,#2967,.T.);
#4212=ORIENTED_EDGE('',*,*,#2964,.T.);
#4213=ORIENTED_EDGE('',*,*,#2961,.T.);
#4214=ORIENTED_EDGE('',*,*,#2958,.T.);
#4215=ORIENTED_EDGE('',*,*,#2955,.T.);
#4216=ORIENTED_EDGE('',*,*,#2852,.T.);
#4217=ORIENTED_EDGE('',*,*,#2949,.T.);
#4218=ORIENTED_EDGE('',*,*,#2946,.T.);
#4219=ORIENTED_EDGE('',*,*,#2943,.T.);
#4220=ORIENTED_EDGE('',*,*,#2940,.T.);
#4221=ORIENTED_EDGE('',*,*,#2937,.T.);
#4222=ORIENTED_EDGE('',*,*,#2934,.T.);
#4223=ORIENTED_EDGE('',*,*,#2931,.T.);
#4224=ORIENTED_EDGE('',*,*,#2928,.T.);
#4225=ORIENTED_EDGE('',*,*,#2925,.T.);
#4226=ORIENTED_EDGE('',*,*,#2922,.T.);
#4227=ORIENTED_EDGE('',*,*,#2919,.T.);
#4228=ORIENTED_EDGE('',*,*,#2916,.T.);
#4229=ORIENTED_EDGE('',*,*,#2913,.T.);
#4230=ORIENTED_EDGE('',*,*,#2910,.T.);
#4231=ORIENTED_EDGE('',*,*,#2907,.T.);
#4232=ORIENTED_EDGE('',*,*,#2904,.T.);
#4233=ORIENTED_EDGE('',*,*,#2901,.T.);
#4234=ORIENTED_EDGE('',*,*,#2898,.T.);
#4235=ORIENTED_EDGE('',*,*,#2895,.T.);
#4236=ORIENTED_EDGE('',*,*,#2892,.T.);
#4237=ORIENTED_EDGE('',*,*,#2889,.T.);
#4238=ORIENTED_EDGE('',*,*,#2886,.T.);
#4239=ORIENTED_EDGE('',*,*,#2883,.T.);
#4240=ORIENTED_EDGE('',*,*,#2880,.T.);
#4241=ORIENTED_EDGE('',*,*,#2877,.T.);
#4242=ORIENTED_EDGE('',*,*,#2874,.T.);
#4243=ORIENTED_EDGE('',*,*,#2871,.T.);
#4244=ORIENTED_EDGE('',*,*,#2868,.T.);
#4245=ORIENTED_EDGE('',*,*,#2865,.T.);
#4246=ORIENTED_EDGE('',*,*,#2862,.T.);
#4247=ORIENTED_EDGE('',*,*,#2859,.T.);
#4248=ORIENTED_EDGE('',*,*,#2856,.T.);
#4249=ORIENTED_EDGE('',*,*,#2840,.T.);
#4250=ORIENTED_EDGE('',*,*,#2850,.T.);
#4251=ORIENTED_EDGE('',*,*,#2847,.T.);
#4252=ORIENTED_EDGE('',*,*,#2844,.T.);
#4253=ORIENTED_EDGE('',*,*,#2783,.T.);
#4254=ORIENTED_EDGE('',*,*,#2838,.T.);
#4255=ORIENTED_EDGE('',*,*,#2835,.T.);
#4256=ORIENTED_EDGE('',*,*,#2832,.T.);
#4257=ORIENTED_EDGE('',*,*,#2829,.T.);
#4258=ORIENTED_EDGE('',*,*,#2826,.T.);
#4259=ORIENTED_EDGE('',*,*,#2823,.T.);
#4260=ORIENTED_EDGE('',*,*,#2820,.T.);
#4261=ORIENTED_EDGE('',*,*,#2817,.T.);
#4262=ORIENTED_EDGE('',*,*,#2814,.T.);
#4263=ORIENTED_EDGE('',*,*,#2811,.T.);
#4264=ORIENTED_EDGE('',*,*,#2808,.T.);
#4265=ORIENTED_EDGE('',*,*,#2805,.T.);
#4266=ORIENTED_EDGE('',*,*,#2802,.T.);
#4267=ORIENTED_EDGE('',*,*,#2799,.T.);
#4268=ORIENTED_EDGE('',*,*,#2796,.T.);
#4269=ORIENTED_EDGE('',*,*,#2793,.T.);
#4270=ORIENTED_EDGE('',*,*,#2790,.T.);
#4271=ORIENTED_EDGE('',*,*,#2787,.T.);
#4272=ORIENTED_EDGE('',*,*,#2771,.T.);
#4273=ORIENTED_EDGE('',*,*,#2781,.T.);
#4274=ORIENTED_EDGE('',*,*,#2778,.T.);
#4275=ORIENTED_EDGE('',*,*,#2775,.T.);
#4276=ORIENTED_EDGE('',*,*,#2732,.T.);
#4277=ORIENTED_EDGE('',*,*,#2769,.T.);
#4278=ORIENTED_EDGE('',*,*,#2766,.T.);
#4279=ORIENTED_EDGE('',*,*,#2763,.T.);
#4280=ORIENTED_EDGE('',*,*,#2760,.T.);
#4281=ORIENTED_EDGE('',*,*,#2757,.T.);
#4282=ORIENTED_EDGE('',*,*,#2754,.T.);
#4283=ORIENTED_EDGE('',*,*,#2751,.T.);
#4284=ORIENTED_EDGE('',*,*,#2748,.T.);
#4285=ORIENTED_EDGE('',*,*,#2745,.T.);
#4286=ORIENTED_EDGE('',*,*,#2742,.T.);
#4287=ORIENTED_EDGE('',*,*,#2739,.T.);
#4288=ORIENTED_EDGE('',*,*,#2736,.T.);
#4289=ORIENTED_EDGE('',*,*,#2651,.T.);
#4290=ORIENTED_EDGE('',*,*,#2730,.T.);
#4291=ORIENTED_EDGE('',*,*,#2727,.T.);
#4292=ORIENTED_EDGE('',*,*,#2724,.T.);
#4293=ORIENTED_EDGE('',*,*,#2721,.T.);
#4294=ORIENTED_EDGE('',*,*,#2718,.T.);
#4295=ORIENTED_EDGE('',*,*,#2715,.T.);
#4296=ORIENTED_EDGE('',*,*,#2712,.T.);
#4297=ORIENTED_EDGE('',*,*,#2709,.T.);
#4298=ORIENTED_EDGE('',*,*,#2706,.T.);
#4299=ORIENTED_EDGE('',*,*,#2703,.T.);
#4300=ORIENTED_EDGE('',*,*,#2700,.T.);
#4301=ORIENTED_EDGE('',*,*,#2697,.T.);
#4302=ORIENTED_EDGE('',*,*,#2694,.T.);
#4303=ORIENTED_EDGE('',*,*,#2691,.T.);
#4304=ORIENTED_EDGE('',*,*,#2688,.T.);
#4305=ORIENTED_EDGE('',*,*,#2685,.T.);
#4306=ORIENTED_EDGE('',*,*,#2682,.T.);
#4307=ORIENTED_EDGE('',*,*,#2679,.T.);
#4308=ORIENTED_EDGE('',*,*,#2676,.T.);
#4309=ORIENTED_EDGE('',*,*,#2673,.T.);
#4310=ORIENTED_EDGE('',*,*,#2670,.T.);
#4311=ORIENTED_EDGE('',*,*,#2667,.T.);
#4312=ORIENTED_EDGE('',*,*,#2664,.T.);
#4313=ORIENTED_EDGE('',*,*,#2661,.T.);
#4314=ORIENTED_EDGE('',*,*,#2658,.T.);
#4315=ORIENTED_EDGE('',*,*,#2655,.T.);
#4316=ORIENTED_EDGE('',*,*,#2540,.T.);
#4317=ORIENTED_EDGE('',*,*,#2619,.T.);
#4318=ORIENTED_EDGE('',*,*,#2616,.T.);
#4319=ORIENTED_EDGE('',*,*,#2613,.T.);
#4320=ORIENTED_EDGE('',*,*,#2610,.T.);
#4321=ORIENTED_EDGE('',*,*,#2607,.T.);
#4322=ORIENTED_EDGE('',*,*,#2604,.T.);
#4323=ORIENTED_EDGE('',*,*,#2601,.T.);
#4324=ORIENTED_EDGE('',*,*,#2598,.T.);
#4325=ORIENTED_EDGE('',*,*,#2595,.T.);
#4326=ORIENTED_EDGE('',*,*,#2592,.T.);
#4327=ORIENTED_EDGE('',*,*,#2589,.T.);
#4328=ORIENTED_EDGE('',*,*,#2586,.T.);
#4329=ORIENTED_EDGE('',*,*,#2583,.T.);
#4330=ORIENTED_EDGE('',*,*,#2580,.T.);
#4331=ORIENTED_EDGE('',*,*,#2577,.T.);
#4332=ORIENTED_EDGE('',*,*,#2574,.T.);
#4333=ORIENTED_EDGE('',*,*,#2571,.T.);
#4334=ORIENTED_EDGE('',*,*,#2568,.T.);
#4335=ORIENTED_EDGE('',*,*,#2565,.T.);
#4336=ORIENTED_EDGE('',*,*,#2562,.T.);
#4337=ORIENTED_EDGE('',*,*,#2559,.T.);
#4338=ORIENTED_EDGE('',*,*,#2556,.T.);
#4339=ORIENTED_EDGE('',*,*,#2553,.T.);
#4340=ORIENTED_EDGE('',*,*,#2550,.T.);
#4341=ORIENTED_EDGE('',*,*,#2547,.T.);
#4342=ORIENTED_EDGE('',*,*,#2544,.T.);
#4343=ORIENTED_EDGE('',*,*,#2426,.T.);
#4344=ORIENTED_EDGE('',*,*,#2508,.T.);
#4345=ORIENTED_EDGE('',*,*,#2505,.T.);
#4346=ORIENTED_EDGE('',*,*,#2502,.T.);
#4347=ORIENTED_EDGE('',*,*,#2499,.T.);
#4348=ORIENTED_EDGE('',*,*,#2496,.T.);
#4349=ORIENTED_EDGE('',*,*,#2493,.T.);
#4350=ORIENTED_EDGE('',*,*,#2490,.T.);
#4351=ORIENTED_EDGE('',*,*,#2487,.T.);
#4352=ORIENTED_EDGE('',*,*,#2484,.T.);
#4353=ORIENTED_EDGE('',*,*,#2481,.T.);
#4354=ORIENTED_EDGE('',*,*,#2478,.T.);
#4355=ORIENTED_EDGE('',*,*,#2475,.T.);
#4356=ORIENTED_EDGE('',*,*,#2472,.T.);
#4357=ORIENTED_EDGE('',*,*,#2469,.T.);
#4358=ORIENTED_EDGE('',*,*,#2466,.T.);
#4359=ORIENTED_EDGE('',*,*,#2463,.T.);
#4360=ORIENTED_EDGE('',*,*,#2460,.T.);
#4361=ORIENTED_EDGE('',*,*,#2457,.T.);
#4362=ORIENTED_EDGE('',*,*,#2454,.T.);
#4363=ORIENTED_EDGE('',*,*,#2451,.T.);
#4364=ORIENTED_EDGE('',*,*,#2448,.T.);
#4365=ORIENTED_EDGE('',*,*,#2445,.T.);
#4366=ORIENTED_EDGE('',*,*,#2442,.T.);
#4367=ORIENTED_EDGE('',*,*,#2439,.T.);
#4368=ORIENTED_EDGE('',*,*,#2436,.T.);
#4369=ORIENTED_EDGE('',*,*,#2433,.T.);
#4370=ORIENTED_EDGE('',*,*,#2430,.T.);
#4371=ORIENTED_EDGE('',*,*,#2414,.T.);
#4372=ORIENTED_EDGE('',*,*,#2424,.T.);
#4373=ORIENTED_EDGE('',*,*,#2421,.T.);
#4374=ORIENTED_EDGE('',*,*,#2418,.T.);
#4375=ORIENTED_EDGE('',*,*,#2357,.T.);
#4376=ORIENTED_EDGE('',*,*,#2412,.T.);
#4377=ORIENTED_EDGE('',*,*,#2409,.T.);
#4378=ORIENTED_EDGE('',*,*,#2406,.T.);
#4379=ORIENTED_EDGE('',*,*,#2403,.T.);
#4380=ORIENTED_EDGE('',*,*,#2400,.T.);
#4381=ORIENTED_EDGE('',*,*,#2397,.T.);
#4382=ORIENTED_EDGE('',*,*,#2394,.T.);
#4383=ORIENTED_EDGE('',*,*,#2391,.T.);
#4384=ORIENTED_EDGE('',*,*,#2388,.T.);
#4385=ORIENTED_EDGE('',*,*,#2385,.T.);
#4386=ORIENTED_EDGE('',*,*,#2382,.T.);
#4387=ORIENTED_EDGE('',*,*,#2379,.T.);
#4388=ORIENTED_EDGE('',*,*,#2376,.T.);
#4389=ORIENTED_EDGE('',*,*,#2373,.T.);
#4390=ORIENTED_EDGE('',*,*,#2370,.T.);
#4391=ORIENTED_EDGE('',*,*,#2367,.T.);
#4392=ORIENTED_EDGE('',*,*,#2364,.T.);
#4393=ORIENTED_EDGE('',*,*,#2361,.T.);
#4394=ORIENTED_EDGE('',*,*,#3029,.T.);
#4395=ORIENTED_EDGE('',*,*,#3001,.T.);
#4396=ORIENTED_EDGE('',*,*,#3008,.T.);
#4397=ORIENTED_EDGE('',*,*,#3030,.T.);
#4398=ORIENTED_EDGE('',*,*,#3030,.F.);
#4399=ORIENTED_EDGE('',*,*,#3007,.F.);
#4400=ORIENTED_EDGE('',*,*,#3031,.F.);
#4401=ORIENTED_EDGE('',*,*,#3032,.F.);
#4402=ORIENTED_EDGE('',*,*,#3006,.T.);
#4403=ORIENTED_EDGE('',*,*,#3033,.T.);
#4404=ORIENTED_EDGE('',*,*,#3034,.T.);
#4405=ORIENTED_EDGE('',*,*,#3031,.T.);
#4406=ORIENTED_EDGE('',*,*,#2998,.F.);
#4407=ORIENTED_EDGE('',*,*,#3002,.F.);
#4408=ORIENTED_EDGE('',*,*,#3029,.F.);
#4409=ORIENTED_EDGE('',*,*,#3032,.T.);
#4410=ORIENTED_EDGE('',*,*,#3034,.F.);
#4411=ORIENTED_EDGE('',*,*,#3035,.F.);
#4412=ORIENTED_EDGE('',*,*,#3036,.F.);
#4413=ORIENTED_EDGE('',*,*,#3037,.F.);
#4414=ORIENTED_EDGE('',*,*,#3038,.F.);
#4415=ORIENTED_EDGE('',*,*,#3039,.F.);
#4416=ORIENTED_EDGE('',*,*,#3040,.F.);
#4417=ORIENTED_EDGE('',*,*,#3041,.F.);
#4418=ORIENTED_EDGE('',*,*,#3042,.F.);
#4419=ORIENTED_EDGE('',*,*,#3043,.F.);
#4420=ORIENTED_EDGE('',*,*,#3044,.F.);
#4421=ORIENTED_EDGE('',*,*,#3045,.F.);
#4422=ORIENTED_EDGE('',*,*,#3046,.F.);
#4423=ORIENTED_EDGE('',*,*,#3047,.F.);
#4424=ORIENTED_EDGE('',*,*,#3048,.F.);
#4425=ORIENTED_EDGE('',*,*,#3049,.F.);
#4426=ORIENTED_EDGE('',*,*,#3050,.F.);
#4427=ORIENTED_EDGE('',*,*,#3051,.F.);
#4428=ORIENTED_EDGE('',*,*,#3052,.F.);
#4429=ORIENTED_EDGE('',*,*,#3053,.F.);
#4430=ORIENTED_EDGE('',*,*,#3054,.T.);
#4431=ORIENTED_EDGE('',*,*,#3055,.T.);
#4432=ORIENTED_EDGE('',*,*,#3056,.T.);
#4433=ORIENTED_EDGE('',*,*,#3057,.T.);
#4434=ORIENTED_EDGE('',*,*,#3004,.T.);
#4435=ORIENTED_EDGE('',*,*,#3058,.T.);
#4436=ORIENTED_EDGE('',*,*,#3036,.T.);
#4437=ORIENTED_EDGE('',*,*,#3059,.T.);
#4438=ORIENTED_EDGE('',*,*,#2999,.F.);
#4439=ORIENTED_EDGE('',*,*,#3037,.T.);
#4440=ORIENTED_EDGE('',*,*,#3058,.F.);
#4441=ORIENTED_EDGE('',*,*,#3003,.F.);
#4442=ORIENTED_EDGE('',*,*,#3009,.F.);
#4443=ORIENTED_EDGE('',*,*,#3060,.T.);
#4444=ORIENTED_EDGE('',*,*,#3057,.F.);
#4445=ORIENTED_EDGE('',*,*,#3060,.F.);
#4446=ORIENTED_EDGE('',*,*,#3010,.F.);
#4447=ORIENTED_EDGE('',*,*,#3061,.T.);
#4448=ORIENTED_EDGE('',*,*,#3056,.F.);
#4449=ORIENTED_EDGE('',*,*,#3061,.F.);
#4450=ORIENTED_EDGE('',*,*,#3011,.F.);
#4451=ORIENTED_EDGE('',*,*,#3062,.T.);
#4452=ORIENTED_EDGE('',*,*,#3055,.F.);
#4453=ORIENTED_EDGE('',*,*,#3062,.F.);
#4454=ORIENTED_EDGE('',*,*,#3012,.F.);
#4455=ORIENTED_EDGE('',*,*,#3063,.T.);
#4456=ORIENTED_EDGE('',*,*,#3054,.F.);
#4457=ORIENTED_EDGE('',*,*,#3063,.F.);
#4458=ORIENTED_EDGE('',*,*,#3039,.T.);
#4459=ORIENTED_EDGE('',*,*,#3064,.T.);
#4460=ORIENTED_EDGE('',*,*,#3028,.F.);
#4461=ORIENTED_EDGE('',*,*,#3065,.F.);
#4462=ORIENTED_EDGE('',*,*,#3040,.T.);
#4463=ORIENTED_EDGE('',*,*,#3065,.T.);
#4464=ORIENTED_EDGE('',*,*,#3027,.F.);
#4465=ORIENTED_EDGE('',*,*,#3066,.F.);
#4466=ORIENTED_EDGE('',*,*,#3041,.T.);
#4467=ORIENTED_EDGE('',*,*,#3066,.T.);
#4468=ORIENTED_EDGE('',*,*,#3026,.F.);
#4469=ORIENTED_EDGE('',*,*,#3067,.F.);
#4470=ORIENTED_EDGE('',*,*,#3038,.T.);
#4471=ORIENTED_EDGE('',*,*,#3067,.T.);
#4472=ORIENTED_EDGE('',*,*,#3025,.F.);
#4473=ORIENTED_EDGE('',*,*,#3064,.F.);
#4474=ORIENTED_EDGE('',*,*,#3043,.T.);
#4475=ORIENTED_EDGE('',*,*,#3068,.T.);
#4476=ORIENTED_EDGE('',*,*,#3024,.F.);
#4477=ORIENTED_EDGE('',*,*,#3069,.F.);
#4478=ORIENTED_EDGE('',*,*,#3044,.T.);
#4479=ORIENTED_EDGE('',*,*,#3069,.T.);
#4480=ORIENTED_EDGE('',*,*,#3023,.F.);
#4481=ORIENTED_EDGE('',*,*,#3070,.F.);
#4482=ORIENTED_EDGE('',*,*,#3045,.T.);
#4483=ORIENTED_EDGE('',*,*,#3070,.T.);
#4484=ORIENTED_EDGE('',*,*,#3022,.F.);
#4485=ORIENTED_EDGE('',*,*,#3071,.F.);
#4486=ORIENTED_EDGE('',*,*,#3042,.T.);
#4487=ORIENTED_EDGE('',*,*,#3071,.T.);
#4488=ORIENTED_EDGE('',*,*,#3021,.F.);
#4489=ORIENTED_EDGE('',*,*,#3068,.F.);
#4490=ORIENTED_EDGE('',*,*,#3047,.T.);
#4491=ORIENTED_EDGE('',*,*,#3072,.T.);
#4492=ORIENTED_EDGE('',*,*,#3020,.F.);
#4493=ORIENTED_EDGE('',*,*,#3073,.F.);
#4494=ORIENTED_EDGE('',*,*,#3048,.T.);
#4495=ORIENTED_EDGE('',*,*,#3073,.T.);
#4496=ORIENTED_EDGE('',*,*,#3019,.F.);
#4497=ORIENTED_EDGE('',*,*,#3074,.F.);
#4498=ORIENTED_EDGE('',*,*,#3049,.T.);
#4499=ORIENTED_EDGE('',*,*,#3074,.T.);
#4500=ORIENTED_EDGE('',*,*,#3018,.F.);
#4501=ORIENTED_EDGE('',*,*,#3075,.F.);
#4502=ORIENTED_EDGE('',*,*,#3046,.T.);
#4503=ORIENTED_EDGE('',*,*,#3075,.T.);
#4504=ORIENTED_EDGE('',*,*,#3017,.F.);
#4505=ORIENTED_EDGE('',*,*,#3072,.F.);
#4506=ORIENTED_EDGE('',*,*,#3051,.T.);
#4507=ORIENTED_EDGE('',*,*,#3076,.T.);
#4508=ORIENTED_EDGE('',*,*,#3016,.F.);
#4509=ORIENTED_EDGE('',*,*,#3077,.F.);
#4510=ORIENTED_EDGE('',*,*,#3052,.T.);
#4511=ORIENTED_EDGE('',*,*,#3077,.T.);
#4512=ORIENTED_EDGE('',*,*,#3015,.F.);
#4513=ORIENTED_EDGE('',*,*,#3078,.F.);
#4514=ORIENTED_EDGE('',*,*,#3053,.T.);
#4515=ORIENTED_EDGE('',*,*,#3078,.T.);
#4516=ORIENTED_EDGE('',*,*,#3014,.F.);
#4517=ORIENTED_EDGE('',*,*,#3079,.F.);
#4518=ORIENTED_EDGE('',*,*,#3050,.T.);
#4519=ORIENTED_EDGE('',*,*,#3079,.T.);
#4520=ORIENTED_EDGE('',*,*,#3013,.F.);
#4521=ORIENTED_EDGE('',*,*,#3076,.F.);
#4522=ORIENTED_EDGE('',*,*,#3033,.F.);
#4523=ORIENTED_EDGE('',*,*,#3005,.F.);
#4524=ORIENTED_EDGE('',*,*,#3059,.F.);
#4525=ORIENTED_EDGE('',*,*,#3035,.T.);
#4526=PLANE('',#4893);
#4527=PLANE('',#4894);
#4528=PLANE('',#4895);
#4529=PLANE('',#4896);
#4530=PLANE('',#4897);
#4531=PLANE('',#4898);
#4532=PLANE('',#4899);
#4533=PLANE('',#4900);
#4534=PLANE('',#4901);
#4535=PLANE('',#4902);
#4536=PLANE('',#4903);
#4537=PLANE('',#4904);
#4538=PLANE('',#4905);
#4539=PLANE('',#4906);
#4540=PLANE('',#4907);
#4541=PLANE('',#4908);
#4542=PLANE('',#4909);
#4543=PLANE('',#4910);
#4544=PLANE('',#4911);
#4545=PLANE('',#4912);
#4546=PLANE('',#4913);
#4547=PLANE('',#4914);
#4548=PLANE('',#4915);
#4549=PLANE('',#4916);
#4550=PLANE('',#4917);
#4551=PLANE('',#4918);
#4552=PLANE('',#4919);
#4553=PLANE('',#4920);
#4554=PLANE('',#4921);
#4555=PLANE('',#4922);
#4556=PLANE('',#4923);
#4557=PLANE('',#4924);
#4558=PLANE('',#4925);
#4559=PLANE('',#4926);
#4560=PLANE('',#4927);
#4561=PLANE('',#4928);
#4562=PLANE('',#4929);
#4563=PLANE('',#4930);
#4564=PLANE('',#4931);
#4565=PLANE('',#4932);
#4566=PLANE('',#4933);
#4567=PLANE('',#4934);
#4568=PLANE('',#4935);
#4569=PLANE('',#4936);
#4570=PLANE('',#4937);
#4571=PLANE('',#4938);
#4572=PLANE('',#4939);
#4573=PLANE('',#4940);
#4574=PLANE('',#4941);
#4575=PLANE('',#4942);
#4576=PLANE('',#4943);
#4577=PLANE('',#4944);
#4578=PLANE('',#4945);
#4579=PLANE('',#4946);
#4580=PLANE('',#4947);
#4581=PLANE('',#4948);
#4582=PLANE('',#4949);
#4583=PLANE('',#4950);
#4584=PLANE('',#4951);
#4585=PLANE('',#4952);
#4586=PLANE('',#4953);
#4587=PLANE('',#4954);
#4588=PLANE('',#4955);
#4589=PLANE('',#4956);
#4590=PLANE('',#4957);
#4591=PLANE('',#4958);
#4592=PLANE('',#4959);
#4593=PLANE('',#4960);
#4594=PLANE('',#4961);
#4595=PLANE('',#4962);
#4596=PLANE('',#4963);
#4597=PLANE('',#4964);
#4598=PLANE('',#4965);
#4599=PLANE('',#4966);
#4600=PLANE('',#4967);
#4601=PLANE('',#4971);
#4602=PLANE('',#4972);
#4603=PLANE('',#4982);
#4604=PLANE('',#4985);
#4605=PLANE('',#4992);
#4606=PLANE('',#4997);
#4607=PLANE('',#4998);
#4608=PLANE('',#4999);
#4609=PLANE('',#5000);
#4610=PLANE('',#5001);
#4611=PLANE('',#5002);
#4612=PLANE('',#5003);
#4613=PLANE('',#5004);
#4614=PLANE('',#5005);
#4615=PLANE('',#5006);
#4616=PLANE('',#5007);
#4617=PLANE('',#5008);
#4618=PLANE('',#5009);
#4619=PLANE('',#5010);
#4620=PLANE('',#5011);
#4621=PLANE('',#5012);
#4622=PLANE('',#5013);
#4623=ADVANCED_FACE('',(#524),#4526,.F.);
#4624=ADVANCED_FACE('',(#525),#4527,.F.);
#4625=ADVANCED_FACE('',(#526),#4528,.F.);
#4626=ADVANCED_FACE('',(#527),#373,.F.);
#4627=ADVANCED_FACE('',(#528),#374,.F.);
#4628=ADVANCED_FACE('',(#529),#375,.F.);
#4629=ADVANCED_FACE('',(#530),#376,.F.);
#4630=ADVANCED_FACE('',(#531),#377,.F.);
#4631=ADVANCED_FACE('',(#532),#378,.F.);
#4632=ADVANCED_FACE('',(#533),#4529,.F.);
#4633=ADVANCED_FACE('',(#534),#4530,.F.);
#4634=ADVANCED_FACE('',(#535),#4531,.F.);
#4635=ADVANCED_FACE('',(#536),#379,.F.);
#4636=ADVANCED_FACE('',(#537),#380,.F.);
#4637=ADVANCED_FACE('',(#538),#381,.F.);
#4638=ADVANCED_FACE('',(#539),#382,.F.);
#4639=ADVANCED_FACE('',(#540),#383,.F.);
#4640=ADVANCED_FACE('',(#541),#4532,.F.);
#4641=ADVANCED_FACE('',(#542),#4533,.F.);
#4642=ADVANCED_FACE('',(#543),#4534,.T.);
#4643=ADVANCED_FACE('',(#544),#4535,.F.);
#4644=ADVANCED_FACE('',(#545),#4536,.F.);
#4645=ADVANCED_FACE('',(#546),#4537,.F.);
#4646=ADVANCED_FACE('',(#547),#4538,.F.);
#4647=ADVANCED_FACE('',(#548),#4539,.F.);
#4648=ADVANCED_FACE('',(#549),#4540,.F.);
#4649=ADVANCED_FACE('',(#550),#384,.F.);
#4650=ADVANCED_FACE('',(#551),#385,.F.);
#4651=ADVANCED_FACE('',(#552),#386,.F.);
#4652=ADVANCED_FACE('',(#553),#387,.F.);
#4653=ADVANCED_FACE('',(#554),#388,.F.);
#4654=ADVANCED_FACE('',(#555),#4541,.F.);
#4655=ADVANCED_FACE('',(#556),#4542,.F.);
#4656=ADVANCED_FACE('',(#557),#4543,.F.);
#4657=ADVANCED_FACE('',(#558),#389,.F.);
#4658=ADVANCED_FACE('',(#559),#390,.F.);
#4659=ADVANCED_FACE('',(#560),#391,.F.);
#4660=ADVANCED_FACE('',(#561),#392,.F.);
#4661=ADVANCED_FACE('',(#562),#393,.F.);
#4662=ADVANCED_FACE('',(#563),#4544,.F.);
#4663=ADVANCED_FACE('',(#564),#4545,.F.);
#4664=ADVANCED_FACE('',(#565),#4546,.F.);
#4665=ADVANCED_FACE('',(#566),#394,.F.);
#4666=ADVANCED_FACE('',(#567),#395,.F.);
#4667=ADVANCED_FACE('',(#568),#396,.F.);
#4668=ADVANCED_FACE('',(#569),#397,.F.);
#4669=ADVANCED_FACE('',(#570),#398,.F.);
#4670=ADVANCED_FACE('',(#571),#399,.F.);
#4671=ADVANCED_FACE('',(#572),#400,.F.);
#4672=ADVANCED_FACE('',(#573),#4547,.F.);
#4673=ADVANCED_FACE('',(#574),#4548,.F.);
#4674=ADVANCED_FACE('',(#575),#4549,.F.);
#4675=ADVANCED_FACE('',(#576),#4550,.F.);
#4676=ADVANCED_FACE('',(#577),#4551,.T.);
#4677=ADVANCED_FACE('',(#578),#401,.F.);
#4678=ADVANCED_FACE('',(#579),#402,.F.);
#4679=ADVANCED_FACE('',(#580),#403,.F.);
#4680=ADVANCED_FACE('',(#581),#404,.F.);
#4681=ADVANCED_FACE('',(#582),#405,.F.);
#4682=ADVANCED_FACE('',(#583),#406,.F.);
#4683=ADVANCED_FACE('',(#584),#407,.F.);
#4684=ADVANCED_FACE('',(#585),#408,.F.);
#4685=ADVANCED_FACE('',(#586),#409,.F.);
#4686=ADVANCED_FACE('',(#587),#4552,.F.);
#4687=ADVANCED_FACE('',(#588),#4553,.F.);
#4688=ADVANCED_FACE('',(#589),#410,.F.);
#4689=ADVANCED_FACE('',(#590),#411,.F.);
#4690=ADVANCED_FACE('',(#591),#4554,.F.);
#4691=ADVANCED_FACE('',(#592),#412,.F.);
#4692=ADVANCED_FACE('',(#593),#413,.F.);
#4693=ADVANCED_FACE('',(#594),#414,.F.);
#4694=ADVANCED_FACE('',(#595),#415,.F.);
#4695=ADVANCED_FACE('',(#596),#416,.F.);
#4696=ADVANCED_FACE('',(#597),#417,.F.);
#4697=ADVANCED_FACE('',(#598),#418,.F.);
#4698=ADVANCED_FACE('',(#599),#4555,.F.);
#4699=ADVANCED_FACE('',(#600),#419,.F.);
#4700=ADVANCED_FACE('',(#601),#420,.F.);
#4701=ADVANCED_FACE('',(#602),#421,.F.);
#4702=ADVANCED_FACE('',(#603),#422,.F.);
#4703=ADVANCED_FACE('',(#604),#423,.F.);
#4704=ADVANCED_FACE('',(#605),#424,.F.);
#4705=ADVANCED_FACE('',(#606),#425,.F.);
#4706=ADVANCED_FACE('',(#607),#426,.F.);
#4707=ADVANCED_FACE('',(#608),#427,.F.);
#4708=ADVANCED_FACE('',(#609),#428,.F.);
#4709=ADVANCED_FACE('',(#610),#429,.F.);
#4710=ADVANCED_FACE('',(#611),#430,.F.);
#4711=ADVANCED_FACE('',(#612),#431,.F.);
#4712=ADVANCED_FACE('',(#613),#432,.F.);
#4713=ADVANCED_FACE('',(#614),#433,.F.);
#4714=ADVANCED_FACE('',(#615,#42),#4556,.T.);
#4715=ADVANCED_FACE('',(#616),#434,.F.);
#4716=ADVANCED_FACE('',(#617),#435,.F.);
#4717=ADVANCED_FACE('',(#618),#436,.F.);
#4718=ADVANCED_FACE('',(#619),#437,.F.);
#4719=ADVANCED_FACE('',(#620),#438,.F.);
#4720=ADVANCED_FACE('',(#621),#439,.F.);
#4721=ADVANCED_FACE('',(#622),#440,.F.);
#4722=ADVANCED_FACE('',(#623),#441,.F.);
#4723=ADVANCED_FACE('',(#624),#442,.F.);
#4724=ADVANCED_FACE('',(#625),#4557,.F.);
#4725=ADVANCED_FACE('',(#626),#4558,.F.);
#4726=ADVANCED_FACE('',(#627),#443,.F.);
#4727=ADVANCED_FACE('',(#628),#444,.F.);
#4728=ADVANCED_FACE('',(#629),#4559,.F.);
#4729=ADVANCED_FACE('',(#630),#445,.F.);
#4730=ADVANCED_FACE('',(#631),#446,.F.);
#4731=ADVANCED_FACE('',(#632),#447,.F.);
#4732=ADVANCED_FACE('',(#633),#448,.F.);
#4733=ADVANCED_FACE('',(#634),#449,.F.);
#4734=ADVANCED_FACE('',(#635),#450,.F.);
#4735=ADVANCED_FACE('',(#636),#451,.F.);
#4736=ADVANCED_FACE('',(#637),#4560,.F.);
#4737=ADVANCED_FACE('',(#638),#452,.F.);
#4738=ADVANCED_FACE('',(#639),#453,.F.);
#4739=ADVANCED_FACE('',(#640),#454,.F.);
#4740=ADVANCED_FACE('',(#641),#455,.F.);
#4741=ADVANCED_FACE('',(#642),#456,.F.);
#4742=ADVANCED_FACE('',(#643),#457,.F.);
#4743=ADVANCED_FACE('',(#644),#458,.F.);
#4744=ADVANCED_FACE('',(#645),#459,.F.);
#4745=ADVANCED_FACE('',(#646),#460,.F.);
#4746=ADVANCED_FACE('',(#647),#461,.F.);
#4747=ADVANCED_FACE('',(#648),#462,.F.);
#4748=ADVANCED_FACE('',(#649),#463,.F.);
#4749=ADVANCED_FACE('',(#650),#464,.F.);
#4750=ADVANCED_FACE('',(#651),#465,.F.);
#4751=ADVANCED_FACE('',(#652),#466,.F.);
#4752=ADVANCED_FACE('',(#653,#43),#4561,.T.);
#4753=ADVANCED_FACE('',(#654),#4562,.F.);
#4754=ADVANCED_FACE('',(#655),#467,.F.);
#4755=ADVANCED_FACE('',(#656),#468,.F.);
#4756=ADVANCED_FACE('',(#657),#469,.F.);
#4757=ADVANCED_FACE('',(#658),#470,.F.);
#4758=ADVANCED_FACE('',(#659),#4563,.F.);
#4759=ADVANCED_FACE('',(#660),#471,.F.);
#4760=ADVANCED_FACE('',(#661),#472,.F.);
#4761=ADVANCED_FACE('',(#662),#473,.F.);
#4762=ADVANCED_FACE('',(#663),#4564,.F.);
#4763=ADVANCED_FACE('',(#664),#4565,.F.);
#4764=ADVANCED_FACE('',(#665),#4566,.F.);
#4765=ADVANCED_FACE('',(#666),#4567,.F.);
#4766=ADVANCED_FACE('',(#667),#4568,.T.);
#4767=ADVANCED_FACE('',(#668),#4569,.F.);
#4768=ADVANCED_FACE('',(#669),#4570,.F.);
#4769=ADVANCED_FACE('',(#670),#4571,.F.);
#4770=ADVANCED_FACE('',(#671),#4572,.F.);
#4771=ADVANCED_FACE('',(#672),#4573,.F.);
#4772=ADVANCED_FACE('',(#673),#474,.F.);
#4773=ADVANCED_FACE('',(#674),#475,.F.);
#4774=ADVANCED_FACE('',(#675),#476,.F.);
#4775=ADVANCED_FACE('',(#676),#477,.F.);
#4776=ADVANCED_FACE('',(#677),#478,.F.);
#4777=ADVANCED_FACE('',(#678),#479,.F.);
#4778=ADVANCED_FACE('',(#679),#480,.F.);
#4779=ADVANCED_FACE('',(#680),#4574,.F.);
#4780=ADVANCED_FACE('',(#681),#481,.F.);
#4781=ADVANCED_FACE('',(#682),#482,.F.);
#4782=ADVANCED_FACE('',(#683),#483,.F.);
#4783=ADVANCED_FACE('',(#684),#484,.F.);
#4784=ADVANCED_FACE('',(#685),#485,.F.);
#4785=ADVANCED_FACE('',(#686),#486,.F.);
#4786=ADVANCED_FACE('',(#687),#487,.F.);
#4787=ADVANCED_FACE('',(#688),#488,.F.);
#4788=ADVANCED_FACE('',(#689),#489,.F.);
#4789=ADVANCED_FACE('',(#690),#4575,.F.);
#4790=ADVANCED_FACE('',(#691),#490,.F.);
#4791=ADVANCED_FACE('',(#692),#4576,.T.);
#4792=ADVANCED_FACE('',(#693),#4577,.F.);
#4793=ADVANCED_FACE('',(#694),#4578,.F.);
#4794=ADVANCED_FACE('',(#695),#4579,.F.);
#4795=ADVANCED_FACE('',(#696),#4580,.F.);
#4796=ADVANCED_FACE('',(#697),#4581,.F.);
#4797=ADVANCED_FACE('',(#698),#491,.F.);
#4798=ADVANCED_FACE('',(#699),#492,.F.);
#4799=ADVANCED_FACE('',(#700),#493,.F.);
#4800=ADVANCED_FACE('',(#701),#494,.F.);
#4801=ADVANCED_FACE('',(#702),#495,.F.);
#4802=ADVANCED_FACE('',(#703),#496,.F.);
#4803=ADVANCED_FACE('',(#704),#497,.F.);
#4804=ADVANCED_FACE('',(#705),#498,.F.);
#4805=ADVANCED_FACE('',(#706),#499,.F.);
#4806=ADVANCED_FACE('',(#707),#500,.F.);
#4807=ADVANCED_FACE('',(#708),#501,.F.);
#4808=ADVANCED_FACE('',(#709),#502,.F.);
#4809=ADVANCED_FACE('',(#710),#503,.F.);
#4810=ADVANCED_FACE('',(#711),#504,.F.);
#4811=ADVANCED_FACE('',(#712),#4582,.F.);
#4812=ADVANCED_FACE('',(#713),#505,.F.);
#4813=ADVANCED_FACE('',(#714),#506,.F.);
#4814=ADVANCED_FACE('',(#715),#507,.F.);
#4815=ADVANCED_FACE('',(#716),#508,.F.);
#4816=ADVANCED_FACE('',(#717),#509,.F.);
#4817=ADVANCED_FACE('',(#718),#510,.F.);
#4818=ADVANCED_FACE('',(#719),#511,.F.);
#4819=ADVANCED_FACE('',(#720),#512,.F.);
#4820=ADVANCED_FACE('',(#721),#513,.F.);
#4821=ADVANCED_FACE('',(#722),#514,.F.);
#4822=ADVANCED_FACE('',(#723),#515,.F.);
#4823=ADVANCED_FACE('',(#724),#516,.F.);
#4824=ADVANCED_FACE('',(#725),#517,.F.);
#4825=ADVANCED_FACE('',(#726),#518,.F.);
#4826=ADVANCED_FACE('',(#727),#519,.F.);
#4827=ADVANCED_FACE('',(#728),#520,.F.);
#4828=ADVANCED_FACE('',(#729),#4583,.F.);
#4829=ADVANCED_FACE('',(#730),#521,.F.);
#4830=ADVANCED_FACE('',(#731),#4584,.T.);
#4831=ADVANCED_FACE('',(#732),#4585,.F.);
#4832=ADVANCED_FACE('',(#733),#4586,.F.);
#4833=ADVANCED_FACE('',(#734),#4587,.F.);
#4834=ADVANCED_FACE('',(#735),#4588,.F.);
#4835=ADVANCED_FACE('',(#736),#4589,.F.);
#4836=ADVANCED_FACE('',(#737),#4590,.F.);
#4837=ADVANCED_FACE('',(#738),#4591,.F.);
#4838=ADVANCED_FACE('',(#739),#4592,.F.);
#4839=ADVANCED_FACE('',(#740),#4593,.F.);
#4840=ADVANCED_FACE('',(#741),#522,.F.);
#4841=ADVANCED_FACE('',(#742),#523,.F.);
#4842=ADVANCED_FACE('',(#743),#4594,.F.);
#4843=ADVANCED_FACE('',(#744),#4595,.F.);
#4844=ADVANCED_FACE('',(#745),#4596,.F.);
#4845=ADVANCED_FACE('',(#746),#4597,.F.);
#4846=ADVANCED_FACE('',(#747),#4598,.T.);
#4847=ADVANCED_FACE('',(#748),#4599,.T.);
#4848=ADVANCED_FACE('',(#749),#4600,.T.);
#4849=ADVANCED_FACE('',(#750),#30,.T.);
#4850=ADVANCED_FACE('',(#751),#4601,.T.);
#4851=ADVANCED_FACE('',(#752,#44,#45,#46,#47,#48,#49,#50,#51,#52,#53,#54,
#55,#56,#57,#58,#59,#60,#61,#62),#4602,.T.);
#4852=ADVANCED_FACE('',(#753),#31,.T.);
#4853=ADVANCED_FACE('',(#754),#4603,.F.);
#4854=ADVANCED_FACE('',(#755),#32,.T.);
#4855=ADVANCED_FACE('',(#756,#63,#64,#65,#66,#67,#68,#69,#70),#4604,.F.);
#4856=ADVANCED_FACE('',(#757),#33,.T.);
#4857=ADVANCED_FACE('',(#758),#4605,.T.);
#4858=ADVANCED_FACE('',(#759),#34,.F.);
#4859=ADVANCED_FACE('',(#760),#35,.F.);
#4860=ADVANCED_FACE('',(#761),#36,.F.);
#4861=ADVANCED_FACE('',(#762),#37,.F.);
#4862=ADVANCED_FACE('',(#763),#4606,.T.);
#4863=ADVANCED_FACE('',(#764),#4607,.T.);
#4864=ADVANCED_FACE('',(#765),#4608,.T.);
#4865=ADVANCED_FACE('',(#766),#4609,.T.);
#4866=ADVANCED_FACE('',(#767),#4610,.T.);
#4867=ADVANCED_FACE('',(#768),#4611,.T.);
#4868=ADVANCED_FACE('',(#769),#4612,.T.);
#4869=ADVANCED_FACE('',(#770),#4613,.T.);
#4870=ADVANCED_FACE('',(#771),#4614,.T.);
#4871=ADVANCED_FACE('',(#772),#4615,.T.);
#4872=ADVANCED_FACE('',(#773),#4616,.T.);
#4873=ADVANCED_FACE('',(#774),#4617,.T.);
#4874=ADVANCED_FACE('',(#775),#4618,.T.);
#4875=ADVANCED_FACE('',(#776),#4619,.T.);
#4876=ADVANCED_FACE('',(#777),#4620,.T.);
#4877=ADVANCED_FACE('',(#778),#4621,.T.);
#4878=ADVANCED_FACE('',(#779),#4622,.T.);
#4879=CLOSED_SHELL('',(#4623,#4624,#4625,#4626,#4627,#4628,#4629,#4630,
#4631,#4632,#4633,#4634,#4635,#4636,#4637,#4638,#4639,#4640,#4641,#4642,
#4643,#4644,#4645,#4646,#4647,#4648,#4649,#4650,#4651,#4652,#4653,#4654,
#4655,#4656,#4657,#4658,#4659,#4660,#4661,#4662,#4663,#4664,#4665,#4666,
#4667,#4668,#4669,#4670,#4671,#4672,#4673,#4674,#4675,#4676,#4677,#4678,
#4679,#4680,#4681,#4682,#4683,#4684,#4685,#4686,#4687,#4688,#4689,#4690,
#4691,#4692,#4693,#4694,#4695,#4696,#4697,#4698,#4699,#4700,#4701,#4702,
#4703,#4704,#4705,#4706,#4707,#4708,#4709,#4710,#4711,#4712,#4713,#4714,
#4715,#4716,#4717,#4718,#4719,#4720,#4721,#4722,#4723,#4724,#4725,#4726,
#4727,#4728,#4729,#4730,#4731,#4732,#4733,#4734,#4735,#4736,#4737,#4738,
#4739,#4740,#4741,#4742,#4743,#4744,#4745,#4746,#4747,#4748,#4749,#4750,
#4751,#4752,#4753,#4754,#4755,#4756,#4757,#4758,#4759,#4760,#4761,#4762,
#4763,#4764,#4765,#4766,#4767,#4768,#4769,#4770,#4771,#4772,#4773,#4774,
#4775,#4776,#4777,#4778,#4779,#4780,#4781,#4782,#4783,#4784,#4785,#4786,
#4787,#4788,#4789,#4790,#4791,#4792,#4793,#4794,#4795,#4796,#4797,#4798,
#4799,#4800,#4801,#4802,#4803,#4804,#4805,#4806,#4807,#4808,#4809,#4810,
#4811,#4812,#4813,#4814,#4815,#4816,#4817,#4818,#4819,#4820,#4821,#4822,
#4823,#4824,#4825,#4826,#4827,#4828,#4829,#4830,#4831,#4832,#4833,#4834,
#4835,#4836,#4837,#4838,#4839,#4840,#4841,#4842,#4843,#4844,#4845,#4846,
#4847,#4848,#4849,#4850,#4851,#4852,#4853,#4854,#4855,#4856,#4857,#4858,
#4859,#4860,#4861,#4862,#4863,#4864,#4865,#4866,#4867,#4868,#4869,#4870,
#4871,#4872,#4873,#4874,#4875,#4876,#4877,#4878));
#4880=DERIVED_UNIT_ELEMENT(#4882,1.);
#4881=DERIVED_UNIT_ELEMENT(#9697,-3.);
#4882=(
MASS_UNIT()
NAMED_UNIT(*)
SI_UNIT(.KILO.,.GRAM.)
);
#4883=DERIVED_UNIT((#4880,#4881));
#4884=MEASURE_REPRESENTATION_ITEM('density measure',
POSITIVE_RATIO_MEASURE(7850.),#4883);
#4885=PROPERTY_DEFINITION_REPRESENTATION(#4890,#4887);
#4886=PROPERTY_DEFINITION_REPRESENTATION(#4891,#4888);
#4887=REPRESENTATION('material name',(#4889),#9694);
#4888=REPRESENTATION('density',(#4884),#9694);
#4889=DESCRIPTIVE_REPRESENTATION_ITEM('Steel','Steel');
#4890=PROPERTY_DEFINITION('material property','material name',#9704);
#4891=PROPERTY_DEFINITION('material property','density of part',#9704);
#4892=AXIS2_PLACEMENT_3D('',#5663,#5014,#5015);
#4893=AXIS2_PLACEMENT_3D('',#5664,#5016,#5017);
#4894=AXIS2_PLACEMENT_3D('',#5673,#5022,#5023);
#4895=AXIS2_PLACEMENT_3D('',#5679,#5027,#5028);
#4896=AXIS2_PLACEMENT_3D('',#5823,#5038,#5039);
#4897=AXIS2_PLACEMENT_3D('',#5829,#5043,#5044);
#4898=AXIS2_PLACEMENT_3D('',#5835,#5048,#5049);
#4899=AXIS2_PLACEMENT_3D('',#5956,#5058,#5059);
#4900=AXIS2_PLACEMENT_3D('',#5962,#5063,#5064);
#4901=AXIS2_PLACEMENT_3D('',#5965,#5067,#5068);
#4902=AXIS2_PLACEMENT_3D('',#5966,#5069,#5070);
#4903=AXIS2_PLACEMENT_3D('',#5975,#5075,#5076);
#4904=AXIS2_PLACEMENT_3D('',#5981,#5080,#5081);
#4905=AXIS2_PLACEMENT_3D('',#5987,#5085,#5086);
#4906=AXIS2_PLACEMENT_3D('',#5990,#5089,#5090);
#4907=AXIS2_PLACEMENT_3D('',#5991,#5091,#5092);
#4908=AXIS2_PLACEMENT_3D('',#6115,#5102,#5103);
#4909=AXIS2_PLACEMENT_3D('',#6121,#5107,#5108);
#4910=AXIS2_PLACEMENT_3D('',#6127,#5112,#5113);
#4911=AXIS2_PLACEMENT_3D('',#6248,#5122,#5123);
#4912=AXIS2_PLACEMENT_3D('',#6254,#5127,#5128);
#4913=AXIS2_PLACEMENT_3D('',#6260,#5132,#5133);
#4914=AXIS2_PLACEMENT_3D('',#6427,#5144,#5145);
#4915=AXIS2_PLACEMENT_3D('',#6433,#5149,#5150);
#4916=AXIS2_PLACEMENT_3D('',#6439,#5154,#5155);
#4917=AXIS2_PLACEMENT_3D('',#6445,#5159,#5160);
#4918=AXIS2_PLACEMENT_3D('',#6448,#5163,#5164);
#4919=AXIS2_PLACEMENT_3D('',#6659,#5175,#5176);
#4920=AXIS2_PLACEMENT_3D('',#6662,#5179,#5180);
#4921=AXIS2_PLACEMENT_3D('',#6717,#5187,#5188);
#4922=AXIS2_PLACEMENT_3D('',#6884,#5199,#5200);
#4923=AXIS2_PLACEMENT_3D('',#7232,#5218,#5219);
#4924=AXIS2_PLACEMENT_3D('',#7443,#5230,#5231);
#4925=AXIS2_PLACEMENT_3D('',#7446,#5234,#5235);
#4926=AXIS2_PLACEMENT_3D('',#7501,#5242,#5243);
#4927=AXIS2_PLACEMENT_3D('',#7668,#5254,#5255);
#4928=AXIS2_PLACEMENT_3D('',#8016,#5273,#5274);
#4929=AXIS2_PLACEMENT_3D('',#8017,#5275,#5276);
#4930=AXIS2_PLACEMENT_3D('',#8118,#5285,#5286);
#4931=AXIS2_PLACEMENT_3D('',#8193,#5293,#5294);
#4932=AXIS2_PLACEMENT_3D('',#8199,#5298,#5299);
#4933=AXIS2_PLACEMENT_3D('',#8205,#5303,#5304);
#4934=AXIS2_PLACEMENT_3D('',#8211,#5308,#5309);
#4935=AXIS2_PLACEMENT_3D('',#8214,#5312,#5313);
#4936=AXIS2_PLACEMENT_3D('',#8215,#5314,#5315);
#4937=AXIS2_PLACEMENT_3D('',#8224,#5320,#5321);
#4938=AXIS2_PLACEMENT_3D('',#8230,#5325,#5326);
#4939=AXIS2_PLACEMENT_3D('',#8236,#5330,#5331);
#4940=AXIS2_PLACEMENT_3D('',#8239,#5334,#5335);
#4941=AXIS2_PLACEMENT_3D('',#8404,#5344,#5345);
#4942=AXIS2_PLACEMENT_3D('',#8617,#5358,#5359);
#4943=AXIS2_PLACEMENT_3D('',#8643,#5363,#5364);
#4944=AXIS2_PLACEMENT_3D('',#8644,#5365,#5366);
#4945=AXIS2_PLACEMENT_3D('',#8653,#5371,#5372);
#4946=AXIS2_PLACEMENT_3D('',#8659,#5376,#5377);
#4947=AXIS2_PLACEMENT_3D('',#8665,#5381,#5382);
#4948=AXIS2_PLACEMENT_3D('',#8668,#5385,#5386);
#4949=AXIS2_PLACEMENT_3D('',#8994,#5402,#5403);
#4950=AXIS2_PLACEMENT_3D('',#9368,#5423,#5424);
#4951=AXIS2_PLACEMENT_3D('',#9394,#5428,#5429);
#4952=AXIS2_PLACEMENT_3D('',#9395,#5430,#5431);
#4953=AXIS2_PLACEMENT_3D('',#9404,#5436,#5437);
#4954=AXIS2_PLACEMENT_3D('',#9410,#5441,#5442);
#4955=AXIS2_PLACEMENT_3D('',#9416,#5446,#5447);
#4956=AXIS2_PLACEMENT_3D('',#9422,#5451,#5452);
#4957=AXIS2_PLACEMENT_3D('',#9428,#5456,#5457);
#4958=AXIS2_PLACEMENT_3D('',#9434,#5461,#5462);
#4959=AXIS2_PLACEMENT_3D('',#9440,#5466,#5467);
#4960=AXIS2_PLACEMENT_3D('',#9446,#5471,#5472);
#4961=AXIS2_PLACEMENT_3D('',#9498,#5478,#5479);
#4962=AXIS2_PLACEMENT_3D('',#9504,#5483,#5484);
#4963=AXIS2_PLACEMENT_3D('',#9510,#5488,#5489);
#4964=AXIS2_PLACEMENT_3D('',#9516,#5493,#5494);
#4965=AXIS2_PLACEMENT_3D('',#9519,#5497,#5498);
#4966=AXIS2_PLACEMENT_3D('',#9520,#5499,#5500);
#4967=AXIS2_PLACEMENT_3D('',#9521,#5501,#5502);
#4968=AXIS2_PLACEMENT_3D('',#9522,#5503,#5504);
#4969=AXIS2_PLACEMENT_3D('',#9525,#5505,#5506);
#4970=AXIS2_PLACEMENT_3D('',#9529,#5508,#5509);
#4971=AXIS2_PLACEMENT_3D('',#9531,#5511,#5512);
#4972=AXIS2_PLACEMENT_3D('',#9537,#5516,#5517);
#4973=AXIS2_PLACEMENT_3D('',#9541,#5519,#5520);
#4974=AXIS2_PLACEMENT_3D('',#9545,#5522,#5523);
#4975=AXIS2_PLACEMENT_3D('',#9548,#5525,#5526);
#4976=AXIS2_PLACEMENT_3D('',#9550,#5527,#5528);
#4977=AXIS2_PLACEMENT_3D('',#9552,#5529,#5530);
#4978=AXIS2_PLACEMENT_3D('',#9554,#5531,#5532);
#4979=AXIS2_PLACEMENT_3D('',#9556,#5533,#5534);
#4980=AXIS2_PLACEMENT_3D('',#9589,#5551,#5552);
#4981=AXIS2_PLACEMENT_3D('',#9591,#5553,#5554);
#4982=AXIS2_PLACEMENT_3D('',#9593,#5556,#5557);
#4983=AXIS2_PLACEMENT_3D('',#9597,#5560,#5561);
#4984=AXIS2_PLACEMENT_3D('',#9600,#5563,#5564);
#4985=AXIS2_PLACEMENT_3D('',#9601,#5565,#5566);
#4986=AXIS2_PLACEMENT_3D('',#9605,#5568,#5569);
#4987=AXIS2_PLACEMENT_3D('',#9640,#5587,#5588);
#4988=AXIS2_PLACEMENT_3D('',#9642,#5589,#5590);
#4989=AXIS2_PLACEMENT_3D('',#9644,#5591,#5592);
#4990=AXIS2_PLACEMENT_3D('',#9646,#5593,#5594);
#4991=AXIS2_PLACEMENT_3D('',#9647,#5595,#5596);
#4992=AXIS2_PLACEMENT_3D('',#9650,#5599,#5600);
#4993=AXIS2_PLACEMENT_3D('',#9651,#5601,#5602);
#4994=AXIS2_PLACEMENT_3D('',#9653,#5604,#5605);
#4995=AXIS2_PLACEMENT_3D('',#9655,#5607,#5608);
#4996=AXIS2_PLACEMENT_3D('',#9657,#5610,#5611);
#4997=AXIS2_PLACEMENT_3D('',#9659,#5613,#5614);
#4998=AXIS2_PLACEMENT_3D('',#9662,#5617,#5618);
#4999=AXIS2_PLACEMENT_3D('',#9664,#5620,#5621);
#5000=AXIS2_PLACEMENT_3D('',#9666,#5623,#5624);
#5001=AXIS2_PLACEMENT_3D('',#9667,#5625,#5626);
#5002=AXIS2_PLACEMENT_3D('',#9670,#5629,#5630);
#5003=AXIS2_PLACEMENT_3D('',#9672,#5632,#5633);
#5004=AXIS2_PLACEMENT_3D('',#9674,#5635,#5636);
#5005=AXIS2_PLACEMENT_3D('',#9675,#5637,#5638);
#5006=AXIS2_PLACEMENT_3D('',#9678,#5641,#5642);
#5007=AXIS2_PLACEMENT_3D('',#9680,#5644,#5645);
#5008=AXIS2_PLACEMENT_3D('',#9682,#5647,#5648);
#5009=AXIS2_PLACEMENT_3D('',#9683,#5649,#5650);
#5010=AXIS2_PLACEMENT_3D('',#9686,#5653,#5654);
#5011=AXIS2_PLACEMENT_3D('',#9688,#5656,#5657);
#5012=AXIS2_PLACEMENT_3D('',#9690,#5659,#5660);
#5013=AXIS2_PLACEMENT_3D('',#9691,#5661,#5662);
#5014=DIRECTION('axis',(0.,0.,1.));
#5015=DIRECTION('refdir',(1.,0.,0.));
#5016=DIRECTION('center_axis',(1.,-1.83908130695845E-15,0.));
#5017=DIRECTION('ref_axis',(-1.83908130695845E-15,-1.,-6.64521998336728E-32));
#5018=DIRECTION('',(-1.83908130695845E-15,-1.,0.));
#5019=DIRECTION('',(0.,0.,-1.));
#5020=DIRECTION('',(-1.83908130695845E-15,-1.,-6.64521998336728E-32));
#5021=DIRECTION('',(0.,0.,-1.));
#5022=DIRECTION('center_axis',(0.,1.,0.));
#5023=DIRECTION('ref_axis',(1.,0.,2.77555756156289E-17));
#5024=DIRECTION('',(1.,0.,0.));
#5025=DIRECTION('',(0.,0.,-1.));
#5026=DIRECTION('',(1.,0.,2.77555756156289E-17));
#5027=DIRECTION('center_axis',(-1.,2.28834724542818E-15,0.));
#5028=DIRECTION('ref_axis',(2.28834724542818E-15,1.,7.89218345603958E-32));
#5029=DIRECTION('',(2.28834724542818E-15,1.,0.));
#5030=DIRECTION('',(0.,0.,-1.));
#5031=DIRECTION('',(2.28834724542818E-15,1.,7.89218345603958E-32));
#5032=DIRECTION('',(0.,0.,-1.));
#5033=DIRECTION('',(0.,0.,-1.));
#5034=DIRECTION('',(0.,0.,-1.));
#5035=DIRECTION('',(0.,0.,-1.));
#5036=DIRECTION('',(0.,0.,-1.));
#5037=DIRECTION('',(0.,0.,-1.));
#5038=DIRECTION('center_axis',(1.,-2.21064453571221E-15,0.));
#5039=DIRECTION('ref_axis',(-2.21064453571221E-15,-1.,-7.67651511253349E-32));
#5040=DIRECTION('',(-2.21064453571221E-15,-1.,0.));
#5041=DIRECTION('',(0.,0.,-1.));
#5042=DIRECTION('',(-2.21064453571221E-15,-1.,-7.67651511253349E-32));
#5043=DIRECTION('center_axis',(0.,1.,0.));
#5044=DIRECTION('ref_axis',(1.,0.,2.77555756156289E-17));
#5045=DIRECTION('',(1.,0.,0.));
#5046=DIRECTION('',(0.,0.,-1.));
#5047=DIRECTION('',(1.,0.,2.77555756156289E-17));
#5048=DIRECTION('center_axis',(-1.,1.9788291335645E-15,0.));
#5049=DIRECTION('ref_axis',(1.9788291335645E-15,1.,7.03309812021567E-32));
#5050=DIRECTION('',(1.9788291335645E-15,1.,0.));
#5051=DIRECTION('',(0.,0.,-1.));
#5052=DIRECTION('',(1.9788291335645E-15,1.,7.03309812021567E-32));
#5053=DIRECTION('',(0.,0.,-1.));
#5054=DIRECTION('',(0.,0.,-1.));
#5055=DIRECTION('',(0.,0.,-1.));
#5056=DIRECTION('',(0.,0.,-1.));
#5057=DIRECTION('',(0.,0.,-1.));
#5058=DIRECTION('center_axis',(-1.,-4.27642353614751E-49,0.));
#5059=DIRECTION('ref_axis',(-4.27642353614751E-49,1.,1.54074395550979E-32));
#5060=DIRECTION('',(-4.27642353614751E-49,1.,0.));
#5061=DIRECTION('',(0.,0.,-1.));
#5062=DIRECTION('',(-4.27642353614751E-49,1.,1.54074395550979E-32));
#5063=DIRECTION('center_axis',(-4.04369048744319E-15,-1.,0.));
#5064=DIRECTION('ref_axis',(-1.,4.04369048744319E-15,-2.77555756156289E-17));
#5065=DIRECTION('',(-1.,4.04369048744319E-15,0.));
#5066=DIRECTION('',(-1.,4.04369048744319E-15,-2.77555756156289E-17));
#5067=DIRECTION('center_axis',(-2.77555756156289E-17,-1.54074395550979E-32,
1.));
#5068=DIRECTION('ref_axis',(-1.,0.,-2.77555756156289E-17));
#5069=DIRECTION('center_axis',(1.,4.27642353614751E-49,0.));
#5070=DIRECTION('ref_axis',(4.27642353614751E-49,-1.,-1.54074395550979E-32));
#5071=DIRECTION('',(4.27642353614751E-49,-1.,0.));
#5072=DIRECTION('',(0.,0.,-1.));
#5073=DIRECTION('',(4.27642353614751E-49,-1.,-1.54074395550979E-32));
#5074=DIRECTION('',(0.,0.,-1.));
#5075=DIRECTION('center_axis',(0.,1.,0.));
#5076=DIRECTION('ref_axis',(1.,0.,2.77555756156289E-17));
#5077=DIRECTION('',(1.,0.,0.));
#5078=DIRECTION('',(0.,0.,-1.));
#5079=DIRECTION('',(1.,0.,2.77555756156289E-17));
#5080=DIRECTION('center_axis',(-1.,3.14509563592839E-15,0.));
#5081=DIRECTION('ref_axis',(3.14509563592839E-15,1.,1.02701379296493E-31));
#5082=DIRECTION('',(3.14509563592839E-15,1.,0.));
#5083=DIRECTION('',(0.,0.,-1.));
#5084=DIRECTION('',(3.14509563592839E-15,1.,1.02701379296493E-31));
#5085=DIRECTION('center_axis',(0.,-1.,0.));
#5086=DIRECTION('ref_axis',(-1.,0.,-2.77555756156289E-17));
#5087=DIRECTION('',(-1.,0.,0.));
#5088=DIRECTION('',(-1.,0.,-2.77555756156289E-17));
#5089=DIRECTION('center_axis',(0.,0.,-1.));
#5090=DIRECTION('ref_axis',(-1.,0.,0.));
#5091=DIRECTION('center_axis',(1.,-2.36310238062389E-15,0.));
#5092=DIRECTION('ref_axis',(-2.36310238062389E-15,-1.,-8.09967063679769E-32));
#5093=DIRECTION('',(-2.36310238062389E-15,-1.,0.));
#5094=DIRECTION('',(0.,0.,-1.));
#5095=DIRECTION('',(-2.36310238062389E-15,-1.,-8.09967063679769E-32));
#5096=DIRECTION('',(0.,0.,-1.));
#5097=DIRECTION('',(0.,0.,-1.));
#5098=DIRECTION('',(0.,0.,-1.));
#5099=DIRECTION('',(0.,0.,-1.));
#5100=DIRECTION('',(0.,0.,-1.));
#5101=DIRECTION('',(0.,0.,-1.));
#5102=DIRECTION('center_axis',(-1.,1.88705730189914E-15,0.));
#5103=DIRECTION('ref_axis',(1.88705730189914E-15,1.,6.77838011889841E-32));
#5104=DIRECTION('',(1.88705730189914E-15,1.,0.));
#5105=DIRECTION('',(0.,0.,-1.));
#5106=DIRECTION('',(1.88705730189914E-15,1.,6.77838011889841E-32));
#5107=DIRECTION('center_axis',(-3.61685692776745E-15,-1.,0.));
#5108=DIRECTION('ref_axis',(-1.,3.61685692776745E-15,-2.77555756156289E-17));
#5109=DIRECTION('',(-1.,3.61685692776745E-15,0.));
#5110=DIRECTION('',(0.,0.,-1.));
#5111=DIRECTION('',(-1.,3.61685692776745E-15,-2.77555756156289E-17));
#5112=DIRECTION('center_axis',(1.,-2.11032323580071E-15,0.));
#5113=DIRECTION('ref_axis',(-2.11032323580071E-15,-1.,-7.39806756997831E-32));
#5114=DIRECTION('',(-2.11032323580071E-15,-1.,0.));
#5115=DIRECTION('',(0.,0.,-1.));
#5116=DIRECTION('',(-2.11032323580071E-15,-1.,-7.39806756997831E-32));
#5117=DIRECTION('',(0.,0.,-1.));
#5118=DIRECTION('',(0.,0.,-1.));
#5119=DIRECTION('',(0.,0.,-1.));
#5120=DIRECTION('',(0.,0.,-1.));
#5121=DIRECTION('',(0.,0.,-1.));
#5122=DIRECTION('center_axis',(-1.,-4.27642353614751E-49,0.));
#5123=DIRECTION('ref_axis',(-4.27642353614751E-49,1.,1.54074395550979E-32));
#5124=DIRECTION('',(-4.27642353614751E-49,1.,0.));
#5125=DIRECTION('',(0.,0.,-1.));
#5126=DIRECTION('',(-4.27642353614751E-49,1.,1.54074395550979E-32));
#5127=DIRECTION('center_axis',(-3.63706953970679E-15,-1.,0.));
#5128=DIRECTION('ref_axis',(-1.,3.63706953970679E-15,-2.77555756156289E-17));
#5129=DIRECTION('',(-1.,3.63706953970679E-15,0.));
#5130=DIRECTION('',(0.,0.,-1.));
#5131=DIRECTION('',(-1.,3.63706953970679E-15,-2.77555756156289E-17));
#5132=DIRECTION('center_axis',(1.,-3.57220737033931E-15,0.));
#5133=DIRECTION('ref_axis',(-3.57220737033931E-15,-1.,-1.14556111337258E-31));
#5134=DIRECTION('',(-3.57220737033931E-15,-1.,0.));
#5135=DIRECTION('',(0.,0.,-1.));
#5136=DIRECTION('',(-3.57220737033931E-15,-1.,-1.14556111337258E-31));
#5137=DIRECTION('',(0.,0.,-1.));
#5138=DIRECTION('',(0.,0.,-1.));
#5139=DIRECTION('',(0.,0.,-1.));
#5140=DIRECTION('',(0.,0.,-1.));
#5141=DIRECTION('',(0.,0.,-1.));
#5142=DIRECTION('',(0.,0.,-1.));
#5143=DIRECTION('',(0.,0.,-1.));
#5144=DIRECTION('center_axis',(1.,4.27642353614751E-49,0.));
#5145=DIRECTION('ref_axis',(4.27642353614751E-49,-1.,-1.54074395550979E-32));
#5146=DIRECTION('',(4.27642353614751E-49,-1.,0.));
#5147=DIRECTION('',(0.,0.,-1.));
#5148=DIRECTION('',(4.27642353614751E-49,-1.,-1.54074395550979E-32));
#5149=DIRECTION('center_axis',(0.,1.,0.));
#5150=DIRECTION('ref_axis',(1.,0.,2.77555756156289E-17));
#5151=DIRECTION('',(1.,0.,0.));
#5152=DIRECTION('',(0.,0.,-1.));
#5153=DIRECTION('',(1.,0.,2.77555756156289E-17));
#5154=DIRECTION('center_axis',(-1.,2.45210840927793E-15,0.));
#5155=DIRECTION('ref_axis',(2.45210840927793E-15,1.,8.34671199265311E-32));
#5156=DIRECTION('',(2.45210840927793E-15,1.,0.));
#5157=DIRECTION('',(0.,0.,-1.));
#5158=DIRECTION('',(2.45210840927793E-15,1.,8.34671199265311E-32));
#5159=DIRECTION('center_axis',(-3.61685692776745E-15,-1.,0.));
#5160=DIRECTION('ref_axis',(-1.,3.61685692776745E-15,-2.77555756156289E-17));
#5161=DIRECTION('',(-1.,3.61685692776745E-15,0.));
#5162=DIRECTION('',(-1.,3.61685692776745E-15,-2.77555756156289E-17));
#5163=DIRECTION('center_axis',(-2.77555756156289E-17,-1.54074395550979E-32,
1.));
#5164=DIRECTION('ref_axis',(-1.,0.,-2.77555756156289E-17));
#5165=DIRECTION('',(0.,0.,-1.));
#5166=DIRECTION('',(0.,0.,-1.));
#5167=DIRECTION('',(0.,0.,-1.));
#5168=DIRECTION('',(0.,0.,-1.));
#5169=DIRECTION('',(0.,0.,-1.));
#5170=DIRECTION('',(0.,0.,-1.));
#5171=DIRECTION('',(0.,0.,-1.));
#5172=DIRECTION('',(0.,0.,-1.));
#5173=DIRECTION('',(0.,0.,-1.));
#5174=DIRECTION('',(0.,0.,-1.));
#5175=DIRECTION('center_axis',(-1.,-4.27642353614751E-49,0.));
#5176=DIRECTION('ref_axis',(-4.27642353614751E-49,1.,1.54074395550979E-32));
#5177=DIRECTION('',(-4.27642353614751E-49,1.,0.));
#5178=DIRECTION('',(-4.27642353614751E-49,1.,1.54074395550979E-32));
#5179=DIRECTION('center_axis',(-3.46296386012939E-15,-1.,0.));
#5180=DIRECTION('ref_axis',(-1.,3.46296386012939E-15,-2.77555756156289E-17));
#5181=DIRECTION('',(-1.,3.46296386012939E-15,0.));
#5182=DIRECTION('',(0.,0.,-1.));
#5183=DIRECTION('',(-1.,3.46296386012939E-15,-2.77555756156289E-17));
#5184=DIRECTION('',(0.,0.,-1.));
#5185=DIRECTION('',(0.,0.,-1.));
#5186=DIRECTION('',(0.,0.,-1.));
#5187=DIRECTION('center_axis',(1.,4.27642353614751E-49,0.));
#5188=DIRECTION('ref_axis',(4.27642353614751E-49,-1.,-1.54074395550979E-32));
#5189=DIRECTION('',(4.27642353614751E-49,-1.,0.));
#5190=DIRECTION('',(0.,0.,-1.));
#5191=DIRECTION('',(4.27642353614751E-49,-1.,-1.54074395550979E-32));
#5192=DIRECTION('',(0.,0.,-1.));
#5193=DIRECTION('',(0.,0.,-1.));
#5194=DIRECTION('',(0.,0.,-1.));
#5195=DIRECTION('',(0.,0.,-1.));
#5196=DIRECTION('',(0.,0.,-1.));
#5197=DIRECTION('',(0.,0.,-1.));
#5198=DIRECTION('',(0.,0.,-1.));
#5199=DIRECTION('center_axis',(-0.135113248637577,-0.990830162057353,0.));
#5200=DIRECTION('ref_axis',(-0.990830162057353,0.135113248637577,-2.75010614852287E-17));
#5201=DIRECTION('',(-0.990830162057353,0.135113248637577,0.));
#5202=DIRECTION('',(0.,0.,-1.));
#5203=DIRECTION('',(-0.990830162057353,0.135113248637577,-2.75010614852287E-17));
#5204=DIRECTION('',(0.,0.,-1.));
#5205=DIRECTION('',(0.,0.,-1.));
#5206=DIRECTION('',(0.,0.,-1.));
#5207=DIRECTION('',(0.,0.,-1.));
#5208=DIRECTION('',(0.,0.,-1.));
#5209=DIRECTION('',(0.,0.,-1.));
#5210=DIRECTION('',(0.,0.,-1.));
#5211=DIRECTION('',(0.,0.,-1.));
#5212=DIRECTION('',(0.,0.,-1.));
#5213=DIRECTION('',(0.,0.,-1.));
#5214=DIRECTION('',(0.,0.,-1.));
#5215=DIRECTION('',(0.,0.,-1.));
#5216=DIRECTION('',(0.,0.,-1.));
#5217=DIRECTION('',(0.,0.,-1.));
#5218=DIRECTION('center_axis',(-2.77555756156289E-17,-1.54074395550979E-32,
1.));
#5219=DIRECTION('ref_axis',(-1.,0.,-2.77555756156289E-17));
#5220=DIRECTION('',(0.,0.,-1.));
#5221=DIRECTION('',(0.,0.,-1.));
#5222=DIRECTION('',(0.,0.,-1.));
#5223=DIRECTION('',(0.,0.,-1.));
#5224=DIRECTION('',(0.,0.,-1.));
#5225=DIRECTION('',(0.,0.,-1.));
#5226=DIRECTION('',(0.,0.,-1.));
#5227=DIRECTION('',(0.,0.,-1.));
#5228=DIRECTION('',(0.,0.,-1.));
#5229=DIRECTION('',(0.,0.,-1.));
#5230=DIRECTION('center_axis',(-1.,-4.27642353614751E-49,0.));
#5231=DIRECTION('ref_axis',(-4.27642353614751E-49,1.,1.54074395550979E-32));
#5232=DIRECTION('',(-4.27642353614751E-49,1.,0.));
#5233=DIRECTION('',(-4.27642353614751E-49,1.,1.54074395550979E-32));
#5234=DIRECTION('center_axis',(-3.46295098373787E-15,-1.,0.));
#5235=DIRECTION('ref_axis',(-1.,3.46295098373787E-15,-2.77555756156289E-17));
#5236=DIRECTION('',(-1.,3.46295098373787E-15,0.));
#5237=DIRECTION('',(0.,0.,-1.));
#5238=DIRECTION('',(-1.,3.46295098373787E-15,-2.77555756156289E-17));
#5239=DIRECTION('',(0.,0.,-1.));
#5240=DIRECTION('',(0.,0.,-1.));
#5241=DIRECTION('',(0.,0.,-1.));
#5242=DIRECTION('center_axis',(1.,4.27642353614751E-49,0.));
#5243=DIRECTION('ref_axis',(4.27642353614751E-49,-1.,-1.54074395550979E-32));
#5244=DIRECTION('',(4.27642353614751E-49,-1.,0.));
#5245=DIRECTION('',(0.,0.,-1.));
#5246=DIRECTION('',(4.27642353614751E-49,-1.,-1.54074395550979E-32));
#5247=DIRECTION('',(0.,0.,-1.));
#5248=DIRECTION('',(0.,0.,-1.));
#5249=DIRECTION('',(0.,0.,-1.));
#5250=DIRECTION('',(0.,0.,-1.));
#5251=DIRECTION('',(0.,0.,-1.));
#5252=DIRECTION('',(0.,0.,-1.));
#5253=DIRECTION('',(0.,0.,-1.));
#5254=DIRECTION('center_axis',(-0.135112985212421,-0.990830197978941,0.));
#5255=DIRECTION('ref_axis',(-0.990830197978941,0.135112985212421,-2.75010624822531E-17));
#5256=DIRECTION('',(-0.990830197978941,0.135112985212421,0.));
#5257=DIRECTION('',(0.,0.,-1.));
#5258=DIRECTION('',(-0.990830197978941,0.135112985212421,-2.75010624822531E-17));
#5259=DIRECTION('',(0.,0.,-1.));
#5260=DIRECTION('',(0.,0.,-1.));
#5261=DIRECTION('',(0.,0.,-1.));
#5262=DIRECTION('',(0.,0.,-1.));
#5263=DIRECTION('',(0.,0.,-1.));
#5264=DIRECTION('',(0.,0.,-1.));
#5265=DIRECTION('',(0.,0.,-1.));
#5266=DIRECTION('',(0.,0.,-1.));
#5267=DIRECTION('',(0.,0.,-1.));
#5268=DIRECTION('',(0.,0.,-1.));
#5269=DIRECTION('',(0.,0.,-1.));
#5270=DIRECTION('',(0.,0.,-1.));
#5271=DIRECTION('',(0.,0.,-1.));
#5272=DIRECTION('',(0.,0.,-1.));
#5273=DIRECTION('center_axis',(-2.77555756156289E-17,-1.54074395550979E-32,
1.));
#5274=DIRECTION('ref_axis',(-1.,0.,-2.77555756156289E-17));
#5275=DIRECTION('center_axis',(1.,-2.34185185402814E-15,0.));
#5276=DIRECTION('ref_axis',(-2.34185185402814E-15,-1.,-8.04068857701766E-32));
#5277=DIRECTION('',(-2.34185185402814E-15,-1.,0.));
#5278=DIRECTION('',(0.,0.,-1.));
#5279=DIRECTION('',(-2.34185185402814E-15,-1.,-8.04068857701766E-32));
#5280=DIRECTION('',(0.,0.,-1.));
#5281=DIRECTION('',(0.,0.,-1.));
#5282=DIRECTION('',(0.,0.,-1.));
#5283=DIRECTION('',(0.,0.,-1.));
#5284=DIRECTION('',(0.,0.,-1.));
#5285=DIRECTION('center_axis',(0.937477190728815,-0.34804671649537,0.));
#5286=DIRECTION('ref_axis',(-0.34804671649537,-0.937477190728816,-9.66023695745861E-18));
#5287=DIRECTION('',(-0.34804671649537,-0.937477190728816,0.));
#5288=DIRECTION('',(0.,0.,-1.));
#5289=DIRECTION('',(-0.34804671649537,-0.937477190728816,-9.66023695745861E-18));
#5290=DIRECTION('',(0.,0.,-1.));
#5291=DIRECTION('',(0.,0.,-1.));
#5292=DIRECTION('',(0.,0.,-1.));
#5293=DIRECTION('center_axis',(1.,4.27642353614751E-49,0.));
#5294=DIRECTION('ref_axis',(4.27642353614751E-49,-1.,-1.54074395550979E-32));
#5295=DIRECTION('',(4.27642353614751E-49,-1.,0.));
#5296=DIRECTION('',(0.,0.,-1.));
#5297=DIRECTION('',(4.27642353614751E-49,-1.,-1.54074395550979E-32));
#5298=DIRECTION('center_axis',(0.,1.,0.));
#5299=DIRECTION('ref_axis',(1.,0.,2.77555756156289E-17));
#5300=DIRECTION('',(1.,0.,0.));
#5301=DIRECTION('',(0.,0.,-1.));
#5302=DIRECTION('',(1.,0.,2.77555756156289E-17));
#5303=DIRECTION('center_axis',(-1.,2.45210840927793E-15,0.));
#5304=DIRECTION('ref_axis',(2.45210840927793E-15,1.,8.34671199265311E-32));
#5305=DIRECTION('',(2.45210840927793E-15,1.,0.));
#5306=DIRECTION('',(0.,0.,-1.));
#5307=DIRECTION('',(2.45210840927793E-15,1.,8.34671199265311E-32));
#5308=DIRECTION('center_axis',(-3.61685692776745E-15,-1.,0.));
#5309=DIRECTION('ref_axis',(-1.,3.61685692776745E-15,-2.77555756156289E-17));
#5310=DIRECTION('',(-1.,3.61685692776745E-15,0.));
#5311=DIRECTION('',(-1.,3.61685692776745E-15,-2.77555756156289E-17));
#5312=DIRECTION('center_axis',(-2.77555756156289E-17,-1.54074395550979E-32,
1.));
#5313=DIRECTION('ref_axis',(-1.,0.,-2.77555756156289E-17));
#5314=DIRECTION('center_axis',(1.,-1.77635683940025E-15,0.));
#5315=DIRECTION('ref_axis',(-1.77635683940025E-15,-1.,-6.47112461314111E-32));
#5316=DIRECTION('',(-1.77635683940025E-15,-1.,0.));
#5317=DIRECTION('',(0.,0.,-1.));
#5318=DIRECTION('',(-1.77635683940025E-15,-1.,-6.47112461314111E-32));
#5319=DIRECTION('',(0.,0.,-1.));
#5320=DIRECTION('center_axis',(0.,1.,0.));
#5321=DIRECTION('ref_axis',(1.,0.,2.77555756156289E-17));
#5322=DIRECTION('',(1.,0.,0.));
#5323=DIRECTION('',(0.,0.,-1.));
#5324=DIRECTION('',(1.,0.,2.77555756156289E-17));
#5325=DIRECTION('center_axis',(-1.,1.77635683940025E-15,0.));
#5326=DIRECTION('ref_axis',(1.77635683940025E-15,1.,6.47112461314111E-32));
#5327=DIRECTION('',(1.77635683940025E-15,1.,0.));
#5328=DIRECTION('',(0.,0.,-1.));
#5329=DIRECTION('',(1.77635683940025E-15,1.,6.47112461314111E-32));
#5330=DIRECTION('center_axis',(-3.61685692776745E-15,-1.,0.));
#5331=DIRECTION('ref_axis',(-1.,3.61685692776745E-15,-2.77555756156289E-17));
#5332=DIRECTION('',(-1.,3.61685692776745E-15,0.));
#5333=DIRECTION('',(-1.,3.61685692776745E-15,-2.77555756156289E-17));
#5334=DIRECTION('center_axis',(0.,0.,-1.));
#5335=DIRECTION('ref_axis',(-1.,0.,0.));
#5336=DIRECTION('',(0.,0.,-1.));
#5337=DIRECTION('',(0.,0.,-1.));
#5338=DIRECTION('',(0.,0.,-1.));
#5339=DIRECTION('',(0.,0.,-1.));
#5340=DIRECTION('',(0.,0.,-1.));
#5341=DIRECTION('',(0.,0.,-1.));
#5342=DIRECTION('',(0.,0.,-1.));
#5343=DIRECTION('',(0.,0.,-1.));
#5344=DIRECTION('center_axis',(0.15248176103189,-0.988306284788584,0.));
#5345=DIRECTION('ref_axis',(-0.988306284788584,-0.15248176103189,-2.74310098188508E-17));
#5346=DIRECTION('',(-0.988306284788584,-0.15248176103189,0.));
#5347=DIRECTION('',(0.,0.,-1.));
#5348=DIRECTION('',(-0.988306284788584,-0.15248176103189,-2.74310098188508E-17));
#5349=DIRECTION('',(0.,0.,-1.));
#5350=DIRECTION('',(0.,0.,-1.));
#5351=DIRECTION('',(0.,0.,-1.));
#5352=DIRECTION('',(0.,0.,-1.));
#5353=DIRECTION('',(0.,0.,-1.));
#5354=DIRECTION('',(0.,0.,-1.));
#5355=DIRECTION('',(0.,0.,-1.));
#5356=DIRECTION('',(0.,0.,-1.));
#5357=DIRECTION('',(0.,0.,-1.));
#5358=DIRECTION('center_axis',(0.128860290052961,0.991662758021832,0.));
#5359=DIRECTION('ref_axis',(0.991662758021832,-0.128860290052961,2.75241706654781E-17));
#5360=DIRECTION('',(0.991662758021832,-0.128860290052961,0.));
#5361=DIRECTION('',(0.,0.,-1.));
#5362=DIRECTION('',(0.991662758021832,-0.128860290052961,2.75241706654781E-17));
#5363=DIRECTION('center_axis',(-2.77555756156289E-17,-1.54074395550979E-32,
1.));
#5364=DIRECTION('ref_axis',(-1.,0.,-2.77555756156289E-17));
#5365=DIRECTION('center_axis',(1.,-2.45210840927793E-15,0.));
#5366=DIRECTION('ref_axis',(-2.45210840927793E-15,-1.,-8.34671199265311E-32));
#5367=DIRECTION('',(-2.45210840927793E-15,-1.,0.));
#5368=DIRECTION('',(0.,0.,-1.));
#5369=DIRECTION('',(-2.45210840927793E-15,-1.,-8.34671199265311E-32));
#5370=DIRECTION('',(0.,0.,-1.));
#5371=DIRECTION('center_axis',(0.,1.,0.));
#5372=DIRECTION('ref_axis',(1.,0.,2.77555756156289E-17));
#5373=DIRECTION('',(1.,0.,0.));
#5374=DIRECTION('',(0.,0.,-1.));
#5375=DIRECTION('',(1.,0.,2.77555756156289E-17));
#5376=DIRECTION('center_axis',(-1.,1.83908130695845E-15,0.));
#5377=DIRECTION('ref_axis',(1.83908130695845E-15,1.,6.64521998336728E-32));
#5378=DIRECTION('',(1.83908130695845E-15,1.,0.));
#5379=DIRECTION('',(0.,0.,-1.));
#5380=DIRECTION('',(1.83908130695845E-15,1.,6.64521998336728E-32));
#5381=DIRECTION('center_axis',(-3.61685692776745E-15,-1.,0.));
#5382=DIRECTION('ref_axis',(-1.,3.61685692776745E-15,-2.77555756156289E-17));
#5383=DIRECTION('',(-1.,3.61685692776745E-15,0.));
#5384=DIRECTION('',(-1.,3.61685692776745E-15,-2.77555756156289E-17));
#5385=DIRECTION('center_axis',(0.,0.,-1.));
#5386=DIRECTION('ref_axis',(-1.,0.,0.));
#5387=DIRECTION('',(0.,0.,-1.));
#5388=DIRECTION('',(0.,0.,-1.));
#5389=DIRECTION('',(0.,0.,-1.));
#5390=DIRECTION('',(0.,0.,-1.));
#5391=DIRECTION('',(0.,0.,-1.));
#5392=DIRECTION('',(0.,0.,-1.));
#5393=DIRECTION('',(0.,0.,-1.));
#5394=DIRECTION('',(0.,0.,-1.));
#5395=DIRECTION('',(0.,0.,-1.));
#5396=DIRECTION('',(0.,0.,-1.));
#5397=DIRECTION('',(0.,0.,-1.));
#5398=DIRECTION('',(0.,0.,-1.));
#5399=DIRECTION('',(0.,0.,-1.));
#5400=DIRECTION('',(0.,0.,-1.));
#5401=DIRECTION('',(0.,0.,-1.));
#5402=DIRECTION('center_axis',(0.135112985212421,-0.990830197978941,0.));
#5403=DIRECTION('ref_axis',(-0.990830197978941,-0.135112985212421,-2.75010624822531E-17));
#5404=DIRECTION('',(-0.990830197978941,-0.135112985212421,0.));
#5405=DIRECTION('',(0.,0.,-1.));
#5406=DIRECTION('',(-0.990830197978941,-0.135112985212421,-2.75010624822531E-17));
#5407=DIRECTION('',(0.,0.,-1.));
#5408=DIRECTION('',(0.,0.,-1.));
#5409=DIRECTION('',(0.,0.,-1.));
#5410=DIRECTION('',(0.,0.,-1.));
#5411=DIRECTION('',(0.,0.,-1.));
#5412=DIRECTION('',(0.,0.,-1.));
#5413=DIRECTION('',(0.,0.,-1.));
#5414=DIRECTION('',(0.,0.,-1.));
#5415=DIRECTION('',(0.,0.,-1.));
#5416=DIRECTION('',(0.,0.,-1.));
#5417=DIRECTION('',(0.,0.,-1.));
#5418=DIRECTION('',(0.,0.,-1.));
#5419=DIRECTION('',(0.,0.,-1.));
#5420=DIRECTION('',(0.,0.,-1.));
#5421=DIRECTION('',(0.,0.,-1.));
#5422=DIRECTION('',(0.,0.,-1.));
#5423=DIRECTION('center_axis',(-0.155392734258538,0.987852771489586,0.));
#5424=DIRECTION('ref_axis',(0.987852771489586,0.155392734258538,2.74184222961878E-17));
#5425=DIRECTION('',(0.987852771489586,0.155392734258538,0.));
#5426=DIRECTION('',(0.,0.,-1.));
#5427=DIRECTION('',(0.987852771489586,0.155392734258538,2.74184222961878E-17));
#5428=DIRECTION('center_axis',(-2.77555756156289E-17,-1.54074395550979E-32,
1.));
#5429=DIRECTION('ref_axis',(-1.,0.,-2.77555756156289E-17));
#5430=DIRECTION('center_axis',(1.,-1.82581864793338E-15,0.));
#5431=DIRECTION('ref_axis',(-1.82581864793338E-15,-1.,-6.60840870982381E-32));
#5432=DIRECTION('',(-1.82581864793338E-15,-1.,0.));
#5433=DIRECTION('',(0.,0.,-1.));
#5434=DIRECTION('',(-1.82581864793338E-15,-1.,-6.60840870982381E-32));
#5435=DIRECTION('',(0.,0.,-1.));
#5436=DIRECTION('center_axis',(-0.946846719437345,-0.321685078750534,0.));
#5437=DIRECTION('ref_axis',(-0.321685078750534,0.946846719437345,-8.92855452767998E-18));
#5438=DIRECTION('',(-0.321685078750534,0.946846719437345,0.));
#5439=DIRECTION('',(0.,0.,-1.));
#5440=DIRECTION('',(-0.321685078750534,0.946846719437345,-8.92855452767998E-18));
#5441=DIRECTION('center_axis',(-3.72019920584871E-15,-1.,0.));
#5442=DIRECTION('ref_axis',(-1.,3.72019920584871E-15,-2.77555756156289E-17));
#5443=DIRECTION('',(-1.,3.72019920584871E-15,0.));
#5444=DIRECTION('',(0.,0.,-1.));
#5445=DIRECTION('',(-1.,3.72019920584871E-15,-2.77555756156289E-17));
#5446=DIRECTION('center_axis',(0.944683596150115,-0.32798308365659,0.));
#5447=DIRECTION('ref_axis',(-0.32798308365659,-0.944683596150115,-9.10335927907764E-18));
#5448=DIRECTION('',(-0.32798308365659,-0.944683596150115,0.));
#5449=DIRECTION('',(0.,0.,-1.));
#5450=DIRECTION('',(-0.32798308365659,-0.944683596150115,-9.10335927907764E-18));
#5451=DIRECTION('center_axis',(-1.,2.12236279674678E-15,0.));
#5452=DIRECTION('ref_axis',(2.12236279674678E-15,1.,7.43148406440008E-32));
#5453=DIRECTION('',(2.12236279674678E-15,1.,0.));
#5454=DIRECTION('',(0.,0.,-1.));
#5455=DIRECTION('',(2.12236279674678E-15,1.,7.43148406440008E-32));
#5456=DIRECTION('center_axis',(-3.48146909206802E-15,-1.,0.));
#5457=DIRECTION('ref_axis',(-1.,3.48146909206802E-15,-2.77555756156289E-17));
#5458=DIRECTION('',(-1.,3.48146909206802E-15,0.));
#5459=DIRECTION('',(0.,0.,-1.));
#5460=DIRECTION('',(-1.,3.48146909206802E-15,-2.77555756156289E-17));
#5461=DIRECTION('center_axis',(1.,-1.77635683940025E-15,0.));
#5462=DIRECTION('ref_axis',(-1.77635683940025E-15,-1.,-6.47112461314111E-32));
#5463=DIRECTION('',(-1.77635683940025E-15,-1.,0.));
#5464=DIRECTION('',(0.,0.,-1.));
#5465=DIRECTION('',(-1.77635683940025E-15,-1.,-6.47112461314111E-32));
#5466=DIRECTION('center_axis',(0.,1.,0.));
#5467=DIRECTION('ref_axis',(1.,0.,2.77555756156289E-17));
#5468=DIRECTION('',(1.,0.,0.));
#5469=DIRECTION('',(0.,0.,-1.));
#5470=DIRECTION('',(1.,0.,2.77555756156289E-17));
#5471=DIRECTION('center_axis',(-0.945579692379478,0.325390604288957,0.));
#5472=DIRECTION('ref_axis',(0.325390604288957,0.945579692379478,9.03140352195734E-18));
#5473=DIRECTION('',(0.325390604288957,0.945579692379478,0.));
#5474=DIRECTION('',(0.,0.,-1.));
#5475=DIRECTION('',(0.325390604288957,0.945579692379478,9.03140352195734E-18));
#5476=DIRECTION('',(0.,0.,-1.));
#5477=DIRECTION('',(0.,0.,-1.));
#5478=DIRECTION('center_axis',(0.948408844169271,0.317049939759509,0.));
#5479=DIRECTION('ref_axis',(0.317049939759509,-0.948408844169271,8.79990357692562E-18));
#5480=DIRECTION('',(0.317049939759509,-0.948408844169271,0.));
#5481=DIRECTION('',(0.,0.,-1.));
#5482=DIRECTION('',(0.317049939759509,-0.948408844169271,8.79990357692562E-18));
#5483=DIRECTION('center_axis',(0.,1.,0.));
#5484=DIRECTION('ref_axis',(1.,0.,2.77555756156289E-17));
#5485=DIRECTION('',(1.,0.,0.));
#5486=DIRECTION('',(0.,0.,-1.));
#5487=DIRECTION('',(1.,0.,2.77555756156289E-17));
#5488=DIRECTION('center_axis',(-1.,1.77635683940025E-15,0.));
#5489=DIRECTION('ref_axis',(1.77635683940025E-15,1.,6.47112461314111E-32));
#5490=DIRECTION('',(1.77635683940025E-15,1.,0.));
#5491=DIRECTION('',(0.,0.,-1.));
#5492=DIRECTION('',(1.77635683940025E-15,1.,6.47112461314111E-32));
#5493=DIRECTION('center_axis',(-3.48146970211926E-15,-1.,0.));
#5494=DIRECTION('ref_axis',(-1.,3.48146970211926E-15,-2.77555756156289E-17));
#5495=DIRECTION('',(-1.,3.48146970211926E-15,0.));
#5496=DIRECTION('',(-1.,3.48146970211926E-15,-2.77555756156289E-17));
#5497=DIRECTION('center_axis',(-2.77555756156289E-17,-1.54074395550979E-32,
1.));
#5498=DIRECTION('ref_axis',(-1.,0.,-2.77555756156289E-17));
#5499=DIRECTION('center_axis',(0.,0.,1.));
#5500=DIRECTION('ref_axis',(1.,0.,0.));
#5501=DIRECTION('center_axis',(0.,0.,1.));
#5502=DIRECTION('ref_axis',(1.,0.,0.));
#5503=DIRECTION('center_axis',(0.,0.,1.));
#5504=DIRECTION('ref_axis',(-0.707106781186547,-0.707106781186547,0.));
#5505=DIRECTION('center_axis',(0.,0.,-1.));
#5506=DIRECTION('ref_axis',(-0.707106781186547,-0.707106781186547,0.));
#5507=DIRECTION('',(0.,0.,-1.));
#5508=DIRECTION('center_axis',(0.,0.,1.));
#5509=DIRECTION('ref_axis',(-0.707106781186547,-0.707106781186547,0.));
#5510=DIRECTION('',(0.,0.,1.));
#5511=DIRECTION('center_axis',(-1.,0.,0.));
#5512=DIRECTION('ref_axis',(0.,-1.,0.));
#5513=DIRECTION('',(0.,-1.,0.));
#5514=DIRECTION('',(0.,0.,1.));
#5515=DIRECTION('',(0.,-1.,0.));
#5516=DIRECTION('center_axis',(0.,0.,1.));
#5517=DIRECTION('ref_axis',(1.,0.,0.));
#5518=DIRECTION('',(1.,0.,0.));
#5519=DIRECTION('center_axis',(0.,0.,-1.));
#5520=DIRECTION('ref_axis',(0.707106781186547,-0.707106781186547,0.));
#5521=DIRECTION('',(0.,1.,0.));
#5522=DIRECTION('center_axis',(0.,0.,-1.));
#5523=DIRECTION('ref_axis',(0.707106781186547,0.707106781186547,0.));
#5524=DIRECTION('',(-1.,0.,0.));
#5525=DIRECTION('center_axis',(0.,0.,-1.));
#5526=DIRECTION('ref_axis',(-0.707106781186547,0.707106781186547,0.));
#5527=DIRECTION('center_axis',(0.,0.,-1.));
#5528=DIRECTION('ref_axis',(1.,0.,0.));
#5529=DIRECTION('center_axis',(0.,0.,-1.));
#5530=DIRECTION('ref_axis',(1.,0.,0.));
#5531=DIRECTION('center_axis',(0.,0.,-1.));
#5532=DIRECTION('ref_axis',(1.,0.,0.));
#5533=DIRECTION('center_axis',(0.,0.,-1.));
#5534=DIRECTION('ref_axis',(1.,0.,0.));
#5535=DIRECTION('',(0.,1.,0.));
#5536=DIRECTION('',(1.,0.,0.));
#5537=DIRECTION('',(0.,-1.,0.));
#5538=DIRECTION('',(-1.,0.,0.));
#5539=DIRECTION('',(0.,1.,0.));
#5540=DIRECTION('',(1.,0.,0.));
#5541=DIRECTION('',(0.,-1.,0.));
#5542=DIRECTION('',(-1.,0.,0.));
#5543=DIRECTION('',(0.,1.,0.));
#5544=DIRECTION('',(1.,0.,0.));
#5545=DIRECTION('',(0.,-1.,0.));
#5546=DIRECTION('',(-1.,0.,0.));
#5547=DIRECTION('',(0.,1.,0.));
#5548=DIRECTION('',(1.,0.,0.));
#5549=DIRECTION('',(0.,-1.,0.));
#5550=DIRECTION('',(-1.,0.,0.));
#5551=DIRECTION('center_axis',(0.,0.,-1.));
#5552=DIRECTION('ref_axis',(-0.707106781186547,0.707106781186547,0.));
#5553=DIRECTION('center_axis',(0.,0.,1.));
#5554=DIRECTION('ref_axis',(-0.707106781186547,0.707106781186547,0.));
#5555=DIRECTION('',(0.,0.,-1.));
#5556=DIRECTION('center_axis',(0.,-1.,0.));
#5557=DIRECTION('ref_axis',(0.,0.,-1.));
#5558=DIRECTION('',(0.,0.,1.));
#5559=DIRECTION('',(1.,0.,0.));
#5560=DIRECTION('center_axis',(0.,0.,1.));
#5561=DIRECTION('ref_axis',(0.707106781186547,0.707106781186547,0.));
#5562=DIRECTION('',(0.,0.,-1.));
#5563=DIRECTION('center_axis',(0.,0.,1.));
#5564=DIRECTION('ref_axis',(0.707106781186547,0.707106781186547,0.));
#5565=DIRECTION('center_axis',(0.,0.,1.));
#5566=DIRECTION('ref_axis',(1.,0.,0.));
#5567=DIRECTION('',(0.,1.,0.));
#5568=DIRECTION('center_axis',(0.,0.,1.));
#5569=DIRECTION('ref_axis',(0.707106781186547,-0.707106781186547,0.));
#5570=DIRECTION('',(1.,0.,0.));
#5571=DIRECTION('',(0.,1.,0.));
#5572=DIRECTION('',(-1.,0.,0.));
#5573=DIRECTION('',(0.,-1.,0.));
#5574=DIRECTION('',(1.,0.,0.));
#5575=DIRECTION('',(0.,1.,0.));
#5576=DIRECTION('',(-1.,0.,0.));
#5577=DIRECTION('',(0.,-1.,0.));
#5578=DIRECTION('',(1.,0.,0.));
#5579=DIRECTION('',(0.,1.,0.));
#5580=DIRECTION('',(-1.,0.,0.));
#5581=DIRECTION('',(0.,-1.,0.));
#5582=DIRECTION('',(1.,0.,0.));
#5583=DIRECTION('',(0.,1.,0.));
#5584=DIRECTION('',(-1.,0.,0.));
#5585=DIRECTION('',(0.,-1.,0.));
#5586=DIRECTION('',(1.,0.,0.));
#5587=DIRECTION('center_axis',(0.,0.,1.));
#5588=DIRECTION('ref_axis',(1.,0.,0.));
#5589=DIRECTION('center_axis',(0.,0.,1.));
#5590=DIRECTION('ref_axis',(1.,0.,0.));
#5591=DIRECTION('center_axis',(0.,0.,1.));
#5592=DIRECTION('ref_axis',(1.,0.,0.));
#5593=DIRECTION('center_axis',(0.,0.,1.));
#5594=DIRECTION('ref_axis',(1.,0.,0.));
#5595=DIRECTION('center_axis',(0.,0.,1.));
#5596=DIRECTION('ref_axis',(0.707106781186547,-0.707106781186547,0.));
#5597=DIRECTION('',(0.,0.,-1.));
#5598=DIRECTION('',(0.,0.,1.));
#5599=DIRECTION('center_axis',(0.,-1.,0.));
#5600=DIRECTION('ref_axis',(1.,0.,0.));
#5601=DIRECTION('center_axis',(0.,0.,-1.));
#5602=DIRECTION('ref_axis',(1.,0.,0.));
#5603=DIRECTION('',(0.,0.,-1.));
#5604=DIRECTION('center_axis',(0.,0.,-1.));
#5605=DIRECTION('ref_axis',(1.,0.,0.));
#5606=DIRECTION('',(0.,0.,-1.));
#5607=DIRECTION('center_axis',(0.,0.,-1.));
#5608=DIRECTION('ref_axis',(1.,0.,0.));
#5609=DIRECTION('',(0.,0.,-1.));
#5610=DIRECTION('center_axis',(0.,0.,-1.));
#5611=DIRECTION('ref_axis',(1.,0.,0.));
#5612=DIRECTION('',(0.,0.,-1.));
#5613=DIRECTION('center_axis',(0.,1.,0.));
#5614=DIRECTION('ref_axis',(-1.,0.,0.));
#5615=DIRECTION('',(0.,0.,1.));
#5616=DIRECTION('',(0.,0.,1.));
#5617=DIRECTION('center_axis',(-1.,0.,0.));
#5618=DIRECTION('ref_axis',(0.,-1.,0.));
#5619=DIRECTION('',(0.,0.,1.));
#5620=DIRECTION('center_axis',(0.,-1.,0.));
#5621=DIRECTION('ref_axis',(1.,0.,0.));
#5622=DIRECTION('',(0.,0.,1.));
#5623=DIRECTION('center_axis',(1.,0.,0.));
#5624=DIRECTION('ref_axis',(0.,1.,0.));
#5625=DIRECTION('center_axis',(0.,1.,0.));
#5626=DIRECTION('ref_axis',(-1.,0.,0.));
#5627=DIRECTION('',(0.,0.,1.));
#5628=DIRECTION('',(0.,0.,1.));
#5629=DIRECTION('center_axis',(-1.,0.,0.));
#5630=DIRECTION('ref_axis',(0.,-1.,0.));
#5631=DIRECTION('',(0.,0.,1.));
#5632=DIRECTION('center_axis',(0.,-1.,0.));
#5633=DIRECTION('ref_axis',(1.,0.,0.));
#5634=DIRECTION('',(0.,0.,1.));
#5635=DIRECTION('center_axis',(1.,0.,0.));
#5636=DIRECTION('ref_axis',(0.,1.,0.));
#5637=DIRECTION('center_axis',(0.,1.,0.));
#5638=DIRECTION('ref_axis',(-1.,0.,0.));
#5639=DIRECTION('',(0.,0.,1.));
#5640=DIRECTION('',(0.,0.,1.));
#5641=DIRECTION('center_axis',(-1.,0.,0.));
#5642=DIRECTION('ref_axis',(0.,-1.,0.));
#5643=DIRECTION('',(0.,0.,1.));
#5644=DIRECTION('center_axis',(0.,-1.,0.));
#5645=DIRECTION('ref_axis',(1.,0.,0.));
#5646=DIRECTION('',(0.,0.,1.));
#5647=DIRECTION('center_axis',(1.,0.,0.));
#5648=DIRECTION('ref_axis',(0.,1.,0.));
#5649=DIRECTION('center_axis',(0.,1.,0.));
#5650=DIRECTION('ref_axis',(-1.,0.,0.));
#5651=DIRECTION('',(0.,0.,1.));
#5652=DIRECTION('',(0.,0.,1.));
#5653=DIRECTION('center_axis',(-1.,0.,0.));
#5654=DIRECTION('ref_axis',(0.,-1.,0.));
#5655=DIRECTION('',(0.,0.,1.));
#5656=DIRECTION('center_axis',(0.,-1.,0.));
#5657=DIRECTION('ref_axis',(1.,0.,0.));
#5658=DIRECTION('',(0.,0.,1.));
#5659=DIRECTION('center_axis',(1.,0.,0.));
#5660=DIRECTION('ref_axis',(0.,1.,0.));
#5661=DIRECTION('center_axis',(1.,0.,0.));
#5662=DIRECTION('ref_axis',(0.,1.,0.));
#5663=CARTESIAN_POINT('',(0.,0.,0.));
#5664=CARTESIAN_POINT('Origin',(39.1692242301682,49.5046384795328,3.));
#5665=CARTESIAN_POINT('',(39.1692242301682,49.5046384795328,3.));
#5666=CARTESIAN_POINT('',(39.1692242301682,42.2604365809579,3.));
#5667=CARTESIAN_POINT('',(39.1692242301682,41.3773194874982,3.));
#5668=CARTESIAN_POINT('',(39.1692242301682,49.5046384795328,0.999999999999998));
#5669=CARTESIAN_POINT('',(39.1692242301682,49.5046384795328,3.));
#5670=CARTESIAN_POINT('',(39.1692242301682,42.2604365809579,0.999999999999998));
#5671=CARTESIAN_POINT('',(39.1692242301682,49.5046384795328,0.999999999999998));
#5672=CARTESIAN_POINT('',(39.1692242301682,42.2604365809579,3.));
#5673=CARTESIAN_POINT('Origin',(37.9413923896531,49.5046384795328,3.));
#5674=CARTESIAN_POINT('',(37.9413923896531,49.5046384795328,3.));
#5675=CARTESIAN_POINT('',(47.345696617647,49.5046384795328,3.));
#5676=CARTESIAN_POINT('',(37.9413923896531,49.5046384795328,0.999999999999998));
#5677=CARTESIAN_POINT('',(37.9413923896531,49.5046384795328,3.));
#5678=CARTESIAN_POINT('',(37.9413923896531,49.5046384795328,0.999999999999998));
#5679=CARTESIAN_POINT('Origin',(37.9413923896531,45.6233288510461,3.));
#5680=CARTESIAN_POINT('',(37.9413923896531,45.6233288510461,3.));
#5681=CARTESIAN_POINT('',(37.941392389653,39.4366646732549,3.));
#5682=CARTESIAN_POINT('',(37.9413923896531,45.6233288510461,0.999999999999998));
#5683=CARTESIAN_POINT('',(37.9413923896531,45.6233288510461,3.));
#5684=CARTESIAN_POINT('',(37.9413923896531,45.6233288510461,0.999999999999998));
#5685=CARTESIAN_POINT('Ctrl Pts',(37.7401647247055,44.2079122527261,3.));
#5686=CARTESIAN_POINT('Ctrl Pts',(37.7401647247055,44.2079122527261,0.999999999999998));
#5687=CARTESIAN_POINT('Ctrl Pts',(37.7985633044583,44.4058914842269,3.));
#5688=CARTESIAN_POINT('Ctrl Pts',(37.7985633044583,44.4058914842269,0.999999999999998));
#5689=CARTESIAN_POINT('Ctrl Pts',(37.9345690958125,44.8669698557551,3.));
#5690=CARTESIAN_POINT('Ctrl Pts',(37.9345690958125,44.8669698557551,0.999999999999998));
#5691=CARTESIAN_POINT('Ctrl Pts',(37.9389134356494,45.3485379357834,3.));
#5692=CARTESIAN_POINT('Ctrl Pts',(37.9389134356494,45.3485379357834,0.999999999999998));
#5693=CARTESIAN_POINT('Ctrl Pts',(37.9413923896531,45.6233288510461,3.));
#5694=CARTESIAN_POINT('Ctrl Pts',(37.9413923896531,45.6233288510461,0.999999999999998));
#5695=CARTESIAN_POINT('',(37.7401647247055,44.2079122527261,3.));
#5696=CARTESIAN_POINT('Ctrl Pts',(37.7401647247055,44.2079122527261,3.));
#5697=CARTESIAN_POINT('Ctrl Pts',(37.7985633044583,44.4058914842269,3.));
#5698=CARTESIAN_POINT('Ctrl Pts',(37.9345690958125,44.8669698557551,3.));
#5699=CARTESIAN_POINT('Ctrl Pts',(37.9389134356494,45.3485379357834,3.));
#5700=CARTESIAN_POINT('Ctrl Pts',(37.9413923896531,45.6233288510461,3.));
#5701=CARTESIAN_POINT('',(37.7401647247055,44.2079122527261,0.999999999999998));
#5702=CARTESIAN_POINT('',(37.7401647247055,44.2079122527261,3.));
#5703=CARTESIAN_POINT('Ctrl Pts',(37.7401647247055,44.2079122527261,0.999999999999998));
#5704=CARTESIAN_POINT('Ctrl Pts',(37.7985633044583,44.4058914842269,0.999999999999998));
#5705=CARTESIAN_POINT('Ctrl Pts',(37.9345690958125,44.8669698557551,0.999999999999998));
#5706=CARTESIAN_POINT('Ctrl Pts',(37.9389134356494,45.3485379357834,0.999999999999998));
#5707=CARTESIAN_POINT('Ctrl Pts',(37.9413923896531,45.6233288510461,0.999999999999998));
#5708=CARTESIAN_POINT('Ctrl Pts',(37.054626671193,43.4371073706766,3.));
#5709=CARTESIAN_POINT('Ctrl Pts',(37.054626671193,43.4371073706766,0.999999999999998));
#5710=CARTESIAN_POINT('Ctrl Pts',(37.203686634789,43.5386052993323,3.));
#5711=CARTESIAN_POINT('Ctrl Pts',(37.203686634789,43.5386052993323,0.999999999999998));
#5712=CARTESIAN_POINT('Ctrl Pts',(37.4969382992105,43.738286258562,3.));
#5713=CARTESIAN_POINT('Ctrl Pts',(37.4969382992105,43.738286258562,0.999999999999998));
#5714=CARTESIAN_POINT('Ctrl Pts',(37.6599915302669,44.0531123946642,3.));
#5715=CARTESIAN_POINT('Ctrl Pts',(37.6599915302669,44.0531123946642,0.999999999999998));
#5716=CARTESIAN_POINT('Ctrl Pts',(37.7401647247055,44.2079122527261,3.));
#5717=CARTESIAN_POINT('Ctrl Pts',(37.7401647247055,44.2079122527261,0.999999999999998));
#5718=CARTESIAN_POINT('',(37.054626671193,43.4371073706766,3.));
#5719=CARTESIAN_POINT('Ctrl Pts',(37.054626671193,43.4371073706766,3.));
#5720=CARTESIAN_POINT('Ctrl Pts',(37.203686634789,43.5386052993323,3.));
#5721=CARTESIAN_POINT('Ctrl Pts',(37.4969382992105,43.738286258562,3.));
#5722=CARTESIAN_POINT('Ctrl Pts',(37.6599915302669,44.0531123946642,3.));
#5723=CARTESIAN_POINT('Ctrl Pts',(37.7401647247055,44.2079122527261,3.));
#5724=CARTESIAN_POINT('',(37.054626671193,43.4371073706766,0.999999999999998));
#5725=CARTESIAN_POINT('',(37.054626671193,43.4371073706766,3.));
#5726=CARTESIAN_POINT('Ctrl Pts',(37.054626671193,43.4371073706766,0.999999999999998));
#5727=CARTESIAN_POINT('Ctrl Pts',(37.203686634789,43.5386052993323,0.999999999999998));
#5728=CARTESIAN_POINT('Ctrl Pts',(37.4969382992105,43.738286258562,0.999999999999998));
#5729=CARTESIAN_POINT('Ctrl Pts',(37.6599915302669,44.0531123946642,0.999999999999998));
#5730=CARTESIAN_POINT('Ctrl Pts',(37.7401647247055,44.2079122527261,0.999999999999998));
#5731=CARTESIAN_POINT('Ctrl Pts',(36.0177907623032,43.154024647059,3.));
#5732=CARTESIAN_POINT('Ctrl Pts',(36.0177907623032,43.154024647059,0.999999999999998));
#5733=CARTESIAN_POINT('Ctrl Pts',(36.1994436357057,43.1660074652396,3.));
#5734=CARTESIAN_POINT('Ctrl Pts',(36.1994436357057,43.1660074652396,0.999999999999998));
#5735=CARTESIAN_POINT('Ctrl Pts',(36.5642081438701,43.1900693294876,3.));
#5736=CARTESIAN_POINT('Ctrl Pts',(36.5642081438701,43.1900693294876,0.999999999999998));
#5737=CARTESIAN_POINT('Ctrl Pts',(36.8907185700372,43.3545421045037,3.));
#5738=CARTESIAN_POINT('Ctrl Pts',(36.8907185700372,43.3545421045037,0.999999999999998));
#5739=CARTESIAN_POINT('Ctrl Pts',(37.054626671193,43.4371073706766,3.));
#5740=CARTESIAN_POINT('Ctrl Pts',(37.054626671193,43.4371073706766,0.999999999999998));
#5741=CARTESIAN_POINT('',(36.0177907623032,43.154024647059,3.));
#5742=CARTESIAN_POINT('Ctrl Pts',(36.0177907623032,43.154024647059,3.));
#5743=CARTESIAN_POINT('Ctrl Pts',(36.1994436357057,43.1660074652396,3.));
#5744=CARTESIAN_POINT('Ctrl Pts',(36.5642081438701,43.1900693294876,3.));
#5745=CARTESIAN_POINT('Ctrl Pts',(36.8907185700372,43.3545421045037,3.));
#5746=CARTESIAN_POINT('Ctrl Pts',(37.054626671193,43.4371073706766,3.));
#5747=CARTESIAN_POINT('',(36.0177907623032,43.154024647059,0.999999999999998));
#5748=CARTESIAN_POINT('',(36.0177907623032,43.154024647059,3.));
#5749=CARTESIAN_POINT('Ctrl Pts',(36.0177907623032,43.154024647059,0.999999999999998));
#5750=CARTESIAN_POINT('Ctrl Pts',(36.1994436357057,43.1660074652396,0.999999999999998));
#5751=CARTESIAN_POINT('Ctrl Pts',(36.5642081438701,43.1900693294876,0.999999999999998));
#5752=CARTESIAN_POINT('Ctrl Pts',(36.8907185700372,43.3545421045037,0.999999999999998));
#5753=CARTESIAN_POINT('Ctrl Pts',(37.054626671193,43.4371073706766,0.999999999999998));
#5754=CARTESIAN_POINT('Ctrl Pts',(35.0900969184616,43.4302862151285,3.));
#5755=CARTESIAN_POINT('Ctrl Pts',(35.0900969184616,43.4302862151285,0.999999999999998));
#5756=CARTESIAN_POINT('Ctrl Pts',(35.226425635766,43.3497560585096,3.));
#5757=CARTESIAN_POINT('Ctrl Pts',(35.226425635766,43.3497560585096,0.999999999999998));
#5758=CARTESIAN_POINT('Ctrl Pts',(35.5121856751872,43.1809559613252,3.));
#5759=CARTESIAN_POINT('Ctrl Pts',(35.5121856751872,43.1809559613252,0.999999999999998));
#5760=CARTESIAN_POINT('Ctrl Pts',(35.8441815335499,43.1632720316645,3.));
#5761=CARTESIAN_POINT('Ctrl Pts',(35.8441815335499,43.1632720316645,0.999999999999998));
#5762=CARTESIAN_POINT('Ctrl Pts',(36.0177907623032,43.154024647059,3.));
#5763=CARTESIAN_POINT('Ctrl Pts',(36.0177907623032,43.154024647059,0.999999999999998));
#5764=CARTESIAN_POINT('',(35.0900969184616,43.4302862151285,3.));
#5765=CARTESIAN_POINT('Ctrl Pts',(35.0900969184616,43.4302862151285,3.));
#5766=CARTESIAN_POINT('Ctrl Pts',(35.226425635766,43.3497560585096,3.));
#5767=CARTESIAN_POINT('Ctrl Pts',(35.5121856751872,43.1809559613252,3.));
#5768=CARTESIAN_POINT('Ctrl Pts',(35.8441815335499,43.1632720316645,3.));
#5769=CARTESIAN_POINT('Ctrl Pts',(36.0177907623032,43.154024647059,3.));
#5770=CARTESIAN_POINT('',(35.0900969184616,43.4302862151285,0.999999999999998));
#5771=CARTESIAN_POINT('',(35.0900969184616,43.4302862151285,3.));
#5772=CARTESIAN_POINT('Ctrl Pts',(35.0900969184616,43.4302862151285,0.999999999999998));
#5773=CARTESIAN_POINT('Ctrl Pts',(35.226425635766,43.3497560585096,0.999999999999998));
#5774=CARTESIAN_POINT('Ctrl Pts',(35.5121856751872,43.1809559613252,0.999999999999998));
#5775=CARTESIAN_POINT('Ctrl Pts',(35.8441815335499,43.1632720316645,0.999999999999998));
#5776=CARTESIAN_POINT('Ctrl Pts',(36.0177907623032,43.154024647059,0.999999999999998));
#5777=CARTESIAN_POINT('Ctrl Pts',(34.5989641822556,44.1908593638559,3.));
#5778=CARTESIAN_POINT('Ctrl Pts',(34.5989641822556,44.1908593638559,0.999999999999998));
#5779=CARTESIAN_POINT('Ctrl Pts',(34.6472418218197,44.0389691613471,3.));
#5780=CARTESIAN_POINT('Ctrl Pts',(34.6472418218197,44.0389691613471,0.999999999999998));
#5781=CARTESIAN_POINT('Ctrl Pts',(34.7420658633763,43.7406355434496,3.));
#5782=CARTESIAN_POINT('Ctrl Pts',(34.7420658633763,43.7406355434496,0.999999999999998));
#5783=CARTESIAN_POINT('Ctrl Pts',(34.9755072419411,43.532469134213,3.));
#5784=CARTESIAN_POINT('Ctrl Pts',(34.9755072419411,43.532469134213,0.999999999999998));
#5785=CARTESIAN_POINT('Ctrl Pts',(35.0900969184616,43.4302862151285,3.));
#5786=CARTESIAN_POINT('Ctrl Pts',(35.0900969184616,43.4302862151285,0.999999999999998));
#5787=CARTESIAN_POINT('',(34.5989641822556,44.1908593638559,3.));
#5788=CARTESIAN_POINT('Ctrl Pts',(34.5989641822556,44.1908593638559,3.));
#5789=CARTESIAN_POINT('Ctrl Pts',(34.6472418218197,44.0389691613471,3.));
#5790=CARTESIAN_POINT('Ctrl Pts',(34.7420658633763,43.7406355434496,3.));
#5791=CARTESIAN_POINT('Ctrl Pts',(34.9755072419411,43.532469134213,3.));
#5792=CARTESIAN_POINT('Ctrl Pts',(35.0900969184616,43.4302862151285,3.));
#5793=CARTESIAN_POINT('',(34.5989641822556,44.1908593638559,0.999999999999998));
#5794=CARTESIAN_POINT('',(34.5989641822556,44.1908593638559,3.));
#5795=CARTESIAN_POINT('Ctrl Pts',(34.5989641822556,44.1908593638559,0.999999999999998));
#5796=CARTESIAN_POINT('Ctrl Pts',(34.6472418218197,44.0389691613471,0.999999999999998));
#5797=CARTESIAN_POINT('Ctrl Pts',(34.7420658633763,43.7406355434496,0.999999999999998));
#5798=CARTESIAN_POINT('Ctrl Pts',(34.9755072419411,43.532469134213,0.999999999999998));
#5799=CARTESIAN_POINT('Ctrl Pts',(35.0900969184616,43.4302862151285,0.999999999999998));
#5800=CARTESIAN_POINT('Ctrl Pts',(34.5239302791336,45.4869033558984,3.));
#5801=CARTESIAN_POINT('Ctrl Pts',(34.5239302791336,45.4869033558984,0.999999999999998));
#5802=CARTESIAN_POINT('Ctrl Pts',(34.5226558021989,45.2180817094651,3.));
#5803=CARTESIAN_POINT('Ctrl Pts',(34.5226558021989,45.2180817094651,0.999999999999998));
#5804=CARTESIAN_POINT('Ctrl Pts',(34.5205988018351,44.7842047130077,3.));
#5805=CARTESIAN_POINT('Ctrl Pts',(34.5205988018351,44.7842047130077,0.999999999999998));
#5806=CARTESIAN_POINT('Ctrl Pts',(34.5773680447769,44.3543750344733,3.));
#5807=CARTESIAN_POINT('Ctrl Pts',(34.5773680447769,44.3543750344733,0.999999999999998));
#5808=CARTESIAN_POINT('Ctrl Pts',(34.5989641822556,44.1908593638559,3.));
#5809=CARTESIAN_POINT('Ctrl Pts',(34.5989641822556,44.1908593638559,0.999999999999998));
#5810=CARTESIAN_POINT('',(34.5239302791336,45.4869033558984,3.));
#5811=CARTESIAN_POINT('Ctrl Pts',(34.5239302791336,45.4869033558984,3.));
#5812=CARTESIAN_POINT('Ctrl Pts',(34.5226558021989,45.2180817094651,3.));
#5813=CARTESIAN_POINT('Ctrl Pts',(34.5205988018351,44.7842047130077,3.));
#5814=CARTESIAN_POINT('Ctrl Pts',(34.5773680447769,44.3543750344733,3.));
#5815=CARTESIAN_POINT('Ctrl Pts',(34.5989641822556,44.1908593638559,3.));
#5816=CARTESIAN_POINT('',(34.5239302791336,45.4869033558984,0.999999999999998));
#5817=CARTESIAN_POINT('',(34.5239302791336,45.4869033558984,3.));
#5818=CARTESIAN_POINT('Ctrl Pts',(34.5239302791336,45.4869033558984,0.999999999999998));
#5819=CARTESIAN_POINT('Ctrl Pts',(34.5226558021989,45.2180817094651,0.999999999999998));
#5820=CARTESIAN_POINT('Ctrl Pts',(34.5205988018351,44.7842047130077,0.999999999999998));
#5821=CARTESIAN_POINT('Ctrl Pts',(34.5773680447769,44.3543750344733,0.999999999999998));
#5822=CARTESIAN_POINT('Ctrl Pts',(34.5989641822556,44.1908593638559,0.999999999999998));
#5823=CARTESIAN_POINT('Origin',(34.5239302791337,49.5046384795328,3.));
#5824=CARTESIAN_POINT('',(34.5239302791337,49.5046384795328,3.));
#5825=CARTESIAN_POINT('',(34.5239302791336,41.3773194874982,3.));
#5826=CARTESIAN_POINT('',(34.5239302791337,49.5046384795328,0.999999999999998));
#5827=CARTESIAN_POINT('',(34.5239302791337,49.5046384795328,3.));
#5828=CARTESIAN_POINT('',(34.5239302791337,49.5046384795328,0.999999999999998));
#5829=CARTESIAN_POINT('Origin',(33.2960996307114,49.5046384795328,3.));
#5830=CARTESIAN_POINT('',(33.2960996307114,49.5046384795328,3.));
#5831=CARTESIAN_POINT('',(45.0230502381762,49.5046384795328,3.));
#5832=CARTESIAN_POINT('',(33.2960996307114,49.5046384795328,0.999999999999998));
#5833=CARTESIAN_POINT('',(33.2960996307114,49.5046384795328,3.));
#5834=CARTESIAN_POINT('',(33.2960996307114,49.5046384795328,0.999999999999998));
#5835=CARTESIAN_POINT('Origin',(33.2960996307114,45.0162346823831,3.));
#5836=CARTESIAN_POINT('',(33.2960996307114,45.0162346823831,3.));
#5837=CARTESIAN_POINT('',(33.2960996307114,39.1331175889234,3.));
#5838=CARTESIAN_POINT('',(33.2960996307114,45.0162346823831,0.999999999999998));
#5839=CARTESIAN_POINT('',(33.2960996307114,45.0162346823831,3.));
#5840=CARTESIAN_POINT('',(33.2960996307114,45.0162346823831,0.999999999999998));
#5841=CARTESIAN_POINT('Ctrl Pts',(33.3711335338333,43.8702590926309,3.));
#5842=CARTESIAN_POINT('Ctrl Pts',(33.3711335338333,43.8702590926309,0.999999999999998));
#5843=CARTESIAN_POINT('Ctrl Pts',(33.3494226387349,44.0257934615772,3.));
#5844=CARTESIAN_POINT('Ctrl Pts',(33.3494226387349,44.0257934615772,0.999999999999998));
#5845=CARTESIAN_POINT('Ctrl Pts',(33.2963897374754,44.405715099695,3.));
#5846=CARTESIAN_POINT('Ctrl Pts',(33.2963897374754,44.405715099695,0.999999999999998));
#5847=CARTESIAN_POINT('Ctrl Pts',(33.2962073508918,44.7895413136727,3.));
#5848=CARTESIAN_POINT('Ctrl Pts',(33.2962073508918,44.7895413136727,0.999999999999998));
#5849=CARTESIAN_POINT('Ctrl Pts',(33.2960996307114,45.0162346823831,3.));
#5850=CARTESIAN_POINT('Ctrl Pts',(33.2960996307114,45.0162346823831,0.999999999999998));
#5851=CARTESIAN_POINT('',(33.3711335338333,43.8702590926309,3.));
#5852=CARTESIAN_POINT('Ctrl Pts',(33.3711335338333,43.8702590926309,3.));
#5853=CARTESIAN_POINT('Ctrl Pts',(33.3494226387349,44.0257934615772,3.));
#5854=CARTESIAN_POINT('Ctrl Pts',(33.2963897374754,44.405715099695,3.));
#5855=CARTESIAN_POINT('Ctrl Pts',(33.2962073508918,44.7895413136727,3.));
#5856=CARTESIAN_POINT('Ctrl Pts',(33.2960996307114,45.0162346823831,3.));
#5857=CARTESIAN_POINT('',(33.3711335338333,43.8702590926309,0.999999999999998));
#5858=CARTESIAN_POINT('',(33.3711335338333,43.8702590926309,3.));
#5859=CARTESIAN_POINT('Ctrl Pts',(33.3711335338333,43.8702590926309,0.999999999999998));
#5860=CARTESIAN_POINT('Ctrl Pts',(33.3494226387349,44.0257934615772,0.999999999999998));
#5861=CARTESIAN_POINT('Ctrl Pts',(33.2963897374754,44.405715099695,0.999999999999998));
#5862=CARTESIAN_POINT('Ctrl Pts',(33.2962073508918,44.7895413136727,0.999999999999998));
#5863=CARTESIAN_POINT('Ctrl Pts',(33.2960996307114,45.0162346823831,0.999999999999998));
#5864=CARTESIAN_POINT('Ctrl Pts',(33.74971481931,42.9596181376596,3.));
#5865=CARTESIAN_POINT('Ctrl Pts',(33.74971481931,42.9596181376596,0.999999999999998));
#5866=CARTESIAN_POINT('Ctrl Pts',(33.6658372842922,43.0943356153296,3.));
#5867=CARTESIAN_POINT('Ctrl Pts',(33.6658372842922,43.0943356153296,0.999999999999998));
#5868=CARTESIAN_POINT('Ctrl Pts',(33.4899012679276,43.3769101610753,3.));
#5869=CARTESIAN_POINT('Ctrl Pts',(33.4899012679276,43.3769101610753,0.999999999999998));
#5870=CARTESIAN_POINT('Ctrl Pts',(33.4119313014259,43.7007893691817,3.));
#5871=CARTESIAN_POINT('Ctrl Pts',(33.4119313014259,43.7007893691817,0.999999999999998));
#5872=CARTESIAN_POINT('Ctrl Pts',(33.3711335338333,43.8702590926309,3.));
#5873=CARTESIAN_POINT('Ctrl Pts',(33.3711335338333,43.8702590926309,0.999999999999998));
#5874=CARTESIAN_POINT('',(33.74971481931,42.9596181376596,3.));
#5875=CARTESIAN_POINT('Ctrl Pts',(33.74971481931,42.9596181376596,3.));
#5876=CARTESIAN_POINT('Ctrl Pts',(33.6658372842922,43.0943356153296,3.));
#5877=CARTESIAN_POINT('Ctrl Pts',(33.4899012679276,43.3769101610753,3.));
#5878=CARTESIAN_POINT('Ctrl Pts',(33.4119313014259,43.7007893691817,3.));
#5879=CARTESIAN_POINT('Ctrl Pts',(33.3711335338333,43.8702590926309,3.));
#5880=CARTESIAN_POINT('',(33.74971481931,42.9596181376596,0.999999999999998));
#5881=CARTESIAN_POINT('',(33.74971481931,42.9596181376596,3.));
#5882=CARTESIAN_POINT('Ctrl Pts',(33.74971481931,42.9596181376596,0.999999999999998));
#5883=CARTESIAN_POINT('Ctrl Pts',(33.6658372842922,43.0943356153296,0.999999999999998));
#5884=CARTESIAN_POINT('Ctrl Pts',(33.4899012679276,43.3769101610753,0.999999999999998));
#5885=CARTESIAN_POINT('Ctrl Pts',(33.4119313014259,43.7007893691817,0.999999999999998));
#5886=CARTESIAN_POINT('Ctrl Pts',(33.3711335338333,43.8702590926309,0.999999999999998));
#5887=CARTESIAN_POINT('Ctrl Pts',(34.5750901378373,42.342291639628,3.));
#5888=CARTESIAN_POINT('Ctrl Pts',(34.5750901378373,42.342291639628,0.999999999999998));
#5889=CARTESIAN_POINT('Ctrl Pts',(34.4056694865705,42.4242030746479,3.));
#5890=CARTESIAN_POINT('Ctrl Pts',(34.4056694865705,42.4242030746479,0.999999999999998));
#5891=CARTESIAN_POINT('Ctrl Pts',(34.0899802659565,42.5768323845193,3.));
#5892=CARTESIAN_POINT('Ctrl Pts',(34.0899802659565,42.5768323845193,0.999999999999998));
#5893=CARTESIAN_POINT('Ctrl Pts',(33.8574522385307,42.8384176174063,3.));
#5894=CARTESIAN_POINT('Ctrl Pts',(33.8574522385307,42.8384176174063,0.999999999999998));
#5895=CARTESIAN_POINT('Ctrl Pts',(33.74971481931,42.9596181376596,3.));
#5896=CARTESIAN_POINT('Ctrl Pts',(33.74971481931,42.9596181376596,0.999999999999998));
#5897=CARTESIAN_POINT('',(34.5750901378373,42.342291639628,3.));
#5898=CARTESIAN_POINT('Ctrl Pts',(34.5750901378373,42.342291639628,3.));
#5899=CARTESIAN_POINT('Ctrl Pts',(34.4056694865705,42.4242030746479,3.));
#5900=CARTESIAN_POINT('Ctrl Pts',(34.0899802659565,42.5768323845193,3.));
#5901=CARTESIAN_POINT('Ctrl Pts',(33.8574522385307,42.8384176174063,3.));
#5902=CARTESIAN_POINT('Ctrl Pts',(33.74971481931,42.9596181376596,3.));
#5903=CARTESIAN_POINT('',(34.5750901378373,42.342291639628,0.999999999999998));
#5904=CARTESIAN_POINT('',(34.5750901378373,42.342291639628,3.));
#5905=CARTESIAN_POINT('Ctrl Pts',(34.5750901378373,42.342291639628,0.999999999999998));
#5906=CARTESIAN_POINT('Ctrl Pts',(34.4056694865705,42.4242030746479,0.999999999999998));
#5907=CARTESIAN_POINT('Ctrl Pts',(34.0899802659565,42.5768323845193,0.999999999999998));
#5908=CARTESIAN_POINT('Ctrl Pts',(33.8574522385307,42.8384176174063,0.999999999999998));
#5909=CARTESIAN_POINT('Ctrl Pts',(33.74971481931,42.9596181376596,0.999999999999998));
#5910=CARTESIAN_POINT('Ctrl Pts',(35.7722255862931,42.096725271525,3.));
#5911=CARTESIAN_POINT('Ctrl Pts',(35.7722255862931,42.096725271525,0.999999999999998));
#5912=CARTESIAN_POINT('Ctrl Pts',(35.5633634767589,42.1063791699233,3.));
#5913=CARTESIAN_POINT('Ctrl Pts',(35.5633634767589,42.1063791699233,0.999999999999998));
#5914=CARTESIAN_POINT('Ctrl Pts',(35.1513384918578,42.1254235401573,3.));
#5915=CARTESIAN_POINT('Ctrl Pts',(35.1513384918578,42.1254235401573,0.999999999999998));
#5916=CARTESIAN_POINT('Ctrl Pts',(34.7653934258074,42.270671977555,3.));
#5917=CARTESIAN_POINT('Ctrl Pts',(34.7653934258074,42.270671977555,0.999999999999998));
#5918=CARTESIAN_POINT('Ctrl Pts',(34.5750901378373,42.342291639628,3.));
#5919=CARTESIAN_POINT('Ctrl Pts',(34.5750901378373,42.342291639628,0.999999999999998));
#5920=CARTESIAN_POINT('',(35.7722255862931,42.096725271525,3.));
#5921=CARTESIAN_POINT('Ctrl Pts',(35.7722255862931,42.096725271525,3.));
#5922=CARTESIAN_POINT('Ctrl Pts',(35.5633634767589,42.1063791699233,3.));
#5923=CARTESIAN_POINT('Ctrl Pts',(35.1513384918578,42.1254235401573,3.));
#5924=CARTESIAN_POINT('Ctrl Pts',(34.7653934258074,42.270671977555,3.));
#5925=CARTESIAN_POINT('Ctrl Pts',(34.5750901378373,42.342291639628,3.));
#5926=CARTESIAN_POINT('',(35.7722255862931,42.096725271525,0.999999999999998));
#5927=CARTESIAN_POINT('',(35.7722255862931,42.096725271525,3.));
#5928=CARTESIAN_POINT('Ctrl Pts',(35.7722255862931,42.096725271525,0.999999999999998));
#5929=CARTESIAN_POINT('Ctrl Pts',(35.5633634767589,42.1063791699233,0.999999999999998));
#5930=CARTESIAN_POINT('Ctrl Pts',(35.1513384918578,42.1254235401573,0.999999999999998));
#5931=CARTESIAN_POINT('Ctrl Pts',(34.7653934258074,42.270671977555,0.999999999999998));
#5932=CARTESIAN_POINT('Ctrl Pts',(34.5750901378373,42.342291639628,0.999999999999998));
#5933=CARTESIAN_POINT('Ctrl Pts',(38.0709967292527,43.3245571120401,3.));
#5934=CARTESIAN_POINT('Ctrl Pts',(38.0709967292527,43.3245571120401,0.999999999999998));
#5935=CARTESIAN_POINT('Ctrl Pts',(37.7656489752276,42.9664456254266,3.));
#5936=CARTESIAN_POINT('Ctrl Pts',(37.7656489752276,42.9664456254266,0.999999999999998));
#5937=CARTESIAN_POINT('Ctrl Pts',(37.15962741114,42.2557042481788,3.));
#5938=CARTESIAN_POINT('Ctrl Pts',(37.15962741114,42.2557042481788,0.999999999999998));
#5939=CARTESIAN_POINT('Ctrl Pts',(36.2323088784964,42.1494450889997,3.));
#5940=CARTESIAN_POINT('Ctrl Pts',(36.2323088784964,42.1494450889997,0.999999999999998));
#5941=CARTESIAN_POINT('Ctrl Pts',(35.7722255862931,42.096725271525,3.));
#5942=CARTESIAN_POINT('Ctrl Pts',(35.7722255862931,42.096725271525,0.999999999999998));
#5943=CARTESIAN_POINT('',(38.0709967292527,43.3245571120401,3.));
#5944=CARTESIAN_POINT('Ctrl Pts',(38.0709967292527,43.3245571120401,3.));
#5945=CARTESIAN_POINT('Ctrl Pts',(37.7656489752276,42.9664456254266,3.));
#5946=CARTESIAN_POINT('Ctrl Pts',(37.15962741114,42.2557042481788,3.));
#5947=CARTESIAN_POINT('Ctrl Pts',(36.2323088784964,42.1494450889997,3.));
#5948=CARTESIAN_POINT('Ctrl Pts',(35.7722255862931,42.096725271525,3.));
#5949=CARTESIAN_POINT('',(38.0709967292527,43.3245571120401,0.999999999999998));
#5950=CARTESIAN_POINT('',(38.0709967292527,43.3245571120401,3.));
#5951=CARTESIAN_POINT('Ctrl Pts',(38.0709967292527,43.3245571120401,0.999999999999998));
#5952=CARTESIAN_POINT('Ctrl Pts',(37.7656489752276,42.9664456254266,0.999999999999998));
#5953=CARTESIAN_POINT('Ctrl Pts',(37.15962741114,42.2557042481788,0.999999999999998));
#5954=CARTESIAN_POINT('Ctrl Pts',(36.2323088784964,42.1494450889997,0.999999999999998));
#5955=CARTESIAN_POINT('Ctrl Pts',(35.7722255862931,42.096725271525,0.999999999999998));
#5956=CARTESIAN_POINT('Origin',(38.0709967292527,42.2604365809579,3.));
#5957=CARTESIAN_POINT('',(38.0709967292527,42.2604365809579,3.));
#5958=CARTESIAN_POINT('',(38.0709967292526,37.7552185382108,3.));
#5959=CARTESIAN_POINT('',(38.0709967292527,42.2604365809579,0.999999999999998));
#5960=CARTESIAN_POINT('',(38.0709967292527,42.2604365809579,3.));
#5961=CARTESIAN_POINT('',(38.0709967292527,42.2604365809579,0.999999999999998));
#5962=CARTESIAN_POINT('Origin',(39.1692242301682,42.2604365809579,3.));
#5963=CARTESIAN_POINT('',(47.9596125379046,42.2604365809579,3.));
#5964=CARTESIAN_POINT('',(39.1692242301682,42.2604365809579,0.999999999999998));
#5965=CARTESIAN_POINT('Origin',(56.5396200023273,47.1785809262414,0.999999999999998));
#5966=CARTESIAN_POINT('Origin',(49.312470880864,52.2604365809579,3.));
#5967=CARTESIAN_POINT('',(49.312470880864,52.2604365809579,3.));
#5968=CARTESIAN_POINT('',(49.312470880864,50.8484311564584,3.));
#5969=CARTESIAN_POINT('',(49.312470880864,42.7552185382108,3.));
#5970=CARTESIAN_POINT('',(49.312470880864,52.2604365809579,0.999999999999998));
#5971=CARTESIAN_POINT('',(49.312470880864,52.2604365809579,3.));
#5972=CARTESIAN_POINT('',(49.312470880864,50.8484311564584,0.999999999999998));
#5973=CARTESIAN_POINT('',(49.312470880864,52.2604365809579,0.999999999999998));
#5974=CARTESIAN_POINT('',(49.312470880864,50.8484311564584,3.));
#5975=CARTESIAN_POINT('Origin',(48.0846390403489,52.2604365809579,3.));
#5976=CARTESIAN_POINT('',(48.0846390403489,52.2604365809579,3.));
#5977=CARTESIAN_POINT('',(52.4173199429949,52.2604365809579,3.));
#5978=CARTESIAN_POINT('',(48.0846390403489,52.2604365809579,0.999999999999998));
#5979=CARTESIAN_POINT('',(48.0846390403489,52.2604365809579,3.));
#5980=CARTESIAN_POINT('',(48.0846390403489,52.2604365809579,0.999999999999998));
#5981=CARTESIAN_POINT('Origin',(48.0846390403489,50.8484311564584,3.));
#5982=CARTESIAN_POINT('',(48.0846390403489,50.8484311564584,3.));
#5983=CARTESIAN_POINT('',(48.0846390403488,42.049215825961,3.));
#5984=CARTESIAN_POINT('',(48.0846390403489,50.8484311564584,0.999999999999998));
#5985=CARTESIAN_POINT('',(48.0846390403489,50.8484311564584,3.));
#5986=CARTESIAN_POINT('',(48.0846390403489,50.8484311564584,0.999999999999998));
#5987=CARTESIAN_POINT('Origin',(49.312470880864,50.8484311564584,3.));
#5988=CARTESIAN_POINT('',(53.0312358632525,50.8484311564584,3.));
#5989=CARTESIAN_POINT('',(49.312470880864,50.8484311564584,0.999999999999998));
#5990=CARTESIAN_POINT('Origin',(56.5396200023273,47.1785809262414,0.999999999999998));
#5991=CARTESIAN_POINT('Origin',(82.6890072501877,46.0189636214394,3.));
#5992=CARTESIAN_POINT('',(82.6890072501877,46.0189636214394,3.));
#5993=CARTESIAN_POINT('',(82.6890072501877,42.2604365809578,3.));
#5994=CARTESIAN_POINT('',(82.6890072501877,39.6344820584515,3.));
#5995=CARTESIAN_POINT('',(82.6890072501877,46.0189636214394,0.999999999999998));
#5996=CARTESIAN_POINT('',(82.6890072501877,46.0189636214394,3.));
#5997=CARTESIAN_POINT('',(82.6890072501877,42.2604365809578,0.999999999999998));
#5998=CARTESIAN_POINT('',(82.6890072501877,46.0189636214394,0.999999999999998));
#5999=CARTESIAN_POINT('',(82.6890072501877,42.2604365809578,3.));
#6000=CARTESIAN_POINT('Ctrl Pts',(82.8868231452683,47.5332881672997,3.));
#6001=CARTESIAN_POINT('Ctrl Pts',(82.8868231452683,47.5332881672997,0.999999999999998));
#6002=CARTESIAN_POINT('Ctrl Pts',(82.829414217486,47.3206916927211,3.));
#6003=CARTESIAN_POINT('Ctrl Pts',(82.829414217486,47.3206916927211,0.999999999999998));
#6004=CARTESIAN_POINT('Ctrl Pts',(82.6957215780937,46.8256017318055,3.));
#6005=CARTESIAN_POINT('Ctrl Pts',(82.6957215780937,46.8256017318055,0.999999999999998));
#6006=CARTESIAN_POINT('Ctrl Pts',(82.6914465432376,46.3120125704811,3.));
#6007=CARTESIAN_POINT('Ctrl Pts',(82.6914465432376,46.3120125704811,0.999999999999998));
#6008=CARTESIAN_POINT('Ctrl Pts',(82.6890072501877,46.0189636214394,3.));
#6009=CARTESIAN_POINT('Ctrl Pts',(82.6890072501877,46.0189636214394,0.999999999999998));
#6010=CARTESIAN_POINT('',(82.8868231452683,47.5332881672997,3.));
#6011=CARTESIAN_POINT('Ctrl Pts',(82.8868231452683,47.5332881672997,3.));
#6012=CARTESIAN_POINT('Ctrl Pts',(82.829414217486,47.3206916927211,3.));
#6013=CARTESIAN_POINT('Ctrl Pts',(82.6957215780937,46.8256017318055,3.));
#6014=CARTESIAN_POINT('Ctrl Pts',(82.6914465432376,46.3120125704811,3.));
#6015=CARTESIAN_POINT('Ctrl Pts',(82.6890072501877,46.0189636214394,3.));
#6016=CARTESIAN_POINT('',(82.8868231452683,47.5332881672997,0.999999999999998));
#6017=CARTESIAN_POINT('',(82.8868231452683,47.5332881672997,3.));
#6018=CARTESIAN_POINT('Ctrl Pts',(82.8868231452683,47.5332881672997,0.999999999999998));
#6019=CARTESIAN_POINT('Ctrl Pts',(82.829414217486,47.3206916927211,0.999999999999998));
#6020=CARTESIAN_POINT('Ctrl Pts',(82.6957215780937,46.8256017318055,0.999999999999998));
#6021=CARTESIAN_POINT('Ctrl Pts',(82.6914465432376,46.3120125704811,0.999999999999998));
#6022=CARTESIAN_POINT('Ctrl Pts',(82.6890072501877,46.0189636214394,0.999999999999998));
#6023=CARTESIAN_POINT('Ctrl Pts',(83.5246119178513,48.3313776715416,3.));
#6024=CARTESIAN_POINT('Ctrl Pts',(83.5246119178513,48.3313776715416,0.999999999999998));
#6025=CARTESIAN_POINT('Ctrl Pts',(83.3873654115835,48.2280677688603,3.));
#6026=CARTESIAN_POINT('Ctrl Pts',(83.3873654115835,48.2280677688603,0.999999999999998));
#6027=CARTESIAN_POINT('Ctrl Pts',(83.1067313475896,48.0168253946195,3.));
#6028=CARTESIAN_POINT('Ctrl Pts',(83.1067313475896,48.0168253946195,0.999999999999998));
#6029=CARTESIAN_POINT('Ctrl Pts',(82.961187513592,47.6968015792191,3.));
#6030=CARTESIAN_POINT('Ctrl Pts',(82.961187513592,47.6968015792191,0.999999999999998));
#6031=CARTESIAN_POINT('Ctrl Pts',(82.8868231452683,47.5332881672997,3.));
#6032=CARTESIAN_POINT('Ctrl Pts',(82.8868231452683,47.5332881672997,0.999999999999998));
#6033=CARTESIAN_POINT('',(83.5246119178513,48.3313776715416,3.));
#6034=CARTESIAN_POINT('Ctrl Pts',(83.5246119178513,48.3313776715416,3.));
#6035=CARTESIAN_POINT('Ctrl Pts',(83.3873654115835,48.2280677688603,3.));
#6036=CARTESIAN_POINT('Ctrl Pts',(83.1067313475896,48.0168253946195,3.));
#6037=CARTESIAN_POINT('Ctrl Pts',(82.961187513592,47.6968015792191,3.));
#6038=CARTESIAN_POINT('Ctrl Pts',(82.8868231452683,47.5332881672997,3.));
#6039=CARTESIAN_POINT('',(83.5246119178513,48.3313776715416,0.999999999999998));
#6040=CARTESIAN_POINT('',(83.5246119178513,48.3313776715416,3.));
#6041=CARTESIAN_POINT('Ctrl Pts',(83.5246119178513,48.3313776715416,0.999999999999998));
#6042=CARTESIAN_POINT('Ctrl Pts',(83.3873654115835,48.2280677688603,0.999999999999998));
#6043=CARTESIAN_POINT('Ctrl Pts',(83.1067313475896,48.0168253946195,0.999999999999998));
#6044=CARTESIAN_POINT('Ctrl Pts',(82.961187513592,47.6968015792191,0.999999999999998));
#6045=CARTESIAN_POINT('Ctrl Pts',(82.8868231452683,47.5332881672997,0.999999999999998));
#6046=CARTESIAN_POINT('Ctrl Pts',(84.4830021537522,48.6042292578835,3.));
#6047=CARTESIAN_POINT('Ctrl Pts',(84.4830021537522,48.6042292578835,0.999999999999998));
#6048=CARTESIAN_POINT('Ctrl Pts',(84.3134918391815,48.5928768572581,3.));
#6049=CARTESIAN_POINT('Ctrl Pts',(84.3134918391815,48.5928768572581,0.999999999999998));
#6050=CARTESIAN_POINT('Ctrl Pts',(83.9745929233933,48.5701802073624,3.));
#6051=CARTESIAN_POINT('Ctrl Pts',(83.9745929233933,48.5701802073624,0.999999999999998));
#6052=CARTESIAN_POINT('Ctrl Pts',(83.6745696692283,48.4109594557809,3.));
#6053=CARTESIAN_POINT('Ctrl Pts',(83.6745696692283,48.4109594557809,0.999999999999998));
#6054=CARTESIAN_POINT('Ctrl Pts',(83.5246119178513,48.3313776715416,3.));
#6055=CARTESIAN_POINT('Ctrl Pts',(83.5246119178513,48.3313776715416,0.999999999999998));
#6056=CARTESIAN_POINT('',(84.4830021537522,48.6042292578835,3.));
#6057=CARTESIAN_POINT('Ctrl Pts',(84.4830021537522,48.6042292578835,3.));
#6058=CARTESIAN_POINT('Ctrl Pts',(84.3134918391815,48.5928768572581,3.));
#6059=CARTESIAN_POINT('Ctrl Pts',(83.9745929233933,48.5701802073624,3.));
#6060=CARTESIAN_POINT('Ctrl Pts',(83.6745696692283,48.4109594557809,3.));
#6061=CARTESIAN_POINT('Ctrl Pts',(83.5246119178513,48.3313776715416,3.));
#6062=CARTESIAN_POINT('',(84.4830021537522,48.6042292578835,0.999999999999998));
#6063=CARTESIAN_POINT('',(84.4830021537522,48.6042292578835,3.));
#6064=CARTESIAN_POINT('Ctrl Pts',(84.4830021537522,48.6042292578835,0.999999999999998));
#6065=CARTESIAN_POINT('Ctrl Pts',(84.3134918391815,48.5928768572581,0.999999999999998));
#6066=CARTESIAN_POINT('Ctrl Pts',(83.9745929233933,48.5701802073624,0.999999999999998));
#6067=CARTESIAN_POINT('Ctrl Pts',(83.6745696692283,48.4109594557809,0.999999999999998));
#6068=CARTESIAN_POINT('Ctrl Pts',(83.5246119178513,48.3313776715416,0.999999999999998));
#6069=CARTESIAN_POINT('Ctrl Pts',(85.4652676261643,48.1949521763939,3.));
#6070=CARTESIAN_POINT('Ctrl Pts',(85.4652676261643,48.1949521763939,0.999999999999998));
#6071=CARTESIAN_POINT('Ctrl Pts',(85.3408243386799,48.3140902813821,3.));
#6072=CARTESIAN_POINT('Ctrl Pts',(85.3408243386799,48.3140902813821,0.999999999999998));
#6073=CARTESIAN_POINT('Ctrl Pts',(85.0683950153535,48.5749055811094,3.));
#6074=CARTESIAN_POINT('Ctrl Pts',(85.0683950153535,48.5749055811094,0.999999999999998));
#6075=CARTESIAN_POINT('Ctrl Pts',(84.6890602035103,48.5939073355572,3.));
#6076=CARTESIAN_POINT('Ctrl Pts',(84.6890602035103,48.5939073355572,0.999999999999998));
#6077=CARTESIAN_POINT('Ctrl Pts',(84.4830021537522,48.6042292578835,3.));
#6078=CARTESIAN_POINT('Ctrl Pts',(84.4830021537522,48.6042292578835,0.999999999999998));
#6079=CARTESIAN_POINT('',(85.4652676261643,48.1949521763939,3.));
#6080=CARTESIAN_POINT('Ctrl Pts',(85.4652676261643,48.1949521763939,3.));
#6081=CARTESIAN_POINT('Ctrl Pts',(85.3408243386799,48.3140902813821,3.));
#6082=CARTESIAN_POINT('Ctrl Pts',(85.0683950153535,48.5749055811094,3.));
#6083=CARTESIAN_POINT('Ctrl Pts',(84.6890602035103,48.5939073355572,3.));
#6084=CARTESIAN_POINT('Ctrl Pts',(84.4830021537522,48.6042292578835,3.));
#6085=CARTESIAN_POINT('',(85.4652676261643,48.1949521763939,0.999999999999998));
#6086=CARTESIAN_POINT('',(85.4652676261643,48.1949521763939,3.));
#6087=CARTESIAN_POINT('Ctrl Pts',(85.4652676261643,48.1949521763939,0.999999999999998));
#6088=CARTESIAN_POINT('Ctrl Pts',(85.3408243386799,48.3140902813821,0.999999999999998));
#6089=CARTESIAN_POINT('Ctrl Pts',(85.0683950153535,48.5749055811094,0.999999999999998));
#6090=CARTESIAN_POINT('Ctrl Pts',(84.6890602035103,48.5939073355572,0.999999999999998));
#6091=CARTESIAN_POINT('Ctrl Pts',(84.4830021537522,48.6042292578835,0.999999999999998));
#6092=CARTESIAN_POINT('Ctrl Pts',(85.7654032386521,46.9671215279717,3.));
#6093=CARTESIAN_POINT('Ctrl Pts',(85.7654032386521,46.9671215279717,0.999999999999998));
#6094=CARTESIAN_POINT('Ctrl Pts',(85.7605662712615,47.21122123035,3.));
#6095=CARTESIAN_POINT('Ctrl Pts',(85.7605662712615,47.21122123035,0.999999999999998));
#6096=CARTESIAN_POINT('Ctrl Pts',(85.751975221283,47.6447723737733,3.));
#6097=CARTESIAN_POINT('Ctrl Pts',(85.751975221283,47.6447723737733,0.999999999999998));
#6098=CARTESIAN_POINT('Ctrl Pts',(85.5524537284501,48.0276457172574,3.));
#6099=CARTESIAN_POINT('Ctrl Pts',(85.5524537284501,48.0276457172574,0.999999999999998));
#6100=CARTESIAN_POINT('Ctrl Pts',(85.4652676261643,48.1949521763939,3.));
#6101=CARTESIAN_POINT('Ctrl Pts',(85.4652676261643,48.1949521763939,0.999999999999998));
#6102=CARTESIAN_POINT('',(85.7654032386521,46.9671215279717,3.));
#6103=CARTESIAN_POINT('Ctrl Pts',(85.7654032386521,46.9671215279717,3.));
#6104=CARTESIAN_POINT('Ctrl Pts',(85.7605662712615,47.21122123035,3.));
#6105=CARTESIAN_POINT('Ctrl Pts',(85.751975221283,47.6447723737733,3.));
#6106=CARTESIAN_POINT('Ctrl Pts',(85.5524537284501,48.0276457172574,3.));
#6107=CARTESIAN_POINT('Ctrl Pts',(85.4652676261643,48.1949521763939,3.));
#6108=CARTESIAN_POINT('',(85.7654032386521,46.9671215279717,0.999999999999998));
#6109=CARTESIAN_POINT('',(85.7654032386521,46.9671215279717,3.));
#6110=CARTESIAN_POINT('Ctrl Pts',(85.7654032386521,46.9671215279717,0.999999999999998));
#6111=CARTESIAN_POINT('Ctrl Pts',(85.7605662712615,47.21122123035,0.999999999999998));
#6112=CARTESIAN_POINT('Ctrl Pts',(85.751975221283,47.6447723737733,0.999999999999998));
#6113=CARTESIAN_POINT('Ctrl Pts',(85.5524537284501,48.0276457172574,0.999999999999998));
#6114=CARTESIAN_POINT('Ctrl Pts',(85.4652676261643,48.1949521763939,0.999999999999998));
#6115=CARTESIAN_POINT('Origin',(85.7654032386521,42.2604365809578,3.));
#6116=CARTESIAN_POINT('',(85.7654032386521,42.2604365809578,3.));
#6117=CARTESIAN_POINT('',(85.7654032386521,37.7552185382107,3.));
#6118=CARTESIAN_POINT('',(85.7654032386521,42.2604365809578,0.999999999999998));
#6119=CARTESIAN_POINT('',(85.7654032386521,42.2604365809578,3.));
#6120=CARTESIAN_POINT('',(85.7654032386521,42.2604365809578,0.999999999999998));
#6121=CARTESIAN_POINT('Origin',(86.9932350791672,42.2604365809578,3.));
#6122=CARTESIAN_POINT('',(86.9932350791672,42.2604365809578,3.));
#6123=CARTESIAN_POINT('',(71.8716179624041,42.2604365809579,3.));
#6124=CARTESIAN_POINT('',(86.9932350791672,42.2604365809578,0.999999999999998));
#6125=CARTESIAN_POINT('',(86.9932350791672,42.2604365809578,3.));
#6126=CARTESIAN_POINT('',(86.9932350791672,42.2604365809578,0.999999999999998));
#6127=CARTESIAN_POINT('Origin',(86.9932350791672,46.469168232264,3.));
#6128=CARTESIAN_POINT('',(86.9932350791672,46.469168232264,3.));
#6129=CARTESIAN_POINT('',(86.9932350791672,39.8595843638638,3.));
#6130=CARTESIAN_POINT('',(86.9932350791672,46.469168232264,0.999999999999998));
#6131=CARTESIAN_POINT('',(86.9932350791672,46.469168232264,3.));
#6132=CARTESIAN_POINT('',(86.9932350791672,46.469168232264,0.999999999999998));
#6133=CARTESIAN_POINT('Ctrl Pts',(87.4980101264695,48.0960436328072,3.));
#6134=CARTESIAN_POINT('Ctrl Pts',(87.4980101264695,48.0960436328072,0.999999999999998));
#6135=CARTESIAN_POINT('Ctrl Pts',(87.3513472489932,47.8826719261888,3.));
#6136=CARTESIAN_POINT('Ctrl Pts',(87.3513472489932,47.8826719261888,0.999999999999998));
#6137=CARTESIAN_POINT('Ctrl Pts',(87.0170605618036,47.3963367187197,3.));
#6138=CARTESIAN_POINT('Ctrl Pts',(87.0170605618036,47.3963367187197,0.999999999999998));
#6139=CARTESIAN_POINT('Ctrl Pts',(87.0018002025878,46.8024799489419,3.));
#6140=CARTESIAN_POINT('Ctrl Pts',(87.0018002025878,46.8024799489419,0.999999999999998));
#6141=CARTESIAN_POINT('Ctrl Pts',(86.9932350791672,46.469168232264,3.));
#6142=CARTESIAN_POINT('Ctrl Pts',(86.9932350791672,46.469168232264,0.999999999999998));
#6143=CARTESIAN_POINT('',(87.4980101264695,48.0960436328072,3.));
#6144=CARTESIAN_POINT('Ctrl Pts',(87.4980101264695,48.0960436328072,3.));
#6145=CARTESIAN_POINT('Ctrl Pts',(87.3513472489932,47.8826719261888,3.));
#6146=CARTESIAN_POINT('Ctrl Pts',(87.0170605618036,47.3963367187197,3.));
#6147=CARTESIAN_POINT('Ctrl Pts',(87.0018002025878,46.8024799489419,3.));
#6148=CARTESIAN_POINT('Ctrl Pts',(86.9932350791672,46.469168232264,3.));
#6149=CARTESIAN_POINT('',(87.4980101264695,48.0960436328072,0.999999999999998));
#6150=CARTESIAN_POINT('',(87.4980101264695,48.0960436328072,3.));
#6151=CARTESIAN_POINT('Ctrl Pts',(87.4980101264695,48.0960436328072,0.999999999999998));
#6152=CARTESIAN_POINT('Ctrl Pts',(87.3513472489932,47.8826719261888,0.999999999999998));
#6153=CARTESIAN_POINT('Ctrl Pts',(87.0170605618036,47.3963367187197,0.999999999999998));
#6154=CARTESIAN_POINT('Ctrl Pts',(87.0018002025878,46.8024799489419,0.999999999999998));
#6155=CARTESIAN_POINT('Ctrl Pts',(86.9932350791672,46.469168232264,0.999999999999998));
#6156=CARTESIAN_POINT('Ctrl Pts',(88.7667689002732,48.6042292578835,3.));
#6157=CARTESIAN_POINT('Ctrl Pts',(88.7667689002732,48.6042292578835,1.));
#6158=CARTESIAN_POINT('Ctrl Pts',(88.5244940404866,48.5846327275323,3.));
#6159=CARTESIAN_POINT('Ctrl Pts',(88.5244940404866,48.5846327275323,1.));
#6160=CARTESIAN_POINT('Ctrl Pts',(88.048570794809,48.5461374237399,3.));
#6161=CARTESIAN_POINT('Ctrl Pts',(88.048570794809,48.5461374237399,0.999999999999998));
#6162=CARTESIAN_POINT('Ctrl Pts',(87.6792992391814,48.244250921645,3.));
#6163=CARTESIAN_POINT('Ctrl Pts',(87.6792992391814,48.244250921645,0.999999999999998));
#6164=CARTESIAN_POINT('Ctrl Pts',(87.4980101264695,48.0960436328072,3.));
#6165=CARTESIAN_POINT('Ctrl Pts',(87.4980101264695,48.0960436328072,0.999999999999998));
#6166=CARTESIAN_POINT('',(88.7667689002732,48.6042292578835,3.));
#6167=CARTESIAN_POINT('Ctrl Pts',(88.7667689002732,48.6042292578835,3.));
#6168=CARTESIAN_POINT('Ctrl Pts',(88.5244940404866,48.5846327275323,3.));
#6169=CARTESIAN_POINT('Ctrl Pts',(88.048570794809,48.5461374237399,3.));
#6170=CARTESIAN_POINT('Ctrl Pts',(87.6792992391814,48.244250921645,3.));
#6171=CARTESIAN_POINT('Ctrl Pts',(87.4980101264695,48.0960436328072,3.));
#6172=CARTESIAN_POINT('',(88.7667689002732,48.6042292578835,1.));
#6173=CARTESIAN_POINT('',(88.7667689002732,48.6042292578835,3.));
#6174=CARTESIAN_POINT('Ctrl Pts',(88.7667689002732,48.6042292578835,1.));
#6175=CARTESIAN_POINT('Ctrl Pts',(88.5244940404866,48.5846327275323,1.));
#6176=CARTESIAN_POINT('Ctrl Pts',(88.048570794809,48.5461374237399,0.999999999999998));
#6177=CARTESIAN_POINT('Ctrl Pts',(87.6792992391814,48.244250921645,0.999999999999998));
#6178=CARTESIAN_POINT('Ctrl Pts',(87.4980101264695,48.0960436328072,0.999999999999998));
#6179=CARTESIAN_POINT('Ctrl Pts',(89.5034680045823,48.40641217071,3.));
#6180=CARTESIAN_POINT('Ctrl Pts',(89.5034680045823,48.40641217071,1.));
#6181=CARTESIAN_POINT('Ctrl Pts',(89.3920327287933,48.4640897277816,3.));
#6182=CARTESIAN_POINT('Ctrl Pts',(89.3920327287933,48.4640897277816,1.));
#6183=CARTESIAN_POINT('Ctrl Pts',(89.1611383493098,48.5835978786419,3.));
#6184=CARTESIAN_POINT('Ctrl Pts',(89.1611383493098,48.5835978786419,1.));
#6185=CARTESIAN_POINT('Ctrl Pts',(88.9012360118288,48.5971946308839,3.));
#6186=CARTESIAN_POINT('Ctrl Pts',(88.9012360118288,48.5971946308839,1.));
#6187=CARTESIAN_POINT('Ctrl Pts',(88.7667689002732,48.6042292578835,3.));
#6188=CARTESIAN_POINT('Ctrl Pts',(88.7667689002732,48.6042292578835,1.));
#6189=CARTESIAN_POINT('',(89.5034680045823,48.40641217071,3.));
#6190=CARTESIAN_POINT('Ctrl Pts',(89.5034680045823,48.40641217071,3.));
#6191=CARTESIAN_POINT('Ctrl Pts',(89.3920327287933,48.4640897277816,3.));
#6192=CARTESIAN_POINT('Ctrl Pts',(89.1611383493098,48.5835978786419,3.));
#6193=CARTESIAN_POINT('Ctrl Pts',(88.9012360118288,48.5971946308839,3.));
#6194=CARTESIAN_POINT('Ctrl Pts',(88.7667689002732,48.6042292578835,3.));
#6195=CARTESIAN_POINT('',(89.5034680045823,48.40641217071,1.));
#6196=CARTESIAN_POINT('',(89.5034680045823,48.40641217071,3.));
#6197=CARTESIAN_POINT('Ctrl Pts',(89.5034680045823,48.40641217071,1.));
#6198=CARTESIAN_POINT('Ctrl Pts',(89.3920327287933,48.4640897277816,1.));
#6199=CARTESIAN_POINT('Ctrl Pts',(89.1611383493098,48.5835978786419,1.));
#6200=CARTESIAN_POINT('Ctrl Pts',(88.9012360118288,48.5971946308839,1.));
#6201=CARTESIAN_POINT('Ctrl Pts',(88.7667689002732,48.6042292578835,1.));
#6202=CARTESIAN_POINT('Ctrl Pts',(89.9366173423508,47.8845842345375,3.));
#6203=CARTESIAN_POINT('Ctrl Pts',(89.9366173423508,47.8845842345375,1.));
#6204=CARTESIAN_POINT('Ctrl Pts',(89.8877438714735,47.9879407886845,3.));
#6205=CARTESIAN_POINT('Ctrl Pts',(89.8877438714735,47.9879407886845,1.));
#6206=CARTESIAN_POINT('Ctrl Pts',(89.7880638771931,48.1987418744529,3.));
#6207=CARTESIAN_POINT('Ctrl Pts',(89.7880638771931,48.1987418744529,1.));
#6208=CARTESIAN_POINT('Ctrl Pts',(89.5995518736544,48.3362995391645,3.));
#6209=CARTESIAN_POINT('Ctrl Pts',(89.5995518736544,48.3362995391645,1.));
#6210=CARTESIAN_POINT('Ctrl Pts',(89.5034680045823,48.40641217071,3.));
#6211=CARTESIAN_POINT('Ctrl Pts',(89.5034680045823,48.40641217071,1.));
#6212=CARTESIAN_POINT('',(89.9366173423508,47.8845842345375,3.));
#6213=CARTESIAN_POINT('Ctrl Pts',(89.9366173423508,47.8845842345375,3.));
#6214=CARTESIAN_POINT('Ctrl Pts',(89.8877438714735,47.9879407886845,3.));
#6215=CARTESIAN_POINT('Ctrl Pts',(89.7880638771931,48.1987418744529,3.));
#6216=CARTESIAN_POINT('Ctrl Pts',(89.5995518736544,48.3362995391645,3.));
#6217=CARTESIAN_POINT('Ctrl Pts',(89.5034680045823,48.40641217071,3.));
#6218=CARTESIAN_POINT('',(89.9366173423508,47.8845842345375,1.));
#6219=CARTESIAN_POINT('',(89.9366173423508,47.8845842345375,3.));
#6220=CARTESIAN_POINT('Ctrl Pts',(89.9366173423508,47.8845842345375,1.));
#6221=CARTESIAN_POINT('Ctrl Pts',(89.8877438714735,47.9879407886845,1.));
#6222=CARTESIAN_POINT('Ctrl Pts',(89.7880638771931,48.1987418744529,1.));
#6223=CARTESIAN_POINT('Ctrl Pts',(89.5995518736544,48.3362995391645,1.));
#6224=CARTESIAN_POINT('Ctrl Pts',(89.5034680045823,48.40641217071,1.));
#6225=CARTESIAN_POINT('Ctrl Pts',(90.0559935249069,46.8238742812294,3.));
#6226=CARTESIAN_POINT('Ctrl Pts',(90.0559935249069,46.8238742812294,1.));
#6227=CARTESIAN_POINT('Ctrl Pts',(90.0559453436752,47.0363122432462,3.));
#6228=CARTESIAN_POINT('Ctrl Pts',(90.0559453436752,47.0363122432462,1.));
#6229=CARTESIAN_POINT('Ctrl Pts',(90.0558640049916,47.3949461672262,3.));
#6230=CARTESIAN_POINT('Ctrl Pts',(90.0558640049916,47.3949461672262,1.));
#6231=CARTESIAN_POINT('Ctrl Pts',(89.9711505208355,47.7427877398022,3.));
#6232=CARTESIAN_POINT('Ctrl Pts',(89.9711505208355,47.7427877398022,1.));
#6233=CARTESIAN_POINT('Ctrl Pts',(89.9366173423508,47.8845842345375,3.));
#6234=CARTESIAN_POINT('Ctrl Pts',(89.9366173423508,47.8845842345375,1.));
#6235=CARTESIAN_POINT('',(90.0559935249069,46.8238742812294,3.));
#6236=CARTESIAN_POINT('Ctrl Pts',(90.0559935249069,46.8238742812294,3.));
#6237=CARTESIAN_POINT('Ctrl Pts',(90.0559453436752,47.0363122432462,3.));
#6238=CARTESIAN_POINT('Ctrl Pts',(90.0558640049916,47.3949461672262,3.));
#6239=CARTESIAN_POINT('Ctrl Pts',(89.9711505208355,47.7427877398022,3.));
#6240=CARTESIAN_POINT('Ctrl Pts',(89.9366173423508,47.8845842345375,3.));
#6241=CARTESIAN_POINT('',(90.0559935249069,46.8238742812294,1.));
#6242=CARTESIAN_POINT('',(90.0559935249069,46.8238742812294,3.));
#6243=CARTESIAN_POINT('Ctrl Pts',(90.0559935249069,46.8238742812294,1.));
#6244=CARTESIAN_POINT('Ctrl Pts',(90.0559453436752,47.0363122432462,1.));
#6245=CARTESIAN_POINT('Ctrl Pts',(90.0558640049916,47.3949461672262,1.));
#6246=CARTESIAN_POINT('Ctrl Pts',(89.9711505208355,47.7427877398022,1.));
#6247=CARTESIAN_POINT('Ctrl Pts',(89.9366173423508,47.8845842345375,1.));
#6248=CARTESIAN_POINT('Origin',(90.0559935249069,42.2604365809578,3.));
#6249=CARTESIAN_POINT('',(90.0559935249069,42.2604365809578,3.));
#6250=CARTESIAN_POINT('',(90.0559935249069,37.7552185382107,3.));
#6251=CARTESIAN_POINT('',(90.0559935249069,42.2604365809578,1.));
#6252=CARTESIAN_POINT('',(90.0559935249069,42.2604365809578,3.));
#6253=CARTESIAN_POINT('',(90.0559935249069,42.2604365809578,1.));
#6254=CARTESIAN_POINT('Origin',(91.2770018256882,42.2604365809578,3.));
#6255=CARTESIAN_POINT('',(91.2770018256882,42.2604365809578,3.));
#6256=CARTESIAN_POINT('',(74.0135013356646,42.2604365809579,3.));
#6257=CARTESIAN_POINT('',(91.2770018256882,42.2604365809578,1.));
#6258=CARTESIAN_POINT('',(91.2770018256882,42.2604365809578,3.));
#6259=CARTESIAN_POINT('',(91.2770018256882,42.2604365809578,1.));
#6260=CARTESIAN_POINT('Origin',(91.2770018256882,47.233151362719,3.));
#6261=CARTESIAN_POINT('',(91.2770018256882,47.233151362719,3.));
#6262=CARTESIAN_POINT('',(91.2770018256882,40.2415759290912,3.));
#6263=CARTESIAN_POINT('',(91.2770018256882,47.233151362719,1.));
#6264=CARTESIAN_POINT('',(91.2770018256882,47.233151362719,3.));
#6265=CARTESIAN_POINT('',(91.2770018256882,47.233151362719,1.));
#6266=CARTESIAN_POINT('Ctrl Pts',(90.6971916831711,49.0714873536248,3.));
#6267=CARTESIAN_POINT('Ctrl Pts',(90.6971916831711,49.0714873536248,1.));
#6268=CARTESIAN_POINT('Ctrl Pts',(90.8657775785906,48.8268338885306,3.));
#6269=CARTESIAN_POINT('Ctrl Pts',(90.8657775785906,48.8268338885306,1.));
#6270=CARTESIAN_POINT('Ctrl Pts',(91.2446392013154,48.2770262752652,3.));
#6271=CARTESIAN_POINT('Ctrl Pts',(91.2446392013154,48.2770262752652,1.));
#6272=CARTESIAN_POINT('Ctrl Pts',(91.2654509125146,47.6057326571153,3.));
#6273=CARTESIAN_POINT('Ctrl Pts',(91.2654509125146,47.6057326571153,1.));
#6274=CARTESIAN_POINT('Ctrl Pts',(91.2770018256882,47.233151362719,3.));
#6275=CARTESIAN_POINT('Ctrl Pts',(91.2770018256882,47.233151362719,1.));
#6276=CARTESIAN_POINT('',(90.6971916831711,49.0714873536248,3.));
#6277=CARTESIAN_POINT('Ctrl Pts',(90.6971916831711,49.0714873536248,3.));
#6278=CARTESIAN_POINT('Ctrl Pts',(90.8657775785906,48.8268338885306,3.));
#6279=CARTESIAN_POINT('Ctrl Pts',(91.2446392013154,48.2770262752652,3.));
#6280=CARTESIAN_POINT('Ctrl Pts',(91.2654509125146,47.6057326571153,3.));
#6281=CARTESIAN_POINT('Ctrl Pts',(91.2770018256882,47.233151362719,3.));
#6282=CARTESIAN_POINT('',(90.6971916831711,49.0714873536248,1.));
#6283=CARTESIAN_POINT('',(90.6971916831711,49.0714873536248,3.));
#6284=CARTESIAN_POINT('Ctrl Pts',(90.6971916831711,49.0714873536248,1.));
#6285=CARTESIAN_POINT('Ctrl Pts',(90.8657775785906,48.8268338885306,1.));
#6286=CARTESIAN_POINT('Ctrl Pts',(91.2446392013154,48.2770262752652,1.));
#6287=CARTESIAN_POINT('Ctrl Pts',(91.2654509125146,47.6057326571153,1.));
#6288=CARTESIAN_POINT('Ctrl Pts',(91.2770018256882,47.233151362719,1.));
#6289=CARTESIAN_POINT('Ctrl Pts',(89.0396198905686,49.6683491929192,3.));
#6290=CARTESIAN_POINT('Ctrl Pts',(89.0396198905686,49.6683491929192,1.));
#6291=CARTESIAN_POINT('Ctrl Pts',(89.3697964065271,49.6515311359816,3.));
#6292=CARTESIAN_POINT('Ctrl Pts',(89.3697964065271,49.6515311359816,1.));
#6293=CARTESIAN_POINT('Ctrl Pts',(89.9855404275819,49.6201672518027,3.));
#6294=CARTESIAN_POINT('Ctrl Pts',(89.9855404275819,49.6201672518027,1.));
#6295=CARTESIAN_POINT('Ctrl Pts',(90.4717152883168,49.2453286338847,3.));
#6296=CARTESIAN_POINT('Ctrl Pts',(90.4717152883168,49.2453286338847,1.));
#6297=CARTESIAN_POINT('Ctrl Pts',(90.6971916831711,49.0714873536248,3.));
#6298=CARTESIAN_POINT('Ctrl Pts',(90.6971916831711,49.0714873536248,1.));
#6299=CARTESIAN_POINT('',(89.0396198905686,49.6683491929192,3.));
#6300=CARTESIAN_POINT('Ctrl Pts',(89.0396198905686,49.6683491929192,3.));
#6301=CARTESIAN_POINT('Ctrl Pts',(89.3697964065271,49.6515311359816,3.));
#6302=CARTESIAN_POINT('Ctrl Pts',(89.9855404275819,49.6201672518027,3.));
#6303=CARTESIAN_POINT('Ctrl Pts',(90.4717152883168,49.2453286338847,3.));
#6304=CARTESIAN_POINT('Ctrl Pts',(90.6971916831711,49.0714873536248,3.));
#6305=CARTESIAN_POINT('',(89.0396198905686,49.6683491929192,1.));
#6306=CARTESIAN_POINT('',(89.0396198905686,49.6683491929192,3.));
#6307=CARTESIAN_POINT('Ctrl Pts',(89.0396198905686,49.6683491929192,1.));
#6308=CARTESIAN_POINT('Ctrl Pts',(89.3697964065271,49.6515311359816,1.));
#6309=CARTESIAN_POINT('Ctrl Pts',(89.9855404275819,49.6201672518027,1.));
#6310=CARTESIAN_POINT('Ctrl Pts',(90.4717152883168,49.2453286338847,1.));
#6311=CARTESIAN_POINT('Ctrl Pts',(90.6971916831711,49.0714873536248,1.));
#6312=CARTESIAN_POINT('Ctrl Pts',(86.802237955449,48.3995910151619,3.));
#6313=CARTESIAN_POINT('Ctrl Pts',(86.802237955449,48.3995910151619,0.999999999999998));
#6314=CARTESIAN_POINT('Ctrl Pts',(87.102601928436,48.7695351256236,3.));
#6315=CARTESIAN_POINT('Ctrl Pts',(87.102601928436,48.7695351256236,0.999999999999998));
#6316=CARTESIAN_POINT('Ctrl Pts',(87.6848273183701,49.486634622695,3.));
#6317=CARTESIAN_POINT('Ctrl Pts',(87.6848273183701,49.486634622695,0.999999999999998));
#6318=CARTESIAN_POINT('Ctrl Pts',(88.5976923538578,49.6090746780956,3.));
#6319=CARTESIAN_POINT('Ctrl Pts',(88.5976923538578,49.6090746780956,1.));
#6320=CARTESIAN_POINT('Ctrl Pts',(89.0396198905686,49.6683491929192,3.));
#6321=CARTESIAN_POINT('Ctrl Pts',(89.0396198905686,49.6683491929192,1.));
#6322=CARTESIAN_POINT('',(86.802237955449,48.3995910151619,3.));
#6323=CARTESIAN_POINT('Ctrl Pts',(86.802237955449,48.3995910151619,3.));
#6324=CARTESIAN_POINT('Ctrl Pts',(87.102601928436,48.7695351256236,3.));
#6325=CARTESIAN_POINT('Ctrl Pts',(87.6848273183701,49.486634622695,3.));
#6326=CARTESIAN_POINT('Ctrl Pts',(88.5976923538578,49.6090746780956,3.));
#6327=CARTESIAN_POINT('Ctrl Pts',(89.0396198905686,49.6683491929192,3.));
#6328=CARTESIAN_POINT('',(86.802237955449,48.3995910151619,0.999999999999998));
#6329=CARTESIAN_POINT('',(86.802237955449,48.3995910151619,3.));
#6330=CARTESIAN_POINT('Ctrl Pts',(86.802237955449,48.3995910151619,0.999999999999998));
#6331=CARTESIAN_POINT('Ctrl Pts',(87.102601928436,48.7695351256236,0.999999999999998));
#6332=CARTESIAN_POINT('Ctrl Pts',(87.6848273183701,49.486634622695,0.999999999999998));
#6333=CARTESIAN_POINT('Ctrl Pts',(88.5976923538578,49.6090746780956,1.));
#6334=CARTESIAN_POINT('Ctrl Pts',(89.0396198905686,49.6683491929192,1.));
#6335=CARTESIAN_POINT('Ctrl Pts',(86.0757717765549,49.334106610598,3.));
#6336=CARTESIAN_POINT('Ctrl Pts',(86.0757717765549,49.334106610598,0.999999999999998));
#6337=CARTESIAN_POINT('Ctrl Pts',(86.2351270014648,49.2106497815123,3.));
#6338=CARTESIAN_POINT('Ctrl Pts',(86.2351270014648,49.2106497815123,0.999999999999998));
#6339=CARTESIAN_POINT('Ctrl Pts',(86.5569735043361,48.9613065377039,3.));
#6340=CARTESIAN_POINT('Ctrl Pts',(86.5569735043361,48.9613065377039,0.999999999999998));
#6341=CARTESIAN_POINT('Ctrl Pts',(86.7199537817235,48.5880418788375,3.));
#6342=CARTESIAN_POINT('Ctrl Pts',(86.7199537817235,48.5880418788375,0.999999999999998));
#6343=CARTESIAN_POINT('Ctrl Pts',(86.802237955449,48.3995910151619,3.));
#6344=CARTESIAN_POINT('Ctrl Pts',(86.802237955449,48.3995910151619,0.999999999999998));
#6345=CARTESIAN_POINT('',(86.0757717765549,49.334106610598,3.));
#6346=CARTESIAN_POINT('Ctrl Pts',(86.0757717765549,49.334106610598,3.));
#6347=CARTESIAN_POINT('Ctrl Pts',(86.2351270014648,49.2106497815123,3.));
#6348=CARTESIAN_POINT('Ctrl Pts',(86.5569735043361,48.9613065377039,3.));
#6349=CARTESIAN_POINT('Ctrl Pts',(86.7199537817235,48.5880418788375,3.));
#6350=CARTESIAN_POINT('Ctrl Pts',(86.802237955449,48.3995910151619,3.));
#6351=CARTESIAN_POINT('',(86.0757717765549,49.334106610598,0.999999999999998));
#6352=CARTESIAN_POINT('',(86.0757717765549,49.334106610598,3.));
#6353=CARTESIAN_POINT('Ctrl Pts',(86.0757717765549,49.334106610598,0.999999999999998));
#6354=CARTESIAN_POINT('Ctrl Pts',(86.2351270014648,49.2106497815123,0.999999999999998));
#6355=CARTESIAN_POINT('Ctrl Pts',(86.5569735043361,48.9613065377039,0.999999999999998));
#6356=CARTESIAN_POINT('Ctrl Pts',(86.7199537817235,48.5880418788375,0.999999999999998));
#6357=CARTESIAN_POINT('Ctrl Pts',(86.802237955449,48.3995910151619,0.999999999999998));
#6358=CARTESIAN_POINT('Ctrl Pts',(84.7558531440476,49.6683491929192,3.));
#6359=CARTESIAN_POINT('Ctrl Pts',(84.7558531440476,49.6683491929192,0.999999999999998));
#6360=CARTESIAN_POINT('Ctrl Pts',(85.0048542634977,49.6588691799413,3.));
#6361=CARTESIAN_POINT('Ctrl Pts',(85.0048542634977,49.6588691799413,0.999999999999998));
#6362=CARTESIAN_POINT('Ctrl Pts',(85.4696035886424,49.6411751645746,3.));
#6363=CARTESIAN_POINT('Ctrl Pts',(85.4696035886424,49.6411751645746,0.999999999999998));
#6364=CARTESIAN_POINT('Ctrl Pts',(85.8835893027553,49.4314610998406,3.));
#6365=CARTESIAN_POINT('Ctrl Pts',(85.8835893027553,49.4314610998406,0.999999999999998));
#6366=CARTESIAN_POINT('Ctrl Pts',(86.0757717765549,49.334106610598,3.));
#6367=CARTESIAN_POINT('Ctrl Pts',(86.0757717765549,49.334106610598,0.999999999999998));
#6368=CARTESIAN_POINT('',(84.7558531440476,49.6683491929192,3.));
#6369=CARTESIAN_POINT('Ctrl Pts',(84.7558531440476,49.6683491929192,3.));
#6370=CARTESIAN_POINT('Ctrl Pts',(85.0048542634977,49.6588691799413,3.));
#6371=CARTESIAN_POINT('Ctrl Pts',(85.4696035886424,49.6411751645746,3.));
#6372=CARTESIAN_POINT('Ctrl Pts',(85.8835893027553,49.4314610998406,3.));
#6373=CARTESIAN_POINT('Ctrl Pts',(86.0757717765549,49.334106610598,3.));
#6374=CARTESIAN_POINT('',(84.7558531440476,49.6683491929192,0.999999999999998));
#6375=CARTESIAN_POINT('',(84.7558531440476,49.6683491929192,3.));
#6376=CARTESIAN_POINT('Ctrl Pts',(84.7558531440476,49.6683491929192,0.999999999999998));
#6377=CARTESIAN_POINT('Ctrl Pts',(85.0048542634977,49.6588691799413,0.999999999999998));
#6378=CARTESIAN_POINT('Ctrl Pts',(85.4696035886424,49.6411751645746,0.999999999999998));
#6379=CARTESIAN_POINT('Ctrl Pts',(85.8835893027553,49.4314610998406,0.999999999999998));
#6380=CARTESIAN_POINT('Ctrl Pts',(86.0757717765549,49.334106610598,0.999999999999998));
#6381=CARTESIAN_POINT('Ctrl Pts',(83.4666332877854,49.3443383439202,3.));
#6382=CARTESIAN_POINT('Ctrl Pts',(83.4666332877854,49.3443383439202,0.999999999999998));
#6383=CARTESIAN_POINT('Ctrl Pts',(83.6649895551043,49.4388222714634,3.));
#6384=CARTESIAN_POINT('Ctrl Pts',(83.6649895551043,49.4388222714634,0.999999999999998));
#6385=CARTESIAN_POINT('Ctrl Pts',(84.0727316471852,49.6330438849532,3.));
#6386=CARTESIAN_POINT('Ctrl Pts',(84.0727316471852,49.6330438849532,0.999999999999998));
#6387=CARTESIAN_POINT('Ctrl Pts',(84.5240763047094,49.6563704267263,3.));
#6388=CARTESIAN_POINT('Ctrl Pts',(84.5240763047094,49.6563704267263,0.999999999999998));
#6389=CARTESIAN_POINT('Ctrl Pts',(84.7558531440476,49.6683491929192,3.));
#6390=CARTESIAN_POINT('Ctrl Pts',(84.7558531440476,49.6683491929192,0.999999999999998));
#6391=CARTESIAN_POINT('',(83.4666332877854,49.3443383439202,3.));
#6392=CARTESIAN_POINT('Ctrl Pts',(83.4666332877854,49.3443383439202,3.));
#6393=CARTESIAN_POINT('Ctrl Pts',(83.6649895551043,49.4388222714634,3.));
#6394=CARTESIAN_POINT('Ctrl Pts',(84.0727316471852,49.6330438849532,3.));
#6395=CARTESIAN_POINT('Ctrl Pts',(84.5240763047094,49.6563704267263,3.));
#6396=CARTESIAN_POINT('Ctrl Pts',(84.7558531440476,49.6683491929192,3.));
#6397=CARTESIAN_POINT('',(83.4666332877854,49.3443383439202,0.999999999999998));
#6398=CARTESIAN_POINT('',(83.4666332877854,49.3443383439202,3.));
#6399=CARTESIAN_POINT('Ctrl Pts',(83.4666332877854,49.3443383439202,0.999999999999998));
#6400=CARTESIAN_POINT('Ctrl Pts',(83.6649895551043,49.4388222714634,0.999999999999998));
#6401=CARTESIAN_POINT('Ctrl Pts',(84.0727316471852,49.6330438849532,0.999999999999998));
#6402=CARTESIAN_POINT('Ctrl Pts',(84.5240763047094,49.6563704267263,0.999999999999998));
#6403=CARTESIAN_POINT('Ctrl Pts',(84.7558531440476,49.6683491929192,0.999999999999998));
#6404=CARTESIAN_POINT('Ctrl Pts',(82.5594029105881,48.4882672293801,3.));
#6405=CARTESIAN_POINT('Ctrl Pts',(82.5594029105881,48.4882672293801,0.999999999999998));
#6406=CARTESIAN_POINT('Ctrl Pts',(82.6832385075218,48.6573900106353,3.));
#6407=CARTESIAN_POINT('Ctrl Pts',(82.6832385075218,48.6573900106353,0.999999999999998));
#6408=CARTESIAN_POINT('Ctrl Pts',(82.9329746257526,48.998455648795,3.));
#6409=CARTESIAN_POINT('Ctrl Pts',(82.9329746257526,48.998455648795,0.999999999999998));
#6410=CARTESIAN_POINT('Ctrl Pts',(83.2877692029904,49.2284103245485,3.));
#6411=CARTESIAN_POINT('Ctrl Pts',(83.2877692029904,49.2284103245485,0.999999999999998));
#6412=CARTESIAN_POINT('Ctrl Pts',(83.4666332877854,49.3443383439202,3.));
#6413=CARTESIAN_POINT('Ctrl Pts',(83.4666332877854,49.3443383439202,0.999999999999998));
#6414=CARTESIAN_POINT('',(82.5594029105881,48.4882672293801,3.));
#6415=CARTESIAN_POINT('Ctrl Pts',(82.5594029105881,48.4882672293801,3.));
#6416=CARTESIAN_POINT('Ctrl Pts',(82.6832385075218,48.6573900106353,3.));
#6417=CARTESIAN_POINT('Ctrl Pts',(82.9329746257526,48.998455648795,3.));
#6418=CARTESIAN_POINT('Ctrl Pts',(83.2877692029904,49.2284103245485,3.));
#6419=CARTESIAN_POINT('Ctrl Pts',(83.4666332877854,49.3443383439202,3.));
#6420=CARTESIAN_POINT('',(82.5594029105881,48.4882672293801,0.999999999999998));
#6421=CARTESIAN_POINT('',(82.5594029105881,48.4882672293801,3.));
#6422=CARTESIAN_POINT('Ctrl Pts',(82.5594029105881,48.4882672293801,0.999999999999998));
#6423=CARTESIAN_POINT('Ctrl Pts',(82.6832385075218,48.6573900106353,0.999999999999998));
#6424=CARTESIAN_POINT('Ctrl Pts',(82.9329746257526,48.998455648795,0.999999999999998));
#6425=CARTESIAN_POINT('Ctrl Pts',(83.2877692029904,49.2284103245485,0.999999999999998));
#6426=CARTESIAN_POINT('Ctrl Pts',(83.4666332877854,49.3443383439202,0.999999999999998));
#6427=CARTESIAN_POINT('Origin',(82.5594029105881,49.5046384795327,3.));
#6428=CARTESIAN_POINT('',(82.5594029105881,49.5046384795327,3.));
#6429=CARTESIAN_POINT('',(82.5594029105881,41.3773194874981,3.));
#6430=CARTESIAN_POINT('',(82.5594029105881,49.5046384795327,0.999999999999998));
#6431=CARTESIAN_POINT('',(82.5594029105881,49.5046384795327,3.));
#6432=CARTESIAN_POINT('',(82.5594029105881,49.5046384795327,0.999999999999998));
#6433=CARTESIAN_POINT('Origin',(81.4611754096726,49.5046384795327,3.));
#6434=CARTESIAN_POINT('',(81.4611754096726,49.5046384795327,3.));
#6435=CARTESIAN_POINT('',(69.1055881276567,49.5046384795327,3.));
#6436=CARTESIAN_POINT('',(81.4611754096726,49.5046384795327,0.999999999999998));
#6437=CARTESIAN_POINT('',(81.4611754096726,49.5046384795327,3.));
#6438=CARTESIAN_POINT('',(81.4611754096726,49.5046384795327,0.999999999999998));
#6439=CARTESIAN_POINT('Origin',(81.4611754096726,42.2604365809578,3.));
#6440=CARTESIAN_POINT('',(81.4611754096726,42.2604365809578,3.));
#6441=CARTESIAN_POINT('',(81.4611754096725,37.7552185382107,3.));
#6442=CARTESIAN_POINT('',(81.4611754096726,42.2604365809578,0.999999999999998));
#6443=CARTESIAN_POINT('',(81.4611754096726,42.2604365809578,3.));
#6444=CARTESIAN_POINT('',(81.4611754096726,42.2604365809578,0.999999999999998));
#6445=CARTESIAN_POINT('Origin',(82.6890072501877,42.2604365809578,3.));
#6446=CARTESIAN_POINT('',(69.7195040479143,42.2604365809579,3.));
#6447=CARTESIAN_POINT('',(82.6890072501877,42.2604365809578,0.999999999999998));
#6448=CARTESIAN_POINT('Origin',(56.5396200023273,47.1785809262414,0.999999999999998));
#6449=CARTESIAN_POINT('Ctrl Pts',(62.5935063041428,44.2181451781411,3.));
#6450=CARTESIAN_POINT('Ctrl Pts',(62.5935063041428,44.2181451781411,0.999999999999998));
#6451=CARTESIAN_POINT('Ctrl Pts',(62.6509108892702,44.3884097081184,3.));
#6452=CARTESIAN_POINT('Ctrl Pts',(62.6509108892702,44.3884097081184,0.999999999999998));
#6453=CARTESIAN_POINT('Ctrl Pts',(62.7848478496969,44.7856726369073,3.));
#6454=CARTESIAN_POINT('Ctrl Pts',(62.7848478496969,44.7856726369073,0.999999999999998));
#6455=CARTESIAN_POINT('Ctrl Pts',(62.7889709840933,45.2058716263588,3.));
#6456=CARTESIAN_POINT('Ctrl Pts',(62.7889709840933,45.2058716263588,0.999999999999998));
#6457=CARTESIAN_POINT('Ctrl Pts',(62.791326967595,45.4459758265634,3.));
#6458=CARTESIAN_POINT('Ctrl Pts',(62.791326967595,45.4459758265634,0.999999999999998));
#6459=CARTESIAN_POINT('',(62.5935063041428,44.2181451781411,3.));
#6460=CARTESIAN_POINT('',(62.791326967595,45.4459758265634,3.));
#6461=CARTESIAN_POINT('Ctrl Pts',(62.5935063041428,44.2181451781411,3.));
#6462=CARTESIAN_POINT('Ctrl Pts',(62.6509108892702,44.3884097081184,3.));
#6463=CARTESIAN_POINT('Ctrl Pts',(62.7848478496969,44.7856726369073,3.));
#6464=CARTESIAN_POINT('Ctrl Pts',(62.7889709840933,45.2058716263588,3.));
#6465=CARTESIAN_POINT('Ctrl Pts',(62.791326967595,45.4459758265634,3.));
#6466=CARTESIAN_POINT('',(62.5935063041428,44.2181451781411,0.999999999999998));
#6467=CARTESIAN_POINT('',(62.5935063041428,44.2181451781411,3.));
#6468=CARTESIAN_POINT('',(62.791326967595,45.4459758265634,0.999999999999998));
#6469=CARTESIAN_POINT('Ctrl Pts',(62.5935063041428,44.2181451781411,0.999999999999998));
#6470=CARTESIAN_POINT('Ctrl Pts',(62.6509108892702,44.3884097081184,0.999999999999998));
#6471=CARTESIAN_POINT('Ctrl Pts',(62.7848478496969,44.7856726369073,0.999999999999998));
#6472=CARTESIAN_POINT('Ctrl Pts',(62.7889709840933,45.2058716263588,0.999999999999998));
#6473=CARTESIAN_POINT('Ctrl Pts',(62.791326967595,45.4459758265634,0.999999999999998));
#6474=CARTESIAN_POINT('',(62.791326967595,45.4459758265634,3.));
#6475=CARTESIAN_POINT('Ctrl Pts',(61.7817768729905,43.3688946231027,3.));
#6476=CARTESIAN_POINT('Ctrl Pts',(61.7817768729905,43.3688946231027,0.999999999999998));
#6477=CARTESIAN_POINT('Ctrl Pts',(61.953029458809,43.480434975428,3.));
#6478=CARTESIAN_POINT('Ctrl Pts',(61.953029458809,43.480434975428,0.999999999999998));
#6479=CARTESIAN_POINT('Ctrl Pts',(62.2902855836817,43.7000968673193,3.));
#6480=CARTESIAN_POINT('Ctrl Pts',(62.2902855836817,43.7000968673193,0.999999999999998));
#6481=CARTESIAN_POINT('Ctrl Pts',(62.4934869377618,44.0472635057925,3.));
#6482=CARTESIAN_POINT('Ctrl Pts',(62.4934869377618,44.0472635057925,0.999999999999998));
#6483=CARTESIAN_POINT('Ctrl Pts',(62.5935063041428,44.2181451781411,3.));
#6484=CARTESIAN_POINT('Ctrl Pts',(62.5935063041428,44.2181451781411,0.999999999999998));
#6485=CARTESIAN_POINT('',(61.7817768729905,43.3688946231027,3.));
#6486=CARTESIAN_POINT('Ctrl Pts',(61.7817768729905,43.3688946231027,3.));
#6487=CARTESIAN_POINT('Ctrl Pts',(61.953029458809,43.480434975428,3.));
#6488=CARTESIAN_POINT('Ctrl Pts',(62.2902855836817,43.7000968673193,3.));
#6489=CARTESIAN_POINT('Ctrl Pts',(62.4934869377618,44.0472635057925,3.));
#6490=CARTESIAN_POINT('Ctrl Pts',(62.5935063041428,44.2181451781411,3.));
#6491=CARTESIAN_POINT('',(61.7817768729905,43.3688946231027,0.999999999999998));
#6492=CARTESIAN_POINT('',(61.7817768729905,43.3688946231027,3.));
#6493=CARTESIAN_POINT('Ctrl Pts',(61.7817768729905,43.3688946231027,0.999999999999998));
#6494=CARTESIAN_POINT('Ctrl Pts',(61.953029458809,43.480434975428,0.999999999999998));
#6495=CARTESIAN_POINT('Ctrl Pts',(62.2902855836817,43.7000968673193,0.999999999999998));
#6496=CARTESIAN_POINT('Ctrl Pts',(62.4934869377618,44.0472635057925,0.999999999999998));
#6497=CARTESIAN_POINT('Ctrl Pts',(62.5935063041428,44.2181451781411,0.999999999999998));
#6498=CARTESIAN_POINT('Ctrl Pts',(60.5198392547348,43.0585260851998,3.));
#6499=CARTESIAN_POINT('Ctrl Pts',(60.5198392547348,43.0585260851998,0.999999999999998));
#6500=CARTESIAN_POINT('Ctrl Pts',(60.7468705651968,43.0698571841778,3.));
#6501=CARTESIAN_POINT('Ctrl Pts',(60.7468705651968,43.0698571841778,0.999999999999998));
#6502=CARTESIAN_POINT('Ctrl Pts',(61.1878814847884,43.091867973659,3.));
#6503=CARTESIAN_POINT('Ctrl Pts',(61.1878814847884,43.091867973659,0.999999999999998));
#6504=CARTESIAN_POINT('Ctrl Pts',(61.5877565055823,43.2783924683888,3.));
#6505=CARTESIAN_POINT('Ctrl Pts',(61.5877565055823,43.2783924683888,0.999999999999998));
#6506=CARTESIAN_POINT('Ctrl Pts',(61.7817768729905,43.3688946231027,3.));
#6507=CARTESIAN_POINT('Ctrl Pts',(61.7817768729905,43.3688946231027,0.999999999999998));
#6508=CARTESIAN_POINT('',(60.5198392547348,43.0585260851998,3.));
#6509=CARTESIAN_POINT('Ctrl Pts',(60.5198392547348,43.0585260851998,3.));
#6510=CARTESIAN_POINT('Ctrl Pts',(60.7468705651968,43.0698571841778,3.));
#6511=CARTESIAN_POINT('Ctrl Pts',(61.1878814847884,43.091867973659,3.));
#6512=CARTESIAN_POINT('Ctrl Pts',(61.5877565055823,43.2783924683888,3.));
#6513=CARTESIAN_POINT('Ctrl Pts',(61.7817768729905,43.3688946231027,3.));
#6514=CARTESIAN_POINT('',(60.5198392547348,43.0585260851998,0.999999999999998));
#6515=CARTESIAN_POINT('',(60.5198392547348,43.0585260851998,3.));
#6516=CARTESIAN_POINT('Ctrl Pts',(60.5198392547348,43.0585260851998,0.999999999999998));
#6517=CARTESIAN_POINT('Ctrl Pts',(60.7468705651968,43.0698571841778,0.999999999999998));
#6518=CARTESIAN_POINT('Ctrl Pts',(61.1878814847884,43.091867973659,0.999999999999998));
#6519=CARTESIAN_POINT('Ctrl Pts',(61.5877565055823,43.2783924683888,0.999999999999998));
#6520=CARTESIAN_POINT('Ctrl Pts',(61.7817768729905,43.3688946231027,0.999999999999998));
#6521=CARTESIAN_POINT('Ctrl Pts',(59.4318446792343,43.3859487040658,3.));
#6522=CARTESIAN_POINT('Ctrl Pts',(59.4318446792343,43.3859487040658,0.999999999999998));
#6523=CARTESIAN_POINT('Ctrl Pts',(59.5801697218346,43.2906996028561,3.));
#6524=CARTESIAN_POINT('Ctrl Pts',(59.5801697218346,43.2906996028561,0.999999999999998));
#6525=CARTESIAN_POINT('Ctrl Pts',(59.9098887212084,43.0789657122632,3.));
#6526=CARTESIAN_POINT('Ctrl Pts',(59.9098887212084,43.0789657122632,0.999999999999998));
#6527=CARTESIAN_POINT('Ctrl Pts',(60.3033678478144,43.0657801075904,3.));
#6528=CARTESIAN_POINT('Ctrl Pts',(60.3033678478144,43.0657801075904,0.999999999999998));
#6529=CARTESIAN_POINT('Ctrl Pts',(60.5198392547348,43.0585260851998,3.));
#6530=CARTESIAN_POINT('Ctrl Pts',(60.5198392547348,43.0585260851998,0.999999999999998));
#6531=CARTESIAN_POINT('',(59.4318446792343,43.3859487040658,3.));
#6532=CARTESIAN_POINT('Ctrl Pts',(59.4318446792343,43.3859487040658,3.));
#6533=CARTESIAN_POINT('Ctrl Pts',(59.5801697218346,43.2906996028561,3.));
#6534=CARTESIAN_POINT('Ctrl Pts',(59.9098887212084,43.0789657122632,3.));
#6535=CARTESIAN_POINT('Ctrl Pts',(60.3033678478144,43.0657801075904,3.));
#6536=CARTESIAN_POINT('Ctrl Pts',(60.5198392547348,43.0585260851998,3.));
#6537=CARTESIAN_POINT('',(59.4318446792343,43.3859487040658,0.999999999999998));
#6538=CARTESIAN_POINT('',(59.4318446792343,43.3859487040658,3.));
#6539=CARTESIAN_POINT('Ctrl Pts',(59.4318446792343,43.3859487040658,0.999999999999998));
#6540=CARTESIAN_POINT('Ctrl Pts',(59.5801697218346,43.2906996028561,0.999999999999998));
#6541=CARTESIAN_POINT('Ctrl Pts',(59.9098887212084,43.0789657122632,0.999999999999998));
#6542=CARTESIAN_POINT('Ctrl Pts',(60.3033678478144,43.0657801075904,0.999999999999998));
#6543=CARTESIAN_POINT('Ctrl Pts',(60.5198392547348,43.0585260851998,0.999999999999998));
#6544=CARTESIAN_POINT('Ctrl Pts',(59.0600833572129,44.204501674952,3.));
#6545=CARTESIAN_POINT('Ctrl Pts',(59.0600833572129,44.204501674952,0.999999999999998));
#6546=CARTESIAN_POINT('Ctrl Pts',(59.0757261269229,44.0474784621474,3.));
#6547=CARTESIAN_POINT('Ctrl Pts',(59.0757261269229,44.0474784621474,0.999999999999998));
#6548=CARTESIAN_POINT('Ctrl Pts',(59.1070892548942,43.732653197253,3.));
#6549=CARTESIAN_POINT('Ctrl Pts',(59.1070892548942,43.732653197253,0.999999999999998));
#6550=CARTESIAN_POINT('Ctrl Pts',(59.3234144837155,43.5017073124399,3.));
#6551=CARTESIAN_POINT('Ctrl Pts',(59.3234144837155,43.5017073124399,0.999999999999998));
#6552=CARTESIAN_POINT('Ctrl Pts',(59.4318446792343,43.3859487040658,3.));
#6553=CARTESIAN_POINT('Ctrl Pts',(59.4318446792343,43.3859487040658,0.999999999999998));
#6554=CARTESIAN_POINT('',(59.0600833572129,44.204501674952,3.));
#6555=CARTESIAN_POINT('Ctrl Pts',(59.0600833572129,44.204501674952,3.));
#6556=CARTESIAN_POINT('Ctrl Pts',(59.0757261269229,44.0474784621474,3.));
#6557=CARTESIAN_POINT('Ctrl Pts',(59.1070892548942,43.732653197253,3.));
#6558=CARTESIAN_POINT('Ctrl Pts',(59.3234144837155,43.5017073124399,3.));
#6559=CARTESIAN_POINT('Ctrl Pts',(59.4318446792343,43.3859487040658,3.));
#6560=CARTESIAN_POINT('',(59.0600833572129,44.204501674952,0.999999999999998));
#6561=CARTESIAN_POINT('',(59.0600833572129,44.204501674952,3.));
#6562=CARTESIAN_POINT('Ctrl Pts',(59.0600833572129,44.204501674952,0.999999999999998));
#6563=CARTESIAN_POINT('Ctrl Pts',(59.0757261269229,44.0474784621474,0.999999999999998));
#6564=CARTESIAN_POINT('Ctrl Pts',(59.1070892548942,43.732653197253,0.999999999999998));
#6565=CARTESIAN_POINT('Ctrl Pts',(59.3234144837155,43.5017073124399,0.999999999999998));
#6566=CARTESIAN_POINT('Ctrl Pts',(59.4318446792343,43.3859487040658,0.999999999999998));
#6567=CARTESIAN_POINT('Ctrl Pts',(59.2306170142868,44.7877223952432,3.));
#6568=CARTESIAN_POINT('Ctrl Pts',(59.2306170142868,44.7877223952432,0.999999999999998));
#6569=CARTESIAN_POINT('Ctrl Pts',(59.1808776960826,44.6974354490604,3.));
#6570=CARTESIAN_POINT('Ctrl Pts',(59.1808776960826,44.6974354490604,0.999999999999998));
#6571=CARTESIAN_POINT('Ctrl Pts',(59.080771242563,44.5157219413607,3.));
#6572=CARTESIAN_POINT('Ctrl Pts',(59.080771242563,44.5157219413607,0.999999999999998));
#6573=CARTESIAN_POINT('Ctrl Pts',(59.0670080908415,44.3086745958776,3.));
#6574=CARTESIAN_POINT('Ctrl Pts',(59.0670080908415,44.3086745958776,0.999999999999998));
#6575=CARTESIAN_POINT('Ctrl Pts',(59.0600833572129,44.204501674952,3.));
#6576=CARTESIAN_POINT('Ctrl Pts',(59.0600833572129,44.204501674952,0.999999999999998));
#6577=CARTESIAN_POINT('',(59.2306170142868,44.7877223952432,3.));
#6578=CARTESIAN_POINT('Ctrl Pts',(59.2306170142868,44.7877223952432,3.));
#6579=CARTESIAN_POINT('Ctrl Pts',(59.1808776960826,44.6974354490604,3.));
#6580=CARTESIAN_POINT('Ctrl Pts',(59.080771242563,44.5157219413607,3.));
#6581=CARTESIAN_POINT('Ctrl Pts',(59.0670080908415,44.3086745958776,3.));
#6582=CARTESIAN_POINT('Ctrl Pts',(59.0600833572129,44.204501674952,3.));
#6583=CARTESIAN_POINT('',(59.2306170142868,44.7877223952432,0.999999999999998));
#6584=CARTESIAN_POINT('',(59.2306170142868,44.7877223952432,3.));
#6585=CARTESIAN_POINT('Ctrl Pts',(59.2306170142868,44.7877223952432,0.999999999999998));
#6586=CARTESIAN_POINT('Ctrl Pts',(59.1808776960826,44.6974354490604,0.999999999999998));
#6587=CARTESIAN_POINT('Ctrl Pts',(59.080771242563,44.5157219413607,0.999999999999998));
#6588=CARTESIAN_POINT('Ctrl Pts',(59.0670080908415,44.3086745958776,0.999999999999998));
#6589=CARTESIAN_POINT('Ctrl Pts',(59.0600833572129,44.204501674952,0.999999999999998));
#6590=CARTESIAN_POINT('Ctrl Pts',(59.714926210759,45.1867671473642,3.));
#6591=CARTESIAN_POINT('Ctrl Pts',(59.714926210759,45.1867671473642,0.999999999999998));
#6592=CARTESIAN_POINT('Ctrl Pts',(59.6170121590927,45.1371115511871,3.));
#6593=CARTESIAN_POINT('Ctrl Pts',(59.6170121590927,45.1371115511871,0.999999999999998));
#6594=CARTESIAN_POINT('Ctrl Pts',(59.4257025389516,45.0400918376643,3.));
#6595=CARTESIAN_POINT('Ctrl Pts',(59.4257025389516,45.0400918376643,0.999999999999998));
#6596=CARTESIAN_POINT('Ctrl Pts',(59.2946134716955,44.8705104457708,3.));
#6597=CARTESIAN_POINT('Ctrl Pts',(59.2946134716955,44.8705104457708,0.999999999999998));
#6598=CARTESIAN_POINT('Ctrl Pts',(59.2306170142868,44.7877223952432,3.));
#6599=CARTESIAN_POINT('Ctrl Pts',(59.2306170142868,44.7877223952432,0.999999999999998));
#6600=CARTESIAN_POINT('',(59.714926210759,45.1867671473642,3.));
#6601=CARTESIAN_POINT('Ctrl Pts',(59.714926210759,45.1867671473642,3.));
#6602=CARTESIAN_POINT('Ctrl Pts',(59.6170121590927,45.1371115511871,3.));
#6603=CARTESIAN_POINT('Ctrl Pts',(59.4257025389516,45.0400918376643,3.));
#6604=CARTESIAN_POINT('Ctrl Pts',(59.2946134716955,44.8705104457708,3.));
#6605=CARTESIAN_POINT('Ctrl Pts',(59.2306170142868,44.7877223952432,3.));
#6606=CARTESIAN_POINT('',(59.714926210759,45.1867671473642,0.999999999999998));
#6607=CARTESIAN_POINT('',(59.714926210759,45.1867671473642,3.));
#6608=CARTESIAN_POINT('Ctrl Pts',(59.714926210759,45.1867671473642,0.999999999999998));
#6609=CARTESIAN_POINT('Ctrl Pts',(59.6170121590927,45.1371115511871,0.999999999999998));
#6610=CARTESIAN_POINT('Ctrl Pts',(59.4257025389516,45.0400918376643,0.999999999999998));
#6611=CARTESIAN_POINT('Ctrl Pts',(59.2946134716955,44.8705104457708,0.999999999999998));
#6612=CARTESIAN_POINT('Ctrl Pts',(59.2306170142868,44.7877223952432,0.999999999999998));
#6613=CARTESIAN_POINT('Ctrl Pts',(60.7858690894822,45.4323329194207,3.));
#6614=CARTESIAN_POINT('Ctrl Pts',(60.7858690894822,45.4323329194207,0.999999999999998));
#6615=CARTESIAN_POINT('Ctrl Pts',(60.5686130508105,45.4012089629616,3.));
#6616=CARTESIAN_POINT('Ctrl Pts',(60.5686130508105,45.4012089629616,0.999999999999998));
#6617=CARTESIAN_POINT('Ctrl Pts',(60.2044650007034,45.3490413540634,3.));
#6618=CARTESIAN_POINT('Ctrl Pts',(60.2044650007034,45.3490413540634,0.999999999999998));
#6619=CARTESIAN_POINT('Ctrl Pts',(59.8556379532271,45.2334108186141,3.));
#6620=CARTESIAN_POINT('Ctrl Pts',(59.8556379532271,45.2334108186141,0.999999999999998));
#6621=CARTESIAN_POINT('Ctrl Pts',(59.714926210759,45.1867671473642,3.));
#6622=CARTESIAN_POINT('Ctrl Pts',(59.714926210759,45.1867671473642,0.999999999999998));
#6623=CARTESIAN_POINT('',(60.7858690894822,45.4323329194207,3.));
#6624=CARTESIAN_POINT('Ctrl Pts',(60.7858690894822,45.4323329194207,3.));
#6625=CARTESIAN_POINT('Ctrl Pts',(60.5686130508105,45.4012089629616,3.));
#6626=CARTESIAN_POINT('Ctrl Pts',(60.2044650007034,45.3490413540634,3.));
#6627=CARTESIAN_POINT('Ctrl Pts',(59.8556379532271,45.2334108186141,3.));
#6628=CARTESIAN_POINT('Ctrl Pts',(59.714926210759,45.1867671473642,3.));
#6629=CARTESIAN_POINT('',(60.7858690894822,45.4323329194207,0.999999999999998));
#6630=CARTESIAN_POINT('',(60.7858690894822,45.4323329194207,3.));
#6631=CARTESIAN_POINT('Ctrl Pts',(60.7858690894822,45.4323329194207,0.999999999999998));
#6632=CARTESIAN_POINT('Ctrl Pts',(60.5686130508105,45.4012089629616,0.999999999999998));
#6633=CARTESIAN_POINT('Ctrl Pts',(60.2044650007034,45.3490413540634,0.999999999999998));
#6634=CARTESIAN_POINT('Ctrl Pts',(59.8556379532271,45.2334108186141,0.999999999999998));
#6635=CARTESIAN_POINT('Ctrl Pts',(59.714926210759,45.1867671473642,0.999999999999998));
#6636=CARTESIAN_POINT('Ctrl Pts',(62.791326967595,45.8961804373879,3.));
#6637=CARTESIAN_POINT('Ctrl Pts',(62.791326967595,45.8961804373879,0.999999999999998));
#6638=CARTESIAN_POINT('Ctrl Pts',(62.5144391479332,45.8051977360143,3.));
#6639=CARTESIAN_POINT('Ctrl Pts',(62.5144391479332,45.8051977360143,0.999999999999998));
#6640=CARTESIAN_POINT('Ctrl Pts',(61.8604537496655,45.5903043605453,3.));
#6641=CARTESIAN_POINT('Ctrl Pts',(61.8604537496655,45.5903043605453,0.999999999999998));
#6642=CARTESIAN_POINT('Ctrl Pts',(61.1788765219111,45.4901077535253,3.));
#6643=CARTESIAN_POINT('Ctrl Pts',(61.1788765219111,45.4901077535253,0.999999999999998));
#6644=CARTESIAN_POINT('Ctrl Pts',(60.7858690894822,45.4323329194207,3.));
#6645=CARTESIAN_POINT('Ctrl Pts',(60.7858690894822,45.4323329194207,0.999999999999998));
#6646=CARTESIAN_POINT('',(62.791326967595,45.8961804373879,3.));
#6647=CARTESIAN_POINT('Ctrl Pts',(62.791326967595,45.8961804373879,3.));
#6648=CARTESIAN_POINT('Ctrl Pts',(62.5144391479332,45.8051977360143,3.));
#6649=CARTESIAN_POINT('Ctrl Pts',(61.8604537496655,45.5903043605453,3.));
#6650=CARTESIAN_POINT('Ctrl Pts',(61.1788765219111,45.4901077535253,3.));
#6651=CARTESIAN_POINT('Ctrl Pts',(60.7858690894822,45.4323329194207,3.));
#6652=CARTESIAN_POINT('',(62.791326967595,45.8961804373879,0.999999999999998));
#6653=CARTESIAN_POINT('',(62.791326967595,45.8961804373879,3.));
#6654=CARTESIAN_POINT('Ctrl Pts',(62.791326967595,45.8961804373879,0.999999999999998));
#6655=CARTESIAN_POINT('Ctrl Pts',(62.5144391479332,45.8051977360143,0.999999999999998));
#6656=CARTESIAN_POINT('Ctrl Pts',(61.8604537496655,45.5903043605453,0.999999999999998));
#6657=CARTESIAN_POINT('Ctrl Pts',(61.1788765219111,45.4901077535253,0.999999999999998));
#6658=CARTESIAN_POINT('Ctrl Pts',(60.7858690894822,45.4323329194207,0.999999999999998));
#6659=CARTESIAN_POINT('Origin',(62.791326967595,45.4459758265634,3.));
#6660=CARTESIAN_POINT('',(62.791326967595,39.3479881610135,3.));
#6661=CARTESIAN_POINT('',(62.791326967595,45.4459758265634,0.999999999999998));
#6662=CARTESIAN_POINT('Origin',(64.4216093696335,42.2604365809579,3.));
#6663=CARTESIAN_POINT('',(64.4216093696335,42.2604365809579,3.));
#6664=CARTESIAN_POINT('',(63.1392130531052,42.2604365809579,3.));
#6665=CARTESIAN_POINT('',(60.5858051076372,42.2604365809579,3.));
#6666=CARTESIAN_POINT('',(64.4216093696335,42.2604365809579,0.999999999999998));
#6667=CARTESIAN_POINT('',(64.4216093696335,42.2604365809579,3.));
#6668=CARTESIAN_POINT('',(63.1392130531052,42.2604365809579,0.999999999999998));
#6669=CARTESIAN_POINT('',(64.4216093696335,42.2604365809579,0.999999999999998));
#6670=CARTESIAN_POINT('',(63.1392130531052,42.2604365809579,3.));
#6671=CARTESIAN_POINT('Ctrl Pts',(64.1112456001023,43.1301506026406,3.));
#6672=CARTESIAN_POINT('Ctrl Pts',(64.1112456001023,43.1301506026406,0.999999999999998));
#6673=CARTESIAN_POINT('Ctrl Pts',(64.1441224320094,42.9799139210761,3.));
#6674=CARTESIAN_POINT('Ctrl Pts',(64.1441224320094,42.9799139210761,0.999999999999998));
#6675=CARTESIAN_POINT('Ctrl Pts',(64.2104554207139,42.6767932271673,3.));
#6676=CARTESIAN_POINT('Ctrl Pts',(64.2104554207139,42.6767932271673,0.999999999999998));
#6677=CARTESIAN_POINT('Ctrl Pts',(64.3508161026112,42.4000278478151,3.));
#6678=CARTESIAN_POINT('Ctrl Pts',(64.3508161026112,42.4000278478151,0.999999999999998));
#6679=CARTESIAN_POINT('Ctrl Pts',(64.4216093696335,42.2604365809579,3.));
#6680=CARTESIAN_POINT('Ctrl Pts',(64.4216093696335,42.2604365809579,0.999999999999998));
#6681=CARTESIAN_POINT('',(64.1112456001023,43.1301506026406,3.));
#6682=CARTESIAN_POINT('Ctrl Pts',(64.1112456001023,43.1301506026406,3.));
#6683=CARTESIAN_POINT('Ctrl Pts',(64.1441224320094,42.9799139210761,3.));
#6684=CARTESIAN_POINT('Ctrl Pts',(64.2104554207139,42.6767932271673,3.));
#6685=CARTESIAN_POINT('Ctrl Pts',(64.3508161026112,42.4000278478151,3.));
#6686=CARTESIAN_POINT('Ctrl Pts',(64.4216093696335,42.2604365809579,3.));
#6687=CARTESIAN_POINT('',(64.1112456001023,43.1301506026406,0.999999999999998));
#6688=CARTESIAN_POINT('',(64.1112456001023,43.1301506026406,3.));
#6689=CARTESIAN_POINT('Ctrl Pts',(64.1112456001023,43.1301506026406,0.999999999999998));
#6690=CARTESIAN_POINT('Ctrl Pts',(64.1441224320094,42.9799139210761,0.999999999999998));
#6691=CARTESIAN_POINT('Ctrl Pts',(64.2104554207139,42.6767932271673,0.999999999999998));
#6692=CARTESIAN_POINT('Ctrl Pts',(64.3508161026112,42.4000278478151,0.999999999999998));
#6693=CARTESIAN_POINT('Ctrl Pts',(64.4216093696335,42.2604365809579,0.999999999999998));
#6694=CARTESIAN_POINT('Ctrl Pts',(64.0327963508347,45.295907424273,3.));
#6695=CARTESIAN_POINT('Ctrl Pts',(64.0327963508347,45.295907424273,0.999999999999998));
#6696=CARTESIAN_POINT('Ctrl Pts',(64.0299742755034,44.8296470358458,3.));
#6697=CARTESIAN_POINT('Ctrl Pts',(64.0299742755034,44.8296470358458,0.999999999999998));
#6698=CARTESIAN_POINT('Ctrl Pts',(64.0255964442009,44.1063462433525,3.));
#6699=CARTESIAN_POINT('Ctrl Pts',(64.0255964442009,44.1063462433525,0.999999999999998));
#6700=CARTESIAN_POINT('Ctrl Pts',(64.0887888332969,43.3861040633508,3.));
#6701=CARTESIAN_POINT('Ctrl Pts',(64.0887888332969,43.3861040633508,0.999999999999998));
#6702=CARTESIAN_POINT('Ctrl Pts',(64.1112456001023,43.1301506026406,3.));
#6703=CARTESIAN_POINT('Ctrl Pts',(64.1112456001023,43.1301506026406,0.999999999999998));
#6704=CARTESIAN_POINT('',(64.0327963508347,45.295907424273,3.));
#6705=CARTESIAN_POINT('Ctrl Pts',(64.0327963508347,45.295907424273,3.));
#6706=CARTESIAN_POINT('Ctrl Pts',(64.0299742755034,44.8296470358458,3.));
#6707=CARTESIAN_POINT('Ctrl Pts',(64.0255964442009,44.1063462433525,3.));
#6708=CARTESIAN_POINT('Ctrl Pts',(64.0887888332969,43.3861040633508,3.));
#6709=CARTESIAN_POINT('Ctrl Pts',(64.1112456001023,43.1301506026406,3.));
#6710=CARTESIAN_POINT('',(64.0327963508347,45.295907424273,0.999999999999998));
#6711=CARTESIAN_POINT('',(64.0327963508347,45.295907424273,3.));
#6712=CARTESIAN_POINT('Ctrl Pts',(64.0327963508347,45.295907424273,0.999999999999998));
#6713=CARTESIAN_POINT('Ctrl Pts',(64.0299742755034,44.8296470358458,0.999999999999998));
#6714=CARTESIAN_POINT('Ctrl Pts',(64.0255964442009,44.1063462433525,0.999999999999998));
#6715=CARTESIAN_POINT('Ctrl Pts',(64.0887888332969,43.3861040633508,0.999999999999998));
#6716=CARTESIAN_POINT('Ctrl Pts',(64.1112456001023,43.1301506026406,0.999999999999998));
#6717=CARTESIAN_POINT('Origin',(64.0327963508347,46.9330151541848,3.));
#6718=CARTESIAN_POINT('',(64.0327963508347,46.9330151541848,3.));
#6719=CARTESIAN_POINT('',(64.0327963508347,40.0915078248242,3.));
#6720=CARTESIAN_POINT('',(64.0327963508347,46.9330151541848,0.999999999999998));
#6721=CARTESIAN_POINT('',(64.0327963508347,46.9330151541848,3.));
#6722=CARTESIAN_POINT('',(64.0327963508347,46.9330151541848,0.999999999999998));
#6723=CARTESIAN_POINT('Ctrl Pts',(63.9714083350876,48.0653478367944,3.));
#6724=CARTESIAN_POINT('Ctrl Pts',(63.9714083350876,48.0653478367944,0.999999999999998));
#6725=CARTESIAN_POINT('Ctrl Pts',(63.9891105689171,47.9188392453219,3.));
#6726=CARTESIAN_POINT('Ctrl Pts',(63.9891105689171,47.9188392453219,0.999999999999998));
#6727=CARTESIAN_POINT('Ctrl Pts',(64.034525285675,47.5429744675545,3.));
#6728=CARTESIAN_POINT('Ctrl Pts',(64.034525285675,47.5429744675545,0.999999999999998));
#6729=CARTESIAN_POINT('Ctrl Pts',(64.0334515526946,47.1641669982494,3.));
#6730=CARTESIAN_POINT('Ctrl Pts',(64.0334515526946,47.1641669982494,0.999999999999998));
#6731=CARTESIAN_POINT('Ctrl Pts',(64.0327963508347,46.9330151541848,3.));
#6732=CARTESIAN_POINT('Ctrl Pts',(64.0327963508347,46.9330151541848,0.999999999999998));
#6733=CARTESIAN_POINT('',(63.9714083350876,48.0653478367944,3.));
#6734=CARTESIAN_POINT('Ctrl Pts',(63.9714083350876,48.0653478367944,3.));
#6735=CARTESIAN_POINT('Ctrl Pts',(63.9891105689171,47.9188392453219,3.));
#6736=CARTESIAN_POINT('Ctrl Pts',(64.034525285675,47.5429744675545,3.));
#6737=CARTESIAN_POINT('Ctrl Pts',(64.0334515526946,47.1641669982494,3.));
#6738=CARTESIAN_POINT('Ctrl Pts',(64.0327963508347,46.9330151541848,3.));
#6739=CARTESIAN_POINT('',(63.9714083350876,48.0653478367944,0.999999999999998));
#6740=CARTESIAN_POINT('',(63.9714083350876,48.0653478367944,3.));
#6741=CARTESIAN_POINT('Ctrl Pts',(63.9714083350876,48.0653478367944,0.999999999999998));
#6742=CARTESIAN_POINT('Ctrl Pts',(63.9891105689171,47.9188392453219,0.999999999999998));
#6743=CARTESIAN_POINT('Ctrl Pts',(64.034525285675,47.5429744675545,0.999999999999998));
#6744=CARTESIAN_POINT('Ctrl Pts',(64.0334515526946,47.1641669982494,0.999999999999998));
#6745=CARTESIAN_POINT('Ctrl Pts',(64.0327963508347,46.9330151541848,0.999999999999998));
#6746=CARTESIAN_POINT('Ctrl Pts',(63.5894140876511,48.9009548886437,3.));
#6747=CARTESIAN_POINT('Ctrl Pts',(63.5894140876511,48.9009548886437,0.999999999999998));
#6748=CARTESIAN_POINT('Ctrl Pts',(63.6743112012189,48.7797052934719,3.));
#6749=CARTESIAN_POINT('Ctrl Pts',(63.6743112012189,48.7797052934719,0.999999999999998));
#6750=CARTESIAN_POINT('Ctrl Pts',(63.8527317183114,48.5248860827984,3.));
#6751=CARTESIAN_POINT('Ctrl Pts',(63.8527317183114,48.5248860827984,0.999999999999998));
#6752=CARTESIAN_POINT('Ctrl Pts',(63.9305946221187,48.2233862320581,3.));
#6753=CARTESIAN_POINT('Ctrl Pts',(63.9305946221187,48.2233862320581,0.999999999999998));
#6754=CARTESIAN_POINT('Ctrl Pts',(63.9714083350876,48.0653478367944,3.));
#6755=CARTESIAN_POINT('Ctrl Pts',(63.9714083350876,48.0653478367944,0.999999999999998));
#6756=CARTESIAN_POINT('',(63.5894140876511,48.9009548886437,3.));
#6757=CARTESIAN_POINT('Ctrl Pts',(63.5894140876511,48.9009548886437,3.));
#6758=CARTESIAN_POINT('Ctrl Pts',(63.6743112012189,48.7797052934719,3.));
#6759=CARTESIAN_POINT('Ctrl Pts',(63.8527317183114,48.5248860827984,3.));
#6760=CARTESIAN_POINT('Ctrl Pts',(63.9305946221187,48.2233862320581,3.));
#6761=CARTESIAN_POINT('Ctrl Pts',(63.9714083350876,48.0653478367944,3.));
#6762=CARTESIAN_POINT('',(63.5894140876511,48.9009548886437,0.999999999999998));
#6763=CARTESIAN_POINT('',(63.5894140876511,48.9009548886437,3.));
#6764=CARTESIAN_POINT('Ctrl Pts',(63.5894140876511,48.9009548886437,0.999999999999998));
#6765=CARTESIAN_POINT('Ctrl Pts',(63.6743112012189,48.7797052934719,0.999999999999998));
#6766=CARTESIAN_POINT('Ctrl Pts',(63.8527317183114,48.5248860827984,0.999999999999998));
#6767=CARTESIAN_POINT('Ctrl Pts',(63.9305946221187,48.2233862320581,0.999999999999998));
#6768=CARTESIAN_POINT('Ctrl Pts',(63.9714083350876,48.0653478367944,0.999999999999998));
#6769=CARTESIAN_POINT('Ctrl Pts',(62.7367529548386,49.4500680430551,3.));
#6770=CARTESIAN_POINT('Ctrl Pts',(62.7367529548386,49.4500680430551,0.999999999999998));
#6771=CARTESIAN_POINT('Ctrl Pts',(62.9117094907529,49.3789087878825,3.));
#6772=CARTESIAN_POINT('Ctrl Pts',(62.9117094907529,49.3789087878825,0.999999999999998));
#6773=CARTESIAN_POINT('Ctrl Pts',(63.2310905896438,49.2490084043701,3.));
#6774=CARTESIAN_POINT('Ctrl Pts',(63.2310905896438,49.2490084043701,0.999999999999998));
#6775=CARTESIAN_POINT('Ctrl Pts',(63.477835642499,49.0093353614022,3.));
#6776=CARTESIAN_POINT('Ctrl Pts',(63.477835642499,49.0093353614022,0.999999999999998));
#6777=CARTESIAN_POINT('Ctrl Pts',(63.5894140876511,48.9009548886437,3.));
#6778=CARTESIAN_POINT('Ctrl Pts',(63.5894140876511,48.9009548886437,0.999999999999998));
#6779=CARTESIAN_POINT('',(62.7367529548386,49.4500680430551,3.));
#6780=CARTESIAN_POINT('Ctrl Pts',(62.7367529548386,49.4500680430551,3.));
#6781=CARTESIAN_POINT('Ctrl Pts',(62.9117094907529,49.3789087878825,3.));
#6782=CARTESIAN_POINT('Ctrl Pts',(63.2310905896438,49.2490084043701,3.));
#6783=CARTESIAN_POINT('Ctrl Pts',(63.477835642499,49.0093353614022,3.));
#6784=CARTESIAN_POINT('Ctrl Pts',(63.5894140876511,48.9009548886437,3.));
#6785=CARTESIAN_POINT('',(62.7367529548386,49.4500680430551,0.999999999999998));
#6786=CARTESIAN_POINT('',(62.7367529548386,49.4500680430551,3.));
#6787=CARTESIAN_POINT('Ctrl Pts',(62.7367529548386,49.4500680430551,0.999999999999998));
#6788=CARTESIAN_POINT('Ctrl Pts',(62.9117094907529,49.3789087878825,0.999999999999998));
#6789=CARTESIAN_POINT('Ctrl Pts',(63.2310905896438,49.2490084043701,0.999999999999998));
#6790=CARTESIAN_POINT('Ctrl Pts',(63.477835642499,49.0093353614022,0.999999999999998));
#6791=CARTESIAN_POINT('Ctrl Pts',(63.5894140876511,48.9009548886437,0.999999999999998));
#6792=CARTESIAN_POINT('Ctrl Pts',(61.2292513526658,49.6683491929193,3.));
#6793=CARTESIAN_POINT('Ctrl Pts',(61.2292513526658,49.6683491929193,0.999999999999998));
#6794=CARTESIAN_POINT('Ctrl Pts',(61.5115607777079,49.6635954839728,3.));
#6795=CARTESIAN_POINT('Ctrl Pts',(61.5115607777079,49.6635954839728,0.999999999999998));
#6796=CARTESIAN_POINT('Ctrl Pts',(62.0239371093529,49.6549677594421,3.));
#6797=CARTESIAN_POINT('Ctrl Pts',(62.0239371093529,49.6549677594421,0.999999999999998));
#6798=CARTESIAN_POINT('Ctrl Pts',(62.5158669286753,49.5135619796747,3.));
#6799=CARTESIAN_POINT('Ctrl Pts',(62.5158669286753,49.5135619796747,0.999999999999998));
#6800=CARTESIAN_POINT('Ctrl Pts',(62.7367529548386,49.4500680430551,3.));
#6801=CARTESIAN_POINT('Ctrl Pts',(62.7367529548386,49.4500680430551,0.999999999999998));
#6802=CARTESIAN_POINT('',(61.2292513526658,49.6683491929193,3.));
#6803=CARTESIAN_POINT('Ctrl Pts',(61.2292513526658,49.6683491929193,3.));
#6804=CARTESIAN_POINT('Ctrl Pts',(61.5115607777079,49.6635954839728,3.));
#6805=CARTESIAN_POINT('Ctrl Pts',(62.0239371093529,49.6549677594421,3.));
#6806=CARTESIAN_POINT('Ctrl Pts',(62.5158669286753,49.5135619796747,3.));
#6807=CARTESIAN_POINT('Ctrl Pts',(62.7367529548386,49.4500680430551,3.));
#6808=CARTESIAN_POINT('',(61.2292513526658,49.6683491929193,0.999999999999998));
#6809=CARTESIAN_POINT('',(61.2292513526658,49.6683491929193,3.));
#6810=CARTESIAN_POINT('Ctrl Pts',(61.2292513526658,49.6683491929193,0.999999999999998));
#6811=CARTESIAN_POINT('Ctrl Pts',(61.5115607777079,49.6635954839728,0.999999999999998));
#6812=CARTESIAN_POINT('Ctrl Pts',(62.0239371093529,49.6549677594421,0.999999999999998));
#6813=CARTESIAN_POINT('Ctrl Pts',(62.5158669286753,49.5135619796747,0.999999999999998));
#6814=CARTESIAN_POINT('Ctrl Pts',(62.7367529548386,49.4500680430551,0.999999999999998));
#6815=CARTESIAN_POINT('Ctrl Pts',(59.5853218711594,49.4125510914941,3.));
#6816=CARTESIAN_POINT('Ctrl Pts',(59.5853218711594,49.4125510914941,0.999999999999998));
#6817=CARTESIAN_POINT('Ctrl Pts',(59.8388516954368,49.4870984349364,3.));
#6818=CARTESIAN_POINT('Ctrl Pts',(59.8388516954368,49.4870984349364,0.999999999999998));
#6819=CARTESIAN_POINT('Ctrl Pts',(60.3752048114126,49.6448065075742,3.));
#6820=CARTESIAN_POINT('Ctrl Pts',(60.3752048114126,49.6448065075742,0.999999999999998));
#6821=CARTESIAN_POINT('Ctrl Pts',(60.9343890351014,49.6602210050194,3.));
#6822=CARTESIAN_POINT('Ctrl Pts',(60.9343890351014,49.6602210050194,0.999999999999998));
#6823=CARTESIAN_POINT('Ctrl Pts',(61.2292513526658,49.6683491929193,3.));
#6824=CARTESIAN_POINT('Ctrl Pts',(61.2292513526658,49.6683491929193,0.999999999999998));
#6825=CARTESIAN_POINT('',(59.5853218711594,49.4125510914941,3.));
#6826=CARTESIAN_POINT('Ctrl Pts',(59.5853218711594,49.4125510914941,3.));
#6827=CARTESIAN_POINT('Ctrl Pts',(59.8388516954368,49.4870984349364,3.));
#6828=CARTESIAN_POINT('Ctrl Pts',(60.3752048114126,49.6448065075742,3.));
#6829=CARTESIAN_POINT('Ctrl Pts',(60.9343890351014,49.6602210050194,3.));
#6830=CARTESIAN_POINT('Ctrl Pts',(61.2292513526658,49.6683491929193,3.));
#6831=CARTESIAN_POINT('',(59.5853218711594,49.4125510914941,0.999999999999998));
#6832=CARTESIAN_POINT('',(59.5853218711594,49.4125510914941,3.));
#6833=CARTESIAN_POINT('Ctrl Pts',(59.5853218711594,49.4125510914941,0.999999999999998));
#6834=CARTESIAN_POINT('Ctrl Pts',(59.8388516954368,49.4870984349364,0.999999999999998));
#6835=CARTESIAN_POINT('Ctrl Pts',(60.3752048114126,49.6448065075742,0.999999999999998));
#6836=CARTESIAN_POINT('Ctrl Pts',(60.9343890351014,49.6602210050194,0.999999999999998));
#6837=CARTESIAN_POINT('Ctrl Pts',(61.2292513526658,49.6683491929193,0.999999999999998));
#6838=CARTESIAN_POINT('Ctrl Pts',(58.5007390655259,48.682674334826,3.));
#6839=CARTESIAN_POINT('Ctrl Pts',(58.5007390655259,48.682674334826,0.999999999999998));
#6840=CARTESIAN_POINT('Ctrl Pts',(58.645944186061,48.8337586635564,3.));
#6841=CARTESIAN_POINT('Ctrl Pts',(58.645944186061,48.8337586635564,0.999999999999998));
#6842=CARTESIAN_POINT('Ctrl Pts',(58.9543309282002,49.1546316723989,3.));
#6843=CARTESIAN_POINT('Ctrl Pts',(58.9543309282002,49.1546316723989,0.999999999999998));
#6844=CARTESIAN_POINT('Ctrl Pts',(59.3669736247414,49.3233005982739,3.));
#6845=CARTESIAN_POINT('Ctrl Pts',(59.3669736247414,49.3233005982739,0.999999999999998));
#6846=CARTESIAN_POINT('Ctrl Pts',(59.5853218711594,49.4125510914941,3.));
#6847=CARTESIAN_POINT('Ctrl Pts',(59.5853218711594,49.4125510914941,0.999999999999998));
#6848=CARTESIAN_POINT('',(58.5007390655259,48.682674334826,3.));
#6849=CARTESIAN_POINT('Ctrl Pts',(58.5007390655259,48.682674334826,3.));
#6850=CARTESIAN_POINT('Ctrl Pts',(58.645944186061,48.8337586635564,3.));
#6851=CARTESIAN_POINT('Ctrl Pts',(58.9543309282002,49.1546316723989,3.));
#6852=CARTESIAN_POINT('Ctrl Pts',(59.3669736247414,49.3233005982739,3.));
#6853=CARTESIAN_POINT('Ctrl Pts',(59.5853218711594,49.4125510914941,3.));
#6854=CARTESIAN_POINT('',(58.5007390655259,48.682674334826,0.999999999999998));
#6855=CARTESIAN_POINT('',(58.5007390655259,48.682674334826,3.));
#6856=CARTESIAN_POINT('Ctrl Pts',(58.5007390655259,48.682674334826,0.999999999999998));
#6857=CARTESIAN_POINT('Ctrl Pts',(58.645944186061,48.8337586635564,0.999999999999998));
#6858=CARTESIAN_POINT('Ctrl Pts',(58.9543309282002,49.1546316723989,0.999999999999998));
#6859=CARTESIAN_POINT('Ctrl Pts',(59.3669736247414,49.3233005982739,0.999999999999998));
#6860=CARTESIAN_POINT('Ctrl Pts',(59.5853218711594,49.4125510914941,0.999999999999998));
#6861=CARTESIAN_POINT('Ctrl Pts',(57.9618582404831,47.4377902014871,3.));
#6862=CARTESIAN_POINT('Ctrl Pts',(57.9618582404831,47.4377902014871,0.999999999999998));
#6863=CARTESIAN_POINT('Ctrl Pts',(58.0204158197645,47.6760286979612,3.));
#6864=CARTESIAN_POINT('Ctrl Pts',(58.0204158197645,47.6760286979612,0.999999999999998));
#6865=CARTESIAN_POINT('Ctrl Pts',(58.1300230589807,48.1219601075927,3.));
#6866=CARTESIAN_POINT('Ctrl Pts',(58.1300230589807,48.1219601075927,0.999999999999998));
#6867=CARTESIAN_POINT('Ctrl Pts',(58.3829419079401,48.5045041424959,3.));
#6868=CARTESIAN_POINT('Ctrl Pts',(58.3829419079401,48.5045041424959,0.999999999999998));
#6869=CARTESIAN_POINT('Ctrl Pts',(58.5007390655259,48.682674334826,3.));
#6870=CARTESIAN_POINT('Ctrl Pts',(58.5007390655259,48.682674334826,0.999999999999998));
#6871=CARTESIAN_POINT('',(57.9618582404831,47.4377902014871,3.));
#6872=CARTESIAN_POINT('Ctrl Pts',(57.9618582404831,47.4377902014871,3.));
#6873=CARTESIAN_POINT('Ctrl Pts',(58.0204158197645,47.6760286979612,3.));
#6874=CARTESIAN_POINT('Ctrl Pts',(58.1300230589807,48.1219601075927,3.));
#6875=CARTESIAN_POINT('Ctrl Pts',(58.3829419079401,48.5045041424959,3.));
#6876=CARTESIAN_POINT('Ctrl Pts',(58.5007390655259,48.682674334826,3.));
#6877=CARTESIAN_POINT('',(57.9618582404831,47.4377902014871,0.999999999999998));
#6878=CARTESIAN_POINT('',(57.9618582404831,47.4377902014871,3.));
#6879=CARTESIAN_POINT('Ctrl Pts',(57.9618582404831,47.4377902014871,0.999999999999998));
#6880=CARTESIAN_POINT('Ctrl Pts',(58.0204158197645,47.6760286979612,0.999999999999998));
#6881=CARTESIAN_POINT('Ctrl Pts',(58.1300230589807,48.1219601075927,0.999999999999998));
#6882=CARTESIAN_POINT('Ctrl Pts',(58.3829419079401,48.5045041424959,0.999999999999998));
#6883=CARTESIAN_POINT('Ctrl Pts',(58.5007390655259,48.682674334826,0.999999999999998));
#6884=CARTESIAN_POINT('Origin',(59.1624030746201,47.2740794881005,3.));
#6885=CARTESIAN_POINT('',(59.1624030746201,47.2740794881005,3.));
#6886=CARTESIAN_POINT('',(58.9169536263142,47.3075498784932,3.));
#6887=CARTESIAN_POINT('',(59.1624030746201,47.2740794881005,0.999999999999998));
#6888=CARTESIAN_POINT('',(59.1624030746201,47.2740794881005,3.));
#6889=CARTESIAN_POINT('',(59.1624030746201,47.2740794881005,0.999999999999998));
#6890=CARTESIAN_POINT('Ctrl Pts',(59.7729072250107,48.3484311564584,3.));
#6891=CARTESIAN_POINT('Ctrl Pts',(59.7729072250107,48.3484311564584,0.999999999999998));
#6892=CARTESIAN_POINT('Ctrl Pts',(59.6414512484602,48.2153352364846,3.));
#6893=CARTESIAN_POINT('Ctrl Pts',(59.6414512484602,48.2153352364846,0.999999999999998));
#6894=CARTESIAN_POINT('Ctrl Pts',(59.3433631725493,47.9135284435364,3.));
#6895=CARTESIAN_POINT('Ctrl Pts',(59.3433631725493,47.9135284435364,0.999999999999998));
#6896=CARTESIAN_POINT('Ctrl Pts',(59.227288919098,47.503363103377,3.));
#6897=CARTESIAN_POINT('Ctrl Pts',(59.227288919098,47.503363103377,0.999999999999998));
#6898=CARTESIAN_POINT('Ctrl Pts',(59.1624030746201,47.2740794881005,3.));
#6899=CARTESIAN_POINT('Ctrl Pts',(59.1624030746201,47.2740794881005,0.999999999999998));
#6900=CARTESIAN_POINT('',(59.7729072250107,48.3484311564584,3.));
#6901=CARTESIAN_POINT('Ctrl Pts',(59.7729072250107,48.3484311564584,3.));
#6902=CARTESIAN_POINT('Ctrl Pts',(59.6414512484602,48.2153352364846,3.));
#6903=CARTESIAN_POINT('Ctrl Pts',(59.3433631725493,47.9135284435364,3.));
#6904=CARTESIAN_POINT('Ctrl Pts',(59.227288919098,47.503363103377,3.));
#6905=CARTESIAN_POINT('Ctrl Pts',(59.1624030746201,47.2740794881005,3.));
#6906=CARTESIAN_POINT('',(59.7729072250107,48.3484311564584,0.999999999999998));
#6907=CARTESIAN_POINT('',(59.7729072250107,48.3484311564584,3.));
#6908=CARTESIAN_POINT('Ctrl Pts',(59.7729072250107,48.3484311564584,0.999999999999998));
#6909=CARTESIAN_POINT('Ctrl Pts',(59.6414512484602,48.2153352364846,0.999999999999998));
#6910=CARTESIAN_POINT('Ctrl Pts',(59.3433631725493,47.9135284435364,0.999999999999998));
#6911=CARTESIAN_POINT('Ctrl Pts',(59.227288919098,47.503363103377,0.999999999999998));
#6912=CARTESIAN_POINT('Ctrl Pts',(59.1624030746201,47.2740794881005,0.999999999999998));
#6913=CARTESIAN_POINT('Ctrl Pts',(61.0518965400437,48.6519785388131,3.));
#6914=CARTESIAN_POINT('Ctrl Pts',(61.0518965400437,48.6519785388131,0.999999999999998));
#6915=CARTESIAN_POINT('Ctrl Pts',(60.7953898313003,48.6479857031733,3.));
#6916=CARTESIAN_POINT('Ctrl Pts',(60.7953898313003,48.6479857031733,0.999999999999998));
#6917=CARTESIAN_POINT('Ctrl Pts',(60.3445708277137,48.6409681628001,3.));
#6918=CARTESIAN_POINT('Ctrl Pts',(60.3445708277137,48.6409681628001,0.999999999999998));
#6919=CARTESIAN_POINT('Ctrl Pts',(59.9450911925069,48.4365427349342,3.));
#6920=CARTESIAN_POINT('Ctrl Pts',(59.9450911925069,48.4365427349342,0.999999999999998));
#6921=CARTESIAN_POINT('Ctrl Pts',(59.7729072250107,48.3484311564584,3.));
#6922=CARTESIAN_POINT('Ctrl Pts',(59.7729072250107,48.3484311564584,0.999999999999998));
#6923=CARTESIAN_POINT('',(61.0518965400437,48.6519785388131,3.));
#6924=CARTESIAN_POINT('Ctrl Pts',(61.0518965400437,48.6519785388131,3.));
#6925=CARTESIAN_POINT('Ctrl Pts',(60.7953898313003,48.6479857031733,3.));
#6926=CARTESIAN_POINT('Ctrl Pts',(60.3445708277137,48.6409681628001,3.));
#6927=CARTESIAN_POINT('Ctrl Pts',(59.9450911925069,48.4365427349342,3.));
#6928=CARTESIAN_POINT('Ctrl Pts',(59.7729072250107,48.3484311564584,3.));
#6929=CARTESIAN_POINT('',(61.0518965400437,48.6519785388131,0.999999999999998));
#6930=CARTESIAN_POINT('',(61.0518965400437,48.6519785388131,3.));
#6931=CARTESIAN_POINT('Ctrl Pts',(61.0518965400437,48.6519785388131,0.999999999999998));
#6932=CARTESIAN_POINT('Ctrl Pts',(60.7953898313003,48.6479857031733,0.999999999999998));
#6933=CARTESIAN_POINT('Ctrl Pts',(60.3445708277137,48.6409681628001,0.999999999999998));
#6934=CARTESIAN_POINT('Ctrl Pts',(59.9450911925069,48.4365427349342,0.999999999999998));
#6935=CARTESIAN_POINT('Ctrl Pts',(59.7729072250107,48.3484311564584,0.999999999999998));
#6936=CARTESIAN_POINT('Ctrl Pts',(62.450259653447,48.2358803017755,3.));
#6937=CARTESIAN_POINT('Ctrl Pts',(62.450259653447,48.2358803017755,0.999999999999998));
#6938=CARTESIAN_POINT('Ctrl Pts',(62.2606998164169,48.3568905613408,3.));
#6939=CARTESIAN_POINT('Ctrl Pts',(62.2606998164169,48.3568905613408,0.999999999999998));
#6940=CARTESIAN_POINT('Ctrl Pts',(61.8366638635761,48.6275845096067,3.));
#6941=CARTESIAN_POINT('Ctrl Pts',(61.8366638635761,48.6275845096067,0.999999999999998));
#6942=CARTESIAN_POINT('Ctrl Pts',(61.331328311452,48.6432925670753,3.));
#6943=CARTESIAN_POINT('Ctrl Pts',(61.331328311452,48.6432925670753,0.999999999999998));
#6944=CARTESIAN_POINT('Ctrl Pts',(61.0518965400437,48.6519785388131,3.));
#6945=CARTESIAN_POINT('Ctrl Pts',(61.0518965400437,48.6519785388131,0.999999999999998));
#6946=CARTESIAN_POINT('',(62.450259653447,48.2358803017755,3.));
#6947=CARTESIAN_POINT('Ctrl Pts',(62.450259653447,48.2358803017755,3.));
#6948=CARTESIAN_POINT('Ctrl Pts',(62.2606998164169,48.3568905613408,3.));
#6949=CARTESIAN_POINT('Ctrl Pts',(61.8366638635761,48.6275845096067,3.));
#6950=CARTESIAN_POINT('Ctrl Pts',(61.331328311452,48.6432925670753,3.));
#6951=CARTESIAN_POINT('Ctrl Pts',(61.0518965400437,48.6519785388131,3.));
#6952=CARTESIAN_POINT('',(62.450259653447,48.2358803017755,0.999999999999998));
#6953=CARTESIAN_POINT('',(62.450259653447,48.2358803017755,3.));
#6954=CARTESIAN_POINT('Ctrl Pts',(62.450259653447,48.2358803017755,0.999999999999998));
#6955=CARTESIAN_POINT('Ctrl Pts',(62.2606998164169,48.3568905613408,0.999999999999998));
#6956=CARTESIAN_POINT('Ctrl Pts',(61.8366638635761,48.6275845096067,0.999999999999998));
#6957=CARTESIAN_POINT('Ctrl Pts',(61.331328311452,48.6432925670753,0.999999999999998));
#6958=CARTESIAN_POINT('Ctrl Pts',(61.0518965400437,48.6519785388131,0.999999999999998));
#6959=CARTESIAN_POINT('Ctrl Pts',(62.7981457389573,47.1785815222878,3.));
#6960=CARTESIAN_POINT('Ctrl Pts',(62.7981457389573,47.1785815222878,0.999999999999998));
#6961=CARTESIAN_POINT('Ctrl Pts',(62.7932477626376,47.4004507870174,3.));
#6962=CARTESIAN_POINT('Ctrl Pts',(62.7932477626376,47.4004507870174,0.999999999999998));
#6963=CARTESIAN_POINT('Ctrl Pts',(62.784611444757,47.7916600075361,3.));
#6964=CARTESIAN_POINT('Ctrl Pts',(62.784611444757,47.7916600075361,0.999999999999998));
#6965=CARTESIAN_POINT('Ctrl Pts',(62.5512661662589,48.1016828965048,3.));
#6966=CARTESIAN_POINT('Ctrl Pts',(62.5512661662589,48.1016828965048,0.999999999999998));
#6967=CARTESIAN_POINT('Ctrl Pts',(62.450259653447,48.2358803017755,3.));
#6968=CARTESIAN_POINT('Ctrl Pts',(62.450259653447,48.2358803017755,0.999999999999998));
#6969=CARTESIAN_POINT('',(62.7981457389573,47.1785815222878,3.));
#6970=CARTESIAN_POINT('Ctrl Pts',(62.7981457389573,47.1785815222878,3.));
#6971=CARTESIAN_POINT('Ctrl Pts',(62.7932477626376,47.4004507870174,3.));
#6972=CARTESIAN_POINT('Ctrl Pts',(62.784611444757,47.7916600075361,3.));
#6973=CARTESIAN_POINT('Ctrl Pts',(62.5512661662589,48.1016828965048,3.));
#6974=CARTESIAN_POINT('Ctrl Pts',(62.450259653447,48.2358803017755,3.));
#6975=CARTESIAN_POINT('',(62.7981457389573,47.1785815222878,0.999999999999998));
#6976=CARTESIAN_POINT('',(62.7981457389573,47.1785815222878,3.));
#6977=CARTESIAN_POINT('Ctrl Pts',(62.7981457389573,47.1785815222878,0.999999999999998));
#6978=CARTESIAN_POINT('Ctrl Pts',(62.7932477626376,47.4004507870174,0.999999999999998));
#6979=CARTESIAN_POINT('Ctrl Pts',(62.784611444757,47.7916600075361,0.999999999999998));
#6980=CARTESIAN_POINT('Ctrl Pts',(62.5512661662589,48.1016828965048,0.999999999999998));
#6981=CARTESIAN_POINT('Ctrl Pts',(62.450259653447,48.2358803017755,0.999999999999998));
#6982=CARTESIAN_POINT('Ctrl Pts',(62.791326967595,46.8579812510629,3.));
#6983=CARTESIAN_POINT('Ctrl Pts',(62.791326967595,46.8579812510629,0.999999999999998));
#6984=CARTESIAN_POINT('Ctrl Pts',(62.7932484417163,46.9267581080231,3.));
#6985=CARTESIAN_POINT('Ctrl Pts',(62.7932484417163,46.9267581080231,0.999999999999998));
#6986=CARTESIAN_POINT('Ctrl Pts',(62.796233668732,47.0336107214303,3.));
#6987=CARTESIAN_POINT('Ctrl Pts',(62.796233668732,47.0336107214303,0.999999999999998));
#6988=CARTESIAN_POINT('Ctrl Pts',(62.7976433975573,47.1404946183164,3.));
#6989=CARTESIAN_POINT('Ctrl Pts',(62.7976433975573,47.1404946183164,0.999999999999998));
#6990=CARTESIAN_POINT('Ctrl Pts',(62.7981457389573,47.1785815222878,3.));
#6991=CARTESIAN_POINT('Ctrl Pts',(62.7981457389573,47.1785815222878,0.999999999999998));
#6992=CARTESIAN_POINT('',(62.791326967595,46.8579812510629,3.));
#6993=CARTESIAN_POINT('Ctrl Pts',(62.791326967595,46.8579812510629,3.));
#6994=CARTESIAN_POINT('Ctrl Pts',(62.7932484417163,46.9267581080231,3.));
#6995=CARTESIAN_POINT('Ctrl Pts',(62.796233668732,47.0336107214303,3.));
#6996=CARTESIAN_POINT('Ctrl Pts',(62.7976433975573,47.1404946183164,3.));
#6997=CARTESIAN_POINT('Ctrl Pts',(62.7981457389573,47.1785815222878,3.));
#6998=CARTESIAN_POINT('',(62.791326967595,46.8579812510629,0.999999999999998));
#6999=CARTESIAN_POINT('',(62.791326967595,46.8579812510629,3.));
#7000=CARTESIAN_POINT('Ctrl Pts',(62.791326967595,46.8579812510629,0.999999999999998));
#7001=CARTESIAN_POINT('Ctrl Pts',(62.7932484417163,46.9267581080231,0.999999999999998));
#7002=CARTESIAN_POINT('Ctrl Pts',(62.796233668732,47.0336107214303,0.999999999999998));
#7003=CARTESIAN_POINT('Ctrl Pts',(62.7976433975573,47.1404946183164,0.999999999999998));
#7004=CARTESIAN_POINT('Ctrl Pts',(62.7981457389573,47.1785815222878,0.999999999999998));
#7005=CARTESIAN_POINT('Ctrl Pts',(60.601693121312,46.4350612624307,3.));
#7006=CARTESIAN_POINT('Ctrl Pts',(60.601693121312,46.4350612624307,0.999999999999998));
#7007=CARTESIAN_POINT('Ctrl Pts',(61.0345076707316,46.4874580676848,3.));
#7008=CARTESIAN_POINT('Ctrl Pts',(61.0345076707316,46.4874580676848,0.999999999999998));
#7009=CARTESIAN_POINT('Ctrl Pts',(61.7747554469889,46.5770729353558,3.));
#7010=CARTESIAN_POINT('Ctrl Pts',(61.7747554469889,46.5770729353558,0.999999999999998));
#7011=CARTESIAN_POINT('Ctrl Pts',(62.4930225581727,46.7755510555279,3.));
#7012=CARTESIAN_POINT('Ctrl Pts',(62.4930225581727,46.7755510555279,0.999999999999998));
#7013=CARTESIAN_POINT('Ctrl Pts',(62.791326967595,46.8579812510629,3.));
#7014=CARTESIAN_POINT('Ctrl Pts',(62.791326967595,46.8579812510629,0.999999999999998));
#7015=CARTESIAN_POINT('',(60.601693121312,46.4350612624307,3.));
#7016=CARTESIAN_POINT('Ctrl Pts',(60.601693121312,46.4350612624307,3.));
#7017=CARTESIAN_POINT('Ctrl Pts',(61.0345076707316,46.4874580676848,3.));
#7018=CARTESIAN_POINT('Ctrl Pts',(61.7747554469889,46.5770729353558,3.));
#7019=CARTESIAN_POINT('Ctrl Pts',(62.4930225581727,46.7755510555279,3.));
#7020=CARTESIAN_POINT('Ctrl Pts',(62.791326967595,46.8579812510629,3.));
#7021=CARTESIAN_POINT('',(60.601693121312,46.4350612624307,0.999999999999998));
#7022=CARTESIAN_POINT('',(60.601693121312,46.4350612624307,3.));
#7023=CARTESIAN_POINT('Ctrl Pts',(60.601693121312,46.4350612624307,0.999999999999998));
#7024=CARTESIAN_POINT('Ctrl Pts',(61.0345076707316,46.4874580676848,0.999999999999998));
#7025=CARTESIAN_POINT('Ctrl Pts',(61.7747554469889,46.5770729353558,0.999999999999998));
#7026=CARTESIAN_POINT('Ctrl Pts',(62.4930225581727,46.7755510555279,0.999999999999998));
#7027=CARTESIAN_POINT('Ctrl Pts',(62.791326967595,46.8579812510629,0.999999999999998));
#7028=CARTESIAN_POINT('Ctrl Pts',(59.5102891601304,46.2508864863534,3.));
#7029=CARTESIAN_POINT('Ctrl Pts',(59.5102891601304,46.2508864863534,0.999999999999998));
#7030=CARTESIAN_POINT('Ctrl Pts',(59.6611447427231,46.2841585199441,3.));
#7031=CARTESIAN_POINT('Ctrl Pts',(59.6611447427231,46.2841585199441,0.999999999999998));
#7032=CARTESIAN_POINT('Ctrl Pts',(60.0217868591409,46.3637001345497,3.));
#7033=CARTESIAN_POINT('Ctrl Pts',(60.0217868591409,46.3637001345497,0.999999999999998));
#7034=CARTESIAN_POINT('Ctrl Pts',(60.3884210063287,46.4088167817903,3.));
#7035=CARTESIAN_POINT('Ctrl Pts',(60.3884210063287,46.4088167817903,0.999999999999998));
#7036=CARTESIAN_POINT('Ctrl Pts',(60.601693121312,46.4350612624307,3.));
#7037=CARTESIAN_POINT('Ctrl Pts',(60.601693121312,46.4350612624307,0.999999999999998));
#7038=CARTESIAN_POINT('',(59.5102891601304,46.2508864863534,3.));
#7039=CARTESIAN_POINT('Ctrl Pts',(59.5102891601304,46.2508864863534,3.));
#7040=CARTESIAN_POINT('Ctrl Pts',(59.6611447427231,46.2841585199441,3.));
#7041=CARTESIAN_POINT('Ctrl Pts',(60.0217868591409,46.3637001345497,3.));
#7042=CARTESIAN_POINT('Ctrl Pts',(60.3884210063287,46.4088167817903,3.));
#7043=CARTESIAN_POINT('Ctrl Pts',(60.601693121312,46.4350612624307,3.));
#7044=CARTESIAN_POINT('',(59.5102891601304,46.2508864863534,0.999999999999998));
#7045=CARTESIAN_POINT('',(59.5102891601304,46.2508864863534,3.));
#7046=CARTESIAN_POINT('Ctrl Pts',(59.5102891601304,46.2508864863534,0.999999999999998));
#7047=CARTESIAN_POINT('Ctrl Pts',(59.6611447427231,46.2841585199441,0.999999999999998));
#7048=CARTESIAN_POINT('Ctrl Pts',(60.0217868591409,46.3637001345497,0.999999999999998));
#7049=CARTESIAN_POINT('Ctrl Pts',(60.3884210063287,46.4088167817903,0.999999999999998));
#7050=CARTESIAN_POINT('Ctrl Pts',(60.601693121312,46.4350612624307,0.999999999999998));
#7051=CARTESIAN_POINT('Ctrl Pts',(58.6269316352585,45.8484311564584,3.));
#7052=CARTESIAN_POINT('Ctrl Pts',(58.6269316352585,45.8484311564584,0.999999999999998));
#7053=CARTESIAN_POINT('Ctrl Pts',(58.7632607942906,45.9321105739092,3.));
#7054=CARTESIAN_POINT('Ctrl Pts',(58.7632607942906,45.9321105739092,0.999999999999998));
#7055=CARTESIAN_POINT('Ctrl Pts',(59.0410754783325,46.1026344081715,3.));
#7056=CARTESIAN_POINT('Ctrl Pts',(59.0410754783325,46.1026344081715,0.999999999999998));
#7057=CARTESIAN_POINT('Ctrl Pts',(59.3519612063688,46.2008614144299,3.));
#7058=CARTESIAN_POINT('Ctrl Pts',(59.3519612063688,46.2008614144299,0.999999999999998));
#7059=CARTESIAN_POINT('Ctrl Pts',(59.5102891601304,46.2508864863534,3.));
#7060=CARTESIAN_POINT('Ctrl Pts',(59.5102891601304,46.2508864863534,0.999999999999998));
#7061=CARTESIAN_POINT('',(58.6269316352585,45.8484311564584,3.));
#7062=CARTESIAN_POINT('Ctrl Pts',(58.6269316352585,45.8484311564584,3.));
#7063=CARTESIAN_POINT('Ctrl Pts',(58.7632607942906,45.9321105739092,3.));
#7064=CARTESIAN_POINT('Ctrl Pts',(59.0410754783325,46.1026344081715,3.));
#7065=CARTESIAN_POINT('Ctrl Pts',(59.3519612063688,46.2008614144299,3.));
#7066=CARTESIAN_POINT('Ctrl Pts',(59.5102891601304,46.2508864863534,3.));
#7067=CARTESIAN_POINT('',(58.6269316352585,45.8484311564584,0.999999999999998));
#7068=CARTESIAN_POINT('',(58.6269316352585,45.8484311564584,3.));
#7069=CARTESIAN_POINT('Ctrl Pts',(58.6269316352585,45.8484311564584,0.999999999999998));
#7070=CARTESIAN_POINT('Ctrl Pts',(58.7632607942906,45.9321105739092,0.999999999999998));
#7071=CARTESIAN_POINT('Ctrl Pts',(59.0410754783325,46.1026344081715,0.999999999999998));
#7072=CARTESIAN_POINT('Ctrl Pts',(59.3519612063688,46.2008614144299,0.999999999999998));
#7073=CARTESIAN_POINT('Ctrl Pts',(59.5102891601304,46.2508864863534,0.999999999999998));
#7074=CARTESIAN_POINT('Ctrl Pts',(57.9925522483567,45.1424284442086,3.));
#7075=CARTESIAN_POINT('Ctrl Pts',(57.9925522483567,45.1424284442086,0.999999999999998));
#7076=CARTESIAN_POINT('Ctrl Pts',(58.0785086804294,45.2811451991177,3.));
#7077=CARTESIAN_POINT('Ctrl Pts',(58.0785086804294,45.2811451991177,0.999999999999998));
#7078=CARTESIAN_POINT('Ctrl Pts',(58.2478637418076,45.5544509189498,3.));
#7079=CARTESIAN_POINT('Ctrl Pts',(58.2478637418076,45.5544509189498,0.999999999999998));
#7080=CARTESIAN_POINT('Ctrl Pts',(58.5018543608495,45.7514294122512,3.));
#7081=CARTESIAN_POINT('Ctrl Pts',(58.5018543608495,45.7514294122512,0.999999999999998));
#7082=CARTESIAN_POINT('Ctrl Pts',(58.6269316352585,45.8484311564584,3.));
#7083=CARTESIAN_POINT('Ctrl Pts',(58.6269316352585,45.8484311564584,0.999999999999998));
#7084=CARTESIAN_POINT('',(57.9925522483567,45.1424284442086,3.));
#7085=CARTESIAN_POINT('Ctrl Pts',(57.9925522483567,45.1424284442086,3.));
#7086=CARTESIAN_POINT('Ctrl Pts',(58.0785086804294,45.2811451991177,3.));
#7087=CARTESIAN_POINT('Ctrl Pts',(58.2478637418076,45.5544509189498,3.));
#7088=CARTESIAN_POINT('Ctrl Pts',(58.5018543608495,45.7514294122512,3.));
#7089=CARTESIAN_POINT('Ctrl Pts',(58.6269316352585,45.8484311564584,3.));
#7090=CARTESIAN_POINT('',(57.9925522483567,45.1424284442086,0.999999999999998));
#7091=CARTESIAN_POINT('',(57.9925522483567,45.1424284442086,3.));
#7092=CARTESIAN_POINT('Ctrl Pts',(57.9925522483567,45.1424284442086,0.999999999999998));
#7093=CARTESIAN_POINT('Ctrl Pts',(58.0785086804294,45.2811451991177,0.999999999999998));
#7094=CARTESIAN_POINT('Ctrl Pts',(58.2478637418076,45.5544509189498,0.999999999999998));
#7095=CARTESIAN_POINT('Ctrl Pts',(58.5018543608495,45.7514294122512,0.999999999999998));
#7096=CARTESIAN_POINT('Ctrl Pts',(58.6269316352585,45.8484311564584,0.999999999999998));
#7097=CARTESIAN_POINT('Ctrl Pts',(57.7503976501206,44.1703958972116,3.));
#7098=CARTESIAN_POINT('Ctrl Pts',(57.7503976501206,44.1703958972116,0.999999999999998));
#7099=CARTESIAN_POINT('Ctrl Pts',(57.7598617227071,44.3427666587659,3.));
#7100=CARTESIAN_POINT('Ctrl Pts',(57.7598617227071,44.3427666587659,0.999999999999998));
#7101=CARTESIAN_POINT('Ctrl Pts',(57.7785077122415,44.6823692333036,3.));
#7102=CARTESIAN_POINT('Ctrl Pts',(57.7785077122415,44.6823692333036,0.999999999999998));
#7103=CARTESIAN_POINT('Ctrl Pts',(57.9219274906152,44.9906302674992,3.));
#7104=CARTESIAN_POINT('Ctrl Pts',(57.9219274906152,44.9906302674992,0.999999999999998));
#7105=CARTESIAN_POINT('Ctrl Pts',(57.9925522483567,45.1424284442086,3.));
#7106=CARTESIAN_POINT('Ctrl Pts',(57.9925522483567,45.1424284442086,0.999999999999998));
#7107=CARTESIAN_POINT('',(57.7503976501206,44.1703958972116,3.));
#7108=CARTESIAN_POINT('Ctrl Pts',(57.7503976501206,44.1703958972116,3.));
#7109=CARTESIAN_POINT('Ctrl Pts',(57.7598617227071,44.3427666587659,3.));
#7110=CARTESIAN_POINT('Ctrl Pts',(57.7785077122415,44.6823692333036,3.));
#7111=CARTESIAN_POINT('Ctrl Pts',(57.9219274906152,44.9906302674992,3.));
#7112=CARTESIAN_POINT('Ctrl Pts',(57.9925522483567,45.1424284442086,3.));
#7113=CARTESIAN_POINT('',(57.7503976501206,44.1703958972116,0.999999999999998));
#7114=CARTESIAN_POINT('',(57.7503976501206,44.1703958972116,3.));
#7115=CARTESIAN_POINT('Ctrl Pts',(57.7503976501206,44.1703958972116,0.999999999999998));
#7116=CARTESIAN_POINT('Ctrl Pts',(57.7598617227071,44.3427666587659,0.999999999999998));
#7117=CARTESIAN_POINT('Ctrl Pts',(57.7785077122415,44.6823692333036,0.999999999999998));
#7118=CARTESIAN_POINT('Ctrl Pts',(57.9219274906152,44.9906302674992,0.999999999999998));
#7119=CARTESIAN_POINT('Ctrl Pts',(57.9925522483567,45.1424284442086,0.999999999999998));
#7120=CARTESIAN_POINT('Ctrl Pts',(58.3915981925705,42.6799459918161,3.));
#7121=CARTESIAN_POINT('Ctrl Pts',(58.3915981925705,42.6799459918161,0.999999999999998));
#7122=CARTESIAN_POINT('Ctrl Pts',(58.2045905764415,42.8897725583935,3.));
#7123=CARTESIAN_POINT('Ctrl Pts',(58.2045905764415,42.8897725583935,0.999999999999998));
#7124=CARTESIAN_POINT('Ctrl Pts',(57.8256494081698,43.3149526976796,3.));
#7125=CARTESIAN_POINT('Ctrl Pts',(57.8256494081698,43.3149526976796,0.999999999999998));
#7126=CARTESIAN_POINT('Ctrl Pts',(57.7756980123732,43.882787695147,3.));
#7127=CARTESIAN_POINT('Ctrl Pts',(57.7756980123732,43.882787695147,0.999999999999998));
#7128=CARTESIAN_POINT('Ctrl Pts',(57.7503976501206,44.1703958972116,3.));
#7129=CARTESIAN_POINT('Ctrl Pts',(57.7503976501206,44.1703958972116,0.999999999999998));
#7130=CARTESIAN_POINT('',(58.3915981925705,42.6799459918161,3.));
#7131=CARTESIAN_POINT('Ctrl Pts',(58.3915981925705,42.6799459918161,3.));
#7132=CARTESIAN_POINT('Ctrl Pts',(58.2045905764415,42.8897725583935,3.));
#7133=CARTESIAN_POINT('Ctrl Pts',(57.8256494081698,43.3149526976796,3.));
#7134=CARTESIAN_POINT('Ctrl Pts',(57.7756980123732,43.882787695147,3.));
#7135=CARTESIAN_POINT('Ctrl Pts',(57.7503976501206,44.1703958972116,3.));
#7136=CARTESIAN_POINT('',(58.3915981925705,42.6799459918161,0.999999999999998));
#7137=CARTESIAN_POINT('',(58.3915981925705,42.6799459918161,3.));
#7138=CARTESIAN_POINT('Ctrl Pts',(58.3915981925705,42.6799459918161,0.999999999999998));
#7139=CARTESIAN_POINT('Ctrl Pts',(58.2045905764415,42.8897725583935,0.999999999999998));
#7140=CARTESIAN_POINT('Ctrl Pts',(57.8256494081698,43.3149526976796,0.999999999999998));
#7141=CARTESIAN_POINT('Ctrl Pts',(57.7756980123732,43.882787695147,0.999999999999998));
#7142=CARTESIAN_POINT('Ctrl Pts',(57.7503976501206,44.1703958972116,0.999999999999998));
#7143=CARTESIAN_POINT('Ctrl Pts',(60.2265224136093,42.0967252715249,3.));
#7144=CARTESIAN_POINT('Ctrl Pts',(60.2265224136093,42.0967252715249,0.999999999999998));
#7145=CARTESIAN_POINT('Ctrl Pts',(59.8632065441684,42.1112664599518,3.));
#7146=CARTESIAN_POINT('Ctrl Pts',(59.8632065441684,42.1112664599518,0.999999999999998));
#7147=CARTESIAN_POINT('Ctrl Pts',(59.195189162645,42.1380028825367,3.));
#7148=CARTESIAN_POINT('Ctrl Pts',(59.195189162645,42.1380028825367,0.999999999999998));
#7149=CARTESIAN_POINT('Ctrl Pts',(58.6433208488149,42.5101838067227,3.));
#7150=CARTESIAN_POINT('Ctrl Pts',(58.6433208488149,42.5101838067227,0.999999999999998));
#7151=CARTESIAN_POINT('Ctrl Pts',(58.3915981925705,42.6799459918161,3.));
#7152=CARTESIAN_POINT('Ctrl Pts',(58.3915981925705,42.6799459918161,0.999999999999998));
#7153=CARTESIAN_POINT('',(60.2265224136093,42.0967252715249,3.));
#7154=CARTESIAN_POINT('Ctrl Pts',(60.2265224136093,42.0967252715249,3.));
#7155=CARTESIAN_POINT('Ctrl Pts',(59.8632065441684,42.1112664599518,3.));
#7156=CARTESIAN_POINT('Ctrl Pts',(59.195189162645,42.1380028825367,3.));
#7157=CARTESIAN_POINT('Ctrl Pts',(58.6433208488149,42.5101838067227,3.));
#7158=CARTESIAN_POINT('Ctrl Pts',(58.3915981925705,42.6799459918161,3.));
#7159=CARTESIAN_POINT('',(60.2265224136093,42.0967252715249,0.999999999999998));
#7160=CARTESIAN_POINT('',(60.2265224136093,42.0967252715249,3.));
#7161=CARTESIAN_POINT('Ctrl Pts',(60.2265224136093,42.0967252715249,0.999999999999998));
#7162=CARTESIAN_POINT('Ctrl Pts',(59.8632065441684,42.1112664599518,0.999999999999998));
#7163=CARTESIAN_POINT('Ctrl Pts',(59.195189162645,42.1380028825367,0.999999999999998));
#7164=CARTESIAN_POINT('Ctrl Pts',(58.6433208488149,42.5101838067227,0.999999999999998));
#7165=CARTESIAN_POINT('Ctrl Pts',(58.3915981925705,42.6799459918161,0.999999999999998));
#7166=CARTESIAN_POINT('Ctrl Pts',(61.5805468238571,42.3354704840798,3.));
#7167=CARTESIAN_POINT('Ctrl Pts',(61.5805468238571,42.3354704840798,0.999999999999998));
#7168=CARTESIAN_POINT('Ctrl Pts',(61.3643191581968,42.265842330545,3.));
#7169=CARTESIAN_POINT('Ctrl Pts',(61.3643191581968,42.265842330545,0.999999999999998));
#7170=CARTESIAN_POINT('Ctrl Pts',(60.9240474895267,42.1240690599988,3.));
#7171=CARTESIAN_POINT('Ctrl Pts',(60.9240474895267,42.1240690599988,0.999999999999998));
#7172=CARTESIAN_POINT('Ctrl Pts',(60.461766465301,42.1059471100097,3.));
#7173=CARTESIAN_POINT('Ctrl Pts',(60.461766465301,42.1059471100097,0.999999999999998));
#7174=CARTESIAN_POINT('Ctrl Pts',(60.2265224136093,42.0967252715249,3.));
#7175=CARTESIAN_POINT('Ctrl Pts',(60.2265224136093,42.0967252715249,0.999999999999998));
#7176=CARTESIAN_POINT('',(61.5805468238571,42.3354704840798,3.));
#7177=CARTESIAN_POINT('Ctrl Pts',(61.5805468238571,42.3354704840798,3.));
#7178=CARTESIAN_POINT('Ctrl Pts',(61.3643191581968,42.265842330545,3.));
#7179=CARTESIAN_POINT('Ctrl Pts',(60.9240474895267,42.1240690599988,3.));
#7180=CARTESIAN_POINT('Ctrl Pts',(60.461766465301,42.1059471100097,3.));
#7181=CARTESIAN_POINT('Ctrl Pts',(60.2265224136093,42.0967252715249,3.));
#7182=CARTESIAN_POINT('',(61.5805468238571,42.3354704840798,0.999999999999998));
#7183=CARTESIAN_POINT('',(61.5805468238571,42.3354704840798,3.));
#7184=CARTESIAN_POINT('Ctrl Pts',(61.5805468238571,42.3354704840798,0.999999999999998));
#7185=CARTESIAN_POINT('Ctrl Pts',(61.3643191581968,42.265842330545,0.999999999999998));
#7186=CARTESIAN_POINT('Ctrl Pts',(60.9240474895267,42.1240690599988,0.999999999999998));
#7187=CARTESIAN_POINT('Ctrl Pts',(60.461766465301,42.1059471100097,0.999999999999998));
#7188=CARTESIAN_POINT('Ctrl Pts',(60.2265224136093,42.0967252715249,0.999999999999998));
#7189=CARTESIAN_POINT('Ctrl Pts',(62.8936466850022,43.154024647059,3.));
#7190=CARTESIAN_POINT('Ctrl Pts',(62.8936466850022,43.154024647059,0.999999999999998));
#7191=CARTESIAN_POINT('Ctrl Pts',(62.6771453838304,42.9784234290196,3.));
#7192=CARTESIAN_POINT('Ctrl Pts',(62.6771453838304,42.9784234290196,0.999999999999998));
#7193=CARTESIAN_POINT('Ctrl Pts',(62.2731546908347,42.6507521522992,3.));
#7194=CARTESIAN_POINT('Ctrl Pts',(62.2731546908347,42.6507521522992,0.999999999999998));
#7195=CARTESIAN_POINT('Ctrl Pts',(61.8000920479227,42.435409551759,3.));
#7196=CARTESIAN_POINT('Ctrl Pts',(61.8000920479227,42.435409551759,0.999999999999998));
#7197=CARTESIAN_POINT('Ctrl Pts',(61.5805468238571,42.3354704840798,3.));
#7198=CARTESIAN_POINT('Ctrl Pts',(61.5805468238571,42.3354704840798,0.999999999999998));
#7199=CARTESIAN_POINT('',(62.8936466850022,43.154024647059,3.));
#7200=CARTESIAN_POINT('Ctrl Pts',(62.8936466850022,43.154024647059,3.));
#7201=CARTESIAN_POINT('Ctrl Pts',(62.6771453838304,42.9784234290196,3.));
#7202=CARTESIAN_POINT('Ctrl Pts',(62.2731546908347,42.6507521522992,3.));
#7203=CARTESIAN_POINT('Ctrl Pts',(61.8000920479227,42.435409551759,3.));
#7204=CARTESIAN_POINT('Ctrl Pts',(61.5805468238571,42.3354704840798,3.));
#7205=CARTESIAN_POINT('',(62.8936466850022,43.154024647059,0.999999999999998));
#7206=CARTESIAN_POINT('',(62.8936466850022,43.154024647059,3.));
#7207=CARTESIAN_POINT('Ctrl Pts',(62.8936466850022,43.154024647059,0.999999999999998));
#7208=CARTESIAN_POINT('Ctrl Pts',(62.6771453838304,42.9784234290196,0.999999999999998));
#7209=CARTESIAN_POINT('Ctrl Pts',(62.2731546908347,42.6507521522992,0.999999999999998));
#7210=CARTESIAN_POINT('Ctrl Pts',(61.8000920479227,42.435409551759,0.999999999999998));
#7211=CARTESIAN_POINT('Ctrl Pts',(61.5805468238571,42.3354704840798,0.999999999999998));
#7212=CARTESIAN_POINT('Ctrl Pts',(63.1392130531052,42.2604365809579,3.));
#7213=CARTESIAN_POINT('Ctrl Pts',(63.1392130531052,42.2604365809579,0.999999999999998));
#7214=CARTESIAN_POINT('Ctrl Pts',(63.0808638151818,42.3968763686801,3.));
#7215=CARTESIAN_POINT('Ctrl Pts',(63.0808638151818,42.3968763686801,0.999999999999998));
#7216=CARTESIAN_POINT('Ctrl Pts',(62.9583404812984,42.6833763858361,3.));
#7217=CARTESIAN_POINT('Ctrl Pts',(62.9583404812984,42.6833763858361,0.999999999999998));
#7218=CARTESIAN_POINT('Ctrl Pts',(62.9158840874936,42.9922472369228,3.));
#7219=CARTESIAN_POINT('Ctrl Pts',(62.9158840874936,42.9922472369228,0.999999999999998));
#7220=CARTESIAN_POINT('Ctrl Pts',(62.8936466850022,43.154024647059,3.));
#7221=CARTESIAN_POINT('Ctrl Pts',(62.8936466850022,43.154024647059,0.999999999999998));
#7222=CARTESIAN_POINT('Ctrl Pts',(63.1392130531052,42.2604365809579,3.));
#7223=CARTESIAN_POINT('Ctrl Pts',(63.0808638151818,42.3968763686801,3.));
#7224=CARTESIAN_POINT('Ctrl Pts',(62.9583404812984,42.6833763858361,3.));
#7225=CARTESIAN_POINT('Ctrl Pts',(62.9158840874936,42.9922472369228,3.));
#7226=CARTESIAN_POINT('Ctrl Pts',(62.8936466850022,43.154024647059,3.));
#7227=CARTESIAN_POINT('Ctrl Pts',(63.1392130531052,42.2604365809579,0.999999999999998));
#7228=CARTESIAN_POINT('Ctrl Pts',(63.0808638151818,42.3968763686801,0.999999999999998));
#7229=CARTESIAN_POINT('Ctrl Pts',(62.9583404812984,42.6833763858361,0.999999999999998));
#7230=CARTESIAN_POINT('Ctrl Pts',(62.9158840874936,42.9922472369228,0.999999999999998));
#7231=CARTESIAN_POINT('Ctrl Pts',(62.8936466850022,43.154024647059,0.999999999999998));
#7232=CARTESIAN_POINT('Origin',(56.5396200023273,47.1785809262414,0.999999999999998));
#7233=CARTESIAN_POINT('Ctrl Pts',(73.4666332877854,44.2181451781411,3.));
#7234=CARTESIAN_POINT('Ctrl Pts',(73.4666332877854,44.2181451781411,0.999999999999998));
#7235=CARTESIAN_POINT('Ctrl Pts',(73.5240337470903,44.3884099182095,3.));
#7236=CARTESIAN_POINT('Ctrl Pts',(73.5240337470903,44.3884099182095,0.999999999999998));
#7237=CARTESIAN_POINT('Ctrl Pts',(73.6579614934087,44.7856745601825,3.));
#7238=CARTESIAN_POINT('Ctrl Pts',(73.6579614934087,44.7856745601825,0.999999999999998));
#7239=CARTESIAN_POINT('Ctrl Pts',(73.6620900790456,45.2058719728911,3.));
#7240=CARTESIAN_POINT('Ctrl Pts',(73.6620900790456,45.2058719728911,0.999999999999998));
#7241=CARTESIAN_POINT('Ctrl Pts',(73.664449182866,45.4459758265633,3.));
#7242=CARTESIAN_POINT('Ctrl Pts',(73.664449182866,45.4459758265633,0.999999999999998));
#7243=CARTESIAN_POINT('',(73.4666332877854,44.2181451781411,3.));
#7244=CARTESIAN_POINT('',(73.664449182866,45.4459758265633,3.));
#7245=CARTESIAN_POINT('Ctrl Pts',(73.4666332877854,44.2181451781411,3.));
#7246=CARTESIAN_POINT('Ctrl Pts',(73.5240337470903,44.3884099182095,3.));
#7247=CARTESIAN_POINT('Ctrl Pts',(73.6579614934087,44.7856745601825,3.));
#7248=CARTESIAN_POINT('Ctrl Pts',(73.6620900790456,45.2058719728911,3.));
#7249=CARTESIAN_POINT('Ctrl Pts',(73.664449182866,45.4459758265633,3.));
#7250=CARTESIAN_POINT('',(73.4666332877854,44.2181451781411,0.999999999999998));
#7251=CARTESIAN_POINT('',(73.4666332877854,44.2181451781411,3.));
#7252=CARTESIAN_POINT('',(73.664449182866,45.4459758265633,0.999999999999998));
#7253=CARTESIAN_POINT('Ctrl Pts',(73.4666332877854,44.2181451781411,0.999999999999998));
#7254=CARTESIAN_POINT('Ctrl Pts',(73.5240337470903,44.3884099182095,0.999999999999998));
#7255=CARTESIAN_POINT('Ctrl Pts',(73.6579614934087,44.7856745601825,0.999999999999998));
#7256=CARTESIAN_POINT('Ctrl Pts',(73.6620900790456,45.2058719728911,0.999999999999998));
#7257=CARTESIAN_POINT('Ctrl Pts',(73.664449182866,45.4459758265633,0.999999999999998));
#7258=CARTESIAN_POINT('',(73.664449182866,45.4459758265633,3.));
#7259=CARTESIAN_POINT('Ctrl Pts',(72.6548990882615,43.3688946231026,3.));
#7260=CARTESIAN_POINT('Ctrl Pts',(72.6548990882615,43.3688946231026,0.999999999999998));
#7261=CARTESIAN_POINT('Ctrl Pts',(72.8261535207113,43.4804346780937,3.));
#7262=CARTESIAN_POINT('Ctrl Pts',(72.8261535207113,43.4804346780937,0.999999999999998));
#7263=CARTESIAN_POINT('Ctrl Pts',(73.1634122421132,43.7000953069792,3.));
#7264=CARTESIAN_POINT('Ctrl Pts',(73.1634122421132,43.7000953069792,0.999999999999998));
#7265=CARTESIAN_POINT('Ctrl Pts',(73.3666140273857,44.0472633554467,3.));
#7266=CARTESIAN_POINT('Ctrl Pts',(73.3666140273857,44.0472633554467,0.999999999999998));
#7267=CARTESIAN_POINT('Ctrl Pts',(73.4666332877854,44.2181451781411,3.));
#7268=CARTESIAN_POINT('Ctrl Pts',(73.4666332877854,44.2181451781411,0.999999999999998));
#7269=CARTESIAN_POINT('',(72.6548990882615,43.3688946231026,3.));
#7270=CARTESIAN_POINT('Ctrl Pts',(72.6548990882615,43.3688946231026,3.));
#7271=CARTESIAN_POINT('Ctrl Pts',(72.8261535207113,43.4804346780937,3.));
#7272=CARTESIAN_POINT('Ctrl Pts',(73.1634122421132,43.7000953069792,3.));
#7273=CARTESIAN_POINT('Ctrl Pts',(73.3666140273857,44.0472633554467,3.));
#7274=CARTESIAN_POINT('Ctrl Pts',(73.4666332877854,44.2181451781411,3.));
#7275=CARTESIAN_POINT('',(72.6548990882615,43.3688946231026,0.999999999999998));
#7276=CARTESIAN_POINT('',(72.6548990882615,43.3688946231026,3.));
#7277=CARTESIAN_POINT('Ctrl Pts',(72.6548990882615,43.3688946231026,0.999999999999998));
#7278=CARTESIAN_POINT('Ctrl Pts',(72.8261535207113,43.4804346780937,0.999999999999998));
#7279=CARTESIAN_POINT('Ctrl Pts',(73.1634122421132,43.7000953069792,0.999999999999998));
#7280=CARTESIAN_POINT('Ctrl Pts',(73.3666140273857,44.0472633554467,0.999999999999998));
#7281=CARTESIAN_POINT('Ctrl Pts',(73.4666332877854,44.2181451781411,0.999999999999998));
#7282=CARTESIAN_POINT('Ctrl Pts',(71.3929638541916,43.0585260851998,3.));
#7283=CARTESIAN_POINT('Ctrl Pts',(71.3929638541916,43.0585260851998,0.999999999999998));
#7284=CARTESIAN_POINT('Ctrl Pts',(71.6199943482733,43.0698572833178,3.));
#7285=CARTESIAN_POINT('Ctrl Pts',(71.6199943482733,43.0698572833178,0.999999999999998));
#7286=CARTESIAN_POINT('Ctrl Pts',(72.0610044331935,43.0918683028703,3.));
#7287=CARTESIAN_POINT('Ctrl Pts',(72.0610044331935,43.0918683028703,0.999999999999998));
#7288=CARTESIAN_POINT('Ctrl Pts',(72.4608787242833,43.2783924658188,3.));
#7289=CARTESIAN_POINT('Ctrl Pts',(72.4608787242833,43.2783924658188,0.999999999999998));
#7290=CARTESIAN_POINT('Ctrl Pts',(72.6548990882615,43.3688946231026,3.));
#7291=CARTESIAN_POINT('Ctrl Pts',(72.6548990882615,43.3688946231026,0.999999999999998));
#7292=CARTESIAN_POINT('',(71.3929638541916,43.0585260851998,3.));
#7293=CARTESIAN_POINT('Ctrl Pts',(71.3929638541916,43.0585260851998,3.));
#7294=CARTESIAN_POINT('Ctrl Pts',(71.6199943482733,43.0698572833178,3.));
#7295=CARTESIAN_POINT('Ctrl Pts',(72.0610044331935,43.0918683028703,3.));
#7296=CARTESIAN_POINT('Ctrl Pts',(72.4608787242833,43.2783924658188,3.));
#7297=CARTESIAN_POINT('Ctrl Pts',(72.6548990882615,43.3688946231026,3.));
#7298=CARTESIAN_POINT('',(71.3929638541916,43.0585260851998,0.999999999999998));
#7299=CARTESIAN_POINT('',(71.3929638541916,43.0585260851998,3.));
#7300=CARTESIAN_POINT('Ctrl Pts',(71.3929638541916,43.0585260851998,0.999999999999998));
#7301=CARTESIAN_POINT('Ctrl Pts',(71.6199943482733,43.0698572833178,0.999999999999998));
#7302=CARTESIAN_POINT('Ctrl Pts',(72.0610044331935,43.0918683028703,0.999999999999998));
#7303=CARTESIAN_POINT('Ctrl Pts',(72.4608787242833,43.2783924658188,0.999999999999998));
#7304=CARTESIAN_POINT('Ctrl Pts',(72.6548990882615,43.3688946231026,0.999999999999998));
#7305=CARTESIAN_POINT('Ctrl Pts',(70.3049692786911,43.3859487040658,3.));
#7306=CARTESIAN_POINT('Ctrl Pts',(70.3049692786911,43.3859487040658,0.999999999999998));
#7307=CARTESIAN_POINT('Ctrl Pts',(70.4532943212914,43.2906996028561,3.));
#7308=CARTESIAN_POINT('Ctrl Pts',(70.4532943212914,43.2906996028561,0.999999999999998));
#7309=CARTESIAN_POINT('Ctrl Pts',(70.7830133206652,43.0789657122632,3.));
#7310=CARTESIAN_POINT('Ctrl Pts',(70.7830133206652,43.0789657122632,0.999999999999998));
#7311=CARTESIAN_POINT('Ctrl Pts',(71.1764924472712,43.0657801075904,3.));
#7312=CARTESIAN_POINT('Ctrl Pts',(71.1764924472712,43.0657801075904,0.999999999999998));
#7313=CARTESIAN_POINT('Ctrl Pts',(71.3929638541916,43.0585260851998,3.));
#7314=CARTESIAN_POINT('Ctrl Pts',(71.3929638541916,43.0585260851998,0.999999999999998));
#7315=CARTESIAN_POINT('',(70.3049692786911,43.3859487040658,3.));
#7316=CARTESIAN_POINT('Ctrl Pts',(70.3049692786911,43.3859487040658,3.));
#7317=CARTESIAN_POINT('Ctrl Pts',(70.4532943212914,43.2906996028561,3.));
#7318=CARTESIAN_POINT('Ctrl Pts',(70.7830133206652,43.0789657122632,3.));
#7319=CARTESIAN_POINT('Ctrl Pts',(71.1764924472712,43.0657801075904,3.));
#7320=CARTESIAN_POINT('Ctrl Pts',(71.3929638541916,43.0585260851998,3.));
#7321=CARTESIAN_POINT('',(70.3049692786911,43.3859487040658,0.999999999999998));
#7322=CARTESIAN_POINT('',(70.3049692786911,43.3859487040658,3.));
#7323=CARTESIAN_POINT('Ctrl Pts',(70.3049692786911,43.3859487040658,0.999999999999998));
#7324=CARTESIAN_POINT('Ctrl Pts',(70.4532943212914,43.2906996028561,0.999999999999998));
#7325=CARTESIAN_POINT('Ctrl Pts',(70.7830133206652,43.0789657122632,0.999999999999998));
#7326=CARTESIAN_POINT('Ctrl Pts',(71.1764924472712,43.0657801075904,0.999999999999998));
#7327=CARTESIAN_POINT('Ctrl Pts',(71.3929638541916,43.0585260851998,0.999999999999998));
#7328=CARTESIAN_POINT('Ctrl Pts',(69.9332079566697,44.204501674952,3.));
#7329=CARTESIAN_POINT('Ctrl Pts',(69.9332079566697,44.204501674952,0.999999999999998));
#7330=CARTESIAN_POINT('Ctrl Pts',(69.9488507263797,44.0474784621473,3.));
#7331=CARTESIAN_POINT('Ctrl Pts',(69.9488507263797,44.0474784621473,0.999999999999998));
#7332=CARTESIAN_POINT('Ctrl Pts',(69.9802138543509,43.732653197253,3.));
#7333=CARTESIAN_POINT('Ctrl Pts',(69.9802138543509,43.732653197253,0.999999999999998));
#7334=CARTESIAN_POINT('Ctrl Pts',(70.1965390831723,43.5017073124399,3.));
#7335=CARTESIAN_POINT('Ctrl Pts',(70.1965390831723,43.5017073124399,0.999999999999998));
#7336=CARTESIAN_POINT('Ctrl Pts',(70.3049692786911,43.3859487040658,3.));
#7337=CARTESIAN_POINT('Ctrl Pts',(70.3049692786911,43.3859487040658,0.999999999999998));
#7338=CARTESIAN_POINT('',(69.9332079566697,44.204501674952,3.));
#7339=CARTESIAN_POINT('Ctrl Pts',(69.9332079566697,44.204501674952,3.));
#7340=CARTESIAN_POINT('Ctrl Pts',(69.9488507263797,44.0474784621473,3.));
#7341=CARTESIAN_POINT('Ctrl Pts',(69.9802138543509,43.732653197253,3.));
#7342=CARTESIAN_POINT('Ctrl Pts',(70.1965390831723,43.5017073124399,3.));
#7343=CARTESIAN_POINT('Ctrl Pts',(70.3049692786911,43.3859487040658,3.));
#7344=CARTESIAN_POINT('',(69.9332079566697,44.204501674952,0.999999999999998));
#7345=CARTESIAN_POINT('',(69.9332079566697,44.204501674952,3.));
#7346=CARTESIAN_POINT('Ctrl Pts',(69.9332079566697,44.204501674952,0.999999999999998));
#7347=CARTESIAN_POINT('Ctrl Pts',(69.9488507263797,44.0474784621473,0.999999999999998));
#7348=CARTESIAN_POINT('Ctrl Pts',(69.9802138543509,43.732653197253,0.999999999999998));
#7349=CARTESIAN_POINT('Ctrl Pts',(70.1965390831723,43.5017073124399,0.999999999999998));
#7350=CARTESIAN_POINT('Ctrl Pts',(70.3049692786911,43.3859487040658,0.999999999999998));
#7351=CARTESIAN_POINT('Ctrl Pts',(70.1037392295578,44.7877223952432,3.));
#7352=CARTESIAN_POINT('Ctrl Pts',(70.1037392295578,44.7877223952432,0.999999999999998));
#7353=CARTESIAN_POINT('Ctrl Pts',(70.0540020913289,44.6974352505463,3.));
#7354=CARTESIAN_POINT('Ctrl Pts',(70.0540020913289,44.6974352505463,0.999999999999998));
#7355=CARTESIAN_POINT('Ctrl Pts',(69.9538996419329,44.5157206474359,3.));
#7356=CARTESIAN_POINT('Ctrl Pts',(69.9538996419329,44.5157206474359,0.999999999999998));
#7357=CARTESIAN_POINT('Ctrl Pts',(69.940133979646,44.3086744248592,3.));
#7358=CARTESIAN_POINT('Ctrl Pts',(69.940133979646,44.3086744248592,0.999999999999998));
#7359=CARTESIAN_POINT('Ctrl Pts',(69.9332079566697,44.204501674952,3.));
#7360=CARTESIAN_POINT('Ctrl Pts',(69.9332079566697,44.204501674952,0.999999999999998));
#7361=CARTESIAN_POINT('',(70.1037392295578,44.7877223952432,3.));
#7362=CARTESIAN_POINT('Ctrl Pts',(70.1037392295578,44.7877223952432,3.));
#7363=CARTESIAN_POINT('Ctrl Pts',(70.0540020913289,44.6974352505463,3.));
#7364=CARTESIAN_POINT('Ctrl Pts',(69.9538996419329,44.5157206474359,3.));
#7365=CARTESIAN_POINT('Ctrl Pts',(69.940133979646,44.3086744248592,3.));
#7366=CARTESIAN_POINT('Ctrl Pts',(69.9332079566697,44.204501674952,3.));
#7367=CARTESIAN_POINT('',(70.1037392295578,44.7877223952432,0.999999999999998));
#7368=CARTESIAN_POINT('',(70.1037392295578,44.7877223952432,3.));
#7369=CARTESIAN_POINT('Ctrl Pts',(70.1037392295578,44.7877223952432,0.999999999999998));
#7370=CARTESIAN_POINT('Ctrl Pts',(70.0540020913289,44.6974352505463,0.999999999999998));
#7371=CARTESIAN_POINT('Ctrl Pts',(69.9538996419329,44.5157206474359,0.999999999999998));
#7372=CARTESIAN_POINT('Ctrl Pts',(69.940133979646,44.3086744248592,0.999999999999998));
#7373=CARTESIAN_POINT('Ctrl Pts',(69.9332079566697,44.204501674952,0.999999999999998));
#7374=CARTESIAN_POINT('Ctrl Pts',(70.5880531944016,45.1867671473641,3.));
#7375=CARTESIAN_POINT('Ctrl Pts',(70.5880531944016,45.1867671473641,0.999999999999998));
#7376=CARTESIAN_POINT('Ctrl Pts',(70.4901394062933,45.1371113076223,3.));
#7377=CARTESIAN_POINT('Ctrl Pts',(70.4901394062933,45.1371113076223,0.999999999999998));
#7378=CARTESIAN_POINT('Ctrl Pts',(70.2988293435867,45.0400906326154,3.));
#7379=CARTESIAN_POINT('Ctrl Pts',(70.2988293435867,45.0400906326154,0.999999999999998));
#7380=CARTESIAN_POINT('Ctrl Pts',(70.1677374181255,44.8705103423631,3.));
#7381=CARTESIAN_POINT('Ctrl Pts',(70.1677374181255,44.8705103423631,0.999999999999998));
#7382=CARTESIAN_POINT('Ctrl Pts',(70.1037392295578,44.7877223952432,3.));
#7383=CARTESIAN_POINT('Ctrl Pts',(70.1037392295578,44.7877223952432,0.999999999999998));
#7384=CARTESIAN_POINT('',(70.5880531944016,45.1867671473641,3.));
#7385=CARTESIAN_POINT('Ctrl Pts',(70.5880531944016,45.1867671473641,3.));
#7386=CARTESIAN_POINT('Ctrl Pts',(70.4901394062933,45.1371113076223,3.));
#7387=CARTESIAN_POINT('Ctrl Pts',(70.2988293435867,45.0400906326154,3.));
#7388=CARTESIAN_POINT('Ctrl Pts',(70.1677374181255,44.8705103423631,3.));
#7389=CARTESIAN_POINT('Ctrl Pts',(70.1037392295578,44.7877223952432,3.));
#7390=CARTESIAN_POINT('',(70.5880531944016,45.1867671473641,0.999999999999998));
#7391=CARTESIAN_POINT('',(70.5880531944016,45.1867671473641,3.));
#7392=CARTESIAN_POINT('Ctrl Pts',(70.5880531944016,45.1867671473641,0.999999999999998));
#7393=CARTESIAN_POINT('Ctrl Pts',(70.4901394062933,45.1371113076223,0.999999999999998));
#7394=CARTESIAN_POINT('Ctrl Pts',(70.2988293435867,45.0400906326154,0.999999999999998));
#7395=CARTESIAN_POINT('Ctrl Pts',(70.1677374181255,44.8705103423631,0.999999999999998));
#7396=CARTESIAN_POINT('Ctrl Pts',(70.1037392295578,44.7877223952432,0.999999999999998));
#7397=CARTESIAN_POINT('Ctrl Pts',(71.6589913047532,45.4323329194207,3.));
#7398=CARTESIAN_POINT('Ctrl Pts',(71.6589913047532,45.4323329194207,0.999999999999998));
#7399=CARTESIAN_POINT('Ctrl Pts',(71.4417351987857,45.4012091899672,3.));
#7400=CARTESIAN_POINT('Ctrl Pts',(71.4417351987857,45.4012091899672,0.999999999999998));
#7401=CARTESIAN_POINT('Ctrl Pts',(71.0775885448373,45.3490421777288,3.));
#7402=CARTESIAN_POINT('Ctrl Pts',(71.0775885448373,45.3490421777288,0.999999999999998));
#7403=CARTESIAN_POINT('Ctrl Pts',(70.7287633337223,45.2334108516657,3.));
#7404=CARTESIAN_POINT('Ctrl Pts',(70.7287633337223,45.2334108516657,0.999999999999998));
#7405=CARTESIAN_POINT('Ctrl Pts',(70.5880531944016,45.1867671473641,3.));
#7406=CARTESIAN_POINT('Ctrl Pts',(70.5880531944016,45.1867671473641,0.999999999999998));
#7407=CARTESIAN_POINT('',(71.6589913047532,45.4323329194207,3.));
#7408=CARTESIAN_POINT('Ctrl Pts',(71.6589913047532,45.4323329194207,3.));
#7409=CARTESIAN_POINT('Ctrl Pts',(71.4417351987857,45.4012091899672,3.));
#7410=CARTESIAN_POINT('Ctrl Pts',(71.0775885448373,45.3490421777288,3.));
#7411=CARTESIAN_POINT('Ctrl Pts',(70.7287633337223,45.2334108516657,3.));
#7412=CARTESIAN_POINT('Ctrl Pts',(70.5880531944016,45.1867671473641,3.));
#7413=CARTESIAN_POINT('',(71.6589913047532,45.4323329194207,0.999999999999998));
#7414=CARTESIAN_POINT('',(71.6589913047532,45.4323329194207,3.));
#7415=CARTESIAN_POINT('Ctrl Pts',(71.6589913047532,45.4323329194207,0.999999999999998));
#7416=CARTESIAN_POINT('Ctrl Pts',(71.4417351987857,45.4012091899672,0.999999999999998));
#7417=CARTESIAN_POINT('Ctrl Pts',(71.0775885448373,45.3490421777288,0.999999999999998));
#7418=CARTESIAN_POINT('Ctrl Pts',(70.7287633337223,45.2334108516657,0.999999999999998));
#7419=CARTESIAN_POINT('Ctrl Pts',(70.5880531944016,45.1867671473641,0.999999999999998));
#7420=CARTESIAN_POINT('Ctrl Pts',(73.664449182866,45.8961804373879,3.));
#7421=CARTESIAN_POINT('Ctrl Pts',(73.664449182866,45.8961804373879,0.999999999999998));
#7422=CARTESIAN_POINT('Ctrl Pts',(73.3875629712632,45.8051976717384,3.));
#7423=CARTESIAN_POINT('Ctrl Pts',(73.3875629712632,45.8051976717384,0.999999999999998));
#7424=CARTESIAN_POINT('Ctrl Pts',(72.7335779106661,45.5903030073843,3.));
#7425=CARTESIAN_POINT('Ctrl Pts',(72.7335779106661,45.5903030073843,0.999999999999998));
#7426=CARTESIAN_POINT('Ctrl Pts',(72.0520004172657,45.4901074010051,3.));
#7427=CARTESIAN_POINT('Ctrl Pts',(72.0520004172657,45.4901074010051,0.999999999999998));
#7428=CARTESIAN_POINT('Ctrl Pts',(71.6589913047532,45.4323329194207,3.));
#7429=CARTESIAN_POINT('Ctrl Pts',(71.6589913047532,45.4323329194207,0.999999999999998));
#7430=CARTESIAN_POINT('',(73.664449182866,45.8961804373879,3.));
#7431=CARTESIAN_POINT('Ctrl Pts',(73.664449182866,45.8961804373879,3.));
#7432=CARTESIAN_POINT('Ctrl Pts',(73.3875629712632,45.8051976717384,3.));
#7433=CARTESIAN_POINT('Ctrl Pts',(72.7335779106661,45.5903030073843,3.));
#7434=CARTESIAN_POINT('Ctrl Pts',(72.0520004172657,45.4901074010051,3.));
#7435=CARTESIAN_POINT('Ctrl Pts',(71.6589913047532,45.4323329194207,3.));
#7436=CARTESIAN_POINT('',(73.664449182866,45.8961804373879,0.999999999999998));
#7437=CARTESIAN_POINT('',(73.664449182866,45.8961804373879,3.));
#7438=CARTESIAN_POINT('Ctrl Pts',(73.664449182866,45.8961804373879,0.999999999999998));
#7439=CARTESIAN_POINT('Ctrl Pts',(73.3875629712632,45.8051976717384,0.999999999999998));
#7440=CARTESIAN_POINT('Ctrl Pts',(72.7335779106661,45.5903030073843,0.999999999999998));
#7441=CARTESIAN_POINT('Ctrl Pts',(72.0520004172657,45.4901074010051,0.999999999999998));
#7442=CARTESIAN_POINT('Ctrl Pts',(71.6589913047532,45.4323329194207,0.999999999999998));
#7443=CARTESIAN_POINT('Origin',(73.664449182866,45.4459758265633,3.));
#7444=CARTESIAN_POINT('',(73.664449182866,39.3479881610135,3.));
#7445=CARTESIAN_POINT('',(73.664449182866,45.4459758265633,0.999999999999998));
#7446=CARTESIAN_POINT('Origin',(75.2947363532761,42.2604365809579,3.));
#7447=CARTESIAN_POINT('',(75.2947363532761,42.2604365809579,3.));
#7448=CARTESIAN_POINT('',(74.0123352683762,42.2604365809579,3.));
#7449=CARTESIAN_POINT('',(66.0223685994585,42.2604365809579,3.));
#7450=CARTESIAN_POINT('',(75.2947363532761,42.2604365809579,0.999999999999998));
#7451=CARTESIAN_POINT('',(75.2947363532761,42.2604365809579,3.));
#7452=CARTESIAN_POINT('',(74.0123352683762,42.2604365809579,0.999999999999998));
#7453=CARTESIAN_POINT('',(75.2947363532761,42.2604365809579,0.999999999999998));
#7454=CARTESIAN_POINT('',(74.0123352683762,42.2604365809579,3.));
#7455=CARTESIAN_POINT('Ctrl Pts',(74.9843678153733,43.1301506026406,3.));
#7456=CARTESIAN_POINT('Ctrl Pts',(74.9843678153733,43.1301506026406,0.999999999999998));
#7457=CARTESIAN_POINT('Ctrl Pts',(75.0172420979039,42.9799135501866,3.));
#7458=CARTESIAN_POINT('Ctrl Pts',(75.0172420979039,42.9799135501866,0.999999999999998));
#7459=CARTESIAN_POINT('Ctrl Pts',(75.0835703138702,42.6767904127601,3.));
#7460=CARTESIAN_POINT('Ctrl Pts',(75.0835703138702,42.6767904127601,0.999999999999998));
#7461=CARTESIAN_POINT('Ctrl Pts',(75.2239387740647,42.4000274141709,3.));
#7462=CARTESIAN_POINT('Ctrl Pts',(75.2239387740647,42.4000274141709,0.999999999999998));
#7463=CARTESIAN_POINT('Ctrl Pts',(75.2947363532761,42.2604365809579,3.));
#7464=CARTESIAN_POINT('Ctrl Pts',(75.2947363532761,42.2604365809579,0.999999999999998));
#7465=CARTESIAN_POINT('',(74.9843678153733,43.1301506026406,3.));
#7466=CARTESIAN_POINT('Ctrl Pts',(74.9843678153733,43.1301506026406,3.));
#7467=CARTESIAN_POINT('Ctrl Pts',(75.0172420979039,42.9799135501866,3.));
#7468=CARTESIAN_POINT('Ctrl Pts',(75.0835703138702,42.6767904127601,3.));
#7469=CARTESIAN_POINT('Ctrl Pts',(75.2239387740647,42.4000274141709,3.));
#7470=CARTESIAN_POINT('Ctrl Pts',(75.2947363532761,42.2604365809579,3.));
#7471=CARTESIAN_POINT('',(74.9843678153733,43.1301506026406,0.999999999999998));
#7472=CARTESIAN_POINT('',(74.9843678153733,43.1301506026406,3.));
#7473=CARTESIAN_POINT('Ctrl Pts',(74.9843678153733,43.1301506026406,0.999999999999998));
#7474=CARTESIAN_POINT('Ctrl Pts',(75.0172420979039,42.9799135501866,0.999999999999998));
#7475=CARTESIAN_POINT('Ctrl Pts',(75.0835703138702,42.6767904127601,0.999999999999998));
#7476=CARTESIAN_POINT('Ctrl Pts',(75.2239387740647,42.4000274141709,0.999999999999998));
#7477=CARTESIAN_POINT('Ctrl Pts',(75.2947363532761,42.2604365809579,0.999999999999998));
#7478=CARTESIAN_POINT('Ctrl Pts',(74.9059233344773,45.295907424273,3.));
#7479=CARTESIAN_POINT('Ctrl Pts',(74.9059233344773,45.295907424273,0.999999999999998));
#7480=CARTESIAN_POINT('Ctrl Pts',(74.9031021814552,44.8296471065281,3.));
#7481=CARTESIAN_POINT('Ctrl Pts',(74.9031021814552,44.8296471065281,0.999999999999998));
#7482=CARTESIAN_POINT('Ctrl Pts',(74.8987257816483,44.1063465451512,3.));
#7483=CARTESIAN_POINT('Ctrl Pts',(74.8987257816483,44.1063465451512,0.999999999999998));
#7484=CARTESIAN_POINT('Ctrl Pts',(74.9619129210127,43.3861040849536,3.));
#7485=CARTESIAN_POINT('Ctrl Pts',(74.9619129210127,43.3861040849536,0.999999999999998));
#7486=CARTESIAN_POINT('Ctrl Pts',(74.9843678153733,43.1301506026406,3.));
#7487=CARTESIAN_POINT('Ctrl Pts',(74.9843678153733,43.1301506026406,0.999999999999998));
#7488=CARTESIAN_POINT('',(74.9059233344773,45.295907424273,3.));
#7489=CARTESIAN_POINT('Ctrl Pts',(74.9059233344773,45.295907424273,3.));
#7490=CARTESIAN_POINT('Ctrl Pts',(74.9031021814552,44.8296471065281,3.));
#7491=CARTESIAN_POINT('Ctrl Pts',(74.8987257816483,44.1063465451512,3.));
#7492=CARTESIAN_POINT('Ctrl Pts',(74.9619129210127,43.3861040849536,3.));
#7493=CARTESIAN_POINT('Ctrl Pts',(74.9843678153733,43.1301506026406,3.));
#7494=CARTESIAN_POINT('',(74.9059233344773,45.295907424273,0.999999999999998));
#7495=CARTESIAN_POINT('',(74.9059233344773,45.295907424273,3.));
#7496=CARTESIAN_POINT('Ctrl Pts',(74.9059233344773,45.295907424273,0.999999999999998));
#7497=CARTESIAN_POINT('Ctrl Pts',(74.9031021814552,44.8296471065281,0.999999999999998));
#7498=CARTESIAN_POINT('Ctrl Pts',(74.8987257816483,44.1063465451512,0.999999999999998));
#7499=CARTESIAN_POINT('Ctrl Pts',(74.9619129210127,43.3861040849536,0.999999999999998));
#7500=CARTESIAN_POINT('Ctrl Pts',(74.9843678153733,43.1301506026406,0.999999999999998));
#7501=CARTESIAN_POINT('Origin',(74.9059233344773,46.9330151541848,3.));
#7502=CARTESIAN_POINT('',(74.9059233344773,46.9330151541848,3.));
#7503=CARTESIAN_POINT('',(74.9059233344773,40.0915078248242,3.));
#7504=CARTESIAN_POINT('',(74.9059233344773,46.9330151541848,0.999999999999998));
#7505=CARTESIAN_POINT('',(74.9059233344773,46.9330151541848,3.));
#7506=CARTESIAN_POINT('',(74.9059233344773,46.9330151541848,0.999999999999998));
#7507=CARTESIAN_POINT('Ctrl Pts',(74.8445305503586,48.0653478367944,3.));
#7508=CARTESIAN_POINT('Ctrl Pts',(74.8445305503586,48.0653478367944,0.999999999999998));
#7509=CARTESIAN_POINT('Ctrl Pts',(74.8622346843208,47.91883927766,3.));
#7510=CARTESIAN_POINT('Ctrl Pts',(74.8622346843208,47.91883927766,0.999999999999998));
#7511=CARTESIAN_POINT('Ctrl Pts',(74.9076542447344,47.5429748401835,3.));
#7512=CARTESIAN_POINT('Ctrl Pts',(74.9076542447344,47.5429748401835,0.999999999999998));
#7513=CARTESIAN_POINT('Ctrl Pts',(74.9065792847684,47.1641670766815,3.));
#7514=CARTESIAN_POINT('Ctrl Pts',(74.9065792847684,47.1641670766815,0.999999999999998));
#7515=CARTESIAN_POINT('Ctrl Pts',(74.9059233344773,46.9330151541848,3.));
#7516=CARTESIAN_POINT('Ctrl Pts',(74.9059233344773,46.9330151541848,0.999999999999998));
#7517=CARTESIAN_POINT('',(74.8445305503586,48.0653478367944,3.));
#7518=CARTESIAN_POINT('Ctrl Pts',(74.8445305503586,48.0653478367944,3.));
#7519=CARTESIAN_POINT('Ctrl Pts',(74.8622346843208,47.91883927766,3.));
#7520=CARTESIAN_POINT('Ctrl Pts',(74.9076542447344,47.5429748401835,3.));
#7521=CARTESIAN_POINT('Ctrl Pts',(74.9065792847684,47.1641670766815,3.));
#7522=CARTESIAN_POINT('Ctrl Pts',(74.9059233344773,46.9330151541848,3.));
#7523=CARTESIAN_POINT('',(74.8445305503586,48.0653478367944,0.999999999999998));
#7524=CARTESIAN_POINT('',(74.8445305503586,48.0653478367944,3.));
#7525=CARTESIAN_POINT('Ctrl Pts',(74.8445305503586,48.0653478367944,0.999999999999998));
#7526=CARTESIAN_POINT('Ctrl Pts',(74.8622346843208,47.91883927766,0.999999999999998));
#7527=CARTESIAN_POINT('Ctrl Pts',(74.9076542447344,47.5429748401835,0.999999999999998));
#7528=CARTESIAN_POINT('Ctrl Pts',(74.9065792847684,47.1641670766815,0.999999999999998));
#7529=CARTESIAN_POINT('Ctrl Pts',(74.9059233344773,46.9330151541848,0.999999999999998));
#7530=CARTESIAN_POINT('Ctrl Pts',(74.4625410712937,48.9009548886437,3.));
#7531=CARTESIAN_POINT('Ctrl Pts',(74.4625410712937,48.9009548886437,0.999999999999998));
#7532=CARTESIAN_POINT('Ctrl Pts',(74.5474385073795,48.7797054000745,3.));
#7533=CARTESIAN_POINT('Ctrl Pts',(74.5474385073795,48.7797054000745,0.999999999999998));
#7534=CARTESIAN_POINT('Ctrl Pts',(74.7258594178704,48.5248868196261,3.));
#7535=CARTESIAN_POINT('Ctrl Pts',(74.7258594178704,48.5248868196261,0.999999999999998));
#7536=CARTESIAN_POINT('Ctrl Pts',(74.8037187622199,48.2233863354214,3.));
#7537=CARTESIAN_POINT('Ctrl Pts',(74.8037187622199,48.2233863354214,0.999999999999998));
#7538=CARTESIAN_POINT('Ctrl Pts',(74.8445305503586,48.0653478367944,3.));
#7539=CARTESIAN_POINT('Ctrl Pts',(74.8445305503586,48.0653478367944,0.999999999999998));
#7540=CARTESIAN_POINT('',(74.4625410712937,48.9009548886437,3.));
#7541=CARTESIAN_POINT('Ctrl Pts',(74.4625410712937,48.9009548886437,3.));
#7542=CARTESIAN_POINT('Ctrl Pts',(74.5474385073795,48.7797054000745,3.));
#7543=CARTESIAN_POINT('Ctrl Pts',(74.7258594178704,48.5248868196261,3.));
#7544=CARTESIAN_POINT('Ctrl Pts',(74.8037187622199,48.2233863354214,3.));
#7545=CARTESIAN_POINT('Ctrl Pts',(74.8445305503586,48.0653478367944,3.));
#7546=CARTESIAN_POINT('',(74.4625410712937,48.9009548886437,0.999999999999998));
#7547=CARTESIAN_POINT('',(74.4625410712937,48.9009548886437,3.));
#7548=CARTESIAN_POINT('Ctrl Pts',(74.4625410712937,48.9009548886437,0.999999999999998));
#7549=CARTESIAN_POINT('Ctrl Pts',(74.5474385073795,48.7797054000745,0.999999999999998));
#7550=CARTESIAN_POINT('Ctrl Pts',(74.7258594178704,48.5248868196261,0.999999999999998));
#7551=CARTESIAN_POINT('Ctrl Pts',(74.8037187622199,48.2233863354214,0.999999999999998));
#7552=CARTESIAN_POINT('Ctrl Pts',(74.8445305503586,48.0653478367944,0.999999999999998));
#7553=CARTESIAN_POINT('Ctrl Pts',(73.6098799384812,49.450068043055,3.));
#7554=CARTESIAN_POINT('Ctrl Pts',(73.6098799384812,49.450068043055,0.999999999999998));
#7555=CARTESIAN_POINT('Ctrl Pts',(73.7848364743955,49.3789087878825,3.));
#7556=CARTESIAN_POINT('Ctrl Pts',(73.7848364743955,49.3789087878825,0.999999999999998));
#7557=CARTESIAN_POINT('Ctrl Pts',(74.1042175732863,49.2490084043701,3.));
#7558=CARTESIAN_POINT('Ctrl Pts',(74.1042175732863,49.2490084043701,0.999999999999998));
#7559=CARTESIAN_POINT('Ctrl Pts',(74.3509626261416,49.0093353614021,3.));
#7560=CARTESIAN_POINT('Ctrl Pts',(74.3509626261416,49.0093353614021,0.999999999999998));
#7561=CARTESIAN_POINT('Ctrl Pts',(74.4625410712937,48.9009548886437,3.));
#7562=CARTESIAN_POINT('Ctrl Pts',(74.4625410712937,48.9009548886437,0.999999999999998));
#7563=CARTESIAN_POINT('',(73.6098799384812,49.450068043055,3.));
#7564=CARTESIAN_POINT('Ctrl Pts',(73.6098799384812,49.450068043055,3.));
#7565=CARTESIAN_POINT('Ctrl Pts',(73.7848364743955,49.3789087878825,3.));
#7566=CARTESIAN_POINT('Ctrl Pts',(74.1042175732863,49.2490084043701,3.));
#7567=CARTESIAN_POINT('Ctrl Pts',(74.3509626261416,49.0093353614021,3.));
#7568=CARTESIAN_POINT('Ctrl Pts',(74.4625410712937,48.9009548886437,3.));
#7569=CARTESIAN_POINT('',(73.6098799384812,49.450068043055,0.999999999999998));
#7570=CARTESIAN_POINT('',(73.6098799384812,49.450068043055,3.));
#7571=CARTESIAN_POINT('Ctrl Pts',(73.6098799384812,49.450068043055,0.999999999999998));
#7572=CARTESIAN_POINT('Ctrl Pts',(73.7848364743955,49.3789087878825,0.999999999999998));
#7573=CARTESIAN_POINT('Ctrl Pts',(74.1042175732863,49.2490084043701,0.999999999999998));
#7574=CARTESIAN_POINT('Ctrl Pts',(74.3509626261416,49.0093353614021,0.999999999999998));
#7575=CARTESIAN_POINT('Ctrl Pts',(74.4625410712937,48.9009548886437,0.999999999999998));
#7576=CARTESIAN_POINT('Ctrl Pts',(72.1023783363083,49.6683491929192,3.));
#7577=CARTESIAN_POINT('Ctrl Pts',(72.1023783363083,49.6683491929192,0.999999999999998));
#7578=CARTESIAN_POINT('Ctrl Pts',(72.3846877613504,49.6635954839728,3.));
#7579=CARTESIAN_POINT('Ctrl Pts',(72.3846877613504,49.6635954839728,0.999999999999998));
#7580=CARTESIAN_POINT('Ctrl Pts',(72.8970640929955,49.6549677594421,3.));
#7581=CARTESIAN_POINT('Ctrl Pts',(72.8970640929955,49.6549677594421,0.999999999999998));
#7582=CARTESIAN_POINT('Ctrl Pts',(73.3889939123178,49.5135619796746,3.));
#7583=CARTESIAN_POINT('Ctrl Pts',(73.3889939123178,49.5135619796746,0.999999999999998));
#7584=CARTESIAN_POINT('Ctrl Pts',(73.6098799384812,49.450068043055,3.));
#7585=CARTESIAN_POINT('Ctrl Pts',(73.6098799384812,49.450068043055,0.999999999999998));
#7586=CARTESIAN_POINT('',(72.1023783363083,49.6683491929192,3.));
#7587=CARTESIAN_POINT('Ctrl Pts',(72.1023783363083,49.6683491929192,3.));
#7588=CARTESIAN_POINT('Ctrl Pts',(72.3846877613504,49.6635954839728,3.));
#7589=CARTESIAN_POINT('Ctrl Pts',(72.8970640929955,49.6549677594421,3.));
#7590=CARTESIAN_POINT('Ctrl Pts',(73.3889939123178,49.5135619796746,3.));
#7591=CARTESIAN_POINT('Ctrl Pts',(73.6098799384812,49.450068043055,3.));
#7592=CARTESIAN_POINT('',(72.1023783363083,49.6683491929192,0.999999999999998));
#7593=CARTESIAN_POINT('',(72.1023783363083,49.6683491929192,3.));
#7594=CARTESIAN_POINT('Ctrl Pts',(72.1023783363083,49.6683491929192,0.999999999999998));
#7595=CARTESIAN_POINT('Ctrl Pts',(72.3846877613504,49.6635954839728,0.999999999999998));
#7596=CARTESIAN_POINT('Ctrl Pts',(72.8970640929955,49.6549677594421,0.999999999999998));
#7597=CARTESIAN_POINT('Ctrl Pts',(73.3889939123178,49.5135619796746,0.999999999999998));
#7598=CARTESIAN_POINT('Ctrl Pts',(73.6098799384812,49.450068043055,0.999999999999998));
#7599=CARTESIAN_POINT('Ctrl Pts',(70.458448854802,49.4125510914941,3.));
#7600=CARTESIAN_POINT('Ctrl Pts',(70.458448854802,49.4125510914941,0.999999999999998));
#7601=CARTESIAN_POINT('Ctrl Pts',(70.7119770857167,49.4870984228635,3.));
#7602=CARTESIAN_POINT('Ctrl Pts',(70.7119770857167,49.4870984228635,0.999999999999998));
#7603=CARTESIAN_POINT('Ctrl Pts',(71.2483300156007,49.6448074063986,3.));
#7604=CARTESIAN_POINT('Ctrl Pts',(71.2483300156007,49.6448074063986,0.999999999999998));
#7605=CARTESIAN_POINT('Ctrl Pts',(71.8075143767694,49.6602212870154,3.));
#7606=CARTESIAN_POINT('Ctrl Pts',(71.8075143767694,49.6602212870154,0.999999999999998));
#7607=CARTESIAN_POINT('Ctrl Pts',(72.1023783363083,49.6683491929192,3.));
#7608=CARTESIAN_POINT('Ctrl Pts',(72.1023783363083,49.6683491929192,0.999999999999998));
#7609=CARTESIAN_POINT('',(70.458448854802,49.4125510914941,3.));
#7610=CARTESIAN_POINT('Ctrl Pts',(70.458448854802,49.4125510914941,3.));
#7611=CARTESIAN_POINT('Ctrl Pts',(70.7119770857167,49.4870984228635,3.));
#7612=CARTESIAN_POINT('Ctrl Pts',(71.2483300156007,49.6448074063986,3.));
#7613=CARTESIAN_POINT('Ctrl Pts',(71.8075143767694,49.6602212870154,3.));
#7614=CARTESIAN_POINT('Ctrl Pts',(72.1023783363083,49.6683491929192,3.));
#7615=CARTESIAN_POINT('',(70.458448854802,49.4125510914941,0.999999999999998));
#7616=CARTESIAN_POINT('',(70.458448854802,49.4125510914941,3.));
#7617=CARTESIAN_POINT('Ctrl Pts',(70.458448854802,49.4125510914941,0.999999999999998));
#7618=CARTESIAN_POINT('Ctrl Pts',(70.7119770857167,49.4870984228635,0.999999999999998));
#7619=CARTESIAN_POINT('Ctrl Pts',(71.2483300156007,49.6448074063986,0.999999999999998));
#7620=CARTESIAN_POINT('Ctrl Pts',(71.8075143767694,49.6602212870154,0.999999999999998));
#7621=CARTESIAN_POINT('Ctrl Pts',(72.1023783363083,49.6683491929192,0.999999999999998));
#7622=CARTESIAN_POINT('Ctrl Pts',(69.3738636649827,48.682674334826,3.));
#7623=CARTESIAN_POINT('Ctrl Pts',(69.3738636649827,48.682674334826,0.999999999999998));
#7624=CARTESIAN_POINT('Ctrl Pts',(69.5190696321122,48.8337586190598,3.));
#7625=CARTESIAN_POINT('Ctrl Pts',(69.5190696321122,48.8337586190598,0.999999999999998));
#7626=CARTESIAN_POINT('Ctrl Pts',(69.8274577103897,49.1546310528435,3.));
#7627=CARTESIAN_POINT('Ctrl Pts',(69.8274577103897,49.1546310528435,0.999999999999998));
#7628=CARTESIAN_POINT('Ctrl Pts',(70.2401007289666,49.323300461666,3.));
#7629=CARTESIAN_POINT('Ctrl Pts',(70.2401007289666,49.323300461666,0.999999999999998));
#7630=CARTESIAN_POINT('Ctrl Pts',(70.458448854802,49.4125510914941,3.));
#7631=CARTESIAN_POINT('Ctrl Pts',(70.458448854802,49.4125510914941,0.999999999999998));
#7632=CARTESIAN_POINT('',(69.3738636649827,48.682674334826,3.));
#7633=CARTESIAN_POINT('Ctrl Pts',(69.3738636649827,48.682674334826,3.));
#7634=CARTESIAN_POINT('Ctrl Pts',(69.5190696321122,48.8337586190598,3.));
#7635=CARTESIAN_POINT('Ctrl Pts',(69.8274577103897,49.1546310528435,3.));
#7636=CARTESIAN_POINT('Ctrl Pts',(70.2401007289666,49.323300461666,3.));
#7637=CARTESIAN_POINT('Ctrl Pts',(70.458448854802,49.4125510914941,3.));
#7638=CARTESIAN_POINT('',(69.3738636649827,48.682674334826,0.999999999999998));
#7639=CARTESIAN_POINT('',(69.3738636649827,48.682674334826,3.));
#7640=CARTESIAN_POINT('Ctrl Pts',(69.3738636649827,48.682674334826,0.999999999999998));
#7641=CARTESIAN_POINT('Ctrl Pts',(69.5190696321122,48.8337586190598,0.999999999999998));
#7642=CARTESIAN_POINT('Ctrl Pts',(69.8274577103897,49.1546310528435,0.999999999999998));
#7643=CARTESIAN_POINT('Ctrl Pts',(70.2401007289666,49.323300461666,0.999999999999998));
#7644=CARTESIAN_POINT('Ctrl Pts',(70.458448854802,49.4125510914941,0.999999999999998));
#7645=CARTESIAN_POINT('Ctrl Pts',(68.8349804557541,47.4377902014871,3.));
#7646=CARTESIAN_POINT('Ctrl Pts',(68.8349804557541,47.4377902014871,0.999999999999998));
#7647=CARTESIAN_POINT('Ctrl Pts',(68.8935367283059,47.6760289516691,3.));
#7648=CARTESIAN_POINT('Ctrl Pts',(68.8935367283059,47.6760289516691,0.999999999999998));
#7649=CARTESIAN_POINT('Ctrl Pts',(69.0031417651048,48.1219618268792,3.));
#7650=CARTESIAN_POINT('Ctrl Pts',(69.0031417651048,48.1219618268792,0.999999999999998));
#7651=CARTESIAN_POINT('Ctrl Pts',(69.2560644299513,48.5045043790441,3.));
#7652=CARTESIAN_POINT('Ctrl Pts',(69.2560644299513,48.5045043790441,0.999999999999998));
#7653=CARTESIAN_POINT('Ctrl Pts',(69.3738636649827,48.682674334826,3.));
#7654=CARTESIAN_POINT('Ctrl Pts',(69.3738636649827,48.682674334826,0.999999999999998));
#7655=CARTESIAN_POINT('',(68.8349804557541,47.4377902014871,3.));
#7656=CARTESIAN_POINT('Ctrl Pts',(68.8349804557541,47.4377902014871,3.));
#7657=CARTESIAN_POINT('Ctrl Pts',(68.8935367283059,47.6760289516691,3.));
#7658=CARTESIAN_POINT('Ctrl Pts',(69.0031417651048,48.1219618268792,3.));
#7659=CARTESIAN_POINT('Ctrl Pts',(69.2560644299513,48.5045043790441,3.));
#7660=CARTESIAN_POINT('Ctrl Pts',(69.3738636649827,48.682674334826,3.));
#7661=CARTESIAN_POINT('',(68.8349804557541,47.4377902014871,0.999999999999998));
#7662=CARTESIAN_POINT('',(68.8349804557541,47.4377902014871,3.));
#7663=CARTESIAN_POINT('Ctrl Pts',(68.8349804557541,47.4377902014871,0.999999999999998));
#7664=CARTESIAN_POINT('Ctrl Pts',(68.8935367283059,47.6760289516691,0.999999999999998));
#7665=CARTESIAN_POINT('Ctrl Pts',(69.0031417651048,48.1219618268792,0.999999999999998));
#7666=CARTESIAN_POINT('Ctrl Pts',(69.2560644299513,48.5045043790441,0.999999999999998));
#7667=CARTESIAN_POINT('Ctrl Pts',(69.3738636649827,48.682674334826,0.999999999999998));
#7668=CARTESIAN_POINT('Origin',(70.0355276740769,47.2740794881005,3.));
#7669=CARTESIAN_POINT('',(70.0355276740769,47.2740794881005,3.));
#7670=CARTESIAN_POINT('',(64.4527613091265,48.0353645507183,3.));
#7671=CARTESIAN_POINT('',(70.0355276740769,47.2740794881005,0.999999999999998));
#7672=CARTESIAN_POINT('',(70.0355276740769,47.2740794881005,3.));
#7673=CARTESIAN_POINT('',(70.0355276740769,47.2740794881005,0.999999999999998));
#7674=CARTESIAN_POINT('Ctrl Pts',(70.6460318244675,48.3484311564584,3.));
#7675=CARTESIAN_POINT('Ctrl Pts',(70.6460318244675,48.3484311564584,0.999999999999998));
#7676=CARTESIAN_POINT('Ctrl Pts',(70.5145747718418,48.2153354048108,3.));
#7677=CARTESIAN_POINT('Ctrl Pts',(70.5145747718418,48.2153354048108,0.999999999999998));
#7678=CARTESIAN_POINT('Ctrl Pts',(70.2164849260927,47.9135296721704,3.));
#7679=CARTESIAN_POINT('Ctrl Pts',(70.2164849260927,47.9135296721704,0.999999999999998));
#7680=CARTESIAN_POINT('Ctrl Pts',(70.1004124242851,47.5033632830396,3.));
#7681=CARTESIAN_POINT('Ctrl Pts',(70.1004124242851,47.5033632830396,0.999999999999998));
#7682=CARTESIAN_POINT('Ctrl Pts',(70.0355276740769,47.2740794881005,3.));
#7683=CARTESIAN_POINT('Ctrl Pts',(70.0355276740769,47.2740794881005,0.999999999999998));
#7684=CARTESIAN_POINT('',(70.6460318244675,48.3484311564584,3.));
#7685=CARTESIAN_POINT('Ctrl Pts',(70.6460318244675,48.3484311564584,3.));
#7686=CARTESIAN_POINT('Ctrl Pts',(70.5145747718418,48.2153354048108,3.));
#7687=CARTESIAN_POINT('Ctrl Pts',(70.2164849260927,47.9135296721704,3.));
#7688=CARTESIAN_POINT('Ctrl Pts',(70.1004124242851,47.5033632830396,3.));
#7689=CARTESIAN_POINT('Ctrl Pts',(70.0355276740769,47.2740794881005,3.));
#7690=CARTESIAN_POINT('',(70.6460318244675,48.3484311564584,0.999999999999998));
#7691=CARTESIAN_POINT('',(70.6460318244675,48.3484311564584,3.));
#7692=CARTESIAN_POINT('Ctrl Pts',(70.6460318244675,48.3484311564584,0.999999999999998));
#7693=CARTESIAN_POINT('Ctrl Pts',(70.5145747718418,48.2153354048108,0.999999999999998));
#7694=CARTESIAN_POINT('Ctrl Pts',(70.2164849260927,47.9135296721704,0.999999999999998));
#7695=CARTESIAN_POINT('Ctrl Pts',(70.1004124242851,47.5033632830396,0.999999999999998));
#7696=CARTESIAN_POINT('Ctrl Pts',(70.0355276740769,47.2740794881005,0.999999999999998));
#7697=CARTESIAN_POINT('Ctrl Pts',(71.9250235236863,48.6519785388131,3.));
#7698=CARTESIAN_POINT('Ctrl Pts',(71.9250235236863,48.6519785388131,0.999999999999998));
#7699=CARTESIAN_POINT('Ctrl Pts',(71.6685177491768,48.6479852973893,3.));
#7700=CARTESIAN_POINT('Ctrl Pts',(71.6685177491768,48.6479852973893,0.999999999999998));
#7701=CARTESIAN_POINT('Ctrl Pts',(71.217698294986,48.6409670112608,3.));
#7702=CARTESIAN_POINT('Ctrl Pts',(71.217698294986,48.6409670112608,0.999999999999998));
#7703=CARTESIAN_POINT('Ctrl Pts',(70.8182173930031,48.4365427653665,3.));
#7704=CARTESIAN_POINT('Ctrl Pts',(70.8182173930031,48.4365427653665,0.999999999999998));
#7705=CARTESIAN_POINT('Ctrl Pts',(70.6460318244675,48.3484311564584,3.));
#7706=CARTESIAN_POINT('Ctrl Pts',(70.6460318244675,48.3484311564584,0.999999999999998));
#7707=CARTESIAN_POINT('',(71.9250235236863,48.6519785388131,3.));
#7708=CARTESIAN_POINT('Ctrl Pts',(71.9250235236863,48.6519785388131,3.));
#7709=CARTESIAN_POINT('Ctrl Pts',(71.6685177491768,48.6479852973893,3.));
#7710=CARTESIAN_POINT('Ctrl Pts',(71.217698294986,48.6409670112608,3.));
#7711=CARTESIAN_POINT('Ctrl Pts',(70.8182173930031,48.4365427653665,3.));
#7712=CARTESIAN_POINT('Ctrl Pts',(70.6460318244675,48.3484311564584,3.));
#7713=CARTESIAN_POINT('',(71.9250235236863,48.6519785388131,0.999999999999998));
#7714=CARTESIAN_POINT('',(71.9250235236863,48.6519785388131,3.));
#7715=CARTESIAN_POINT('Ctrl Pts',(71.9250235236863,48.6519785388131,0.999999999999998));
#7716=CARTESIAN_POINT('Ctrl Pts',(71.6685177491768,48.6479852973893,0.999999999999998));
#7717=CARTESIAN_POINT('Ctrl Pts',(71.217698294986,48.6409670112608,0.999999999999998));
#7718=CARTESIAN_POINT('Ctrl Pts',(70.8182173930031,48.4365427653665,0.999999999999998));
#7719=CARTESIAN_POINT('Ctrl Pts',(70.6460318244675,48.3484311564584,0.999999999999998));
#7720=CARTESIAN_POINT('Ctrl Pts',(73.3233866370896,48.2358803017754,3.));
#7721=CARTESIAN_POINT('Ctrl Pts',(73.3233866370896,48.2358803017754,0.999999999999998));
#7722=CARTESIAN_POINT('Ctrl Pts',(73.1338268000595,48.3568905613408,3.));
#7723=CARTESIAN_POINT('Ctrl Pts',(73.1338268000595,48.3568905613408,0.999999999999998));
#7724=CARTESIAN_POINT('Ctrl Pts',(72.7097908472187,48.6275845096066,3.));
#7725=CARTESIAN_POINT('Ctrl Pts',(72.7097908472187,48.6275845096066,0.999999999999998));
#7726=CARTESIAN_POINT('Ctrl Pts',(72.2044552950946,48.6432925670753,3.));
#7727=CARTESIAN_POINT('Ctrl Pts',(72.2044552950946,48.6432925670753,0.999999999999998));
#7728=CARTESIAN_POINT('Ctrl Pts',(71.9250235236863,48.6519785388131,3.));
#7729=CARTESIAN_POINT('Ctrl Pts',(71.9250235236863,48.6519785388131,0.999999999999998));
#7730=CARTESIAN_POINT('',(73.3233866370896,48.2358803017754,3.));
#7731=CARTESIAN_POINT('Ctrl Pts',(73.3233866370896,48.2358803017754,3.));
#7732=CARTESIAN_POINT('Ctrl Pts',(73.1338268000595,48.3568905613408,3.));
#7733=CARTESIAN_POINT('Ctrl Pts',(72.7097908472187,48.6275845096066,3.));
#7734=CARTESIAN_POINT('Ctrl Pts',(72.2044552950946,48.6432925670753,3.));
#7735=CARTESIAN_POINT('Ctrl Pts',(71.9250235236863,48.6519785388131,3.));
#7736=CARTESIAN_POINT('',(73.3233866370896,48.2358803017754,0.999999999999998));
#7737=CARTESIAN_POINT('',(73.3233866370896,48.2358803017754,3.));
#7738=CARTESIAN_POINT('Ctrl Pts',(73.3233866370896,48.2358803017754,0.999999999999998));
#7739=CARTESIAN_POINT('Ctrl Pts',(73.1338268000595,48.3568905613408,0.999999999999998));
#7740=CARTESIAN_POINT('Ctrl Pts',(72.7097908472187,48.6275845096066,0.999999999999998));
#7741=CARTESIAN_POINT('Ctrl Pts',(72.2044552950946,48.6432925670753,0.999999999999998));
#7742=CARTESIAN_POINT('Ctrl Pts',(71.9250235236863,48.6519785388131,0.999999999999998));
#7743=CARTESIAN_POINT('Ctrl Pts',(73.6712727225998,47.1785815222878,3.));
#7744=CARTESIAN_POINT('Ctrl Pts',(73.6712727225998,47.1785815222878,0.999999999999998));
#7745=CARTESIAN_POINT('Ctrl Pts',(73.6663747462802,47.4004507870174,3.));
#7746=CARTESIAN_POINT('Ctrl Pts',(73.6663747462802,47.4004507870174,0.999999999999998));
#7747=CARTESIAN_POINT('Ctrl Pts',(73.6577384283996,47.7916600075361,3.));
#7748=CARTESIAN_POINT('Ctrl Pts',(73.6577384283996,47.7916600075361,0.999999999999998));
#7749=CARTESIAN_POINT('Ctrl Pts',(73.4243931499015,48.1016828965048,3.));
#7750=CARTESIAN_POINT('Ctrl Pts',(73.4243931499015,48.1016828965048,0.999999999999998));
#7751=CARTESIAN_POINT('Ctrl Pts',(73.3233866370896,48.2358803017754,3.));
#7752=CARTESIAN_POINT('Ctrl Pts',(73.3233866370896,48.2358803017754,0.999999999999998));
#7753=CARTESIAN_POINT('',(73.6712727225998,47.1785815222878,3.));
#7754=CARTESIAN_POINT('Ctrl Pts',(73.6712727225998,47.1785815222878,3.));
#7755=CARTESIAN_POINT('Ctrl Pts',(73.6663747462802,47.4004507870174,3.));
#7756=CARTESIAN_POINT('Ctrl Pts',(73.6577384283996,47.7916600075361,3.));
#7757=CARTESIAN_POINT('Ctrl Pts',(73.4243931499015,48.1016828965048,3.));
#7758=CARTESIAN_POINT('Ctrl Pts',(73.3233866370896,48.2358803017754,3.));
#7759=CARTESIAN_POINT('',(73.6712727225998,47.1785815222878,0.999999999999998));
#7760=CARTESIAN_POINT('',(73.6712727225998,47.1785815222878,3.));
#7761=CARTESIAN_POINT('Ctrl Pts',(73.6712727225998,47.1785815222878,0.999999999999998));
#7762=CARTESIAN_POINT('Ctrl Pts',(73.6663747462802,47.4004507870174,0.999999999999998));
#7763=CARTESIAN_POINT('Ctrl Pts',(73.6577384283996,47.7916600075361,0.999999999999998));
#7764=CARTESIAN_POINT('Ctrl Pts',(73.4243931499015,48.1016828965048,0.999999999999998));
#7765=CARTESIAN_POINT('Ctrl Pts',(73.3233866370896,48.2358803017754,0.999999999999998));
#7766=CARTESIAN_POINT('Ctrl Pts',(73.664449182866,46.8579812510628,3.));
#7767=CARTESIAN_POINT('Ctrl Pts',(73.664449182866,46.8579812510628,0.999999999999998));
#7768=CARTESIAN_POINT('Ctrl Pts',(73.6663727578354,46.9267580953494,3.));
#7769=CARTESIAN_POINT('Ctrl Pts',(73.6663727578354,46.9267580953494,0.999999999999998));
#7770=CARTESIAN_POINT('Ctrl Pts',(73.6693612481463,47.0336106672727,3.));
#7771=CARTESIAN_POINT('Ctrl Pts',(73.6693612481463,47.0336106672727,0.999999999999998));
#7772=CARTESIAN_POINT('Ctrl Pts',(73.6707705378582,47.1404946144336,3.));
#7773=CARTESIAN_POINT('Ctrl Pts',(73.6707705378582,47.1404946144336,0.999999999999998));
#7774=CARTESIAN_POINT('Ctrl Pts',(73.6712727225998,47.1785815222878,3.));
#7775=CARTESIAN_POINT('Ctrl Pts',(73.6712727225998,47.1785815222878,0.999999999999998));
#7776=CARTESIAN_POINT('',(73.664449182866,46.8579812510628,3.));
#7777=CARTESIAN_POINT('Ctrl Pts',(73.664449182866,46.8579812510628,3.));
#7778=CARTESIAN_POINT('Ctrl Pts',(73.6663727578354,46.9267580953494,3.));
#7779=CARTESIAN_POINT('Ctrl Pts',(73.6693612481463,47.0336106672727,3.));
#7780=CARTESIAN_POINT('Ctrl Pts',(73.6707705378582,47.1404946144336,3.));
#7781=CARTESIAN_POINT('Ctrl Pts',(73.6712727225998,47.1785815222878,3.));
#7782=CARTESIAN_POINT('',(73.664449182866,46.8579812510628,0.999999999999998));
#7783=CARTESIAN_POINT('',(73.664449182866,46.8579812510628,3.));
#7784=CARTESIAN_POINT('Ctrl Pts',(73.664449182866,46.8579812510628,0.999999999999998));
#7785=CARTESIAN_POINT('Ctrl Pts',(73.6663727578354,46.9267580953494,0.999999999999998));
#7786=CARTESIAN_POINT('Ctrl Pts',(73.6693612481463,47.0336106672727,0.999999999999998));
#7787=CARTESIAN_POINT('Ctrl Pts',(73.6707705378582,47.1404946144336,0.999999999999998));
#7788=CARTESIAN_POINT('Ctrl Pts',(73.6712727225998,47.1785815222878,0.999999999999998));
#7789=CARTESIAN_POINT('Ctrl Pts',(71.4748177207688,46.4350612624306,3.));
#7790=CARTESIAN_POINT('Ctrl Pts',(71.4748177207688,46.4350612624306,0.999999999999998));
#7791=CARTESIAN_POINT('Ctrl Pts',(71.9076314639056,46.4874581336044,3.));
#7792=CARTESIAN_POINT('Ctrl Pts',(71.9076314639056,46.4874581336044,0.999999999999998));
#7793=CARTESIAN_POINT('Ctrl Pts',(72.6478784163676,46.5770731812316,3.));
#7794=CARTESIAN_POINT('Ctrl Pts',(72.6478784163676,46.5770731812316,0.999999999999998));
#7795=CARTESIAN_POINT('Ctrl Pts',(73.3661447721786,46.7755510661806,3.));
#7796=CARTESIAN_POINT('Ctrl Pts',(73.3661447721786,46.7755510661806,0.999999999999998));
#7797=CARTESIAN_POINT('Ctrl Pts',(73.664449182866,46.8579812510628,3.));
#7798=CARTESIAN_POINT('Ctrl Pts',(73.664449182866,46.8579812510628,0.999999999999998));
#7799=CARTESIAN_POINT('',(71.4748177207688,46.4350612624306,3.));
#7800=CARTESIAN_POINT('Ctrl Pts',(71.4748177207688,46.4350612624306,3.));
#7801=CARTESIAN_POINT('Ctrl Pts',(71.9076314639056,46.4874581336044,3.));
#7802=CARTESIAN_POINT('Ctrl Pts',(72.6478784163676,46.5770731812316,3.));
#7803=CARTESIAN_POINT('Ctrl Pts',(73.3661447721786,46.7755510661806,3.));
#7804=CARTESIAN_POINT('Ctrl Pts',(73.664449182866,46.8579812510628,3.));
#7805=CARTESIAN_POINT('',(71.4748177207688,46.4350612624306,0.999999999999998));
#7806=CARTESIAN_POINT('',(71.4748177207688,46.4350612624306,3.));
#7807=CARTESIAN_POINT('Ctrl Pts',(71.4748177207688,46.4350612624306,0.999999999999998));
#7808=CARTESIAN_POINT('Ctrl Pts',(71.9076314639056,46.4874581336044,0.999999999999998));
#7809=CARTESIAN_POINT('Ctrl Pts',(72.6478784163676,46.5770731812316,0.999999999999998));
#7810=CARTESIAN_POINT('Ctrl Pts',(73.3661447721786,46.7755510661806,0.999999999999998));
#7811=CARTESIAN_POINT('Ctrl Pts',(73.664449182866,46.8579812510628,0.999999999999998));
#7812=CARTESIAN_POINT('Ctrl Pts',(70.3834137595871,46.2508864863534,3.));
#7813=CARTESIAN_POINT('Ctrl Pts',(70.3834137595871,46.2508864863534,0.999999999999998));
#7814=CARTESIAN_POINT('Ctrl Pts',(70.5342693421799,46.2841585199441,3.));
#7815=CARTESIAN_POINT('Ctrl Pts',(70.5342693421799,46.2841585199441,0.999999999999998));
#7816=CARTESIAN_POINT('Ctrl Pts',(70.8949114585977,46.3637001345497,3.));
#7817=CARTESIAN_POINT('Ctrl Pts',(70.8949114585977,46.3637001345497,0.999999999999998));
#7818=CARTESIAN_POINT('Ctrl Pts',(71.2615456057855,46.4088167817903,3.));
#7819=CARTESIAN_POINT('Ctrl Pts',(71.2615456057855,46.4088167817903,0.999999999999998));
#7820=CARTESIAN_POINT('Ctrl Pts',(71.4748177207688,46.4350612624306,3.));
#7821=CARTESIAN_POINT('Ctrl Pts',(71.4748177207688,46.4350612624306,0.999999999999998));
#7822=CARTESIAN_POINT('',(70.3834137595871,46.2508864863534,3.));
#7823=CARTESIAN_POINT('Ctrl Pts',(70.3834137595871,46.2508864863534,3.));
#7824=CARTESIAN_POINT('Ctrl Pts',(70.5342693421799,46.2841585199441,3.));
#7825=CARTESIAN_POINT('Ctrl Pts',(70.8949114585977,46.3637001345497,3.));
#7826=CARTESIAN_POINT('Ctrl Pts',(71.2615456057855,46.4088167817903,3.));
#7827=CARTESIAN_POINT('Ctrl Pts',(71.4748177207688,46.4350612624306,3.));
#7828=CARTESIAN_POINT('',(70.3834137595871,46.2508864863534,0.999999999999998));
#7829=CARTESIAN_POINT('',(70.3834137595871,46.2508864863534,3.));
#7830=CARTESIAN_POINT('Ctrl Pts',(70.3834137595871,46.2508864863534,0.999999999999998));
#7831=CARTESIAN_POINT('Ctrl Pts',(70.5342693421799,46.2841585199441,0.999999999999998));
#7832=CARTESIAN_POINT('Ctrl Pts',(70.8949114585977,46.3637001345497,0.999999999999998));
#7833=CARTESIAN_POINT('Ctrl Pts',(71.2615456057855,46.4088167817903,0.999999999999998));
#7834=CARTESIAN_POINT('Ctrl Pts',(71.4748177207688,46.4350612624306,0.999999999999998));
#7835=CARTESIAN_POINT('Ctrl Pts',(69.5000586189011,45.8484311564584,3.));
#7836=CARTESIAN_POINT('Ctrl Pts',(69.5000586189011,45.8484311564584,0.999999999999998));
#7837=CARTESIAN_POINT('Ctrl Pts',(69.6363877935893,45.9321105271346,3.));
#7838=CARTESIAN_POINT('Ctrl Pts',(69.6363877935893,45.9321105271346,0.999999999999998));
#7839=CARTESIAN_POINT('Ctrl Pts',(69.9142018700722,46.1026338735737,3.));
#7840=CARTESIAN_POINT('Ctrl Pts',(69.9142018700722,46.1026338735737,0.999999999999998));
#7841=CARTESIAN_POINT('Ctrl Pts',(70.2250866432616,46.2008613075511,3.));
#7842=CARTESIAN_POINT('Ctrl Pts',(70.2250866432616,46.2008613075511,0.999999999999998));
#7843=CARTESIAN_POINT('Ctrl Pts',(70.3834137595871,46.2508864863534,3.));
#7844=CARTESIAN_POINT('Ctrl Pts',(70.3834137595871,46.2508864863534,0.999999999999998));
#7845=CARTESIAN_POINT('',(69.5000586189011,45.8484311564584,3.));
#7846=CARTESIAN_POINT('Ctrl Pts',(69.5000586189011,45.8484311564584,3.));
#7847=CARTESIAN_POINT('Ctrl Pts',(69.6363877935893,45.9321105271346,3.));
#7848=CARTESIAN_POINT('Ctrl Pts',(69.9142018700722,46.1026338735737,3.));
#7849=CARTESIAN_POINT('Ctrl Pts',(70.2250866432616,46.2008613075511,3.));
#7850=CARTESIAN_POINT('Ctrl Pts',(70.3834137595871,46.2508864863534,3.));
#7851=CARTESIAN_POINT('',(69.5000586189011,45.8484311564584,0.999999999999998));
#7852=CARTESIAN_POINT('',(69.5000586189011,45.8484311564584,3.));
#7853=CARTESIAN_POINT('Ctrl Pts',(69.5000586189011,45.8484311564584,0.999999999999998));
#7854=CARTESIAN_POINT('Ctrl Pts',(69.6363877935893,45.9321105271346,0.999999999999998));
#7855=CARTESIAN_POINT('Ctrl Pts',(69.9142018700722,46.1026338735737,0.999999999999998));
#7856=CARTESIAN_POINT('Ctrl Pts',(70.2250866432616,46.2008613075511,0.999999999999998));
#7857=CARTESIAN_POINT('Ctrl Pts',(70.3834137595871,46.2508864863534,0.999999999999998));
#7858=CARTESIAN_POINT('Ctrl Pts',(68.8656792319993,45.1424284442086,3.));
#7859=CARTESIAN_POINT('Ctrl Pts',(68.8656792319993,45.1424284442086,0.999999999999998));
#7860=CARTESIAN_POINT('Ctrl Pts',(68.9516346891915,45.2811453570671,3.));
#7861=CARTESIAN_POINT('Ctrl Pts',(68.9516346891915,45.2811453570671,0.999999999999998));
#7862=CARTESIAN_POINT('Ctrl Pts',(69.1209883842765,45.5544522828953,3.));
#7863=CARTESIAN_POINT('Ctrl Pts',(69.1209883842765,45.5544522828953,0.999999999999998));
#7864=CARTESIAN_POINT('Ctrl Pts',(69.3749802892012,45.7514296429822,3.));
#7865=CARTESIAN_POINT('Ctrl Pts',(69.3749802892012,45.7514296429822,0.999999999999998));
#7866=CARTESIAN_POINT('Ctrl Pts',(69.5000586189011,45.8484311564584,3.));
#7867=CARTESIAN_POINT('Ctrl Pts',(69.5000586189011,45.8484311564584,0.999999999999998));
#7868=CARTESIAN_POINT('',(68.8656792319993,45.1424284442086,3.));
#7869=CARTESIAN_POINT('Ctrl Pts',(68.8656792319993,45.1424284442086,3.));
#7870=CARTESIAN_POINT('Ctrl Pts',(68.9516346891915,45.2811453570671,3.));
#7871=CARTESIAN_POINT('Ctrl Pts',(69.1209883842765,45.5544522828953,3.));
#7872=CARTESIAN_POINT('Ctrl Pts',(69.3749802892012,45.7514296429822,3.));
#7873=CARTESIAN_POINT('Ctrl Pts',(69.5000586189011,45.8484311564584,3.));
#7874=CARTESIAN_POINT('',(68.8656792319993,45.1424284442086,0.999999999999998));
#7875=CARTESIAN_POINT('',(68.8656792319993,45.1424284442086,3.));
#7876=CARTESIAN_POINT('Ctrl Pts',(68.8656792319993,45.1424284442086,0.999999999999998));
#7877=CARTESIAN_POINT('Ctrl Pts',(68.9516346891915,45.2811453570671,0.999999999999998));
#7878=CARTESIAN_POINT('Ctrl Pts',(69.1209883842765,45.5544522828953,0.999999999999998));
#7879=CARTESIAN_POINT('Ctrl Pts',(69.3749802892012,45.7514296429822,0.999999999999998));
#7880=CARTESIAN_POINT('Ctrl Pts',(69.5000586189011,45.8484311564584,0.999999999999998));
#7881=CARTESIAN_POINT('Ctrl Pts',(68.6235222495774,44.1703958972115,3.));
#7882=CARTESIAN_POINT('Ctrl Pts',(68.6235222495774,44.1703958972115,0.999999999999998));
#7883=CARTESIAN_POINT('Ctrl Pts',(68.6329873069853,44.3427666373205,3.));
#7884=CARTESIAN_POINT('Ctrl Pts',(68.6329873069853,44.3427666373205,0.999999999999998));
#7885=CARTESIAN_POINT('Ctrl Pts',(68.651635231758,44.6823690777551,3.));
#7886=CARTESIAN_POINT('Ctrl Pts',(68.651635231758,44.6823690777551,0.999999999999998));
#7887=CARTESIAN_POINT('Ctrl Pts',(68.7950546642636,44.9906302445306,3.));
#7888=CARTESIAN_POINT('Ctrl Pts',(68.7950546642636,44.9906302445306,0.999999999999998));
#7889=CARTESIAN_POINT('Ctrl Pts',(68.8656792319993,45.1424284442086,3.));
#7890=CARTESIAN_POINT('Ctrl Pts',(68.8656792319993,45.1424284442086,0.999999999999998));
#7891=CARTESIAN_POINT('',(68.6235222495774,44.1703958972115,3.));
#7892=CARTESIAN_POINT('Ctrl Pts',(68.6235222495774,44.1703958972115,3.));
#7893=CARTESIAN_POINT('Ctrl Pts',(68.6329873069853,44.3427666373205,3.));
#7894=CARTESIAN_POINT('Ctrl Pts',(68.651635231758,44.6823690777551,3.));
#7895=CARTESIAN_POINT('Ctrl Pts',(68.7950546642636,44.9906302445306,3.));
#7896=CARTESIAN_POINT('Ctrl Pts',(68.8656792319993,45.1424284442086,3.));
#7897=CARTESIAN_POINT('',(68.6235222495774,44.1703958972115,0.999999999999998));
#7898=CARTESIAN_POINT('',(68.6235222495774,44.1703958972115,3.));
#7899=CARTESIAN_POINT('Ctrl Pts',(68.6235222495774,44.1703958972115,0.999999999999998));
#7900=CARTESIAN_POINT('Ctrl Pts',(68.6329873069853,44.3427666373205,0.999999999999998));
#7901=CARTESIAN_POINT('Ctrl Pts',(68.651635231758,44.6823690777551,0.999999999999998));
#7902=CARTESIAN_POINT('Ctrl Pts',(68.7950546642636,44.9906302445306,0.999999999999998));
#7903=CARTESIAN_POINT('Ctrl Pts',(68.8656792319993,45.1424284442086,0.999999999999998));
#7904=CARTESIAN_POINT('Ctrl Pts',(69.2647204078415,42.679945991816,3.));
#7905=CARTESIAN_POINT('Ctrl Pts',(69.2647204078415,42.679945991816,0.999999999999998));
#7906=CARTESIAN_POINT('Ctrl Pts',(69.0777126002783,42.8897725195038,3.));
#7907=CARTESIAN_POINT('Ctrl Pts',(69.0777126002783,42.8897725195038,0.999999999999998));
#7908=CARTESIAN_POINT('Ctrl Pts',(68.6987711476521,43.3149524637939,3.));
#7909=CARTESIAN_POINT('Ctrl Pts',(68.6987711476521,43.3149524637939,0.999999999999998));
#7910=CARTESIAN_POINT('Ctrl Pts',(68.6488216458077,43.8827876673454,3.));
#7911=CARTESIAN_POINT('Ctrl Pts',(68.6488216458077,43.8827876673454,0.999999999999998));
#7912=CARTESIAN_POINT('Ctrl Pts',(68.6235222495774,44.1703958972115,3.));
#7913=CARTESIAN_POINT('Ctrl Pts',(68.6235222495774,44.1703958972115,0.999999999999998));
#7914=CARTESIAN_POINT('',(69.2647204078415,42.679945991816,3.));
#7915=CARTESIAN_POINT('Ctrl Pts',(69.2647204078415,42.679945991816,3.));
#7916=CARTESIAN_POINT('Ctrl Pts',(69.0777126002783,42.8897725195038,3.));
#7917=CARTESIAN_POINT('Ctrl Pts',(68.6987711476521,43.3149524637939,3.));
#7918=CARTESIAN_POINT('Ctrl Pts',(68.6488216458077,43.8827876673454,3.));
#7919=CARTESIAN_POINT('Ctrl Pts',(68.6235222495774,44.1703958972115,3.));
#7920=CARTESIAN_POINT('',(69.2647204078415,42.679945991816,0.999999999999998));
#7921=CARTESIAN_POINT('',(69.2647204078415,42.679945991816,3.));
#7922=CARTESIAN_POINT('Ctrl Pts',(69.2647204078415,42.679945991816,0.999999999999998));
#7923=CARTESIAN_POINT('Ctrl Pts',(69.0777126002783,42.8897725195038,0.999999999999998));
#7924=CARTESIAN_POINT('Ctrl Pts',(68.6987711476521,43.3149524637939,0.999999999999998));
#7925=CARTESIAN_POINT('Ctrl Pts',(68.6488216458077,43.8827876673454,0.999999999999998));
#7926=CARTESIAN_POINT('Ctrl Pts',(68.6235222495774,44.1703958972115,0.999999999999998));
#7927=CARTESIAN_POINT('Ctrl Pts',(71.0996470130661,42.0967252715249,3.));
#7928=CARTESIAN_POINT('Ctrl Pts',(71.0996470130661,42.0967252715249,0.999999999999998));
#7929=CARTESIAN_POINT('Ctrl Pts',(70.7363303078912,42.1112663207369,3.));
#7930=CARTESIAN_POINT('Ctrl Pts',(70.7363303078912,42.1112663207369,0.999999999999998));
#7931=CARTESIAN_POINT('Ctrl Pts',(70.0683120650528,42.1380024603234,3.));
#7932=CARTESIAN_POINT('Ctrl Pts',(70.0683120650528,42.1380024603234,0.999999999999998));
#7933=CARTESIAN_POINT('Ctrl Pts',(69.5164430709496,42.5101838149973,3.));
#7934=CARTESIAN_POINT('Ctrl Pts',(69.5164430709496,42.5101838149973,0.999999999999998));
#7935=CARTESIAN_POINT('Ctrl Pts',(69.2647204078415,42.679945991816,3.));
#7936=CARTESIAN_POINT('Ctrl Pts',(69.2647204078415,42.679945991816,0.999999999999998));
#7937=CARTESIAN_POINT('',(71.0996470130661,42.0967252715249,3.));
#7938=CARTESIAN_POINT('Ctrl Pts',(71.0996470130661,42.0967252715249,3.));
#7939=CARTESIAN_POINT('Ctrl Pts',(70.7363303078912,42.1112663207369,3.));
#7940=CARTESIAN_POINT('Ctrl Pts',(70.0683120650528,42.1380024603234,3.));
#7941=CARTESIAN_POINT('Ctrl Pts',(69.5164430709496,42.5101838149973,3.));
#7942=CARTESIAN_POINT('Ctrl Pts',(69.2647204078415,42.679945991816,3.));
#7943=CARTESIAN_POINT('',(71.0996470130661,42.0967252715249,0.999999999999998));
#7944=CARTESIAN_POINT('',(71.0996470130661,42.0967252715249,3.));
#7945=CARTESIAN_POINT('Ctrl Pts',(71.0996470130661,42.0967252715249,0.999999999999998));
#7946=CARTESIAN_POINT('Ctrl Pts',(70.7363303078912,42.1112663207369,0.999999999999998));
#7947=CARTESIAN_POINT('Ctrl Pts',(70.0683120650528,42.1380024603234,0.999999999999998));
#7948=CARTESIAN_POINT('Ctrl Pts',(69.5164430709496,42.5101838149973,0.999999999999998));
#7949=CARTESIAN_POINT('Ctrl Pts',(69.2647204078415,42.679945991816,0.999999999999998));
#7950=CARTESIAN_POINT('Ctrl Pts',(72.4536738074997,42.3354704840798,3.));
#7951=CARTESIAN_POINT('Ctrl Pts',(72.4536738074997,42.3354704840798,0.999999999999998));
#7952=CARTESIAN_POINT('Ctrl Pts',(72.2374461401539,42.2658423317082,3.));
#7953=CARTESIAN_POINT('Ctrl Pts',(72.2374461401539,42.2658423317082,0.999999999999998));
#7954=CARTESIAN_POINT('Ctrl Pts',(71.7971737105052,42.1240688195905,3.));
#7955=CARTESIAN_POINT('Ctrl Pts',(71.7971737105052,42.1240688195905,0.999999999999998));
#7956=CARTESIAN_POINT('Ctrl Pts',(71.3348918705243,42.1059470390798,3.));
#7957=CARTESIAN_POINT('Ctrl Pts',(71.3348918705243,42.1059470390798,0.999999999999998));
#7958=CARTESIAN_POINT('Ctrl Pts',(71.0996470130661,42.0967252715249,3.));
#7959=CARTESIAN_POINT('Ctrl Pts',(71.0996470130661,42.0967252715249,0.999999999999998));
#7960=CARTESIAN_POINT('',(72.4536738074997,42.3354704840798,3.));
#7961=CARTESIAN_POINT('Ctrl Pts',(72.4536738074997,42.3354704840798,3.));
#7962=CARTESIAN_POINT('Ctrl Pts',(72.2374461401539,42.2658423317082,3.));
#7963=CARTESIAN_POINT('Ctrl Pts',(71.7971737105052,42.1240688195905,3.));
#7964=CARTESIAN_POINT('Ctrl Pts',(71.3348918705243,42.1059470390798,3.));
#7965=CARTESIAN_POINT('Ctrl Pts',(71.0996470130661,42.0967252715249,3.));
#7966=CARTESIAN_POINT('',(72.4536738074997,42.3354704840798,0.999999999999998));
#7967=CARTESIAN_POINT('',(72.4536738074997,42.3354704840798,3.));
#7968=CARTESIAN_POINT('Ctrl Pts',(72.4536738074997,42.3354704840798,0.999999999999998));
#7969=CARTESIAN_POINT('Ctrl Pts',(72.2374461401539,42.2658423317082,0.999999999999998));
#7970=CARTESIAN_POINT('Ctrl Pts',(71.7971737105052,42.1240688195905,0.999999999999998));
#7971=CARTESIAN_POINT('Ctrl Pts',(71.3348918705243,42.1059470390798,0.999999999999998));
#7972=CARTESIAN_POINT('Ctrl Pts',(71.0996470130661,42.0967252715249,0.999999999999998));
#7973=CARTESIAN_POINT('Ctrl Pts',(73.7667689002732,43.1540246470589,3.));
#7974=CARTESIAN_POINT('Ctrl Pts',(73.7667689002732,43.1540246470589,0.999999999999998));
#7975=CARTESIAN_POINT('Ctrl Pts',(73.5502692943422,42.9784232980178,3.));
#7976=CARTESIAN_POINT('Ctrl Pts',(73.5502692943422,42.9784232980178,0.999999999999998));
#7977=CARTESIAN_POINT('Ctrl Pts',(73.1462809006564,42.6507510760607,3.));
#7978=CARTESIAN_POINT('Ctrl Pts',(73.1462809006564,42.6507510760607,0.999999999999998));
#7979=CARTESIAN_POINT('Ctrl Pts',(72.6732191566036,42.4354093791851,3.));
#7980=CARTESIAN_POINT('Ctrl Pts',(72.6732191566036,42.4354093791851,0.999999999999998));
#7981=CARTESIAN_POINT('Ctrl Pts',(72.4536738074997,42.3354704840798,3.));
#7982=CARTESIAN_POINT('Ctrl Pts',(72.4536738074997,42.3354704840798,0.999999999999998));
#7983=CARTESIAN_POINT('',(73.7667689002732,43.1540246470589,3.));
#7984=CARTESIAN_POINT('Ctrl Pts',(73.7667689002732,43.1540246470589,3.));
#7985=CARTESIAN_POINT('Ctrl Pts',(73.5502692943422,42.9784232980178,3.));
#7986=CARTESIAN_POINT('Ctrl Pts',(73.1462809006564,42.6507510760607,3.));
#7987=CARTESIAN_POINT('Ctrl Pts',(72.6732191566036,42.4354093791851,3.));
#7988=CARTESIAN_POINT('Ctrl Pts',(72.4536738074997,42.3354704840798,3.));
#7989=CARTESIAN_POINT('',(73.7667689002732,43.1540246470589,0.999999999999998));
#7990=CARTESIAN_POINT('',(73.7667689002732,43.1540246470589,3.));
#7991=CARTESIAN_POINT('Ctrl Pts',(73.7667689002732,43.1540246470589,0.999999999999998));
#7992=CARTESIAN_POINT('Ctrl Pts',(73.5502692943422,42.9784232980178,0.999999999999998));
#7993=CARTESIAN_POINT('Ctrl Pts',(73.1462809006564,42.6507510760607,0.999999999999998));
#7994=CARTESIAN_POINT('Ctrl Pts',(72.6732191566036,42.4354093791851,0.999999999999998));
#7995=CARTESIAN_POINT('Ctrl Pts',(72.4536738074997,42.3354704840798,0.999999999999998));
#7996=CARTESIAN_POINT('Ctrl Pts',(74.0123352683762,42.2604365809579,3.));
#7997=CARTESIAN_POINT('Ctrl Pts',(74.0123352683762,42.2604365809579,0.999999999999998));
#7998=CARTESIAN_POINT('Ctrl Pts',(73.9539860304528,42.3968763686801,3.));
#7999=CARTESIAN_POINT('Ctrl Pts',(73.9539860304528,42.3968763686801,0.999999999999998));
#8000=CARTESIAN_POINT('Ctrl Pts',(73.8314626965694,42.683376385836,3.));
#8001=CARTESIAN_POINT('Ctrl Pts',(73.8314626965694,42.683376385836,0.999999999999998));
#8002=CARTESIAN_POINT('Ctrl Pts',(73.7890063027645,42.9922472369228,3.));
#8003=CARTESIAN_POINT('Ctrl Pts',(73.7890063027645,42.9922472369228,0.999999999999998));
#8004=CARTESIAN_POINT('Ctrl Pts',(73.7667689002732,43.1540246470589,3.));
#8005=CARTESIAN_POINT('Ctrl Pts',(73.7667689002732,43.1540246470589,0.999999999999998));
#8006=CARTESIAN_POINT('Ctrl Pts',(74.0123352683762,42.2604365809579,3.));
#8007=CARTESIAN_POINT('Ctrl Pts',(73.9539860304528,42.3968763686801,3.));
#8008=CARTESIAN_POINT('Ctrl Pts',(73.8314626965694,42.683376385836,3.));
#8009=CARTESIAN_POINT('Ctrl Pts',(73.7890063027645,42.9922472369228,3.));
#8010=CARTESIAN_POINT('Ctrl Pts',(73.7667689002732,43.1540246470589,3.));
#8011=CARTESIAN_POINT('Ctrl Pts',(74.0123352683762,42.2604365809579,0.999999999999998));
#8012=CARTESIAN_POINT('Ctrl Pts',(73.9539860304528,42.3968763686801,0.999999999999998));
#8013=CARTESIAN_POINT('Ctrl Pts',(73.8314626965694,42.683376385836,0.999999999999998));
#8014=CARTESIAN_POINT('Ctrl Pts',(73.7890063027645,42.9922472369228,0.999999999999998));
#8015=CARTESIAN_POINT('Ctrl Pts',(73.7667689002732,43.1540246470589,0.999999999999998));
#8016=CARTESIAN_POINT('Origin',(56.5396200023273,47.1785809262414,0.999999999999998));
#8017=CARTESIAN_POINT('Origin',(78.0232510246018,46.0530693991799,3.));
#8018=CARTESIAN_POINT('',(78.0232510246018,46.0530693991799,3.));
#8019=CARTESIAN_POINT('',(78.0232510246018,42.2604365809579,3.));
#8020=CARTESIAN_POINT('',(78.0232510246018,39.6515349473217,3.));
#8021=CARTESIAN_POINT('',(78.0232510246018,46.0530693991799,0.999999999999998));
#8022=CARTESIAN_POINT('',(78.0232510246018,46.0530693991799,3.));
#8023=CARTESIAN_POINT('',(78.0232510246018,42.2604365809579,0.999999999999998));
#8024=CARTESIAN_POINT('',(78.0232510246018,46.0530693991799,0.999999999999998));
#8025=CARTESIAN_POINT('',(78.0232510246018,42.2604365809579,3.));
#8026=CARTESIAN_POINT('Ctrl Pts',(78.2278904594162,47.4855388863702,3.));
#8027=CARTESIAN_POINT('Ctrl Pts',(78.2278904594162,47.4855388863702,0.999999999999998));
#8028=CARTESIAN_POINT('Ctrl Pts',(78.1682206871887,47.258262537511,3.));
#8029=CARTESIAN_POINT('Ctrl Pts',(78.1682206871887,47.258262537511,0.999999999999998));
#8030=CARTESIAN_POINT('Ctrl Pts',(78.0449595185685,46.7887727554276,3.));
#8031=CARTESIAN_POINT('Ctrl Pts',(78.0449595185685,46.7887727554276,0.999999999999998));
#8032=CARTESIAN_POINT('Ctrl Pts',(78.0306390604301,46.303450782766,3.));
#8033=CARTESIAN_POINT('Ctrl Pts',(78.0306390604301,46.303450782766,0.999999999999998));
#8034=CARTESIAN_POINT('Ctrl Pts',(78.0232510246018,46.0530693991799,3.));
#8035=CARTESIAN_POINT('Ctrl Pts',(78.0232510246018,46.0530693991799,0.999999999999998));
#8036=CARTESIAN_POINT('',(78.2278904594162,47.4855388863702,3.));
#8037=CARTESIAN_POINT('Ctrl Pts',(78.2278904594162,47.4855388863702,3.));
#8038=CARTESIAN_POINT('Ctrl Pts',(78.1682206871887,47.258262537511,3.));
#8039=CARTESIAN_POINT('Ctrl Pts',(78.0449595185685,46.7887727554276,3.));
#8040=CARTESIAN_POINT('Ctrl Pts',(78.0306390604301,46.303450782766,3.));
#8041=CARTESIAN_POINT('Ctrl Pts',(78.0232510246018,46.0530693991799,3.));
#8042=CARTESIAN_POINT('',(78.2278904594162,47.4855388863702,0.999999999999998));
#8043=CARTESIAN_POINT('',(78.2278904594162,47.4855388863702,3.));
#8044=CARTESIAN_POINT('Ctrl Pts',(78.2278904594162,47.4855388863702,0.999999999999998));
#8045=CARTESIAN_POINT('Ctrl Pts',(78.1682206871887,47.258262537511,0.999999999999998));
#8046=CARTESIAN_POINT('Ctrl Pts',(78.0449595185685,46.7887727554276,0.999999999999998));
#8047=CARTESIAN_POINT('Ctrl Pts',(78.0306390604301,46.303450782766,0.999999999999998));
#8048=CARTESIAN_POINT('Ctrl Pts',(78.0232510246018,46.0530693991799,0.999999999999998));
#8049=CARTESIAN_POINT('Ctrl Pts',(78.684915033696,48.157435224833,3.));
#8050=CARTESIAN_POINT('Ctrl Pts',(78.684915033696,48.157435224833,0.999999999999998));
#8051=CARTESIAN_POINT('Ctrl Pts',(78.5850747856211,48.066804344177,3.));
#8052=CARTESIAN_POINT('Ctrl Pts',(78.5850747856211,48.066804344177,0.999999999999998));
#8053=CARTESIAN_POINT('Ctrl Pts',(78.3790234079304,47.8797593580061,3.));
#8054=CARTESIAN_POINT('Ctrl Pts',(78.3790234079304,47.8797593580061,0.999999999999998));
#8055=CARTESIAN_POINT('Ctrl Pts',(78.2792959301604,47.6196267151373,3.));
#8056=CARTESIAN_POINT('Ctrl Pts',(78.2792959301604,47.6196267151373,0.999999999999998));
#8057=CARTESIAN_POINT('Ctrl Pts',(78.2278904594162,47.4855388863702,3.));
#8058=CARTESIAN_POINT('Ctrl Pts',(78.2278904594162,47.4855388863702,0.999999999999998));
#8059=CARTESIAN_POINT('',(78.684915033696,48.157435224833,3.));
#8060=CARTESIAN_POINT('Ctrl Pts',(78.684915033696,48.157435224833,3.));
#8061=CARTESIAN_POINT('Ctrl Pts',(78.5850747856211,48.066804344177,3.));
#8062=CARTESIAN_POINT('Ctrl Pts',(78.3790234079304,47.8797593580061,3.));
#8063=CARTESIAN_POINT('Ctrl Pts',(78.2792959301604,47.6196267151373,3.));
#8064=CARTESIAN_POINT('Ctrl Pts',(78.2278904594162,47.4855388863702,3.));
#8065=CARTESIAN_POINT('',(78.684915033696,48.157435224833,0.999999999999998));
#8066=CARTESIAN_POINT('',(78.684915033696,48.157435224833,3.));
#8067=CARTESIAN_POINT('Ctrl Pts',(78.684915033696,48.157435224833,0.999999999999998));
#8068=CARTESIAN_POINT('Ctrl Pts',(78.5850747856211,48.066804344177,0.999999999999998));
#8069=CARTESIAN_POINT('Ctrl Pts',(78.3790234079304,47.8797593580061,0.999999999999998));
#8070=CARTESIAN_POINT('Ctrl Pts',(78.2792959301604,47.6196267151373,0.999999999999998));
#8071=CARTESIAN_POINT('Ctrl Pts',(78.2278904594162,47.4855388863702,0.999999999999998));
#8072=CARTESIAN_POINT('Ctrl Pts',(79.4079718269089,48.399591015162,3.));
#8073=CARTESIAN_POINT('Ctrl Pts',(79.4079718269089,48.399591015162,0.999999999999998));
#8074=CARTESIAN_POINT('Ctrl Pts',(79.2772541640004,48.3895197138825,3.));
#8075=CARTESIAN_POINT('Ctrl Pts',(79.2772541640004,48.3895197138825,0.999999999999998));
#8076=CARTESIAN_POINT('Ctrl Pts',(79.0159396524622,48.3693864196066,3.));
#8077=CARTESIAN_POINT('Ctrl Pts',(79.0159396524622,48.3693864196066,0.999999999999998));
#8078=CARTESIAN_POINT('Ctrl Pts',(78.7952225583648,48.2280638437351,3.));
#8079=CARTESIAN_POINT('Ctrl Pts',(78.7952225583648,48.2280638437351,0.999999999999998));
#8080=CARTESIAN_POINT('Ctrl Pts',(78.684915033696,48.157435224833,3.));
#8081=CARTESIAN_POINT('Ctrl Pts',(78.684915033696,48.157435224833,0.999999999999998));
#8082=CARTESIAN_POINT('',(79.4079718269089,48.399591015162,3.));
#8083=CARTESIAN_POINT('Ctrl Pts',(79.4079718269089,48.399591015162,3.));
#8084=CARTESIAN_POINT('Ctrl Pts',(79.2772541640004,48.3895197138825,3.));
#8085=CARTESIAN_POINT('Ctrl Pts',(79.0159396524622,48.3693864196066,3.));
#8086=CARTESIAN_POINT('Ctrl Pts',(78.7952225583648,48.2280638437351,3.));
#8087=CARTESIAN_POINT('Ctrl Pts',(78.684915033696,48.157435224833,3.));
#8088=CARTESIAN_POINT('',(79.4079718269089,48.399591015162,0.999999999999998));
#8089=CARTESIAN_POINT('',(79.4079718269089,48.399591015162,3.));
#8090=CARTESIAN_POINT('Ctrl Pts',(79.4079718269089,48.399591015162,0.999999999999998));
#8091=CARTESIAN_POINT('Ctrl Pts',(79.2772541640004,48.3895197138825,0.999999999999998));
#8092=CARTESIAN_POINT('Ctrl Pts',(79.0159396524622,48.3693864196066,0.999999999999998));
#8093=CARTESIAN_POINT('Ctrl Pts',(78.7952225583648,48.2280638437351,0.999999999999998));
#8094=CARTESIAN_POINT('Ctrl Pts',(78.684915033696,48.157435224833,0.999999999999998));
#8095=CARTESIAN_POINT('Ctrl Pts',(80.3083786643723,48.1335605843682,3.));
#8096=CARTESIAN_POINT('Ctrl Pts',(80.3083786643723,48.1335605843682,0.999999999999998));
#8097=CARTESIAN_POINT('Ctrl Pts',(80.1615101163391,48.2111167029833,3.));
#8098=CARTESIAN_POINT('Ctrl Pts',(80.1615101163391,48.2111167029833,0.999999999999998));
#8099=CARTESIAN_POINT('Ctrl Pts',(79.8789126287314,48.3603465044809,3.));
#8100=CARTESIAN_POINT('Ctrl Pts',(79.8789126287314,48.3603465044809,0.999999999999998));
#8101=CARTESIAN_POINT('Ctrl Pts',(79.5607718688864,48.3868578587732,3.));
#8102=CARTESIAN_POINT('Ctrl Pts',(79.5607718688864,48.3868578587732,0.999999999999998));
#8103=CARTESIAN_POINT('Ctrl Pts',(79.4079718269089,48.399591015162,3.));
#8104=CARTESIAN_POINT('Ctrl Pts',(79.4079718269089,48.399591015162,0.999999999999998));
#8105=CARTESIAN_POINT('',(80.3083786643723,48.1335605843682,3.));
#8106=CARTESIAN_POINT('Ctrl Pts',(80.3083786643723,48.1335605843682,3.));
#8107=CARTESIAN_POINT('Ctrl Pts',(80.1615101163391,48.2111167029833,3.));
#8108=CARTESIAN_POINT('Ctrl Pts',(79.8789126287314,48.3603465044809,3.));
#8109=CARTESIAN_POINT('Ctrl Pts',(79.5607718688864,48.3868578587732,3.));
#8110=CARTESIAN_POINT('Ctrl Pts',(79.4079718269089,48.399591015162,3.));
#8111=CARTESIAN_POINT('',(80.3083786643723,48.1335605843682,0.999999999999998));
#8112=CARTESIAN_POINT('',(80.3083786643723,48.1335605843682,3.));
#8113=CARTESIAN_POINT('Ctrl Pts',(80.3083786643723,48.1335605843682,0.999999999999998));
#8114=CARTESIAN_POINT('Ctrl Pts',(80.1615101163391,48.2111167029833,0.999999999999998));
#8115=CARTESIAN_POINT('Ctrl Pts',(79.8789126287314,48.3603465044809,0.999999999999998));
#8116=CARTESIAN_POINT('Ctrl Pts',(79.5607718688864,48.3868578587732,0.999999999999998));
#8117=CARTESIAN_POINT('Ctrl Pts',(79.4079718269089,48.399591015162,0.999999999999998));
#8118=CARTESIAN_POINT('Origin',(80.7312998450974,49.2727150185723,3.));
#8119=CARTESIAN_POINT('',(80.7312998450974,49.2727150185723,3.));
#8120=CARTESIAN_POINT('',(76.664801751762,38.3194463107639,3.));
#8121=CARTESIAN_POINT('',(80.7312998450974,49.2727150185723,0.999999999999998));
#8122=CARTESIAN_POINT('',(80.7312998450974,49.2727150185723,3.));
#8123=CARTESIAN_POINT('',(80.7312998450974,49.2727150185723,0.999999999999998));
#8124=CARTESIAN_POINT('Ctrl Pts',(79.469359842656,49.6683491929192,3.));
#8125=CARTESIAN_POINT('Ctrl Pts',(79.469359842656,49.6683491929192,0.999999999999998));
#8126=CARTESIAN_POINT('Ctrl Pts',(79.6820608167819,49.6487395607134,3.));
#8127=CARTESIAN_POINT('Ctrl Pts',(79.6820608167819,49.6487395607134,0.999999999999998));
#8128=CARTESIAN_POINT('Ctrl Pts',(80.1303806733099,49.607407415747,3.));
#8129=CARTESIAN_POINT('Ctrl Pts',(80.1303806733099,49.607407415747,0.999999999999998));
#8130=CARTESIAN_POINT('Ctrl Pts',(80.5242814447476,49.3880175216797,3.));
#8131=CARTESIAN_POINT('Ctrl Pts',(80.5242814447476,49.3880175216797,0.999999999999998));
#8132=CARTESIAN_POINT('Ctrl Pts',(80.7312998450974,49.2727150185723,3.));
#8133=CARTESIAN_POINT('Ctrl Pts',(80.7312998450974,49.2727150185723,0.999999999999998));
#8134=CARTESIAN_POINT('',(79.469359842656,49.6683491929192,3.));
#8135=CARTESIAN_POINT('Ctrl Pts',(79.469359842656,49.6683491929192,3.));
#8136=CARTESIAN_POINT('Ctrl Pts',(79.6820608167819,49.6487395607134,3.));
#8137=CARTESIAN_POINT('Ctrl Pts',(80.1303806733099,49.607407415747,3.));
#8138=CARTESIAN_POINT('Ctrl Pts',(80.5242814447476,49.3880175216797,3.));
#8139=CARTESIAN_POINT('Ctrl Pts',(80.7312998450974,49.2727150185723,3.));
#8140=CARTESIAN_POINT('',(79.469359842656,49.6683491929192,0.999999999999998));
#8141=CARTESIAN_POINT('',(79.469359842656,49.6683491929192,3.));
#8142=CARTESIAN_POINT('Ctrl Pts',(79.469359842656,49.6683491929192,0.999999999999998));
#8143=CARTESIAN_POINT('Ctrl Pts',(79.6820608167819,49.6487395607134,0.999999999999998));
#8144=CARTESIAN_POINT('Ctrl Pts',(80.1303806733099,49.607407415747,0.999999999999998));
#8145=CARTESIAN_POINT('Ctrl Pts',(80.5242814447476,49.3880175216797,0.999999999999998));
#8146=CARTESIAN_POINT('Ctrl Pts',(80.7312998450974,49.2727150185723,0.999999999999998));
#8147=CARTESIAN_POINT('Ctrl Pts',(78.6815056480149,49.4227834208627,3.));
#8148=CARTESIAN_POINT('Ctrl Pts',(78.6815056480149,49.4227834208627,0.999999999999998));
#8149=CARTESIAN_POINT('Ctrl Pts',(78.8036611779439,49.4944065385731,3.));
#8150=CARTESIAN_POINT('Ctrl Pts',(78.8036611779439,49.4944065385731,0.999999999999998));
#8151=CARTESIAN_POINT('Ctrl Pts',(79.0472965640112,49.6372566080286,3.));
#8152=CARTESIAN_POINT('Ctrl Pts',(79.0472965640112,49.6372566080286,0.999999999999998));
#8153=CARTESIAN_POINT('Ctrl Pts',(79.3289324366094,49.6580041776943,3.));
#8154=CARTESIAN_POINT('Ctrl Pts',(79.3289324366094,49.6580041776943,0.999999999999998));
#8155=CARTESIAN_POINT('Ctrl Pts',(79.469359842656,49.6683491929192,3.));
#8156=CARTESIAN_POINT('Ctrl Pts',(79.469359842656,49.6683491929192,0.999999999999998));
#8157=CARTESIAN_POINT('',(78.6815056480149,49.4227834208627,3.));
#8158=CARTESIAN_POINT('Ctrl Pts',(78.6815056480149,49.4227834208627,3.));
#8159=CARTESIAN_POINT('Ctrl Pts',(78.8036611779439,49.4944065385731,3.));
#8160=CARTESIAN_POINT('Ctrl Pts',(79.0472965640112,49.6372566080286,3.));
#8161=CARTESIAN_POINT('Ctrl Pts',(79.3289324366094,49.6580041776943,3.));
#8162=CARTESIAN_POINT('Ctrl Pts',(79.469359842656,49.6683491929192,3.));
#8163=CARTESIAN_POINT('',(78.6815056480149,49.4227834208627,0.999999999999998));
#8164=CARTESIAN_POINT('',(78.6815056480149,49.4227834208627,3.));
#8165=CARTESIAN_POINT('Ctrl Pts',(78.6815056480149,49.4227834208627,0.999999999999998));
#8166=CARTESIAN_POINT('Ctrl Pts',(78.8036611779439,49.4944065385731,0.999999999999998));
#8167=CARTESIAN_POINT('Ctrl Pts',(79.0472965640112,49.6372566080286,0.999999999999998));
#8168=CARTESIAN_POINT('Ctrl Pts',(79.3289324366094,49.6580041776943,0.999999999999998));
#8169=CARTESIAN_POINT('Ctrl Pts',(79.469359842656,49.6683491929192,0.999999999999998));
#8170=CARTESIAN_POINT('Ctrl Pts',(77.9004654563645,48.4064121707101,3.));
#8171=CARTESIAN_POINT('Ctrl Pts',(77.9004654563645,48.4064121707101,0.999999999999998));
#8172=CARTESIAN_POINT('Ctrl Pts',(78.0235610703751,48.629549852723,3.));
#8173=CARTESIAN_POINT('Ctrl Pts',(78.0235610703751,48.629549852723,0.999999999999998));
#8174=CARTESIAN_POINT('Ctrl Pts',(78.2329312750313,49.009079070925,3.));
#8175=CARTESIAN_POINT('Ctrl Pts',(78.2329312750313,49.009079070925,0.999999999999998));
#8176=CARTESIAN_POINT('Ctrl Pts',(78.5506033929498,49.3020568800733,3.));
#8177=CARTESIAN_POINT('Ctrl Pts',(78.5506033929498,49.3020568800733,0.999999999999998));
#8178=CARTESIAN_POINT('Ctrl Pts',(78.6815056480149,49.4227834208627,3.));
#8179=CARTESIAN_POINT('Ctrl Pts',(78.6815056480149,49.4227834208627,0.999999999999998));
#8180=CARTESIAN_POINT('',(77.9004654563645,48.4064121707101,3.));
#8181=CARTESIAN_POINT('Ctrl Pts',(77.9004654563645,48.4064121707101,3.));
#8182=CARTESIAN_POINT('Ctrl Pts',(78.0235610703751,48.629549852723,3.));
#8183=CARTESIAN_POINT('Ctrl Pts',(78.2329312750313,49.009079070925,3.));
#8184=CARTESIAN_POINT('Ctrl Pts',(78.5506033929498,49.3020568800733,3.));
#8185=CARTESIAN_POINT('Ctrl Pts',(78.6815056480149,49.4227834208627,3.));
#8186=CARTESIAN_POINT('',(77.9004654563645,48.4064121707101,0.999999999999998));
#8187=CARTESIAN_POINT('',(77.9004654563645,48.4064121707101,3.));
#8188=CARTESIAN_POINT('Ctrl Pts',(77.9004654563645,48.4064121707101,0.999999999999998));
#8189=CARTESIAN_POINT('Ctrl Pts',(78.0235610703751,48.629549852723,0.999999999999998));
#8190=CARTESIAN_POINT('Ctrl Pts',(78.2329312750313,49.009079070925,0.999999999999998));
#8191=CARTESIAN_POINT('Ctrl Pts',(78.5506033929498,49.3020568800733,0.999999999999998));
#8192=CARTESIAN_POINT('Ctrl Pts',(78.6815056480149,49.4227834208627,0.999999999999998));
#8193=CARTESIAN_POINT('Origin',(77.9004654563645,49.5046384795327,3.));
#8194=CARTESIAN_POINT('',(77.9004654563645,49.5046384795327,3.));
#8195=CARTESIAN_POINT('',(77.9004654563645,41.3773194874982,3.));
#8196=CARTESIAN_POINT('',(77.9004654563645,49.5046384795327,0.999999999999998));
#8197=CARTESIAN_POINT('',(77.9004654563645,49.5046384795327,3.));
#8198=CARTESIAN_POINT('',(77.9004654563645,49.5046384795327,0.999999999999998));
#8199=CARTESIAN_POINT('Origin',(76.7954191840867,49.5046384795327,3.));
#8200=CARTESIAN_POINT('',(76.7954191840867,49.5046384795327,3.));
#8201=CARTESIAN_POINT('',(66.7727100148638,49.5046384795327,3.));
#8202=CARTESIAN_POINT('',(76.7954191840867,49.5046384795327,0.999999999999998));
#8203=CARTESIAN_POINT('',(76.7954191840867,49.5046384795327,3.));
#8204=CARTESIAN_POINT('',(76.7954191840867,49.5046384795327,0.999999999999998));
#8205=CARTESIAN_POINT('Origin',(76.7954191840866,42.2604365809579,3.));
#8206=CARTESIAN_POINT('',(76.7954191840866,42.2604365809579,3.));
#8207=CARTESIAN_POINT('',(76.7954191840866,37.7552185382107,3.));
#8208=CARTESIAN_POINT('',(76.7954191840866,42.2604365809579,0.999999999999998));
#8209=CARTESIAN_POINT('',(76.7954191840866,42.2604365809579,3.));
#8210=CARTESIAN_POINT('',(76.7954191840866,42.2604365809579,0.999999999999998));
#8211=CARTESIAN_POINT('Origin',(78.0232510246018,42.2604365809579,3.));
#8212=CARTESIAN_POINT('',(67.3866259351213,42.2604365809579,3.));
#8213=CARTESIAN_POINT('',(78.0232510246018,42.2604365809579,0.999999999999998));
#8214=CARTESIAN_POINT('Origin',(56.5396200023273,47.1785809262414,0.999999999999998));
#8215=CARTESIAN_POINT('Origin',(67.136481729863,52.2604365809579,3.));
#8216=CARTESIAN_POINT('',(67.136481729863,52.2604365809579,3.));
#8217=CARTESIAN_POINT('',(67.136481729863,42.2604365809579,3.));
#8218=CARTESIAN_POINT('',(67.136481729863,42.7552185382107,3.));
#8219=CARTESIAN_POINT('',(67.136481729863,52.2604365809579,0.999999999999998));
#8220=CARTESIAN_POINT('',(67.136481729863,52.2604365809579,3.));
#8221=CARTESIAN_POINT('',(67.136481729863,42.2604365809579,0.999999999999998));
#8222=CARTESIAN_POINT('',(67.136481729863,52.2604365809579,0.999999999999998));
#8223=CARTESIAN_POINT('',(67.136481729863,42.2604365809579,3.));
#8224=CARTESIAN_POINT('Origin',(65.9086498893479,52.2604365809579,3.));
#8225=CARTESIAN_POINT('',(65.9086498893479,52.2604365809579,3.));
#8226=CARTESIAN_POINT('',(61.3293253674944,52.2604365809579,3.));
#8227=CARTESIAN_POINT('',(65.9086498893479,52.2604365809579,0.999999999999998));
#8228=CARTESIAN_POINT('',(65.9086498893479,52.2604365809579,3.));
#8229=CARTESIAN_POINT('',(65.9086498893479,52.2604365809579,0.999999999999998));
#8230=CARTESIAN_POINT('Origin',(65.9086498893479,42.2604365809579,3.));
#8231=CARTESIAN_POINT('',(65.9086498893479,42.2604365809579,3.));
#8232=CARTESIAN_POINT('',(65.9086498893479,37.7552185382107,3.));
#8233=CARTESIAN_POINT('',(65.9086498893479,42.2604365809579,0.999999999999998));
#8234=CARTESIAN_POINT('',(65.9086498893479,42.2604365809579,3.));
#8235=CARTESIAN_POINT('',(65.9086498893479,42.2604365809579,0.999999999999998));
#8236=CARTESIAN_POINT('Origin',(67.136481729863,42.2604365809579,3.));
#8237=CARTESIAN_POINT('',(61.943241287752,42.2604365809579,3.));
#8238=CARTESIAN_POINT('',(67.136481729863,42.2604365809579,0.999999999999998));
#8239=CARTESIAN_POINT('Origin',(56.5396200023273,47.1785809262414,0.999999999999998));
#8240=CARTESIAN_POINT('Ctrl Pts',(54.0873679794052,43.1062753661294,3.));
#8241=CARTESIAN_POINT('Ctrl Pts',(54.0873679794052,43.1062753661294,0.999999999999998));
#8242=CARTESIAN_POINT('Ctrl Pts',(54.3161505022943,43.1226952863561,3.));
#8243=CARTESIAN_POINT('Ctrl Pts',(54.3161505022943,43.1226952863561,0.999999999999998));
#8244=CARTESIAN_POINT('Ctrl Pts',(54.7618163064353,43.1546811079098,3.));
#8245=CARTESIAN_POINT('Ctrl Pts',(54.7618163064353,43.1546811079098,0.999999999999998));
#8246=CARTESIAN_POINT('Ctrl Pts',(55.1202851110933,43.4203641556776,3.));
#8247=CARTESIAN_POINT('Ctrl Pts',(55.1202851110933,43.4203641556776,0.999999999999998));
#8248=CARTESIAN_POINT('Ctrl Pts',(55.2947339690903,43.5496588214059,3.));
#8249=CARTESIAN_POINT('Ctrl Pts',(55.2947339690903,43.5496588214059,0.999999999999998));
#8250=CARTESIAN_POINT('',(54.0873679794052,43.1062753661294,3.));
#8251=CARTESIAN_POINT('',(55.2947339690903,43.5496588214059,3.));
#8252=CARTESIAN_POINT('Ctrl Pts',(54.0873679794052,43.1062753661294,3.));
#8253=CARTESIAN_POINT('Ctrl Pts',(54.3161505022943,43.1226952863561,3.));
#8254=CARTESIAN_POINT('Ctrl Pts',(54.7618163064353,43.1546811079098,3.));
#8255=CARTESIAN_POINT('Ctrl Pts',(55.1202851110933,43.4203641556776,3.));
#8256=CARTESIAN_POINT('Ctrl Pts',(55.2947339690903,43.5496588214059,3.));
#8257=CARTESIAN_POINT('',(54.0873679794052,43.1062753661294,0.999999999999998));
#8258=CARTESIAN_POINT('',(54.0873679794052,43.1062753661294,3.));
#8259=CARTESIAN_POINT('',(55.2947339690903,43.5496588214059,0.999999999999998));
#8260=CARTESIAN_POINT('Ctrl Pts',(54.0873679794052,43.1062753661294,0.999999999999998));
#8261=CARTESIAN_POINT('Ctrl Pts',(54.3161505022943,43.1226952863561,0.999999999999998));
#8262=CARTESIAN_POINT('Ctrl Pts',(54.7618163064353,43.1546811079098,0.999999999999998));
#8263=CARTESIAN_POINT('Ctrl Pts',(55.1202851110933,43.4203641556776,0.999999999999998));
#8264=CARTESIAN_POINT('Ctrl Pts',(55.2947339690903,43.5496588214059,0.999999999999998));
#8265=CARTESIAN_POINT('',(55.2947339690903,43.5496588214059,3.));
#8266=CARTESIAN_POINT('Ctrl Pts',(52.6276120818833,43.7679393752237,3.));
#8267=CARTESIAN_POINT('Ctrl Pts',(52.6276120818833,43.7679393752237,0.999999999999998));
#8268=CARTESIAN_POINT('Ctrl Pts',(52.8299039202815,43.5749607529499,3.));
#8269=CARTESIAN_POINT('Ctrl Pts',(52.8299039202815,43.5749607529499,0.999999999999998));
#8270=CARTESIAN_POINT('Ctrl Pts',(53.2390270483135,43.1846730467671,3.));
#8271=CARTESIAN_POINT('Ctrl Pts',(53.2390270483135,43.1846730467671,0.999999999999998));
#8272=CARTESIAN_POINT('Ctrl Pts',(53.8025036391319,43.1326005176756,3.));
#8273=CARTESIAN_POINT('Ctrl Pts',(53.8025036391319,43.1326005176756,0.999999999999998));
#8274=CARTESIAN_POINT('Ctrl Pts',(54.0873679794052,43.1062753661294,3.));
#8275=CARTESIAN_POINT('Ctrl Pts',(54.0873679794052,43.1062753661294,0.999999999999998));
#8276=CARTESIAN_POINT('',(52.6276120818833,43.7679393752237,3.));
#8277=CARTESIAN_POINT('Ctrl Pts',(52.6276120818833,43.7679393752237,3.));
#8278=CARTESIAN_POINT('Ctrl Pts',(52.8299039202815,43.5749607529499,3.));
#8279=CARTESIAN_POINT('Ctrl Pts',(53.2390270483135,43.1846730467671,3.));
#8280=CARTESIAN_POINT('Ctrl Pts',(53.8025036391319,43.1326005176756,3.));
#8281=CARTESIAN_POINT('Ctrl Pts',(54.0873679794052,43.1062753661294,3.));
#8282=CARTESIAN_POINT('',(52.6276120818833,43.7679393752237,0.999999999999998));
#8283=CARTESIAN_POINT('',(52.6276120818833,43.7679393752237,3.));
#8284=CARTESIAN_POINT('Ctrl Pts',(52.6276120818833,43.7679393752237,0.999999999999998));
#8285=CARTESIAN_POINT('Ctrl Pts',(52.8299039202815,43.5749607529499,0.999999999999998));
#8286=CARTESIAN_POINT('Ctrl Pts',(53.2390270483135,43.1846730467671,0.999999999999998));
#8287=CARTESIAN_POINT('Ctrl Pts',(53.8025036391319,43.1326005176756,0.999999999999998));
#8288=CARTESIAN_POINT('Ctrl Pts',(54.0873679794052,43.1062753661294,0.999999999999998));
#8289=CARTESIAN_POINT('Ctrl Pts',(52.0682677901963,45.8893592818399,3.));
#8290=CARTESIAN_POINT('Ctrl Pts',(52.0682677901963,45.8893592818399,0.999999999999998));
#8291=CARTESIAN_POINT('Ctrl Pts',(52.0754376388826,45.4578584628193,3.));
#8292=CARTESIAN_POINT('Ctrl Pts',(52.0754376388826,45.4578584628193,0.999999999999998));
#8293=CARTESIAN_POINT('Ctrl Pts',(52.0880241963156,44.7003655116303,3.));
#8294=CARTESIAN_POINT('Ctrl Pts',(52.0880241963156,44.7003655116303,0.999999999999998));
#8295=CARTESIAN_POINT('Ctrl Pts',(52.4652642950883,44.0484818478112,3.));
#8296=CARTESIAN_POINT('Ctrl Pts',(52.4652642950883,44.0484818478112,0.999999999999998));
#8297=CARTESIAN_POINT('Ctrl Pts',(52.6276120818833,43.7679393752237,3.));
#8298=CARTESIAN_POINT('Ctrl Pts',(52.6276120818833,43.7679393752237,0.999999999999998));
#8299=CARTESIAN_POINT('',(52.0682677901963,45.8893592818399,3.));
#8300=CARTESIAN_POINT('Ctrl Pts',(52.0682677901963,45.8893592818399,3.));
#8301=CARTESIAN_POINT('Ctrl Pts',(52.0754376388826,45.4578584628193,3.));
#8302=CARTESIAN_POINT('Ctrl Pts',(52.0880241963156,44.7003655116303,3.));
#8303=CARTESIAN_POINT('Ctrl Pts',(52.4652642950883,44.0484818478112,3.));
#8304=CARTESIAN_POINT('Ctrl Pts',(52.6276120818833,43.7679393752237,3.));
#8305=CARTESIAN_POINT('',(52.0682677901963,45.8893592818399,0.999999999999998));
#8306=CARTESIAN_POINT('',(52.0682677901963,45.8893592818399,3.));
#8307=CARTESIAN_POINT('Ctrl Pts',(52.0682677901963,45.8893592818399,0.999999999999998));
#8308=CARTESIAN_POINT('Ctrl Pts',(52.0754376388826,45.4578584628193,0.999999999999998));
#8309=CARTESIAN_POINT('Ctrl Pts',(52.0880241963156,44.7003655116303,0.999999999999998));
#8310=CARTESIAN_POINT('Ctrl Pts',(52.4652642950883,44.0484818478112,0.999999999999998));
#8311=CARTESIAN_POINT('Ctrl Pts',(52.6276120818833,43.7679393752237,0.999999999999998));
#8312=CARTESIAN_POINT('Ctrl Pts',(52.6480755485276,47.9937245114465,3.));
#8313=CARTESIAN_POINT('Ctrl Pts',(52.6480755485276,47.9937245114465,0.999999999999998));
#8314=CARTESIAN_POINT('Ctrl Pts',(52.4797039973235,47.7145627282107,3.));
#8315=CARTESIAN_POINT('Ctrl Pts',(52.4797039973235,47.7145627282107,0.999999999999998));
#8316=CARTESIAN_POINT('Ctrl Pts',(52.0919362207052,47.0716397211586,3.));
#8317=CARTESIAN_POINT('Ctrl Pts',(52.0919362207052,47.0716397211586,0.999999999999998));
#8318=CARTESIAN_POINT('Ctrl Pts',(52.0768202806235,46.3165714764023,3.));
#8319=CARTESIAN_POINT('Ctrl Pts',(52.0768202806235,46.3165714764023,0.999999999999998));
#8320=CARTESIAN_POINT('Ctrl Pts',(52.0682677901963,45.8893592818399,3.));
#8321=CARTESIAN_POINT('Ctrl Pts',(52.0682677901963,45.8893592818399,0.999999999999998));
#8322=CARTESIAN_POINT('',(52.6480755485276,47.9937245114465,3.));
#8323=CARTESIAN_POINT('Ctrl Pts',(52.6480755485276,47.9937245114465,3.));
#8324=CARTESIAN_POINT('Ctrl Pts',(52.4797039973235,47.7145627282107,3.));
#8325=CARTESIAN_POINT('Ctrl Pts',(52.0919362207052,47.0716397211586,3.));
#8326=CARTESIAN_POINT('Ctrl Pts',(52.0768202806235,46.3165714764023,3.));
#8327=CARTESIAN_POINT('Ctrl Pts',(52.0682677901963,45.8893592818399,3.));
#8328=CARTESIAN_POINT('',(52.6480755485276,47.9937245114465,0.999999999999998));
#8329=CARTESIAN_POINT('',(52.6480755485276,47.9937245114465,3.));
#8330=CARTESIAN_POINT('Ctrl Pts',(52.6480755485276,47.9937245114465,0.999999999999998));
#8331=CARTESIAN_POINT('Ctrl Pts',(52.4797039973235,47.7145627282107,0.999999999999998));
#8332=CARTESIAN_POINT('Ctrl Pts',(52.0919362207052,47.0716397211586,0.999999999999998));
#8333=CARTESIAN_POINT('Ctrl Pts',(52.0768202806235,46.3165714764023,0.999999999999998));
#8334=CARTESIAN_POINT('Ctrl Pts',(52.0682677901963,45.8893592818399,0.999999999999998));
#8335=CARTESIAN_POINT('Ctrl Pts',(54.1555795348862,48.6587996943612,3.));
#8336=CARTESIAN_POINT('Ctrl Pts',(54.1555795348862,48.6587996943612,0.999999999999998));
#8337=CARTESIAN_POINT('Ctrl Pts',(53.8622793712788,48.6327170250299,3.));
#8338=CARTESIAN_POINT('Ctrl Pts',(53.8622793712788,48.6327170250299,0.999999999999998));
#8339=CARTESIAN_POINT('Ctrl Pts',(53.2839948992675,48.5812912007911,3.));
#8340=CARTESIAN_POINT('Ctrl Pts',(53.2839948992675,48.5812912007911,0.999999999999998));
#8341=CARTESIAN_POINT('Ctrl Pts',(52.8580067315875,48.1876934008618,3.));
#8342=CARTESIAN_POINT('Ctrl Pts',(52.8580067315875,48.1876934008618,0.999999999999998));
#8343=CARTESIAN_POINT('Ctrl Pts',(52.6480755485276,47.9937245114465,3.));
#8344=CARTESIAN_POINT('Ctrl Pts',(52.6480755485276,47.9937245114465,0.999999999999998));
#8345=CARTESIAN_POINT('',(54.1555795348862,48.6587996943612,3.));
#8346=CARTESIAN_POINT('Ctrl Pts',(54.1555795348862,48.6587996943612,3.));
#8347=CARTESIAN_POINT('Ctrl Pts',(53.8622793712788,48.6327170250299,3.));
#8348=CARTESIAN_POINT('Ctrl Pts',(53.2839948992675,48.5812912007911,3.));
#8349=CARTESIAN_POINT('Ctrl Pts',(52.8580067315875,48.1876934008618,3.));
#8350=CARTESIAN_POINT('Ctrl Pts',(52.6480755485276,47.9937245114465,3.));
#8351=CARTESIAN_POINT('',(54.1555795348862,48.6587996943612,0.999999999999998));
#8352=CARTESIAN_POINT('',(54.1555795348862,48.6587996943612,3.));
#8353=CARTESIAN_POINT('Ctrl Pts',(54.1555795348862,48.6587996943612,0.999999999999998));
#8354=CARTESIAN_POINT('Ctrl Pts',(53.8622793712788,48.6327170250299,0.999999999999998));
#8355=CARTESIAN_POINT('Ctrl Pts',(53.2839948992675,48.5812912007911,0.999999999999998));
#8356=CARTESIAN_POINT('Ctrl Pts',(52.8580067315875,48.1876934008618,0.999999999999998));
#8357=CARTESIAN_POINT('Ctrl Pts',(52.6480755485276,47.9937245114465,0.999999999999998));
#8358=CARTESIAN_POINT('Ctrl Pts',(55.2026471770981,48.2904501422067,3.));
#8359=CARTESIAN_POINT('Ctrl Pts',(55.2026471770981,48.2904501422067,0.999999999999998));
#8360=CARTESIAN_POINT('Ctrl Pts',(55.0486612377059,48.3978721175225,3.));
#8361=CARTESIAN_POINT('Ctrl Pts',(55.0486612377059,48.3978721175225,0.999999999999998));
#8362=CARTESIAN_POINT('Ctrl Pts',(54.7340697830934,48.6173339437473,3.));
#8363=CARTESIAN_POINT('Ctrl Pts',(54.7340697830934,48.6173339437473,0.999999999999998));
#8364=CARTESIAN_POINT('Ctrl Pts',(54.3510957739648,48.6447852358017,3.));
#8365=CARTESIAN_POINT('Ctrl Pts',(54.3510957739648,48.6447852358017,0.999999999999998));
#8366=CARTESIAN_POINT('Ctrl Pts',(54.1555795348862,48.6587996943612,3.));
#8367=CARTESIAN_POINT('Ctrl Pts',(54.1555795348862,48.6587996943612,0.999999999999998));
#8368=CARTESIAN_POINT('',(55.2026471770981,48.2904501422067,3.));
#8369=CARTESIAN_POINT('Ctrl Pts',(55.2026471770981,48.2904501422067,3.));
#8370=CARTESIAN_POINT('Ctrl Pts',(55.0486612377059,48.3978721175225,3.));
#8371=CARTESIAN_POINT('Ctrl Pts',(54.7340697830934,48.6173339437473,3.));
#8372=CARTESIAN_POINT('Ctrl Pts',(54.3510957739648,48.6447852358017,3.));
#8373=CARTESIAN_POINT('Ctrl Pts',(54.1555795348862,48.6587996943612,3.));
#8374=CARTESIAN_POINT('',(55.2026471770981,48.2904501422067,0.999999999999998));
#8375=CARTESIAN_POINT('',(55.2026471770981,48.2904501422067,3.));
#8376=CARTESIAN_POINT('Ctrl Pts',(55.2026471770981,48.2904501422067,0.999999999999998));
#8377=CARTESIAN_POINT('Ctrl Pts',(55.0486612377059,48.3978721175225,0.999999999999998));
#8378=CARTESIAN_POINT('Ctrl Pts',(54.7340697830934,48.6173339437473,0.999999999999998));
#8379=CARTESIAN_POINT('Ctrl Pts',(54.3510957739648,48.6447852358017,0.999999999999998));
#8380=CARTESIAN_POINT('Ctrl Pts',(54.1555795348862,48.6587996943612,0.999999999999998));
#8381=CARTESIAN_POINT('Ctrl Pts',(55.8063301719407,47.192223833384,3.));
#8382=CARTESIAN_POINT('Ctrl Pts',(55.8063301719407,47.192223833384,0.999999999999998));
#8383=CARTESIAN_POINT('Ctrl Pts',(55.7446106592989,47.4150058085422,3.));
#8384=CARTESIAN_POINT('Ctrl Pts',(55.7446106592989,47.4150058085422,0.999999999999998));
#8385=CARTESIAN_POINT('Ctrl Pts',(55.6296758271441,47.8298731304949,3.));
#8386=CARTESIAN_POINT('Ctrl Pts',(55.6296758271441,47.8298731304949,0.999999999999998));
#8387=CARTESIAN_POINT('Ctrl Pts',(55.3377910697918,48.1446890317022,3.));
#8388=CARTESIAN_POINT('Ctrl Pts',(55.3377910697918,48.1446890317022,0.999999999999998));
#8389=CARTESIAN_POINT('Ctrl Pts',(55.2026471770981,48.2904501422067,3.));
#8390=CARTESIAN_POINT('Ctrl Pts',(55.2026471770981,48.2904501422067,0.999999999999998));
#8391=CARTESIAN_POINT('',(55.8063301719407,47.192223833384,3.));
#8392=CARTESIAN_POINT('Ctrl Pts',(55.8063301719407,47.192223833384,3.));
#8393=CARTESIAN_POINT('Ctrl Pts',(55.7446106592989,47.4150058085422,3.));
#8394=CARTESIAN_POINT('Ctrl Pts',(55.6296758271441,47.8298731304949,3.));
#8395=CARTESIAN_POINT('Ctrl Pts',(55.3377910697918,48.1446890317022,3.));
#8396=CARTESIAN_POINT('Ctrl Pts',(55.2026471770981,48.2904501422067,3.));
#8397=CARTESIAN_POINT('',(55.8063301719407,47.192223833384,0.999999999999998));
#8398=CARTESIAN_POINT('',(55.8063301719407,47.192223833384,3.));
#8399=CARTESIAN_POINT('Ctrl Pts',(55.8063301719407,47.192223833384,0.999999999999998));
#8400=CARTESIAN_POINT('Ctrl Pts',(55.7446106592989,47.4150058085422,0.999999999999998));
#8401=CARTESIAN_POINT('Ctrl Pts',(55.6296758271441,47.8298731304949,0.999999999999998));
#8402=CARTESIAN_POINT('Ctrl Pts',(55.3377910697918,48.1446890317022,0.999999999999998));
#8403=CARTESIAN_POINT('Ctrl Pts',(55.2026471770981,48.2904501422067,0.999999999999998));
#8404=CARTESIAN_POINT('Origin',(57.0000538505295,47.3763986094613,3.));
#8405=CARTESIAN_POINT('',(57.0000538505295,47.3763986094613,3.));
#8406=CARTESIAN_POINT('',(55.8135195063717,47.193333046582,3.));
#8407=CARTESIAN_POINT('',(57.0000538505295,47.3763986094613,0.999999999999998));
#8408=CARTESIAN_POINT('',(57.0000538505295,47.3763986094613,3.));
#8409=CARTESIAN_POINT('',(57.0000538505295,47.3763986094613,0.999999999999998));
#8410=CARTESIAN_POINT('Ctrl Pts',(56.0382542289475,49.0714873536248,3.));
#8411=CARTESIAN_POINT('Ctrl Pts',(56.0382542289475,49.0714873536248,0.999999999999998));
#8412=CARTESIAN_POINT('Ctrl Pts',(56.2672050841477,48.8444701376485,3.));
#8413=CARTESIAN_POINT('Ctrl Pts',(56.2672050841477,48.8444701376485,0.999999999999998));
#8414=CARTESIAN_POINT('Ctrl Pts',(56.7452899813364,48.3704229790771,3.));
#8415=CARTESIAN_POINT('Ctrl Pts',(56.7452899813364,48.3704229790771,0.999999999999998));
#8416=CARTESIAN_POINT('Ctrl Pts',(56.9127756608876,47.7169360950742,3.));
#8417=CARTESIAN_POINT('Ctrl Pts',(56.9127756608876,47.7169360950742,0.999999999999998));
#8418=CARTESIAN_POINT('Ctrl Pts',(57.0000538505295,47.3763986094613,3.));
#8419=CARTESIAN_POINT('Ctrl Pts',(57.0000538505295,47.3763986094613,0.999999999999998));
#8420=CARTESIAN_POINT('',(56.0382542289475,49.0714873536248,3.));
#8421=CARTESIAN_POINT('Ctrl Pts',(56.0382542289475,49.0714873536248,3.));
#8422=CARTESIAN_POINT('Ctrl Pts',(56.2672050841477,48.8444701376485,3.));
#8423=CARTESIAN_POINT('Ctrl Pts',(56.7452899813364,48.3704229790771,3.));
#8424=CARTESIAN_POINT('Ctrl Pts',(56.9127756608876,47.7169360950742,3.));
#8425=CARTESIAN_POINT('Ctrl Pts',(57.0000538505295,47.3763986094613,3.));
#8426=CARTESIAN_POINT('',(56.0382542289475,49.0714873536248,0.999999999999998));
#8427=CARTESIAN_POINT('',(56.0382542289475,49.0714873536248,3.));
#8428=CARTESIAN_POINT('Ctrl Pts',(56.0382542289475,49.0714873536248,0.999999999999998));
#8429=CARTESIAN_POINT('Ctrl Pts',(56.2672050841477,48.8444701376485,0.999999999999998));
#8430=CARTESIAN_POINT('Ctrl Pts',(56.7452899813364,48.3704229790771,0.999999999999998));
#8431=CARTESIAN_POINT('Ctrl Pts',(56.9127756608876,47.7169360950742,0.999999999999998));
#8432=CARTESIAN_POINT('Ctrl Pts',(57.0000538505295,47.3763986094613,0.999999999999998));
#8433=CARTESIAN_POINT('Ctrl Pts',(54.1078314460496,49.6683491929193,3.));
#8434=CARTESIAN_POINT('Ctrl Pts',(54.1078314460496,49.6683491929193,0.999999999999998));
#8435=CARTESIAN_POINT('Ctrl Pts',(54.4752866874239,49.6495799922332,3.));
#8436=CARTESIAN_POINT('Ctrl Pts',(54.4752866874239,49.6495799922332,0.999999999999998));
#8437=CARTESIAN_POINT('Ctrl Pts',(55.1710364640924,49.6140418757086,3.));
#8438=CARTESIAN_POINT('Ctrl Pts',(55.1710364640924,49.6140418757086,0.999999999999998));
#8439=CARTESIAN_POINT('Ctrl Pts',(55.7602361297441,49.2454228783072,3.));
#8440=CARTESIAN_POINT('Ctrl Pts',(55.7602361297441,49.2454228783072,0.999999999999998));
#8441=CARTESIAN_POINT('Ctrl Pts',(56.0382542289475,49.0714873536248,3.));
#8442=CARTESIAN_POINT('Ctrl Pts',(56.0382542289475,49.0714873536248,0.999999999999998));
#8443=CARTESIAN_POINT('',(54.1078314460496,49.6683491929193,3.));
#8444=CARTESIAN_POINT('Ctrl Pts',(54.1078314460496,49.6683491929193,3.));
#8445=CARTESIAN_POINT('Ctrl Pts',(54.4752866874239,49.6495799922332,3.));
#8446=CARTESIAN_POINT('Ctrl Pts',(55.1710364640924,49.6140418757086,3.));
#8447=CARTESIAN_POINT('Ctrl Pts',(55.7602361297441,49.2454228783072,3.));
#8448=CARTESIAN_POINT('Ctrl Pts',(56.0382542289475,49.0714873536248,3.));
#8449=CARTESIAN_POINT('',(54.1078314460496,49.6683491929193,0.999999999999998));
#8450=CARTESIAN_POINT('',(54.1078314460496,49.6683491929193,3.));
#8451=CARTESIAN_POINT('Ctrl Pts',(54.1078314460496,49.6683491929193,0.999999999999998));
#8452=CARTESIAN_POINT('Ctrl Pts',(54.4752866874239,49.6495799922332,0.999999999999998));
#8453=CARTESIAN_POINT('Ctrl Pts',(55.1710364640924,49.6140418757086,0.999999999999998));
#8454=CARTESIAN_POINT('Ctrl Pts',(55.7602361297441,49.2454228783072,0.999999999999998));
#8455=CARTESIAN_POINT('Ctrl Pts',(56.0382542289475,49.0714873536248,0.999999999999998));
#8456=CARTESIAN_POINT('Ctrl Pts',(52.3786363280991,49.2283769114633,3.));
#8457=CARTESIAN_POINT('Ctrl Pts',(52.3786363280991,49.2283769114633,0.999999999999998));
#8458=CARTESIAN_POINT('Ctrl Pts',(52.6504993486268,49.3567000652848,3.));
#8459=CARTESIAN_POINT('Ctrl Pts',(52.6504993486268,49.3567000652848,0.999999999999998));
#8460=CARTESIAN_POINT('Ctrl Pts',(53.1983074553205,49.6152731650887,3.));
#8461=CARTESIAN_POINT('Ctrl Pts',(53.1983074553205,49.6152731650887,0.999999999999998));
#8462=CARTESIAN_POINT('Ctrl Pts',(53.8031544163673,49.6505695118206,3.));
#8463=CARTESIAN_POINT('Ctrl Pts',(53.8031544163673,49.6505695118206,0.999999999999998));
#8464=CARTESIAN_POINT('Ctrl Pts',(54.1078314460496,49.6683491929193,3.));
#8465=CARTESIAN_POINT('Ctrl Pts',(54.1078314460496,49.6683491929193,0.999999999999998));
#8466=CARTESIAN_POINT('',(52.3786363280991,49.2283769114633,3.));
#8467=CARTESIAN_POINT('Ctrl Pts',(52.3786363280991,49.2283769114633,3.));
#8468=CARTESIAN_POINT('Ctrl Pts',(52.6504993486268,49.3567000652848,3.));
#8469=CARTESIAN_POINT('Ctrl Pts',(53.1983074553205,49.6152731650887,3.));
#8470=CARTESIAN_POINT('Ctrl Pts',(53.8031544163673,49.6505695118206,3.));
#8471=CARTESIAN_POINT('Ctrl Pts',(54.1078314460496,49.6683491929193,3.));
#8472=CARTESIAN_POINT('',(52.3786363280991,49.2283769114633,0.999999999999998));
#8473=CARTESIAN_POINT('',(52.3786363280991,49.2283769114633,3.));
#8474=CARTESIAN_POINT('Ctrl Pts',(52.3786363280991,49.2283769114633,0.999999999999998));
#8475=CARTESIAN_POINT('Ctrl Pts',(52.6504993486268,49.3567000652848,0.999999999999998));
#8476=CARTESIAN_POINT('Ctrl Pts',(53.1983074553205,49.6152731650887,0.999999999999998));
#8477=CARTESIAN_POINT('Ctrl Pts',(53.8031544163673,49.6505695118206,0.999999999999998));
#8478=CARTESIAN_POINT('Ctrl Pts',(54.1078314460496,49.6683491929193,0.999999999999998));
#8479=CARTESIAN_POINT('Ctrl Pts',(51.1951431907395,47.908458278956,3.));
#8480=CARTESIAN_POINT('Ctrl Pts',(51.1951431907395,47.908458278956,0.999999999999998));
#8481=CARTESIAN_POINT('Ctrl Pts',(51.3395446366209,48.1822574976037,3.));
#8482=CARTESIAN_POINT('Ctrl Pts',(51.3395446366209,48.1822574976037,0.999999999999998));
#8483=CARTESIAN_POINT('Ctrl Pts',(51.6239305761484,48.7214809628661,3.));
#8484=CARTESIAN_POINT('Ctrl Pts',(51.6239305761484,48.7214809628661,0.999999999999998));
#8485=CARTESIAN_POINT('Ctrl Pts',(52.1296861320438,49.0611702279887,3.));
#8486=CARTESIAN_POINT('Ctrl Pts',(52.1296861320438,49.0611702279887,0.999999999999998));
#8487=CARTESIAN_POINT('Ctrl Pts',(52.3786363280991,49.2283769114633,3.));
#8488=CARTESIAN_POINT('Ctrl Pts',(52.3786363280991,49.2283769114633,0.999999999999998));
#8489=CARTESIAN_POINT('',(51.1951431907395,47.908458278956,3.));
#8490=CARTESIAN_POINT('Ctrl Pts',(51.1951431907395,47.908458278956,3.));
#8491=CARTESIAN_POINT('Ctrl Pts',(51.3395446366209,48.1822574976037,3.));
#8492=CARTESIAN_POINT('Ctrl Pts',(51.6239305761484,48.7214809628661,3.));
#8493=CARTESIAN_POINT('Ctrl Pts',(52.1296861320438,49.0611702279887,3.));
#8494=CARTESIAN_POINT('Ctrl Pts',(52.3786363280991,49.2283769114633,3.));
#8495=CARTESIAN_POINT('',(51.1951431907395,47.908458278956,0.999999999999998));
#8496=CARTESIAN_POINT('',(51.1951431907395,47.908458278956,3.));
#8497=CARTESIAN_POINT('Ctrl Pts',(51.1951431907395,47.908458278956,0.999999999999998));
#8498=CARTESIAN_POINT('Ctrl Pts',(51.3395446366209,48.1822574976037,0.999999999999998));
#8499=CARTESIAN_POINT('Ctrl Pts',(51.6239305761484,48.7214809628661,0.999999999999998));
#8500=CARTESIAN_POINT('Ctrl Pts',(52.1296861320438,49.0611702279887,0.999999999999998));
#8501=CARTESIAN_POINT('Ctrl Pts',(52.3786363280991,49.2283769114633,0.999999999999998));
#8502=CARTESIAN_POINT('Ctrl Pts',(50.8063301719407,45.8552523120065,3.));
#8503=CARTESIAN_POINT('Ctrl Pts',(50.8063301719407,45.8552523120065,0.999999999999998));
#8504=CARTESIAN_POINT('Ctrl Pts',(50.8189527688397,46.225751544478,3.));
#8505=CARTESIAN_POINT('Ctrl Pts',(50.8189527688397,46.225751544478,0.999999999999998));
#8506=CARTESIAN_POINT('Ctrl Pts',(50.842970930847,46.9307340976104,3.));
#8507=CARTESIAN_POINT('Ctrl Pts',(50.842970930847,46.9307340976104,0.999999999999998));
#8508=CARTESIAN_POINT('Ctrl Pts',(51.0818198485276,47.5938424371934,3.));
#8509=CARTESIAN_POINT('Ctrl Pts',(51.0818198485276,47.5938424371934,0.999999999999998));
#8510=CARTESIAN_POINT('Ctrl Pts',(51.1951431907395,47.908458278956,3.));
#8511=CARTESIAN_POINT('Ctrl Pts',(51.1951431907395,47.908458278956,0.999999999999998));
#8512=CARTESIAN_POINT('',(50.8063301719407,45.8552523120065,3.));
#8513=CARTESIAN_POINT('Ctrl Pts',(50.8063301719407,45.8552523120065,3.));
#8514=CARTESIAN_POINT('Ctrl Pts',(50.8189527688397,46.225751544478,3.));
#8515=CARTESIAN_POINT('Ctrl Pts',(50.842970930847,46.9307340976104,3.));
#8516=CARTESIAN_POINT('Ctrl Pts',(51.0818198485276,47.5938424371934,3.));
#8517=CARTESIAN_POINT('Ctrl Pts',(51.1951431907395,47.908458278956,3.));
#8518=CARTESIAN_POINT('',(50.8063301719407,45.8552523120065,0.999999999999998));
#8519=CARTESIAN_POINT('',(50.8063301719407,45.8552523120065,3.));
#8520=CARTESIAN_POINT('Ctrl Pts',(50.8063301719407,45.8552523120065,0.999999999999998));
#8521=CARTESIAN_POINT('Ctrl Pts',(50.8189527688397,46.225751544478,0.999999999999998));
#8522=CARTESIAN_POINT('Ctrl Pts',(50.842970930847,46.9307340976104,0.999999999999998));
#8523=CARTESIAN_POINT('Ctrl Pts',(51.0818198485276,47.5938424371934,0.999999999999998));
#8524=CARTESIAN_POINT('Ctrl Pts',(51.1951431907395,47.908458278956,0.999999999999998));
#8525=CARTESIAN_POINT('Ctrl Pts',(51.7101511634568,43.0687590106149,3.));
#8526=CARTESIAN_POINT('Ctrl Pts',(51.7101511634568,43.0687590106149,0.999999999999998));
#8527=CARTESIAN_POINT('Ctrl Pts',(51.44704921033,43.4502398086077,3.));
#8528=CARTESIAN_POINT('Ctrl Pts',(51.44704921033,43.4502398086077,0.999999999999998));
#8529=CARTESIAN_POINT('Ctrl Pts',(50.8713268872555,44.284999903007,3.));
#8530=CARTESIAN_POINT('Ctrl Pts',(50.8713268872555,44.284999903007,0.999999999999998));
#8531=CARTESIAN_POINT('Ctrl Pts',(50.8292034362189,45.3026582592062,3.));
#8532=CARTESIAN_POINT('Ctrl Pts',(50.8292034362189,45.3026582592062,0.999999999999998));
#8533=CARTESIAN_POINT('Ctrl Pts',(50.8063301719407,45.8552523120065,3.));
#8534=CARTESIAN_POINT('Ctrl Pts',(50.8063301719407,45.8552523120065,0.999999999999998));
#8535=CARTESIAN_POINT('',(51.7101511634568,43.0687590106149,3.));
#8536=CARTESIAN_POINT('Ctrl Pts',(51.7101511634568,43.0687590106149,3.));
#8537=CARTESIAN_POINT('Ctrl Pts',(51.44704921033,43.4502398086077,3.));
#8538=CARTESIAN_POINT('Ctrl Pts',(50.8713268872555,44.284999903007,3.));
#8539=CARTESIAN_POINT('Ctrl Pts',(50.8292034362189,45.3026582592062,3.));
#8540=CARTESIAN_POINT('Ctrl Pts',(50.8063301719407,45.8552523120065,3.));
#8541=CARTESIAN_POINT('',(51.7101511634568,43.0687590106149,0.999999999999998));
#8542=CARTESIAN_POINT('',(51.7101511634568,43.0687590106149,3.));
#8543=CARTESIAN_POINT('Ctrl Pts',(51.7101511634568,43.0687590106149,0.999999999999998));
#8544=CARTESIAN_POINT('Ctrl Pts',(51.44704921033,43.4502398086077,0.999999999999998));
#8545=CARTESIAN_POINT('Ctrl Pts',(50.8713268872555,44.284999903007,0.999999999999998));
#8546=CARTESIAN_POINT('Ctrl Pts',(50.8292034362189,45.3026582592062,0.999999999999998));
#8547=CARTESIAN_POINT('Ctrl Pts',(50.8063301719407,45.8552523120065,0.999999999999998));
#8548=CARTESIAN_POINT('Ctrl Pts',(54.1010102905014,42.0967252715249,3.));
#8549=CARTESIAN_POINT('Ctrl Pts',(54.1010102905014,42.0967252715249,0.999999999999998));
#8550=CARTESIAN_POINT('Ctrl Pts',(53.6348605793409,42.1317449657861,3.));
#8551=CARTESIAN_POINT('Ctrl Pts',(53.6348605793409,42.1317449657861,0.999999999999998));
#8552=CARTESIAN_POINT('Ctrl Pts',(52.7316674313437,42.1995977331361,3.));
#8553=CARTESIAN_POINT('Ctrl Pts',(52.7316674313437,42.1995977331361,0.999999999999998));
#8554=CARTESIAN_POINT('Ctrl Pts',(52.0432617392714,42.7853305203221,3.));
#8555=CARTESIAN_POINT('Ctrl Pts',(52.0432617392714,42.7853305203221,0.999999999999998));
#8556=CARTESIAN_POINT('Ctrl Pts',(51.7101511634568,43.0687590106149,3.));
#8557=CARTESIAN_POINT('Ctrl Pts',(51.7101511634568,43.0687590106149,0.999999999999998));
#8558=CARTESIAN_POINT('',(54.1010102905014,42.0967252715249,3.));
#8559=CARTESIAN_POINT('Ctrl Pts',(54.1010102905014,42.0967252715249,3.));
#8560=CARTESIAN_POINT('Ctrl Pts',(53.6348605793409,42.1317449657861,3.));
#8561=CARTESIAN_POINT('Ctrl Pts',(52.7316674313437,42.1995977331361,3.));
#8562=CARTESIAN_POINT('Ctrl Pts',(52.0432617392714,42.7853305203221,3.));
#8563=CARTESIAN_POINT('Ctrl Pts',(51.7101511634568,43.0687590106149,3.));
#8564=CARTESIAN_POINT('',(54.1010102905014,42.0967252715249,0.999999999999998));
#8565=CARTESIAN_POINT('',(54.1010102905014,42.0967252715249,3.));
#8566=CARTESIAN_POINT('Ctrl Pts',(54.1010102905014,42.0967252715249,0.999999999999998));
#8567=CARTESIAN_POINT('Ctrl Pts',(53.6348605793409,42.1317449657861,0.999999999999998));
#8568=CARTESIAN_POINT('Ctrl Pts',(52.7316674313437,42.1995977331361,0.999999999999998));
#8569=CARTESIAN_POINT('Ctrl Pts',(52.0432617392714,42.7853305203221,0.999999999999998));
#8570=CARTESIAN_POINT('Ctrl Pts',(51.7101511634568,43.0687590106149,0.999999999999998));
#8571=CARTESIAN_POINT('Ctrl Pts',(56.1030563987473,42.8027279837747,3.));
#8572=CARTESIAN_POINT('Ctrl Pts',(56.1030563987473,42.8027279837747,0.999999999999998));
#8573=CARTESIAN_POINT('Ctrl Pts',(55.810883533803,42.5968506578451,3.));
#8574=CARTESIAN_POINT('Ctrl Pts',(55.810883533803,42.5968506578451,0.999999999999998));
#8575=CARTESIAN_POINT('Ctrl Pts',(55.2107157004834,42.1739470844543,3.));
#8576=CARTESIAN_POINT('Ctrl Pts',(55.2107157004834,42.1739470844543,0.999999999999998));
#8577=CARTESIAN_POINT('Ctrl Pts',(54.477356560152,42.1229143312251,3.));
#8578=CARTESIAN_POINT('Ctrl Pts',(54.477356560152,42.1229143312251,0.999999999999998));
#8579=CARTESIAN_POINT('Ctrl Pts',(54.1010102905014,42.0967252715249,3.));
#8580=CARTESIAN_POINT('Ctrl Pts',(54.1010102905014,42.0967252715249,0.999999999999998));
#8581=CARTESIAN_POINT('',(56.1030563987473,42.8027279837747,3.));
#8582=CARTESIAN_POINT('Ctrl Pts',(56.1030563987473,42.8027279837747,3.));
#8583=CARTESIAN_POINT('Ctrl Pts',(55.810883533803,42.5968506578451,3.));
#8584=CARTESIAN_POINT('Ctrl Pts',(55.2107157004834,42.1739470844543,3.));
#8585=CARTESIAN_POINT('Ctrl Pts',(54.477356560152,42.1229143312251,3.));
#8586=CARTESIAN_POINT('Ctrl Pts',(54.1010102905014,42.0967252715249,3.));
#8587=CARTESIAN_POINT('',(56.1030563987473,42.8027279837747,0.999999999999998));
#8588=CARTESIAN_POINT('',(56.1030563987473,42.8027279837747,3.));
#8589=CARTESIAN_POINT('Ctrl Pts',(56.1030563987473,42.8027279837747,0.999999999999998));
#8590=CARTESIAN_POINT('Ctrl Pts',(55.810883533803,42.5968506578451,0.999999999999998));
#8591=CARTESIAN_POINT('Ctrl Pts',(55.2107157004834,42.1739470844543,0.999999999999998));
#8592=CARTESIAN_POINT('Ctrl Pts',(54.477356560152,42.1229143312251,0.999999999999998));
#8593=CARTESIAN_POINT('Ctrl Pts',(54.1010102905014,42.0967252715249,0.999999999999998));
#8594=CARTESIAN_POINT('Ctrl Pts',(57.1160158790329,44.7570260031839,3.));
#8595=CARTESIAN_POINT('Ctrl Pts',(57.1160158790329,44.7570260031839,0.999999999999998));
#8596=CARTESIAN_POINT('Ctrl Pts',(57.0306856239631,44.3691831750629,3.));
#8597=CARTESIAN_POINT('Ctrl Pts',(57.0306856239631,44.3691831750629,0.999999999999998));
#8598=CARTESIAN_POINT('Ctrl Pts',(56.8671247608064,43.6257668137184,3.));
#8599=CARTESIAN_POINT('Ctrl Pts',(56.8671247608064,43.6257668137184,0.999999999999998));
#8600=CARTESIAN_POINT('Ctrl Pts',(56.3502674863693,43.0690187169195,3.));
#8601=CARTESIAN_POINT('Ctrl Pts',(56.3502674863693,43.0690187169195,0.999999999999998));
#8602=CARTESIAN_POINT('Ctrl Pts',(56.1030563987473,42.8027279837747,3.));
#8603=CARTESIAN_POINT('Ctrl Pts',(56.1030563987473,42.8027279837747,0.999999999999998));
#8604=CARTESIAN_POINT('',(57.1160158790329,44.7570260031839,3.));
#8605=CARTESIAN_POINT('Ctrl Pts',(57.1160158790329,44.7570260031839,3.));
#8606=CARTESIAN_POINT('Ctrl Pts',(57.0306856239631,44.3691831750629,3.));
#8607=CARTESIAN_POINT('Ctrl Pts',(56.8671247608064,43.6257668137184,3.));
#8608=CARTESIAN_POINT('Ctrl Pts',(56.3502674863693,43.0690187169195,3.));
#8609=CARTESIAN_POINT('Ctrl Pts',(56.1030563987473,42.8027279837747,3.));
#8610=CARTESIAN_POINT('',(57.1160158790329,44.7570260031839,0.999999999999998));
#8611=CARTESIAN_POINT('',(57.1160158790329,44.7570260031839,3.));
#8612=CARTESIAN_POINT('Ctrl Pts',(57.1160158790329,44.7570260031839,0.999999999999998));
#8613=CARTESIAN_POINT('Ctrl Pts',(57.0306856239631,44.3691831750629,0.999999999999998));
#8614=CARTESIAN_POINT('Ctrl Pts',(56.8671247608064,43.6257668137184,0.999999999999998));
#8615=CARTESIAN_POINT('Ctrl Pts',(56.3502674863693,43.0690187169195,0.999999999999998));
#8616=CARTESIAN_POINT('Ctrl Pts',(56.1030563987473,42.8027279837747,0.999999999999998));
#8617=CARTESIAN_POINT('Origin',(55.9086498893479,44.9139155610223,3.));
#8618=CARTESIAN_POINT('',(55.9086498893479,44.9139155610223,3.));
#8619=CARTESIAN_POINT('',(57.0675822993489,44.7633196398823,3.));
#8620=CARTESIAN_POINT('',(55.9086498893479,44.9139155610223,0.999999999999998));
#8621=CARTESIAN_POINT('',(55.9086498893479,44.9139155610223,3.));
#8622=CARTESIAN_POINT('',(55.9086498893479,44.9139155610223,0.999999999999998));
#8623=CARTESIAN_POINT('Ctrl Pts',(55.2947339690903,43.5496588214059,3.));
#8624=CARTESIAN_POINT('Ctrl Pts',(55.2947339690903,43.5496588214059,0.999999999999998));
#8625=CARTESIAN_POINT('Ctrl Pts',(55.4428344240142,43.7296203680417,3.));
#8626=CARTESIAN_POINT('Ctrl Pts',(55.4428344240142,43.7296203680417,0.999999999999998));
#8627=CARTESIAN_POINT('Ctrl Pts',(55.7697749558671,44.1268961481897,3.));
#8628=CARTESIAN_POINT('Ctrl Pts',(55.7697749558671,44.1268961481897,0.999999999999998));
#8629=CARTESIAN_POINT('Ctrl Pts',(55.8595447964361,44.6356316373373,3.));
#8630=CARTESIAN_POINT('Ctrl Pts',(55.8595447964361,44.6356316373373,0.999999999999998));
#8631=CARTESIAN_POINT('Ctrl Pts',(55.9086498893479,44.9139155610223,3.));
#8632=CARTESIAN_POINT('Ctrl Pts',(55.9086498893479,44.9139155610223,0.999999999999998));
#8633=CARTESIAN_POINT('Ctrl Pts',(55.2947339690903,43.5496588214059,3.));
#8634=CARTESIAN_POINT('Ctrl Pts',(55.4428344240142,43.7296203680417,3.));
#8635=CARTESIAN_POINT('Ctrl Pts',(55.7697749558671,44.1268961481897,3.));
#8636=CARTESIAN_POINT('Ctrl Pts',(55.8595447964361,44.6356316373373,3.));
#8637=CARTESIAN_POINT('Ctrl Pts',(55.9086498893479,44.9139155610223,3.));
#8638=CARTESIAN_POINT('Ctrl Pts',(55.2947339690903,43.5496588214059,0.999999999999998));
#8639=CARTESIAN_POINT('Ctrl Pts',(55.4428344240142,43.7296203680417,0.999999999999998));
#8640=CARTESIAN_POINT('Ctrl Pts',(55.7697749558671,44.1268961481897,0.999999999999998));
#8641=CARTESIAN_POINT('Ctrl Pts',(55.8595447964361,44.6356316373373,0.999999999999998));
#8642=CARTESIAN_POINT('Ctrl Pts',(55.9086498893479,44.9139155610223,0.999999999999998));
#8643=CARTESIAN_POINT('Origin',(56.5396200023273,47.1785809262414,0.999999999999998));
#8644=CARTESIAN_POINT('Origin',(49.312470880864,49.5046384795327,3.));
#8645=CARTESIAN_POINT('',(49.312470880864,49.5046384795327,3.));
#8646=CARTESIAN_POINT('',(49.312470880864,42.2604365809579,3.));
#8647=CARTESIAN_POINT('',(49.312470880864,41.3773194874982,3.));
#8648=CARTESIAN_POINT('',(49.312470880864,49.5046384795327,0.999999999999998));
#8649=CARTESIAN_POINT('',(49.312470880864,49.5046384795327,3.));
#8650=CARTESIAN_POINT('',(49.312470880864,42.2604365809579,0.999999999999998));
#8651=CARTESIAN_POINT('',(49.312470880864,49.5046384795327,0.999999999999998));
#8652=CARTESIAN_POINT('',(49.312470880864,42.2604365809579,3.));
#8653=CARTESIAN_POINT('Origin',(48.0846390403489,49.5046384795327,3.));
#8654=CARTESIAN_POINT('',(48.0846390403489,49.5046384795327,3.));
#8655=CARTESIAN_POINT('',(52.4173199429949,49.5046384795327,3.));
#8656=CARTESIAN_POINT('',(48.0846390403489,49.5046384795327,0.999999999999998));
#8657=CARTESIAN_POINT('',(48.0846390403489,49.5046384795327,3.));
#8658=CARTESIAN_POINT('',(48.0846390403489,49.5046384795327,0.999999999999998));
#8659=CARTESIAN_POINT('Origin',(48.0846390403488,42.2604365809579,3.));
#8660=CARTESIAN_POINT('',(48.0846390403488,42.2604365809579,3.));
#8661=CARTESIAN_POINT('',(48.0846390403488,37.7552185382108,3.));
#8662=CARTESIAN_POINT('',(48.0846390403488,42.2604365809579,0.999999999999998));
#8663=CARTESIAN_POINT('',(48.0846390403488,42.2604365809579,3.));
#8664=CARTESIAN_POINT('',(48.0846390403488,42.2604365809579,0.999999999999998));
#8665=CARTESIAN_POINT('Origin',(49.312470880864,42.2604365809579,3.));
#8666=CARTESIAN_POINT('',(53.0312358632525,42.2604365809579,3.));
#8667=CARTESIAN_POINT('',(49.312470880864,42.2604365809579,0.999999999999998));
#8668=CARTESIAN_POINT('Origin',(56.5396200023273,47.1785809262414,0.999999999999998));
#8669=CARTESIAN_POINT('Ctrl Pts',(43.6985549606064,42.096725271525,3.));
#8670=CARTESIAN_POINT('Ctrl Pts',(43.6985549606064,42.096725271525,0.999999999999998));
#8671=CARTESIAN_POINT('Ctrl Pts',(43.2731030055201,42.1087318084663,3.));
#8672=CARTESIAN_POINT('Ctrl Pts',(43.2731030055201,42.1087318084663,0.999999999999998));
#8673=CARTESIAN_POINT('Ctrl Pts',(42.5049325957865,42.1304100879794,3.));
#8674=CARTESIAN_POINT('Ctrl Pts',(42.5049325957865,42.1304100879794,0.999999999999998));
#8675=CARTESIAN_POINT('Ctrl Pts',(41.8421436615879,42.5127679807974,3.));
#8676=CARTESIAN_POINT('Ctrl Pts',(41.8421436615879,42.5127679807974,0.999999999999998));
#8677=CARTESIAN_POINT('Ctrl Pts',(41.5464410461167,42.6833565695901,3.));
#8678=CARTESIAN_POINT('Ctrl Pts',(41.5464410461167,42.6833565695901,0.999999999999998));
#8679=CARTESIAN_POINT('',(43.6985549606064,42.096725271525,3.));
#8680=CARTESIAN_POINT('',(41.5464410461167,42.6833565695901,3.));
#8681=CARTESIAN_POINT('Ctrl Pts',(43.6985549606064,42.096725271525,3.));
#8682=CARTESIAN_POINT('Ctrl Pts',(43.2731030055201,42.1087318084663,3.));
#8683=CARTESIAN_POINT('Ctrl Pts',(42.5049325957865,42.1304100879794,3.));
#8684=CARTESIAN_POINT('Ctrl Pts',(41.8421436615879,42.5127679807974,3.));
#8685=CARTESIAN_POINT('Ctrl Pts',(41.5464410461167,42.6833565695901,3.));
#8686=CARTESIAN_POINT('',(43.6985549606064,42.096725271525,0.999999999999998));
#8687=CARTESIAN_POINT('',(43.6985549606064,42.096725271525,3.));
#8688=CARTESIAN_POINT('',(41.5464410461167,42.6833565695901,0.999999999999998));
#8689=CARTESIAN_POINT('Ctrl Pts',(43.6985549606064,42.096725271525,0.999999999999998));
#8690=CARTESIAN_POINT('Ctrl Pts',(43.2731030055201,42.1087318084663,0.999999999999998));
#8691=CARTESIAN_POINT('Ctrl Pts',(42.5049325957865,42.1304100879794,0.999999999999998));
#8692=CARTESIAN_POINT('Ctrl Pts',(41.8421436615879,42.5127679807974,0.999999999999998));
#8693=CARTESIAN_POINT('Ctrl Pts',(41.5464410461167,42.6833565695901,0.999999999999998));
#8694=CARTESIAN_POINT('',(41.5464410461167,42.6833565695901,3.));
#8695=CARTESIAN_POINT('Ctrl Pts',(45.2265224136093,42.3934514983316,3.));
#8696=CARTESIAN_POINT('Ctrl Pts',(45.2265224136093,42.3934514983316,0.999999999999998));
#8697=CARTESIAN_POINT('Ctrl Pts',(44.9890852650189,42.306939598772,3.));
#8698=CARTESIAN_POINT('Ctrl Pts',(44.9890852650189,42.306939598772,0.999999999999998));
#8699=CARTESIAN_POINT('Ctrl Pts',(44.4957871451315,42.12720294992,3.));
#8700=CARTESIAN_POINT('Ctrl Pts',(44.4957871451315,42.12720294992,0.999999999999998));
#8701=CARTESIAN_POINT('Ctrl Pts',(43.9708343782657,42.1071343401578,3.));
#8702=CARTESIAN_POINT('Ctrl Pts',(43.9708343782657,42.1071343401578,0.999999999999998));
#8703=CARTESIAN_POINT('Ctrl Pts',(43.6985549606064,42.096725271525,3.));
#8704=CARTESIAN_POINT('Ctrl Pts',(43.6985549606064,42.096725271525,0.999999999999998));
#8705=CARTESIAN_POINT('',(45.2265224136093,42.3934514983316,3.));
#8706=CARTESIAN_POINT('Ctrl Pts',(45.2265224136093,42.3934514983316,3.));
#8707=CARTESIAN_POINT('Ctrl Pts',(44.9890852650189,42.306939598772,3.));
#8708=CARTESIAN_POINT('Ctrl Pts',(44.4957871451315,42.12720294992,3.));
#8709=CARTESIAN_POINT('Ctrl Pts',(43.9708343782657,42.1071343401578,3.));
#8710=CARTESIAN_POINT('Ctrl Pts',(43.6985549606064,42.096725271525,3.));
#8711=CARTESIAN_POINT('',(45.2265224136093,42.3934514983316,0.999999999999998));
#8712=CARTESIAN_POINT('',(45.2265224136093,42.3934514983316,3.));
#8713=CARTESIAN_POINT('Ctrl Pts',(45.2265224136093,42.3934514983316,0.999999999999998));
#8714=CARTESIAN_POINT('Ctrl Pts',(44.9890852650189,42.306939598772,0.999999999999998));
#8715=CARTESIAN_POINT('Ctrl Pts',(44.4957871451315,42.12720294992,0.999999999999998));
#8716=CARTESIAN_POINT('Ctrl Pts',(43.9708343782657,42.1071343401578,0.999999999999998));
#8717=CARTESIAN_POINT('Ctrl Pts',(43.6985549606064,42.096725271525,0.999999999999998));
#8718=CARTESIAN_POINT('Ctrl Pts',(46.2599477447251,43.232469127955,3.));
#8719=CARTESIAN_POINT('Ctrl Pts',(46.2599477447251,43.232469127955,0.999999999999998));
#8720=CARTESIAN_POINT('Ctrl Pts',(46.1237901766883,43.06040476433,3.));
#8721=CARTESIAN_POINT('Ctrl Pts',(46.1237901766883,43.06040476433,0.999999999999998));
#8722=CARTESIAN_POINT('Ctrl Pts',(45.8419979971701,42.7042997549469,3.));
#8723=CARTESIAN_POINT('Ctrl Pts',(45.8419979971701,42.7042997549469,0.999999999999998));
#8724=CARTESIAN_POINT('Ctrl Pts',(45.4362297819251,42.4993649928413,3.));
#8725=CARTESIAN_POINT('Ctrl Pts',(45.4362297819251,42.4993649928413,0.999999999999998));
#8726=CARTESIAN_POINT('Ctrl Pts',(45.2265224136093,42.3934514983316,3.));
#8727=CARTESIAN_POINT('Ctrl Pts',(45.2265224136093,42.3934514983316,0.999999999999998));
#8728=CARTESIAN_POINT('',(46.2599477447251,43.232469127955,3.));
#8729=CARTESIAN_POINT('Ctrl Pts',(46.2599477447251,43.232469127955,3.));
#8730=CARTESIAN_POINT('Ctrl Pts',(46.1237901766883,43.06040476433,3.));
#8731=CARTESIAN_POINT('Ctrl Pts',(45.8419979971701,42.7042997549469,3.));
#8732=CARTESIAN_POINT('Ctrl Pts',(45.4362297819251,42.4993649928413,3.));
#8733=CARTESIAN_POINT('Ctrl Pts',(45.2265224136093,42.3934514983316,3.));
#8734=CARTESIAN_POINT('',(46.2599477447251,43.232469127955,0.999999999999998));
#8735=CARTESIAN_POINT('',(46.2599477447251,43.232469127955,3.));
#8736=CARTESIAN_POINT('Ctrl Pts',(46.2599477447251,43.232469127955,0.999999999999998));
#8737=CARTESIAN_POINT('Ctrl Pts',(46.1237901766883,43.06040476433,0.999999999999998));
#8738=CARTESIAN_POINT('Ctrl Pts',(45.8419979971701,42.7042997549469,0.999999999999998));
#8739=CARTESIAN_POINT('Ctrl Pts',(45.4362297819251,42.4993649928413,0.999999999999998));
#8740=CARTESIAN_POINT('Ctrl Pts',(45.2265224136093,42.3934514983316,0.999999999999998));
#8741=CARTESIAN_POINT('Ctrl Pts',(46.6180643714646,44.3886764510293,3.));
#8742=CARTESIAN_POINT('Ctrl Pts',(46.6180643714646,44.3886764510293,0.999999999999998));
#8743=CARTESIAN_POINT('Ctrl Pts',(46.6022582693244,44.1856939546185,3.));
#8744=CARTESIAN_POINT('Ctrl Pts',(46.6022582693244,44.1856939546185,0.999999999999998));
#8745=CARTESIAN_POINT('Ctrl Pts',(46.5701592762746,43.7734776040131,3.));
#8746=CARTESIAN_POINT('Ctrl Pts',(46.5701592762746,43.7734776040131,0.999999999999998));
#8747=CARTESIAN_POINT('Ctrl Pts',(46.3643917594834,43.414619343247,3.));
#8748=CARTESIAN_POINT('Ctrl Pts',(46.3643917594834,43.414619343247,0.999999999999998));
#8749=CARTESIAN_POINT('Ctrl Pts',(46.2599477447251,43.232469127955,3.));
#8750=CARTESIAN_POINT('Ctrl Pts',(46.2599477447251,43.232469127955,0.999999999999998));
#8751=CARTESIAN_POINT('',(46.6180643714646,44.3886764510293,3.));
#8752=CARTESIAN_POINT('Ctrl Pts',(46.6180643714646,44.3886764510293,3.));
#8753=CARTESIAN_POINT('Ctrl Pts',(46.6022582693244,44.1856939546185,3.));
#8754=CARTESIAN_POINT('Ctrl Pts',(46.5701592762746,43.7734776040131,3.));
#8755=CARTESIAN_POINT('Ctrl Pts',(46.3643917594834,43.414619343247,3.));
#8756=CARTESIAN_POINT('Ctrl Pts',(46.2599477447251,43.232469127955,3.));
#8757=CARTESIAN_POINT('',(46.6180643714646,44.3886764510293,0.999999999999998));
#8758=CARTESIAN_POINT('',(46.6180643714646,44.3886764510293,3.));
#8759=CARTESIAN_POINT('Ctrl Pts',(46.6180643714646,44.3886764510293,0.999999999999998));
#8760=CARTESIAN_POINT('Ctrl Pts',(46.6022582693244,44.1856939546185,0.999999999999998));
#8761=CARTESIAN_POINT('Ctrl Pts',(46.5701592762746,43.7734776040131,0.999999999999998));
#8762=CARTESIAN_POINT('Ctrl Pts',(46.3643917594834,43.414619343247,0.999999999999998));
#8763=CARTESIAN_POINT('Ctrl Pts',(46.2599477447251,43.232469127955,0.999999999999998));
#8764=CARTESIAN_POINT('Ctrl Pts',(46.3247499145249,45.4391546710153,3.));
#8765=CARTESIAN_POINT('Ctrl Pts',(46.3247499145249,45.4391546710153,0.999999999999998));
#8766=CARTESIAN_POINT('Ctrl Pts',(46.410235231615,45.2846302677807,3.));
#8767=CARTESIAN_POINT('Ctrl Pts',(46.410235231615,45.2846302677807,0.999999999999998));
#8768=CARTESIAN_POINT('Ctrl Pts',(46.5907598654574,44.9583115236597,3.));
#8769=CARTESIAN_POINT('Ctrl Pts',(46.5907598654574,44.9583115236597,0.999999999999998));
#8770=CARTESIAN_POINT('Ctrl Pts',(46.6086473138648,44.5851380273135,3.));
#8771=CARTESIAN_POINT('Ctrl Pts',(46.6086473138648,44.5851380273135,0.999999999999998));
#8772=CARTESIAN_POINT('Ctrl Pts',(46.6180643714646,44.3886764510293,3.));
#8773=CARTESIAN_POINT('Ctrl Pts',(46.6180643714646,44.3886764510293,0.999999999999998));
#8774=CARTESIAN_POINT('',(46.3247499145249,45.4391546710153,3.));
#8775=CARTESIAN_POINT('Ctrl Pts',(46.3247499145249,45.4391546710153,3.));
#8776=CARTESIAN_POINT('Ctrl Pts',(46.410235231615,45.2846302677807,3.));
#8777=CARTESIAN_POINT('Ctrl Pts',(46.5907598654574,44.9583115236597,3.));
#8778=CARTESIAN_POINT('Ctrl Pts',(46.6086473138648,44.5851380273135,3.));
#8779=CARTESIAN_POINT('Ctrl Pts',(46.6180643714646,44.3886764510293,3.));
#8780=CARTESIAN_POINT('',(46.3247499145249,45.4391546710153,0.999999999999998));
#8781=CARTESIAN_POINT('',(46.3247499145249,45.4391546710153,3.));
#8782=CARTESIAN_POINT('Ctrl Pts',(46.3247499145249,45.4391546710153,0.999999999999998));
#8783=CARTESIAN_POINT('Ctrl Pts',(46.410235231615,45.2846302677807,0.999999999999998));
#8784=CARTESIAN_POINT('Ctrl Pts',(46.5907598654574,44.9583115236597,0.999999999999998));
#8785=CARTESIAN_POINT('Ctrl Pts',(46.6086473138648,44.5851380273135,0.999999999999998));
#8786=CARTESIAN_POINT('Ctrl Pts',(46.6180643714646,44.3886764510293,0.999999999999998));
#8787=CARTESIAN_POINT('Ctrl Pts',(45.5164274848679,46.0837657912393,3.));
#8788=CARTESIAN_POINT('Ctrl Pts',(45.5164274848679,46.0837657912393,0.999999999999998));
#8789=CARTESIAN_POINT('Ctrl Pts',(45.6776886671155,46.0031481997948,3.));
#8790=CARTESIAN_POINT('Ctrl Pts',(45.6776886671155,46.0031481997948,0.999999999999998));
#8791=CARTESIAN_POINT('Ctrl Pts',(45.9930579165779,45.8454889977911,3.));
#8792=CARTESIAN_POINT('Ctrl Pts',(45.9930579165779,45.8454889977911,0.999999999999998));
#8793=CARTESIAN_POINT('Ctrl Pts',(46.2158705056623,45.5725357642396,3.));
#8794=CARTESIAN_POINT('Ctrl Pts',(46.2158705056623,45.5725357642396,0.999999999999998));
#8795=CARTESIAN_POINT('Ctrl Pts',(46.3247499145249,45.4391546710153,3.));
#8796=CARTESIAN_POINT('Ctrl Pts',(46.3247499145249,45.4391546710153,0.999999999999998));
#8797=CARTESIAN_POINT('',(45.5164274848679,46.0837657912393,3.));
#8798=CARTESIAN_POINT('Ctrl Pts',(45.5164274848679,46.0837657912393,3.));
#8799=CARTESIAN_POINT('Ctrl Pts',(45.6776886671155,46.0031481997948,3.));
#8800=CARTESIAN_POINT('Ctrl Pts',(45.9930579165779,45.8454889977911,3.));
#8801=CARTESIAN_POINT('Ctrl Pts',(46.2158705056623,45.5725357642396,3.));
#8802=CARTESIAN_POINT('Ctrl Pts',(46.3247499145249,45.4391546710153,3.));
#8803=CARTESIAN_POINT('',(45.5164274848679,46.0837657912393,0.999999999999998));
#8804=CARTESIAN_POINT('',(45.5164274848679,46.0837657912393,3.));
#8805=CARTESIAN_POINT('Ctrl Pts',(45.5164274848679,46.0837657912393,0.999999999999998));
#8806=CARTESIAN_POINT('Ctrl Pts',(45.6776886671155,46.0031481997948,0.999999999999998));
#8807=CARTESIAN_POINT('Ctrl Pts',(45.9930579165779,45.8454889977911,0.999999999999998));
#8808=CARTESIAN_POINT('Ctrl Pts',(46.2158705056623,45.5725357642396,0.999999999999998));
#8809=CARTESIAN_POINT('Ctrl Pts',(46.3247499145249,45.4391546710153,0.999999999999998));
#8810=CARTESIAN_POINT('Ctrl Pts',(43.6985549606064,46.6533424122949,3.));
#8811=CARTESIAN_POINT('Ctrl Pts',(43.6985549606064,46.6533424122949,0.999999999999998));
#8812=CARTESIAN_POINT('Ctrl Pts',(44.0694171295216,46.5548509723252,3.));
#8813=CARTESIAN_POINT('Ctrl Pts',(44.0694171295216,46.5548509723252,0.999999999999998));
#8814=CARTESIAN_POINT('Ctrl Pts',(44.6839203795837,46.3916547365331,3.));
#8815=CARTESIAN_POINT('Ctrl Pts',(44.6839203795837,46.3916547365331,0.999999999999998));
#8816=CARTESIAN_POINT('Ctrl Pts',(45.280065227591,46.171180451893,3.));
#8817=CARTESIAN_POINT('Ctrl Pts',(45.280065227591,46.171180451893,0.999999999999998));
#8818=CARTESIAN_POINT('Ctrl Pts',(45.5164274848679,46.0837657912393,3.));
#8819=CARTESIAN_POINT('Ctrl Pts',(45.5164274848679,46.0837657912393,0.999999999999998));
#8820=CARTESIAN_POINT('',(43.6985549606064,46.6533424122949,3.));
#8821=CARTESIAN_POINT('Ctrl Pts',(43.6985549606064,46.6533424122949,3.));
#8822=CARTESIAN_POINT('Ctrl Pts',(44.0694171295216,46.5548509723252,3.));
#8823=CARTESIAN_POINT('Ctrl Pts',(44.6839203795837,46.3916547365331,3.));
#8824=CARTESIAN_POINT('Ctrl Pts',(45.280065227591,46.171180451893,3.));
#8825=CARTESIAN_POINT('Ctrl Pts',(45.5164274848679,46.0837657912393,3.));
#8826=CARTESIAN_POINT('',(43.6985549606064,46.6533424122949,0.999999999999998));
#8827=CARTESIAN_POINT('',(43.6985549606064,46.6533424122949,3.));
#8828=CARTESIAN_POINT('Ctrl Pts',(43.6985549606064,46.6533424122949,0.999999999999998));
#8829=CARTESIAN_POINT('Ctrl Pts',(44.0694171295216,46.5548509723252,0.999999999999998));
#8830=CARTESIAN_POINT('Ctrl Pts',(44.6839203795837,46.3916547365331,0.999999999999998));
#8831=CARTESIAN_POINT('Ctrl Pts',(45.280065227591,46.171180451893,0.999999999999998));
#8832=CARTESIAN_POINT('Ctrl Pts',(45.5164274848679,46.0837657912393,0.999999999999998));
#8833=CARTESIAN_POINT('Ctrl Pts',(42.6139721549729,46.9671215279718,3.));
#8834=CARTESIAN_POINT('Ctrl Pts',(42.6139721549729,46.9671215279718,0.999999999999998));
#8835=CARTESIAN_POINT('Ctrl Pts',(42.7348785021186,46.929022438602,3.));
#8836=CARTESIAN_POINT('Ctrl Pts',(42.7348785021186,46.929022438602,0.999999999999998));
#8837=CARTESIAN_POINT('Ctrl Pts',(43.0938932889298,46.8158924270623,3.));
#8838=CARTESIAN_POINT('Ctrl Pts',(43.0938932889298,46.8158924270623,0.999999999999998));
#8839=CARTESIAN_POINT('Ctrl Pts',(43.4574404958117,46.718160742361,3.));
#8840=CARTESIAN_POINT('Ctrl Pts',(43.4574404958117,46.718160742361,0.999999999999998));
#8841=CARTESIAN_POINT('Ctrl Pts',(43.6985549606064,46.6533424122949,3.));
#8842=CARTESIAN_POINT('Ctrl Pts',(43.6985549606064,46.6533424122949,0.999999999999998));
#8843=CARTESIAN_POINT('',(42.6139721549729,46.9671215279718,3.));
#8844=CARTESIAN_POINT('Ctrl Pts',(42.6139721549729,46.9671215279718,3.));
#8845=CARTESIAN_POINT('Ctrl Pts',(42.7348785021186,46.929022438602,3.));
#8846=CARTESIAN_POINT('Ctrl Pts',(43.0938932889298,46.8158924270623,3.));
#8847=CARTESIAN_POINT('Ctrl Pts',(43.4574404958117,46.718160742361,3.));
#8848=CARTESIAN_POINT('Ctrl Pts',(43.6985549606064,46.6533424122949,3.));
#8849=CARTESIAN_POINT('',(42.6139721549729,46.9671215279718,0.999999999999998));
#8850=CARTESIAN_POINT('',(42.6139721549729,46.9671215279718,3.));
#8851=CARTESIAN_POINT('Ctrl Pts',(42.6139721549729,46.9671215279718,0.999999999999998));
#8852=CARTESIAN_POINT('Ctrl Pts',(42.7348785021186,46.929022438602,0.999999999999998));
#8853=CARTESIAN_POINT('Ctrl Pts',(43.0938932889298,46.8158924270623,0.999999999999998));
#8854=CARTESIAN_POINT('Ctrl Pts',(43.4574404958117,46.718160742361,0.999999999999998));
#8855=CARTESIAN_POINT('Ctrl Pts',(43.6985549606064,46.6533424122949,0.999999999999998));
#8856=CARTESIAN_POINT('Ctrl Pts',(42.1433028854111,47.2945429547449,3.));
#8857=CARTESIAN_POINT('Ctrl Pts',(42.1433028854111,47.2945429547449,0.999999999999998));
#8858=CARTESIAN_POINT('Ctrl Pts',(42.2044171840276,47.2299134837172,3.));
#8859=CARTESIAN_POINT('Ctrl Pts',(42.2044171840276,47.2299134837172,0.999999999999998));
#8860=CARTESIAN_POINT('Ctrl Pts',(42.3382268702088,47.088407331605,3.));
#8861=CARTESIAN_POINT('Ctrl Pts',(42.3382268702088,47.088407331605,0.999999999999998));
#8862=CARTESIAN_POINT('Ctrl Pts',(42.5169023349368,47.0098174208197,3.));
#8863=CARTESIAN_POINT('Ctrl Pts',(42.5169023349368,47.0098174208197,0.999999999999998));
#8864=CARTESIAN_POINT('Ctrl Pts',(42.6139721549729,46.9671215279718,3.));
#8865=CARTESIAN_POINT('Ctrl Pts',(42.6139721549729,46.9671215279718,0.999999999999998));
#8866=CARTESIAN_POINT('',(42.1433028854111,47.2945429547449,3.));
#8867=CARTESIAN_POINT('Ctrl Pts',(42.1433028854111,47.2945429547449,3.));
#8868=CARTESIAN_POINT('Ctrl Pts',(42.2044171840276,47.2299134837172,3.));
#8869=CARTESIAN_POINT('Ctrl Pts',(42.3382268702088,47.088407331605,3.));
#8870=CARTESIAN_POINT('Ctrl Pts',(42.5169023349368,47.0098174208197,3.));
#8871=CARTESIAN_POINT('Ctrl Pts',(42.6139721549729,46.9671215279718,3.));
#8872=CARTESIAN_POINT('',(42.1433028854111,47.2945429547449,0.999999999999998));
#8873=CARTESIAN_POINT('',(42.1433028854111,47.2945429547449,3.));
#8874=CARTESIAN_POINT('Ctrl Pts',(42.1433028854111,47.2945429547449,0.999999999999998));
#8875=CARTESIAN_POINT('Ctrl Pts',(42.2044171840276,47.2299134837172,0.999999999999998));
#8876=CARTESIAN_POINT('Ctrl Pts',(42.3382268702088,47.088407331605,0.999999999999998));
#8877=CARTESIAN_POINT('Ctrl Pts',(42.5169023349368,47.0098174208197,0.999999999999998));
#8878=CARTESIAN_POINT('Ctrl Pts',(42.6139721549729,46.9671215279718,0.999999999999998));
#8879=CARTESIAN_POINT('Ctrl Pts',(41.9932350791672,47.7242840989252,3.));
#8880=CARTESIAN_POINT('Ctrl Pts',(41.9932350791672,47.7242840989252,0.999999999999998));
#8881=CARTESIAN_POINT('Ctrl Pts',(41.9996046279168,47.6465443190249,3.));
#8882=CARTESIAN_POINT('Ctrl Pts',(41.9996046279168,47.6465443190249,0.999999999999998));
#8883=CARTESIAN_POINT('Ctrl Pts',(42.0124037245132,47.4903324755398,3.));
#8884=CARTESIAN_POINT('Ctrl Pts',(42.0124037245132,47.4903324755398,0.999999999999998));
#8885=CARTESIAN_POINT('Ctrl Pts',(42.0995336836562,47.3600097688818,3.));
#8886=CARTESIAN_POINT('Ctrl Pts',(42.0995336836562,47.3600097688818,0.999999999999998));
#8887=CARTESIAN_POINT('Ctrl Pts',(42.1433028854111,47.2945429547449,3.));
#8888=CARTESIAN_POINT('Ctrl Pts',(42.1433028854111,47.2945429547449,0.999999999999998));
#8889=CARTESIAN_POINT('',(41.9932350791672,47.7242840989252,3.));
#8890=CARTESIAN_POINT('Ctrl Pts',(41.9932350791672,47.7242840989252,3.));
#8891=CARTESIAN_POINT('Ctrl Pts',(41.9996046279168,47.6465443190249,3.));
#8892=CARTESIAN_POINT('Ctrl Pts',(42.0124037245132,47.4903324755398,3.));
#8893=CARTESIAN_POINT('Ctrl Pts',(42.0995336836562,47.3600097688818,3.));
#8894=CARTESIAN_POINT('Ctrl Pts',(42.1433028854111,47.2945429547449,3.));
#8895=CARTESIAN_POINT('',(41.9932350791672,47.7242840989252,0.999999999999998));
#8896=CARTESIAN_POINT('',(41.9932350791672,47.7242840989252,3.));
#8897=CARTESIAN_POINT('Ctrl Pts',(41.9932350791672,47.7242840989252,0.999999999999998));
#8898=CARTESIAN_POINT('Ctrl Pts',(41.9996046279168,47.6465443190249,0.999999999999998));
#8899=CARTESIAN_POINT('Ctrl Pts',(42.0124037245132,47.4903324755398,0.999999999999998));
#8900=CARTESIAN_POINT('Ctrl Pts',(42.0995336836562,47.3600097688818,0.999999999999998));
#8901=CARTESIAN_POINT('Ctrl Pts',(42.1433028854111,47.2945429547449,0.999999999999998));
#8902=CARTESIAN_POINT('Ctrl Pts',(42.3547634757737,48.3791269524713,3.));
#8903=CARTESIAN_POINT('Ctrl Pts',(42.3547634757737,48.3791269524713,0.999999999999998));
#8904=CARTESIAN_POINT('Ctrl Pts',(42.2494234696014,48.2859314984099,3.));
#8905=CARTESIAN_POINT('Ctrl Pts',(42.2494234696014,48.2859314984099,0.999999999999998));
#8906=CARTESIAN_POINT('Ctrl Pts',(42.0502033786415,48.1096793079098,3.));
#8907=CARTESIAN_POINT('Ctrl Pts',(42.0502033786415,48.1096793079098,0.999999999999998));
#8908=CARTESIAN_POINT('Ctrl Pts',(42.0114820446329,47.8477263138742,3.));
#8909=CARTESIAN_POINT('Ctrl Pts',(42.0114820446329,47.8477263138742,0.999999999999998));
#8910=CARTESIAN_POINT('Ctrl Pts',(41.9932350791672,47.7242840989252,3.));
#8911=CARTESIAN_POINT('Ctrl Pts',(41.9932350791672,47.7242840989252,0.999999999999998));
#8912=CARTESIAN_POINT('',(42.3547634757737,48.3791269524713,3.));
#8913=CARTESIAN_POINT('Ctrl Pts',(42.3547634757737,48.3791269524713,3.));
#8914=CARTESIAN_POINT('Ctrl Pts',(42.2494234696014,48.2859314984099,3.));
#8915=CARTESIAN_POINT('Ctrl Pts',(42.0502033786415,48.1096793079098,3.));
#8916=CARTESIAN_POINT('Ctrl Pts',(42.0114820446329,47.8477263138742,3.));
#8917=CARTESIAN_POINT('Ctrl Pts',(41.9932350791672,47.7242840989252,3.));
#8918=CARTESIAN_POINT('',(42.3547634757737,48.3791269524713,0.999999999999998));
#8919=CARTESIAN_POINT('',(42.3547634757737,48.3791269524713,3.));
#8920=CARTESIAN_POINT('Ctrl Pts',(42.3547634757737,48.3791269524713,0.999999999999998));
#8921=CARTESIAN_POINT('Ctrl Pts',(42.2494234696014,48.2859314984099,0.999999999999998));
#8922=CARTESIAN_POINT('Ctrl Pts',(42.0502033786415,48.1096793079098,0.999999999999998));
#8923=CARTESIAN_POINT('Ctrl Pts',(42.0114820446329,47.8477263138742,0.999999999999998));
#8924=CARTESIAN_POINT('Ctrl Pts',(41.9932350791672,47.7242840989252,0.999999999999998));
#8925=CARTESIAN_POINT('Ctrl Pts',(43.5621294654587,48.6587996943613,3.));
#8926=CARTESIAN_POINT('Ctrl Pts',(43.5621294654587,48.6587996943613,0.999999999999998));
#8927=CARTESIAN_POINT('Ctrl Pts',(43.3150303612654,48.6568087395481,3.));
#8928=CARTESIAN_POINT('Ctrl Pts',(43.3150303612654,48.6568087395481,0.999999999999998));
#8929=CARTESIAN_POINT('Ctrl Pts',(42.8893514013406,48.6533789109501,3.));
#8930=CARTESIAN_POINT('Ctrl Pts',(42.8893514013406,48.6533789109501,0.999999999999998));
#8931=CARTESIAN_POINT('Ctrl Pts',(42.5127531188703,48.4601781078873,3.));
#8932=CARTESIAN_POINT('Ctrl Pts',(42.5127531188703,48.4601781078873,0.999999999999998));
#8933=CARTESIAN_POINT('Ctrl Pts',(42.3547634757737,48.3791269524713,3.));
#8934=CARTESIAN_POINT('Ctrl Pts',(42.3547634757737,48.3791269524713,0.999999999999998));
#8935=CARTESIAN_POINT('',(43.5621294654587,48.6587996943613,3.));
#8936=CARTESIAN_POINT('Ctrl Pts',(43.5621294654587,48.6587996943613,3.));
#8937=CARTESIAN_POINT('Ctrl Pts',(43.3150303612654,48.6568087395481,3.));
#8938=CARTESIAN_POINT('Ctrl Pts',(42.8893514013406,48.6533789109501,3.));
#8939=CARTESIAN_POINT('Ctrl Pts',(42.5127531188703,48.4601781078873,3.));
#8940=CARTESIAN_POINT('Ctrl Pts',(42.3547634757737,48.3791269524713,3.));
#8941=CARTESIAN_POINT('',(43.5621294654587,48.6587996943613,0.999999999999998));
#8942=CARTESIAN_POINT('',(43.5621294654587,48.6587996943613,3.));
#8943=CARTESIAN_POINT('Ctrl Pts',(43.5621294654587,48.6587996943613,0.999999999999998));
#8944=CARTESIAN_POINT('Ctrl Pts',(43.3150303612654,48.6568087395481,0.999999999999998));
#8945=CARTESIAN_POINT('Ctrl Pts',(42.8893514013406,48.6533789109501,0.999999999999998));
#8946=CARTESIAN_POINT('Ctrl Pts',(42.5127531188703,48.4601781078873,0.999999999999998));
#8947=CARTESIAN_POINT('Ctrl Pts',(42.3547634757737,48.3791269524713,0.999999999999998));
#8948=CARTESIAN_POINT('Ctrl Pts',(44.6705875076035,48.3450205786844,3.));
#8949=CARTESIAN_POINT('Ctrl Pts',(44.6705875076035,48.3450205786844,0.999999999999998));
#8950=CARTESIAN_POINT('Ctrl Pts',(44.5167128867067,48.4363221315651,3.));
#8951=CARTESIAN_POINT('Ctrl Pts',(44.5167128867067,48.4363221315651,0.999999999999998));
#8952=CARTESIAN_POINT('Ctrl Pts',(44.1764871600993,48.6381951694201,3.));
#8953=CARTESIAN_POINT('Ctrl Pts',(44.1764871600993,48.6381951694201,0.999999999999998));
#8954=CARTESIAN_POINT('Ctrl Pts',(43.7795454789854,48.6515079265322,3.));
#8955=CARTESIAN_POINT('Ctrl Pts',(43.7795454789854,48.6515079265322,0.999999999999998));
#8956=CARTESIAN_POINT('Ctrl Pts',(43.5621294654587,48.6587996943613,3.));
#8957=CARTESIAN_POINT('Ctrl Pts',(43.5621294654587,48.6587996943613,0.999999999999998));
#8958=CARTESIAN_POINT('',(44.6705875076035,48.3450205786844,3.));
#8959=CARTESIAN_POINT('Ctrl Pts',(44.6705875076035,48.3450205786844,3.));
#8960=CARTESIAN_POINT('Ctrl Pts',(44.5167128867067,48.4363221315651,3.));
#8961=CARTESIAN_POINT('Ctrl Pts',(44.1764871600993,48.6381951694201,3.));
#8962=CARTESIAN_POINT('Ctrl Pts',(43.7795454789854,48.6515079265322,3.));
#8963=CARTESIAN_POINT('Ctrl Pts',(43.5621294654587,48.6587996943613,3.));
#8964=CARTESIAN_POINT('',(44.6705875076035,48.3450205786844,0.999999999999998));
#8965=CARTESIAN_POINT('',(44.6705875076035,48.3450205786844,3.));
#8966=CARTESIAN_POINT('Ctrl Pts',(44.6705875076035,48.3450205786844,0.999999999999998));
#8967=CARTESIAN_POINT('Ctrl Pts',(44.5167128867067,48.4363221315651,0.999999999999998));
#8968=CARTESIAN_POINT('Ctrl Pts',(44.1764871600993,48.6381951694201,0.999999999999998));
#8969=CARTESIAN_POINT('Ctrl Pts',(43.7795454789854,48.6515079265322,0.999999999999998));
#8970=CARTESIAN_POINT('Ctrl Pts',(43.5621294654587,48.6587996943613,0.999999999999998));
#8971=CARTESIAN_POINT('Ctrl Pts',(45.1446661628464,47.471896575274,3.));
#8972=CARTESIAN_POINT('Ctrl Pts',(45.1446661628464,47.471896575274,0.999999999999998));
#8973=CARTESIAN_POINT('Ctrl Pts',(45.1067106383906,47.6462578671165,3.));
#8974=CARTESIAN_POINT('Ctrl Pts',(45.1067106383906,47.6462578671165,0.999999999999998));
#8975=CARTESIAN_POINT('Ctrl Pts',(45.033211087862,47.9839024330592,3.));
#8976=CARTESIAN_POINT('Ctrl Pts',(45.033211087862,47.9839024330592,0.999999999999998));
#8977=CARTESIAN_POINT('Ctrl Pts',(44.7887888945447,48.2273099057267,3.));
#8978=CARTESIAN_POINT('Ctrl Pts',(44.7887888945447,48.2273099057267,0.999999999999998));
#8979=CARTESIAN_POINT('Ctrl Pts',(44.6705875076035,48.3450205786844,3.));
#8980=CARTESIAN_POINT('Ctrl Pts',(44.6705875076035,48.3450205786844,0.999999999999998));
#8981=CARTESIAN_POINT('',(45.1446661628464,47.471896575274,3.));
#8982=CARTESIAN_POINT('Ctrl Pts',(45.1446661628464,47.471896575274,3.));
#8983=CARTESIAN_POINT('Ctrl Pts',(45.1067106383906,47.6462578671165,3.));
#8984=CARTESIAN_POINT('Ctrl Pts',(45.033211087862,47.9839024330592,3.));
#8985=CARTESIAN_POINT('Ctrl Pts',(44.7887888945447,48.2273099057267,3.));
#8986=CARTESIAN_POINT('Ctrl Pts',(44.6705875076035,48.3450205786844,3.));
#8987=CARTESIAN_POINT('',(45.1446661628464,47.471896575274,0.999999999999998));
#8988=CARTESIAN_POINT('',(45.1446661628464,47.471896575274,3.));
#8989=CARTESIAN_POINT('Ctrl Pts',(45.1446661628464,47.471896575274,0.999999999999998));
#8990=CARTESIAN_POINT('Ctrl Pts',(45.1067106383906,47.6462578671165,0.999999999999998));
#8991=CARTESIAN_POINT('Ctrl Pts',(45.033211087862,47.9839024330592,0.999999999999998));
#8992=CARTESIAN_POINT('Ctrl Pts',(44.7887888945447,48.2273099057267,0.999999999999998));
#8993=CARTESIAN_POINT('Ctrl Pts',(44.6705875076035,48.3450205786844,0.999999999999998));
#8994=CARTESIAN_POINT('Origin',(46.3452133811692,47.6356072886606,3.));
#8995=CARTESIAN_POINT('',(46.3452133811692,47.6356072886606,3.));
#8996=CARTESIAN_POINT('',(50.4897051688413,48.2007643244099,3.));
#8997=CARTESIAN_POINT('',(46.3452133811692,47.6356072886606,0.999999999999998));
#8998=CARTESIAN_POINT('',(46.3452133811692,47.6356072886606,3.));
#8999=CARTESIAN_POINT('',(46.3452133811692,47.6356072886606,0.999999999999998));
#9000=CARTESIAN_POINT('Ctrl Pts',(45.9222922004441,48.757708237948,3.));
#9001=CARTESIAN_POINT('Ctrl Pts',(45.9222922004441,48.757708237948,0.999999999999998));
#9002=CARTESIAN_POINT('Ctrl Pts',(46.0178903900407,48.5978474995446,3.));
#9003=CARTESIAN_POINT('Ctrl Pts',(46.0178903900407,48.5978474995446,0.999999999999998));
#9004=CARTESIAN_POINT('Ctrl Pts',(46.225997512465,48.2498476221609,3.));
#9005=CARTESIAN_POINT('Ctrl Pts',(46.225997512465,48.2498476221609,0.999999999999998));
#9006=CARTESIAN_POINT('Ctrl Pts',(46.3033787632693,47.8511533391149,3.));
#9007=CARTESIAN_POINT('Ctrl Pts',(46.3033787632693,47.8511533391149,0.999999999999998));
#9008=CARTESIAN_POINT('Ctrl Pts',(46.3452133811692,47.6356072886606,3.));
#9009=CARTESIAN_POINT('Ctrl Pts',(46.3452133811692,47.6356072886606,0.999999999999998));
#9010=CARTESIAN_POINT('',(45.9222922004441,48.757708237948,3.));
#9011=CARTESIAN_POINT('Ctrl Pts',(45.9222922004441,48.757708237948,3.));
#9012=CARTESIAN_POINT('Ctrl Pts',(46.0178903900407,48.5978474995446,3.));
#9013=CARTESIAN_POINT('Ctrl Pts',(46.225997512465,48.2498476221609,3.));
#9014=CARTESIAN_POINT('Ctrl Pts',(46.3033787632693,47.8511533391149,3.));
#9015=CARTESIAN_POINT('Ctrl Pts',(46.3452133811692,47.6356072886606,3.));
#9016=CARTESIAN_POINT('',(45.9222922004441,48.757708237948,0.999999999999998));
#9017=CARTESIAN_POINT('',(45.9222922004441,48.757708237948,3.));
#9018=CARTESIAN_POINT('Ctrl Pts',(45.9222922004441,48.757708237948,0.999999999999998));
#9019=CARTESIAN_POINT('Ctrl Pts',(46.0178903900407,48.5978474995446,0.999999999999998));
#9020=CARTESIAN_POINT('Ctrl Pts',(46.225997512465,48.2498476221609,0.999999999999998));
#9021=CARTESIAN_POINT('Ctrl Pts',(46.3033787632693,47.8511533391149,0.999999999999998));
#9022=CARTESIAN_POINT('Ctrl Pts',(46.3452133811692,47.6356072886606,0.999999999999998));
#9023=CARTESIAN_POINT('Ctrl Pts',(44.9707255042771,49.4227834208627,3.));
#9024=CARTESIAN_POINT('Ctrl Pts',(44.9707255042771,49.4227834208627,0.999999999999998));
#9025=CARTESIAN_POINT('Ctrl Pts',(45.1669184423511,49.3396596004145,3.));
#9026=CARTESIAN_POINT('Ctrl Pts',(45.1669184423511,49.3396596004145,0.999999999999998));
#9027=CARTESIAN_POINT('Ctrl Pts',(45.5320283872838,49.184968336782,3.));
#9028=CARTESIAN_POINT('Ctrl Pts',(45.5320283872838,49.184968336782,0.999999999999998));
#9029=CARTESIAN_POINT('Ctrl Pts',(45.7988486270754,48.8928540331239,3.));
#9030=CARTESIAN_POINT('Ctrl Pts',(45.7988486270754,48.8928540331239,0.999999999999998));
#9031=CARTESIAN_POINT('Ctrl Pts',(45.9222922004441,48.757708237948,3.));
#9032=CARTESIAN_POINT('Ctrl Pts',(45.9222922004441,48.757708237948,0.999999999999998));
#9033=CARTESIAN_POINT('',(44.9707255042771,49.4227834208627,3.));
#9034=CARTESIAN_POINT('Ctrl Pts',(44.9707255042771,49.4227834208627,3.));
#9035=CARTESIAN_POINT('Ctrl Pts',(45.1669184423511,49.3396596004145,3.));
#9036=CARTESIAN_POINT('Ctrl Pts',(45.5320283872838,49.184968336782,3.));
#9037=CARTESIAN_POINT('Ctrl Pts',(45.7988486270754,48.8928540331239,3.));
#9038=CARTESIAN_POINT('Ctrl Pts',(45.9222922004441,48.757708237948,3.));
#9039=CARTESIAN_POINT('',(44.9707255042771,49.4227834208627,0.999999999999998));
#9040=CARTESIAN_POINT('',(44.9707255042771,49.4227834208627,3.));
#9041=CARTESIAN_POINT('Ctrl Pts',(44.9707255042771,49.4227834208627,0.999999999999998));
#9042=CARTESIAN_POINT('Ctrl Pts',(45.1669184423511,49.3396596004145,0.999999999999998));
#9043=CARTESIAN_POINT('Ctrl Pts',(45.5320283872838,49.184968336782,0.999999999999998));
#9044=CARTESIAN_POINT('Ctrl Pts',(45.7988486270754,48.8928540331239,0.999999999999998));
#9045=CARTESIAN_POINT('Ctrl Pts',(45.9222922004441,48.757708237948,0.999999999999998));
#9046=CARTESIAN_POINT('Ctrl Pts',(43.4734520591477,49.6683491929193,3.));
#9047=CARTESIAN_POINT('Ctrl Pts',(43.4734520591477,49.6683491929193,0.999999999999998));
#9048=CARTESIAN_POINT('Ctrl Pts',(43.7424712402862,49.6605220613715,3.));
#9049=CARTESIAN_POINT('Ctrl Pts',(43.7424712402862,49.6605220613715,0.999999999999998));
#9050=CARTESIAN_POINT('Ctrl Pts',(44.25289160923,49.6456713456884,3.));
#9051=CARTESIAN_POINT('Ctrl Pts',(44.25289160923,49.6456713456884,0.999999999999998));
#9052=CARTESIAN_POINT('Ctrl Pts',(44.7402373607067,49.4943501501183,3.));
#9053=CARTESIAN_POINT('Ctrl Pts',(44.7402373607067,49.4943501501183,0.999999999999998));
#9054=CARTESIAN_POINT('Ctrl Pts',(44.9707255042771,49.4227834208627,3.));
#9055=CARTESIAN_POINT('Ctrl Pts',(44.9707255042771,49.4227834208627,0.999999999999998));
#9056=CARTESIAN_POINT('',(43.4734520591477,49.6683491929193,3.));
#9057=CARTESIAN_POINT('Ctrl Pts',(43.4734520591477,49.6683491929193,3.));
#9058=CARTESIAN_POINT('Ctrl Pts',(43.7424712402862,49.6605220613715,3.));
#9059=CARTESIAN_POINT('Ctrl Pts',(44.25289160923,49.6456713456884,3.));
#9060=CARTESIAN_POINT('Ctrl Pts',(44.7402373607067,49.4943501501183,3.));
#9061=CARTESIAN_POINT('Ctrl Pts',(44.9707255042771,49.4227834208627,3.));
#9062=CARTESIAN_POINT('',(43.4734520591477,49.6683491929193,0.999999999999998));
#9063=CARTESIAN_POINT('',(43.4734520591477,49.6683491929193,3.));
#9064=CARTESIAN_POINT('Ctrl Pts',(43.4734520591477,49.6683491929193,0.999999999999998));
#9065=CARTESIAN_POINT('Ctrl Pts',(43.7424712402862,49.6605220613715,0.999999999999998));
#9066=CARTESIAN_POINT('Ctrl Pts',(44.25289160923,49.6456713456884,0.999999999999998));
#9067=CARTESIAN_POINT('Ctrl Pts',(44.7402373607067,49.4943501501183,0.999999999999998));
#9068=CARTESIAN_POINT('Ctrl Pts',(44.9707255042771,49.4227834208627,0.999999999999998));
#9069=CARTESIAN_POINT('Ctrl Pts',(42.4127444900254,49.5216919644495,3.));
#9070=CARTESIAN_POINT('Ctrl Pts',(42.4127444900254,49.5216919644495,0.999999999999998));
#9071=CARTESIAN_POINT('Ctrl Pts',(42.5827064587942,49.5644601802763,3.));
#9072=CARTESIAN_POINT('Ctrl Pts',(42.5827064587942,49.5644601802763,0.999999999999998));
#9073=CARTESIAN_POINT('Ctrl Pts',(42.9308545061225,49.6520660778526,3.));
#9074=CARTESIAN_POINT('Ctrl Pts',(42.9308545061225,49.6520660778526,0.999999999999998));
#9075=CARTESIAN_POINT('Ctrl Pts',(43.2897601314269,49.6628366785719,3.));
#9076=CARTESIAN_POINT('Ctrl Pts',(43.2897601314269,49.6628366785719,0.999999999999998));
#9077=CARTESIAN_POINT('Ctrl Pts',(43.4734520591477,49.6683491929193,3.));
#9078=CARTESIAN_POINT('Ctrl Pts',(43.4734520591477,49.6683491929193,0.999999999999998));
#9079=CARTESIAN_POINT('',(42.4127444900254,49.5216919644495,3.));
#9080=CARTESIAN_POINT('Ctrl Pts',(42.4127444900254,49.5216919644495,3.));
#9081=CARTESIAN_POINT('Ctrl Pts',(42.5827064587942,49.5644601802763,3.));
#9082=CARTESIAN_POINT('Ctrl Pts',(42.9308545061225,49.6520660778526,3.));
#9083=CARTESIAN_POINT('Ctrl Pts',(43.2897601314269,49.6628366785719,3.));
#9084=CARTESIAN_POINT('Ctrl Pts',(43.4734520591477,49.6683491929193,3.));
#9085=CARTESIAN_POINT('',(42.4127444900254,49.5216919644495,0.999999999999998));
#9086=CARTESIAN_POINT('',(42.4127444900254,49.5216919644495,3.));
#9087=CARTESIAN_POINT('Ctrl Pts',(42.4127444900254,49.5216919644495,0.999999999999998));
#9088=CARTESIAN_POINT('Ctrl Pts',(42.5827064587942,49.5644601802763,0.999999999999998));
#9089=CARTESIAN_POINT('Ctrl Pts',(42.9308545061225,49.6520660778526,0.999999999999998));
#9090=CARTESIAN_POINT('Ctrl Pts',(43.2897601314269,49.6628366785719,0.999999999999998));
#9091=CARTESIAN_POINT('Ctrl Pts',(43.4734520591477,49.6683491929193,0.999999999999998));
#9092=CARTESIAN_POINT('Ctrl Pts',(41.6317066825608,49.1635747416635,3.));
#9093=CARTESIAN_POINT('Ctrl Pts',(41.6317066825608,49.1635747416635,0.999999999999998));
#9094=CARTESIAN_POINT('Ctrl Pts',(41.7424099382271,49.2332149059225,3.));
#9095=CARTESIAN_POINT('Ctrl Pts',(41.7424099382271,49.2332149059225,0.999999999999998));
#9096=CARTESIAN_POINT('Ctrl Pts',(41.9866951216607,49.3868875345904,3.));
#9097=CARTESIAN_POINT('Ctrl Pts',(41.9866951216607,49.3868875345904,0.999999999999998));
#9098=CARTESIAN_POINT('Ctrl Pts',(42.2621293815305,49.4740364922521,3.));
#9099=CARTESIAN_POINT('Ctrl Pts',(42.2621293815305,49.4740364922521,0.999999999999998));
#9100=CARTESIAN_POINT('Ctrl Pts',(42.4127444900254,49.5216919644495,3.));
#9101=CARTESIAN_POINT('Ctrl Pts',(42.4127444900254,49.5216919644495,0.999999999999998));
#9102=CARTESIAN_POINT('',(41.6317066825608,49.1635747416635,3.));
#9103=CARTESIAN_POINT('Ctrl Pts',(41.6317066825608,49.1635747416635,3.));
#9104=CARTESIAN_POINT('Ctrl Pts',(41.7424099382271,49.2332149059225,3.));
#9105=CARTESIAN_POINT('Ctrl Pts',(41.9866951216607,49.3868875345904,3.));
#9106=CARTESIAN_POINT('Ctrl Pts',(42.2621293815305,49.4740364922521,3.));
#9107=CARTESIAN_POINT('Ctrl Pts',(42.4127444900254,49.5216919644495,3.));
#9108=CARTESIAN_POINT('',(41.6317066825608,49.1635747416635,0.999999999999998));
#9109=CARTESIAN_POINT('',(41.6317066825608,49.1635747416635,3.));
#9110=CARTESIAN_POINT('Ctrl Pts',(41.6317066825608,49.1635747416635,0.999999999999998));
#9111=CARTESIAN_POINT('Ctrl Pts',(41.7424099382271,49.2332149059225,0.999999999999998));
#9112=CARTESIAN_POINT('Ctrl Pts',(41.9866951216607,49.3868875345904,0.999999999999998));
#9113=CARTESIAN_POINT('Ctrl Pts',(42.2621293815305,49.4740364922521,0.999999999999998));
#9114=CARTESIAN_POINT('Ctrl Pts',(42.4127444900254,49.5216919644495,0.999999999999998));
#9115=CARTESIAN_POINT('Ctrl Pts',(41.0280236877182,48.478035496058,3.));
#9116=CARTESIAN_POINT('Ctrl Pts',(41.0280236877182,48.478035496058,0.999999999999998));
#9117=CARTESIAN_POINT('Ctrl Pts',(41.1086342754316,48.6097960095754,3.));
#9118=CARTESIAN_POINT('Ctrl Pts',(41.1086342754316,48.6097960095754,0.999999999999998));
#9119=CARTESIAN_POINT('Ctrl Pts',(41.2699418022811,48.8734581806971,3.));
#9120=CARTESIAN_POINT('Ctrl Pts',(41.2699418022811,48.8734581806971,0.999999999999998));
#9121=CARTESIAN_POINT('Ctrl Pts',(41.5110753611237,49.0668347151217,3.));
#9122=CARTESIAN_POINT('Ctrl Pts',(41.5110753611237,49.0668347151217,0.999999999999998));
#9123=CARTESIAN_POINT('Ctrl Pts',(41.6317066825608,49.1635747416635,3.));
#9124=CARTESIAN_POINT('Ctrl Pts',(41.6317066825608,49.1635747416635,0.999999999999998));
#9125=CARTESIAN_POINT('',(41.0280236877182,48.478035496058,3.));
#9126=CARTESIAN_POINT('Ctrl Pts',(41.0280236877182,48.478035496058,3.));
#9127=CARTESIAN_POINT('Ctrl Pts',(41.1086342754316,48.6097960095754,3.));
#9128=CARTESIAN_POINT('Ctrl Pts',(41.2699418022811,48.8734581806971,3.));
#9129=CARTESIAN_POINT('Ctrl Pts',(41.5110753611237,49.0668347151217,3.));
#9130=CARTESIAN_POINT('Ctrl Pts',(41.6317066825608,49.1635747416635,3.));
#9131=CARTESIAN_POINT('',(41.0280236877182,48.478035496058,0.999999999999998));
#9132=CARTESIAN_POINT('',(41.0280236877182,48.478035496058,3.));
#9133=CARTESIAN_POINT('Ctrl Pts',(41.0280236877182,48.478035496058,0.999999999999998));
#9134=CARTESIAN_POINT('Ctrl Pts',(41.1086342754316,48.6097960095754,0.999999999999998));
#9135=CARTESIAN_POINT('Ctrl Pts',(41.2699418022811,48.8734581806971,0.999999999999998));
#9136=CARTESIAN_POINT('Ctrl Pts',(41.5110753611237,49.0668347151217,0.999999999999998));
#9137=CARTESIAN_POINT('Ctrl Pts',(41.6317066825608,49.1635747416635,0.999999999999998));
#9138=CARTESIAN_POINT('Ctrl Pts',(40.8063325561264,47.5810368521829,3.));
#9139=CARTESIAN_POINT('Ctrl Pts',(40.8063325561264,47.5810368521829,0.999999999999998));
#9140=CARTESIAN_POINT('Ctrl Pts',(40.8152438103795,47.7388798238801,3.));
#9141=CARTESIAN_POINT('Ctrl Pts',(40.8152438103795,47.7388798238801,0.999999999999998));
#9142=CARTESIAN_POINT('Ctrl Pts',(40.8329125115869,48.0518414144075,3.));
#9143=CARTESIAN_POINT('Ctrl Pts',(40.8329125115869,48.0518414144075,0.999999999999998));
#9144=CARTESIAN_POINT('Ctrl Pts',(40.9633651622032,48.3367976569492,3.));
#9145=CARTESIAN_POINT('Ctrl Pts',(40.9633651622032,48.3367976569492,0.999999999999998));
#9146=CARTESIAN_POINT('Ctrl Pts',(41.0280236877182,48.478035496058,3.));
#9147=CARTESIAN_POINT('Ctrl Pts',(41.0280236877182,48.478035496058,0.999999999999998));
#9148=CARTESIAN_POINT('',(40.8063325561264,47.5810368521829,3.));
#9149=CARTESIAN_POINT('Ctrl Pts',(40.8063325561264,47.5810368521829,3.));
#9150=CARTESIAN_POINT('Ctrl Pts',(40.8152438103795,47.7388798238801,3.));
#9151=CARTESIAN_POINT('Ctrl Pts',(40.8329125115869,48.0518414144075,3.));
#9152=CARTESIAN_POINT('Ctrl Pts',(40.9633651622032,48.3367976569492,3.));
#9153=CARTESIAN_POINT('Ctrl Pts',(41.0280236877182,48.478035496058,3.));
#9154=CARTESIAN_POINT('',(40.8063325561264,47.5810368521829,0.999999999999998));
#9155=CARTESIAN_POINT('',(40.8063325561264,47.5810368521829,3.));
#9156=CARTESIAN_POINT('Ctrl Pts',(40.8063325561264,47.5810368521829,0.999999999999998));
#9157=CARTESIAN_POINT('Ctrl Pts',(40.8152438103795,47.7388798238801,0.999999999999998));
#9158=CARTESIAN_POINT('Ctrl Pts',(40.8329125115869,48.0518414144075,0.999999999999998));
#9159=CARTESIAN_POINT('Ctrl Pts',(40.9633651622032,48.3367976569492,0.999999999999998));
#9160=CARTESIAN_POINT('Ctrl Pts',(41.0280236877182,48.478035496058,0.999999999999998));
#9161=CARTESIAN_POINT('Ctrl Pts',(41.0757717765549,46.6090043051858,3.));
#9162=CARTESIAN_POINT('Ctrl Pts',(41.0757717765549,46.6090043051858,0.999999999999998));
#9163=CARTESIAN_POINT('Ctrl Pts',(40.997187113182,46.7602104527755,3.));
#9164=CARTESIAN_POINT('Ctrl Pts',(40.997187113182,46.7602104527755,0.999999999999998));
#9165=CARTESIAN_POINT('Ctrl Pts',(40.8387262620635,47.0651077929562,3.));
#9166=CARTESIAN_POINT('Ctrl Pts',(40.8387262620635,47.0651077929562,0.999999999999998));
#9167=CARTESIAN_POINT('Ctrl Pts',(40.8171889708471,47.4081285765973,3.));
#9168=CARTESIAN_POINT('Ctrl Pts',(40.8171889708471,47.4081285765973,0.999999999999998));
#9169=CARTESIAN_POINT('Ctrl Pts',(40.8063325561264,47.5810368521829,3.));
#9170=CARTESIAN_POINT('Ctrl Pts',(40.8063325561264,47.5810368521829,0.999999999999998));
#9171=CARTESIAN_POINT('',(41.0757717765549,46.6090043051858,3.));
#9172=CARTESIAN_POINT('Ctrl Pts',(41.0757717765549,46.6090043051858,3.));
#9173=CARTESIAN_POINT('Ctrl Pts',(40.997187113182,46.7602104527755,3.));
#9174=CARTESIAN_POINT('Ctrl Pts',(40.8387262620635,47.0651077929562,3.));
#9175=CARTESIAN_POINT('Ctrl Pts',(40.8171889708471,47.4081285765973,3.));
#9176=CARTESIAN_POINT('Ctrl Pts',(40.8063325561264,47.5810368521829,3.));
#9177=CARTESIAN_POINT('',(41.0757717765549,46.6090043051858,0.999999999999998));
#9178=CARTESIAN_POINT('',(41.0757717765549,46.6090043051858,3.));
#9179=CARTESIAN_POINT('Ctrl Pts',(41.0757717765549,46.6090043051858,0.999999999999998));
#9180=CARTESIAN_POINT('Ctrl Pts',(40.997187113182,46.7602104527755,0.999999999999998));
#9181=CARTESIAN_POINT('Ctrl Pts',(40.8387262620635,47.0651077929562,0.999999999999998));
#9182=CARTESIAN_POINT('Ctrl Pts',(40.8171889708471,47.4081285765973,0.999999999999998));
#9183=CARTESIAN_POINT('Ctrl Pts',(40.8063325561264,47.5810368521829,0.999999999999998));
#9184=CARTESIAN_POINT('Ctrl Pts',(41.8670401252488,45.9200544818063,3.));
#9185=CARTESIAN_POINT('Ctrl Pts',(41.8670401252488,45.9200544818063,0.999999999999998));
#9186=CARTESIAN_POINT('Ctrl Pts',(41.7050780094659,46.0086606296068,3.));
#9187=CARTESIAN_POINT('Ctrl Pts',(41.7050780094659,46.0086606296068,0.999999999999998));
#9188=CARTESIAN_POINT('Ctrl Pts',(41.390674553009,46.1806643046463,3.));
#9189=CARTESIAN_POINT('Ctrl Pts',(41.390674553009,46.1806643046463,0.999999999999998));
#9190=CARTESIAN_POINT('Ctrl Pts',(41.1785986726019,46.4691361426876,3.));
#9191=CARTESIAN_POINT('Ctrl Pts',(41.1785986726019,46.4691361426876,0.999999999999998));
#9192=CARTESIAN_POINT('Ctrl Pts',(41.0757717765549,46.6090043051858,3.));
#9193=CARTESIAN_POINT('Ctrl Pts',(41.0757717765549,46.6090043051858,0.999999999999998));
#9194=CARTESIAN_POINT('',(41.8670401252488,45.9200544818063,3.));
#9195=CARTESIAN_POINT('Ctrl Pts',(41.8670401252488,45.9200544818063,3.));
#9196=CARTESIAN_POINT('Ctrl Pts',(41.7050780094659,46.0086606296068,3.));
#9197=CARTESIAN_POINT('Ctrl Pts',(41.390674553009,46.1806643046463,3.));
#9198=CARTESIAN_POINT('Ctrl Pts',(41.1785986726019,46.4691361426876,3.));
#9199=CARTESIAN_POINT('Ctrl Pts',(41.0757717765549,46.6090043051858,3.));
#9200=CARTESIAN_POINT('',(41.8670401252488,45.9200544818063,0.999999999999998));
#9201=CARTESIAN_POINT('',(41.8670401252488,45.9200544818063,3.));
#9202=CARTESIAN_POINT('Ctrl Pts',(41.8670401252488,45.9200544818063,0.999999999999998));
#9203=CARTESIAN_POINT('Ctrl Pts',(41.7050780094659,46.0086606296068,0.999999999999998));
#9204=CARTESIAN_POINT('Ctrl Pts',(41.390674553009,46.1806643046463,0.999999999999998));
#9205=CARTESIAN_POINT('Ctrl Pts',(41.1785986726019,46.4691361426876,0.999999999999998));
#9206=CARTESIAN_POINT('Ctrl Pts',(41.0757717765549,46.6090043051858,0.999999999999998));
#9207=CARTESIAN_POINT('Ctrl Pts',(43.7394842780808,45.33001379806,3.));
#9208=CARTESIAN_POINT('Ctrl Pts',(43.7394842780808,45.33001379806,0.999999999999998));
#9209=CARTESIAN_POINT('Ctrl Pts',(43.3551777143444,45.4262806908663,3.));
#9210=CARTESIAN_POINT('Ctrl Pts',(43.3551777143444,45.4262806908663,0.999999999999998));
#9211=CARTESIAN_POINT('Ctrl Pts',(42.7189091926437,45.5856628075263,3.));
#9212=CARTESIAN_POINT('Ctrl Pts',(42.7189091926437,45.5856628075263,0.999999999999998));
#9213=CARTESIAN_POINT('Ctrl Pts',(42.1086875389144,45.8251984923898,3.));
#9214=CARTESIAN_POINT('Ctrl Pts',(42.1086875389144,45.8251984923898,0.999999999999998));
#9215=CARTESIAN_POINT('Ctrl Pts',(41.8670401252488,45.9200544818063,3.));
#9216=CARTESIAN_POINT('Ctrl Pts',(41.8670401252488,45.9200544818063,0.999999999999998));
#9217=CARTESIAN_POINT('',(43.7394842780808,45.33001379806,3.));
#9218=CARTESIAN_POINT('Ctrl Pts',(43.7394842780808,45.33001379806,3.));
#9219=CARTESIAN_POINT('Ctrl Pts',(43.3551777143444,45.4262806908663,3.));
#9220=CARTESIAN_POINT('Ctrl Pts',(42.7189091926437,45.5856628075263,3.));
#9221=CARTESIAN_POINT('Ctrl Pts',(42.1086875389144,45.8251984923898,3.));
#9222=CARTESIAN_POINT('Ctrl Pts',(41.8670401252488,45.9200544818063,3.));
#9223=CARTESIAN_POINT('',(43.7394842780808,45.33001379806,0.999999999999998));
#9224=CARTESIAN_POINT('',(43.7394842780808,45.33001379806,3.));
#9225=CARTESIAN_POINT('Ctrl Pts',(43.7394842780808,45.33001379806,0.999999999999998));
#9226=CARTESIAN_POINT('Ctrl Pts',(43.3551777143444,45.4262806908663,0.999999999999998));
#9227=CARTESIAN_POINT('Ctrl Pts',(42.7189091926437,45.5856628075263,0.999999999999998));
#9228=CARTESIAN_POINT('Ctrl Pts',(42.1086875389144,45.8251984923898,0.999999999999998));
#9229=CARTESIAN_POINT('Ctrl Pts',(41.8670401252488,45.9200544818063,0.999999999999998));
#9230=CARTESIAN_POINT('Ctrl Pts',(44.9945983566025,44.9139155610223,3.));
#9231=CARTESIAN_POINT('Ctrl Pts',(44.9945983566025,44.9139155610223,0.999999999999998));
#9232=CARTESIAN_POINT('Ctrl Pts',(44.8491230224805,44.9792446778273,3.));
#9233=CARTESIAN_POINT('Ctrl Pts',(44.8491230224805,44.9792446778273,0.999999999999998));
#9234=CARTESIAN_POINT('Ctrl Pts',(44.4456605692117,45.1604289720244,3.));
#9235=CARTESIAN_POINT('Ctrl Pts',(44.4456605692117,45.1604289720244,0.999999999999998));
#9236=CARTESIAN_POINT('Ctrl Pts',(44.0149162906729,45.2638701303573,3.));
#9237=CARTESIAN_POINT('Ctrl Pts',(44.0149162906729,45.2638701303573,0.999999999999998));
#9238=CARTESIAN_POINT('Ctrl Pts',(43.7394842780808,45.33001379806,3.));
#9239=CARTESIAN_POINT('Ctrl Pts',(43.7394842780808,45.33001379806,0.999999999999998));
#9240=CARTESIAN_POINT('',(44.9945983566025,44.9139155610223,3.));
#9241=CARTESIAN_POINT('Ctrl Pts',(44.9945983566025,44.9139155610223,3.));
#9242=CARTESIAN_POINT('Ctrl Pts',(44.8491230224805,44.9792446778273,3.));
#9243=CARTESIAN_POINT('Ctrl Pts',(44.4456605692117,45.1604289720244,3.));
#9244=CARTESIAN_POINT('Ctrl Pts',(44.0149162906729,45.2638701303573,3.));
#9245=CARTESIAN_POINT('Ctrl Pts',(43.7394842780808,45.33001379806,3.));
#9246=CARTESIAN_POINT('',(44.9945983566025,44.9139155610223,0.999999999999998));
#9247=CARTESIAN_POINT('',(44.9945983566025,44.9139155610223,3.));
#9248=CARTESIAN_POINT('Ctrl Pts',(44.9945983566025,44.9139155610223,0.999999999999998));
#9249=CARTESIAN_POINT('Ctrl Pts',(44.8491230224805,44.9792446778273,0.999999999999998));
#9250=CARTESIAN_POINT('Ctrl Pts',(44.4456605692117,45.1604289720244,0.999999999999998));
#9251=CARTESIAN_POINT('Ctrl Pts',(44.0149162906729,45.2638701303573,0.999999999999998));
#9252=CARTESIAN_POINT('Ctrl Pts',(43.7394842780808,45.33001379806,0.999999999999998));
#9253=CARTESIAN_POINT('Ctrl Pts',(45.356126753209,44.2590721114297,3.));
#9254=CARTESIAN_POINT('Ctrl Pts',(45.356126753209,44.2590721114297,0.999999999999998));
#9255=CARTESIAN_POINT('Ctrl Pts',(45.3403449045609,44.3908511019246,3.));
#9256=CARTESIAN_POINT('Ctrl Pts',(45.3403449045609,44.3908511019246,0.999999999999998));
#9257=CARTESIAN_POINT('Ctrl Pts',(45.3083934075423,44.6576472242165,3.));
#9258=CARTESIAN_POINT('Ctrl Pts',(45.3083934075423,44.6576472242165,0.999999999999998));
#9259=CARTESIAN_POINT('Ctrl Pts',(45.1000396463531,44.8278043751572,3.));
#9260=CARTESIAN_POINT('Ctrl Pts',(45.1000396463531,44.8278043751572,0.999999999999998));
#9261=CARTESIAN_POINT('Ctrl Pts',(44.9945983566025,44.9139155610223,3.));
#9262=CARTESIAN_POINT('Ctrl Pts',(44.9945983566025,44.9139155610223,0.999999999999998));
#9263=CARTESIAN_POINT('',(45.356126753209,44.2590721114297,3.));
#9264=CARTESIAN_POINT('Ctrl Pts',(45.356126753209,44.2590721114297,3.));
#9265=CARTESIAN_POINT('Ctrl Pts',(45.3403449045609,44.3908511019246,3.));
#9266=CARTESIAN_POINT('Ctrl Pts',(45.3083934075423,44.6576472242165,3.));
#9267=CARTESIAN_POINT('Ctrl Pts',(45.1000396463531,44.8278043751572,3.));
#9268=CARTESIAN_POINT('Ctrl Pts',(44.9945983566025,44.9139155610223,3.));
#9269=CARTESIAN_POINT('',(45.356126753209,44.2590721114297,0.999999999999998));
#9270=CARTESIAN_POINT('',(45.356126753209,44.2590721114297,3.));
#9271=CARTESIAN_POINT('Ctrl Pts',(45.356126753209,44.2590721114297,0.999999999999998));
#9272=CARTESIAN_POINT('Ctrl Pts',(45.3403449045609,44.3908511019246,0.999999999999998));
#9273=CARTESIAN_POINT('Ctrl Pts',(45.3083934075423,44.6576472242165,0.999999999999998));
#9274=CARTESIAN_POINT('Ctrl Pts',(45.1000396463531,44.8278043751572,0.999999999999998));
#9275=CARTESIAN_POINT('Ctrl Pts',(44.9945983566025,44.9139155610223,0.999999999999998));
#9276=CARTESIAN_POINT('Ctrl Pts',(44.9468502677658,43.4507508738656,3.));
#9277=CARTESIAN_POINT('Ctrl Pts',(44.9468502677658,43.4507508738656,0.999999999999998));
#9278=CARTESIAN_POINT('Ctrl Pts',(45.066162322829,43.5671212367034,3.));
#9279=CARTESIAN_POINT('Ctrl Pts',(45.066162322829,43.5671212367034,0.999999999999998));
#9280=CARTESIAN_POINT('Ctrl Pts',(45.2953761541176,43.7906836981861,3.));
#9281=CARTESIAN_POINT('Ctrl Pts',(45.2953761541176,43.7906836981861,0.999999999999998));
#9282=CARTESIAN_POINT('Ctrl Pts',(45.3364384858483,44.1072751506344,3.));
#9283=CARTESIAN_POINT('Ctrl Pts',(45.3364384858483,44.1072751506344,0.999999999999998));
#9284=CARTESIAN_POINT('Ctrl Pts',(45.356126753209,44.2590721114297,3.));
#9285=CARTESIAN_POINT('Ctrl Pts',(45.356126753209,44.2590721114297,0.999999999999998));
#9286=CARTESIAN_POINT('',(44.9468502677658,43.4507508738656,3.));
#9287=CARTESIAN_POINT('Ctrl Pts',(44.9468502677658,43.4507508738656,3.));
#9288=CARTESIAN_POINT('Ctrl Pts',(45.066162322829,43.5671212367034,3.));
#9289=CARTESIAN_POINT('Ctrl Pts',(45.2953761541176,43.7906836981861,3.));
#9290=CARTESIAN_POINT('Ctrl Pts',(45.3364384858483,44.1072751506344,3.));
#9291=CARTESIAN_POINT('Ctrl Pts',(45.356126753209,44.2590721114297,3.));
#9292=CARTESIAN_POINT('',(44.9468502677658,43.4507508738656,0.999999999999998));
#9293=CARTESIAN_POINT('',(44.9468502677658,43.4507508738656,3.));
#9294=CARTESIAN_POINT('Ctrl Pts',(44.9468502677658,43.4507508738656,0.999999999999998));
#9295=CARTESIAN_POINT('Ctrl Pts',(45.066162322829,43.5671212367034,0.999999999999998));
#9296=CARTESIAN_POINT('Ctrl Pts',(45.2953761541176,43.7906836981861,0.999999999999998));
#9297=CARTESIAN_POINT('Ctrl Pts',(45.3364384858483,44.1072751506344,0.999999999999998));
#9298=CARTESIAN_POINT('Ctrl Pts',(45.356126753209,44.2590721114297,0.999999999999998));
#9299=CARTESIAN_POINT('Ctrl Pts',(43.6917338050583,43.1062753661294,3.));
#9300=CARTESIAN_POINT('Ctrl Pts',(43.6917338050583,43.1062753661294,0.999999999999998));
#9301=CARTESIAN_POINT('Ctrl Pts',(43.9441180053476,43.1120805418931,3.));
#9302=CARTESIAN_POINT('Ctrl Pts',(43.9441180053476,43.1120805418931,0.999999999999998));
#9303=CARTESIAN_POINT('Ctrl Pts',(44.3935964485391,43.1224191501013,3.));
#9304=CARTESIAN_POINT('Ctrl Pts',(44.3935964485391,43.1224191501013,0.999999999999998));
#9305=CARTESIAN_POINT('Ctrl Pts',(44.7782023415875,43.3506657729823,3.));
#9306=CARTESIAN_POINT('Ctrl Pts',(44.7782023415875,43.3506657729823,0.999999999999998));
#9307=CARTESIAN_POINT('Ctrl Pts',(44.9468502677658,43.4507508738656,3.));
#9308=CARTESIAN_POINT('Ctrl Pts',(44.9468502677658,43.4507508738656,0.999999999999998));
#9309=CARTESIAN_POINT('',(43.6917338050583,43.1062753661294,3.));
#9310=CARTESIAN_POINT('Ctrl Pts',(43.6917338050583,43.1062753661294,3.));
#9311=CARTESIAN_POINT('Ctrl Pts',(43.9441180053476,43.1120805418931,3.));
#9312=CARTESIAN_POINT('Ctrl Pts',(44.3935964485391,43.1224191501013,3.));
#9313=CARTESIAN_POINT('Ctrl Pts',(44.7782023415875,43.3506657729823,3.));
#9314=CARTESIAN_POINT('Ctrl Pts',(44.9468502677658,43.4507508738656,3.));
#9315=CARTESIAN_POINT('',(43.6917338050583,43.1062753661294,0.999999999999998));
#9316=CARTESIAN_POINT('',(43.6917338050583,43.1062753661294,3.));
#9317=CARTESIAN_POINT('Ctrl Pts',(43.6917338050583,43.1062753661294,0.999999999999998));
#9318=CARTESIAN_POINT('Ctrl Pts',(43.9441180053476,43.1120805418931,0.999999999999998));
#9319=CARTESIAN_POINT('Ctrl Pts',(44.3935964485391,43.1224191501013,0.999999999999998));
#9320=CARTESIAN_POINT('Ctrl Pts',(44.7782023415875,43.3506657729823,0.999999999999998));
#9321=CARTESIAN_POINT('Ctrl Pts',(44.9468502677658,43.4507508738656,0.999999999999998));
#9322=CARTESIAN_POINT('Ctrl Pts',(42.3854574836472,43.4950883849283,3.));
#9323=CARTESIAN_POINT('Ctrl Pts',(42.3854574836472,43.4950883849283,0.999999999999998));
#9324=CARTESIAN_POINT('Ctrl Pts',(42.5671656370284,43.3819117509448,3.));
#9325=CARTESIAN_POINT('Ctrl Pts',(42.5671656370284,43.3819117509448,0.999999999999998));
#9326=CARTESIAN_POINT('Ctrl Pts',(42.9653473458691,43.1339049076534,3.));
#9327=CARTESIAN_POINT('Ctrl Pts',(42.9653473458691,43.1339049076534,0.999999999999998));
#9328=CARTESIAN_POINT('Ctrl Pts',(43.4359099821917,43.1160061297571,3.));
#9329=CARTESIAN_POINT('Ctrl Pts',(43.4359099821917,43.1160061297571,0.999999999999998));
#9330=CARTESIAN_POINT('Ctrl Pts',(43.6917338050583,43.1062753661294,3.));
#9331=CARTESIAN_POINT('Ctrl Pts',(43.6917338050583,43.1062753661294,0.999999999999998));
#9332=CARTESIAN_POINT('',(42.3854574836472,43.4950883849283,3.));
#9333=CARTESIAN_POINT('Ctrl Pts',(42.3854574836472,43.4950883849283,3.));
#9334=CARTESIAN_POINT('Ctrl Pts',(42.5671656370284,43.3819117509448,3.));
#9335=CARTESIAN_POINT('Ctrl Pts',(42.9653473458691,43.1339049076534,3.));
#9336=CARTESIAN_POINT('Ctrl Pts',(43.4359099821917,43.1160061297571,3.));
#9337=CARTESIAN_POINT('Ctrl Pts',(43.6917338050583,43.1062753661294,3.));
#9338=CARTESIAN_POINT('',(42.3854574836472,43.4950883849283,0.999999999999998));
#9339=CARTESIAN_POINT('',(42.3854574836472,43.4950883849283,3.));
#9340=CARTESIAN_POINT('Ctrl Pts',(42.3854574836472,43.4950883849283,0.999999999999998));
#9341=CARTESIAN_POINT('Ctrl Pts',(42.5671656370284,43.3819117509448,0.999999999999998));
#9342=CARTESIAN_POINT('Ctrl Pts',(42.9653473458691,43.1339049076534,0.999999999999998));
#9343=CARTESIAN_POINT('Ctrl Pts',(43.4359099821917,43.1160061297571,0.999999999999998));
#9344=CARTESIAN_POINT('Ctrl Pts',(43.6917338050583,43.1062753661294,0.999999999999998));
#9345=CARTESIAN_POINT('Ctrl Pts',(41.8158802665452,44.6137793524881,3.));
#9346=CARTESIAN_POINT('Ctrl Pts',(41.8158802665452,44.6137793524881,0.999999999999998));
#9347=CARTESIAN_POINT('Ctrl Pts',(41.8606780619944,44.3886138785852,3.));
#9348=CARTESIAN_POINT('Ctrl Pts',(41.8606780619944,44.3886138785852,0.999999999999998));
#9349=CARTESIAN_POINT('Ctrl Pts',(41.9457512548854,43.9610136897448,3.));
#9350=CARTESIAN_POINT('Ctrl Pts',(41.9457512548854,43.9610136897448,0.999999999999998));
#9351=CARTESIAN_POINT('Ctrl Pts',(42.2441767315144,43.6447935134809,3.));
#9352=CARTESIAN_POINT('Ctrl Pts',(42.2441767315144,43.6447935134809,0.999999999999998));
#9353=CARTESIAN_POINT('Ctrl Pts',(42.3854574836472,43.4950883849283,3.));
#9354=CARTESIAN_POINT('Ctrl Pts',(42.3854574836472,43.4950883849283,0.999999999999998));
#9355=CARTESIAN_POINT('',(41.8158802665451,44.6137793524881,3.));
#9356=CARTESIAN_POINT('Ctrl Pts',(41.8158802665452,44.6137793524881,3.));
#9357=CARTESIAN_POINT('Ctrl Pts',(41.8606780619944,44.3886138785852,3.));
#9358=CARTESIAN_POINT('Ctrl Pts',(41.9457512548854,43.9610136897448,3.));
#9359=CARTESIAN_POINT('Ctrl Pts',(42.2441767315144,43.6447935134809,3.));
#9360=CARTESIAN_POINT('Ctrl Pts',(42.3854574836472,43.4950883849283,3.));
#9361=CARTESIAN_POINT('',(41.8158802665451,44.6137793524881,0.999999999999998));
#9362=CARTESIAN_POINT('',(41.8158802665451,44.6137793524881,3.));
#9363=CARTESIAN_POINT('Ctrl Pts',(41.8158802665452,44.6137793524881,0.999999999999998));
#9364=CARTESIAN_POINT('Ctrl Pts',(41.8606780619944,44.3886138785852,0.999999999999998));
#9365=CARTESIAN_POINT('Ctrl Pts',(41.9457512548854,43.9610136897448,0.999999999999998));
#9366=CARTESIAN_POINT('Ctrl Pts',(42.2441767315144,43.6447935134809,0.999999999999998));
#9367=CARTESIAN_POINT('Ctrl Pts',(42.3854574836472,43.4950883849283,0.999999999999998));
#9368=CARTESIAN_POINT('Origin',(40.601693121312,44.4227834208627,3.));
#9369=CARTESIAN_POINT('',(40.601693121312,44.4227834208627,3.));
#9370=CARTESIAN_POINT('',(47.6233413610714,45.5273135193435,3.));
#9371=CARTESIAN_POINT('',(40.601693121312,44.4227834208627,0.999999999999998));
#9372=CARTESIAN_POINT('',(40.601693121312,44.4227834208627,3.));
#9373=CARTESIAN_POINT('',(40.601693121312,44.4227834208627,0.999999999999998));
#9374=CARTESIAN_POINT('Ctrl Pts',(41.5464410461167,42.6833565695901,3.));
#9375=CARTESIAN_POINT('Ctrl Pts',(41.5464410461167,42.6833565695901,0.999999999999998));
#9376=CARTESIAN_POINT('Ctrl Pts',(41.3204071419581,42.9127245358916,3.));
#9377=CARTESIAN_POINT('Ctrl Pts',(41.3204071419581,42.9127245358916,0.999999999999998));
#9378=CARTESIAN_POINT('Ctrl Pts',(40.8399741420661,43.4002440544327,3.));
#9379=CARTESIAN_POINT('Ctrl Pts',(40.8399741420661,43.4002440544327,0.999999999999998));
#9380=CARTESIAN_POINT('Ctrl Pts',(40.6841860834065,44.0687799801852,3.));
#9381=CARTESIAN_POINT('Ctrl Pts',(40.6841860834065,44.0687799801852,0.999999999999998));
#9382=CARTESIAN_POINT('Ctrl Pts',(40.601693121312,44.4227834208627,3.));
#9383=CARTESIAN_POINT('Ctrl Pts',(40.601693121312,44.4227834208627,0.999999999999998));
#9384=CARTESIAN_POINT('Ctrl Pts',(41.5464410461167,42.6833565695901,3.));
#9385=CARTESIAN_POINT('Ctrl Pts',(41.3204071419581,42.9127245358916,3.));
#9386=CARTESIAN_POINT('Ctrl Pts',(40.8399741420661,43.4002440544327,3.));
#9387=CARTESIAN_POINT('Ctrl Pts',(40.6841860834065,44.0687799801852,3.));
#9388=CARTESIAN_POINT('Ctrl Pts',(40.601693121312,44.4227834208627,3.));
#9389=CARTESIAN_POINT('Ctrl Pts',(41.5464410461167,42.6833565695901,0.999999999999998));
#9390=CARTESIAN_POINT('Ctrl Pts',(41.3204071419581,42.9127245358916,0.999999999999998));
#9391=CARTESIAN_POINT('Ctrl Pts',(40.8399741420661,43.4002440544327,0.999999999999998));
#9392=CARTESIAN_POINT('Ctrl Pts',(40.6841860834065,44.0687799801852,0.999999999999998));
#9393=CARTESIAN_POINT('Ctrl Pts',(40.601693121312,44.4227834208627,0.999999999999998));
#9394=CARTESIAN_POINT('Origin',(56.5396200023273,47.1785809262414,0.999999999999998));
#9395=CARTESIAN_POINT('Origin',(23.0778178848008,50.7733972533365,3.));
#9396=CARTESIAN_POINT('',(23.0778178848008,50.7733972533365,3.));
#9397=CARTESIAN_POINT('',(23.0778178848007,42.260436580958,3.));
#9398=CARTESIAN_POINT('',(23.0778178848007,42.0116988744001,3.));
#9399=CARTESIAN_POINT('',(23.0778178848008,50.7733972533365,0.999999999999998));
#9400=CARTESIAN_POINT('',(23.0778178848008,50.7733972533365,3.));
#9401=CARTESIAN_POINT('',(23.0778178848007,42.260436580958,0.999999999999998));
#9402=CARTESIAN_POINT('',(23.0778178848008,50.7733972533365,0.999999999999998));
#9403=CARTESIAN_POINT('',(23.0778178848007,42.260436580958,3.));
#9404=CARTESIAN_POINT('Origin',(25.9700414813736,42.260436580958,3.));
#9405=CARTESIAN_POINT('',(25.9700414813736,42.260436580958,3.));
#9406=CARTESIAN_POINT('',(28.9348448522304,33.5338448584693,3.));
#9407=CARTESIAN_POINT('',(25.9700414813736,42.260436580958,0.999999999999998));
#9408=CARTESIAN_POINT('',(25.9700414813736,42.260436580958,3.));
#9409=CARTESIAN_POINT('',(25.9700414813736,42.260436580958,0.999999999999998));
#9410=CARTESIAN_POINT('Origin',(27.1637657560089,42.260436580958,3.));
#9411=CARTESIAN_POINT('',(27.1637657560089,42.260436580958,3.));
#9412=CARTESIAN_POINT('',(41.9568833008249,42.2604365809579,3.));
#9413=CARTESIAN_POINT('',(27.1637657560089,42.260436580958,0.999999999999998));
#9414=CARTESIAN_POINT('',(27.1637657560089,42.260436580958,3.));
#9415=CARTESIAN_POINT('',(27.1637657560089,42.260436580958,0.999999999999998));
#9416=CARTESIAN_POINT('Origin',(30.0696322597245,50.6301500065942,3.));
#9417=CARTESIAN_POINT('',(30.0696322597245,50.6301500065942,3.));
#9418=CARTESIAN_POINT('',(28.8121397741574,47.008217710107,3.));
#9419=CARTESIAN_POINT('',(30.0696322597245,50.6301500065942,0.999999999999998));
#9420=CARTESIAN_POINT('',(30.0696322597245,50.6301500065942,3.));
#9421=CARTESIAN_POINT('',(30.0696322597245,50.6301500065942,0.999999999999998));
#9422=CARTESIAN_POINT('Origin',(30.0696322597245,42.260436580958,3.));
#9423=CARTESIAN_POINT('',(30.0696322597245,42.260436580958,3.));
#9424=CARTESIAN_POINT('',(30.0696322597244,37.7552185382108,3.));
#9425=CARTESIAN_POINT('',(30.0696322597245,42.260436580958,0.999999999999998));
#9426=CARTESIAN_POINT('',(30.0696322597245,42.260436580958,3.));
#9427=CARTESIAN_POINT('',(30.0696322597245,42.260436580958,0.999999999999998));
#9428=CARTESIAN_POINT('Origin',(31.3452121890763,42.260436580958,3.));
#9429=CARTESIAN_POINT('',(31.3452121890763,42.260436580958,3.));
#9430=CARTESIAN_POINT('',(44.0476065173586,42.2604365809579,3.));
#9431=CARTESIAN_POINT('',(31.3452121890763,42.260436580958,0.999999999999998));
#9432=CARTESIAN_POINT('',(31.3452121890763,42.260436580958,3.));
#9433=CARTESIAN_POINT('',(31.3452121890763,42.260436580958,0.999999999999998));
#9434=CARTESIAN_POINT('Origin',(31.3452121890763,52.260436580958,3.));
#9435=CARTESIAN_POINT('',(31.3452121890763,52.260436580958,3.));
#9436=CARTESIAN_POINT('',(31.3452121890763,42.7552185382108,3.));
#9437=CARTESIAN_POINT('',(31.3452121890763,52.260436580958,0.999999999999998));
#9438=CARTESIAN_POINT('',(31.3452121890763,52.260436580958,3.));
#9439=CARTESIAN_POINT('',(31.3452121890763,52.260436580958,0.999999999999998));
#9440=CARTESIAN_POINT('Origin',(29.5648572124222,52.260436580958,3.));
#9441=CARTESIAN_POINT('',(29.5648572124222,52.260436580958,3.));
#9442=CARTESIAN_POINT('',(43.1574290290316,52.260436580958,3.));
#9443=CARTESIAN_POINT('',(29.5648572124222,52.260436580958,0.999999999999998));
#9444=CARTESIAN_POINT('',(29.5648572124222,52.260436580958,3.));
#9445=CARTESIAN_POINT('',(29.5648572124222,52.260436580958,0.999999999999998));
#9446=CARTESIAN_POINT('Origin',(27.1705875076035,45.3027285798212,3.));
#9447=CARTESIAN_POINT('',(27.1705875076035,45.3027285798212,3.));
#9448=CARTESIAN_POINT('',(26.8822992848934,44.4649677921595,3.));
#9449=CARTESIAN_POINT('',(27.1705875076035,45.3027285798212,0.999999999999998));
#9450=CARTESIAN_POINT('',(27.1705875076035,45.3027285798212,3.));
#9451=CARTESIAN_POINT('',(27.1705875076035,45.3027285798212,0.999999999999998));
#9452=CARTESIAN_POINT('Ctrl Pts',(26.6385272420624,43.6997278197428,3.));
#9453=CARTESIAN_POINT('Ctrl Pts',(26.6385272420624,43.6997278197428,0.999999999999998));
#9454=CARTESIAN_POINT('Ctrl Pts',(26.7107133589351,43.9244516738833,3.));
#9455=CARTESIAN_POINT('Ctrl Pts',(26.7107133589351,43.9244516738833,0.999999999999998));
#9456=CARTESIAN_POINT('Ctrl Pts',(26.8829016359792,44.4604939896574,3.));
#9457=CARTESIAN_POINT('Ctrl Pts',(26.8829016359792,44.4604939896574,0.999999999999998));
#9458=CARTESIAN_POINT('Ctrl Pts',(27.0648923593553,44.9932934679594,3.));
#9459=CARTESIAN_POINT('Ctrl Pts',(27.0648923593553,44.9932934679594,0.999999999999998));
#9460=CARTESIAN_POINT('Ctrl Pts',(27.1705875076035,45.3027285798212,3.));
#9461=CARTESIAN_POINT('Ctrl Pts',(27.1705875076035,45.3027285798212,0.999999999999998));
#9462=CARTESIAN_POINT('',(26.6385272420624,43.6997278197428,3.));
#9463=CARTESIAN_POINT('Ctrl Pts',(26.6385272420624,43.6997278197428,3.));
#9464=CARTESIAN_POINT('Ctrl Pts',(26.7107133589351,43.9244516738833,3.));
#9465=CARTESIAN_POINT('Ctrl Pts',(26.8829016359792,44.4604939896574,3.));
#9466=CARTESIAN_POINT('Ctrl Pts',(27.0648923593553,44.9932934679594,3.));
#9467=CARTESIAN_POINT('Ctrl Pts',(27.1705875076035,45.3027285798212,3.));
#9468=CARTESIAN_POINT('',(26.6385272420624,43.6997278197428,0.999999999999998));
#9469=CARTESIAN_POINT('',(26.6385272420624,43.6997278197428,3.));
#9470=CARTESIAN_POINT('Ctrl Pts',(26.6385272420624,43.6997278197428,0.999999999999998));
#9471=CARTESIAN_POINT('Ctrl Pts',(26.7107133589351,43.9244516738833,0.999999999999998));
#9472=CARTESIAN_POINT('Ctrl Pts',(26.8829016359792,44.4604939896574,0.999999999999998));
#9473=CARTESIAN_POINT('Ctrl Pts',(27.0648923593553,44.9932934679594,0.999999999999998));
#9474=CARTESIAN_POINT('Ctrl Pts',(27.1705875076035,45.3027285798212,0.999999999999998));
#9475=CARTESIAN_POINT('Ctrl Pts',(26.161037412999,45.1799453957697,3.));
#9476=CARTESIAN_POINT('Ctrl Pts',(26.161037412999,45.1799453957697,0.999999999999998));
#9477=CARTESIAN_POINT('Ctrl Pts',(26.2562881806675,44.8920325170392,3.));
#9478=CARTESIAN_POINT('Ctrl Pts',(26.2562881806675,44.8920325170392,0.999999999999998));
#9479=CARTESIAN_POINT('Ctrl Pts',(26.4191310947416,44.3998100046171,3.));
#9480=CARTESIAN_POINT('Ctrl Pts',(26.4191310947416,44.3998100046171,0.999999999999998));
#9481=CARTESIAN_POINT('Ctrl Pts',(26.5741730744299,43.9050787651998,3.));
#9482=CARTESIAN_POINT('Ctrl Pts',(26.5741730744299,43.9050787651998,0.999999999999998));
#9483=CARTESIAN_POINT('Ctrl Pts',(26.6385272420624,43.6997278197428,3.));
#9484=CARTESIAN_POINT('Ctrl Pts',(26.6385272420624,43.6997278197428,0.999999999999998));
#9485=CARTESIAN_POINT('',(26.161037412999,45.1799453957697,3.));
#9486=CARTESIAN_POINT('Ctrl Pts',(26.161037412999,45.1799453957697,3.));
#9487=CARTESIAN_POINT('Ctrl Pts',(26.2562881806675,44.8920325170392,3.));
#9488=CARTESIAN_POINT('Ctrl Pts',(26.4191310947416,44.3998100046171,3.));
#9489=CARTESIAN_POINT('Ctrl Pts',(26.5741730744299,43.9050787651998,3.));
#9490=CARTESIAN_POINT('Ctrl Pts',(26.6385272420624,43.6997278197428,3.));
#9491=CARTESIAN_POINT('',(26.161037412999,45.1799453957697,0.999999999999998));
#9492=CARTESIAN_POINT('',(26.161037412999,45.1799453957697,3.));
#9493=CARTESIAN_POINT('Ctrl Pts',(26.161037412999,45.1799453957697,0.999999999999998));
#9494=CARTESIAN_POINT('Ctrl Pts',(26.2562881806675,44.8920325170392,0.999999999999998));
#9495=CARTESIAN_POINT('Ctrl Pts',(26.4191310947416,44.3998100046171,0.999999999999998));
#9496=CARTESIAN_POINT('Ctrl Pts',(26.5741730744299,43.9050787651998,0.999999999999998));
#9497=CARTESIAN_POINT('Ctrl Pts',(26.6385272420624,43.6997278197428,0.999999999999998));
#9498=CARTESIAN_POINT('Origin',(23.7940526283959,52.260436580958,3.));
#9499=CARTESIAN_POINT('',(23.7940526283959,52.260436580958,3.));
#9500=CARTESIAN_POINT('',(28.3085817465497,38.7558784467899,3.));
#9501=CARTESIAN_POINT('',(23.7940526283959,52.260436580958,0.999999999999998));
#9502=CARTESIAN_POINT('',(23.7940526283959,52.260436580958,3.));
#9503=CARTESIAN_POINT('',(23.7940526283959,52.260436580958,0.999999999999998));
#9504=CARTESIAN_POINT('Origin',(21.8022381789664,52.260436580958,3.));
#9505=CARTESIAN_POINT('',(21.8022381789664,52.260436580958,3.));
#9506=CARTESIAN_POINT('',(39.2761195123036,52.260436580958,3.));
#9507=CARTESIAN_POINT('',(21.8022381789664,52.260436580958,0.999999999999998));
#9508=CARTESIAN_POINT('',(21.8022381789664,52.260436580958,3.));
#9509=CARTESIAN_POINT('',(21.8022381789664,52.260436580958,0.999999999999998));
#9510=CARTESIAN_POINT('Origin',(21.8022381789664,42.260436580958,3.));
#9511=CARTESIAN_POINT('',(21.8022381789664,42.260436580958,3.));
#9512=CARTESIAN_POINT('',(21.8022381789663,37.7552185382108,3.));
#9513=CARTESIAN_POINT('',(21.8022381789664,42.260436580958,0.999999999999998));
#9514=CARTESIAN_POINT('',(21.8022381789664,42.260436580958,3.));
#9515=CARTESIAN_POINT('',(21.8022381789664,42.260436580958,0.999999999999998));
#9516=CARTESIAN_POINT('Origin',(23.0778178848007,42.260436580958,3.));
#9517=CARTESIAN_POINT('',(39.9139093652208,42.2604365809579,3.));
#9518=CARTESIAN_POINT('',(23.0778178848007,42.260436580958,0.999999999999998));
#9519=CARTESIAN_POINT('Origin',(56.5396200023273,47.1785809262414,0.999999999999998));
#9520=CARTESIAN_POINT('Origin',(56.7500008456409,33.2500004954636,3.));
#9521=CARTESIAN_POINT('Origin',(56.7500008456409,33.2500004954636,3.));
#9522=CARTESIAN_POINT('Origin',(5.,5.,0.));
#9523=CARTESIAN_POINT('',(5.,0.,3.));
#9524=CARTESIAN_POINT('',(0.,5.,3.));
#9525=CARTESIAN_POINT('Origin',(5.,5.,3.));
#9526=CARTESIAN_POINT('',(0.,5.,0.));
#9527=CARTESIAN_POINT('',(0.,5.,0.));
#9528=CARTESIAN_POINT('',(5.,0.,0.));
#9529=CARTESIAN_POINT('Origin',(5.,5.,0.));
#9530=CARTESIAN_POINT('',(5.,0.,0.));
#9531=CARTESIAN_POINT('Origin',(0.,66.5000009909272,0.));
#9532=CARTESIAN_POINT('',(0.,60.5000009909272,3.));
#9533=CARTESIAN_POINT('',(0.,66.5000009909272,3.));
#9534=CARTESIAN_POINT('',(0.,60.5000009909272,0.));
#9535=CARTESIAN_POINT('',(0.,60.5000009909272,0.));
#9536=CARTESIAN_POINT('',(0.,66.5000009909272,0.));
#9537=CARTESIAN_POINT('Origin',(56.7500008456409,33.2500004954636,3.));
#9538=CARTESIAN_POINT('',(108.500001691282,0.,3.));
#9539=CARTESIAN_POINT('',(0.,0.,3.));
#9540=CARTESIAN_POINT('',(113.500001691282,5.,3.));
#9541=CARTESIAN_POINT('Origin',(108.500001691282,5.,3.));
#9542=CARTESIAN_POINT('',(113.500001691282,60.5000009909272,3.));
#9543=CARTESIAN_POINT('',(113.500001691282,0.,3.));
#9544=CARTESIAN_POINT('',(108.500001691282,65.5000009909272,3.));
#9545=CARTESIAN_POINT('Origin',(108.500001691282,60.5000009909272,3.));
#9546=CARTESIAN_POINT('',(5.,65.5000009909272,3.));
#9547=CARTESIAN_POINT('',(85.1250012684615,65.5000009909272,3.));
#9548=CARTESIAN_POINT('Origin',(5.,60.5000009909272,3.));
#9549=CARTESIAN_POINT('',(2.42460614589489,61.5744532958916,3.));
#9550=CARTESIAN_POINT('Origin',(4.42460614589489,61.5744532958916,3.));
#9551=CARTESIAN_POINT('',(106.86375899596,62.6089852863007,3.));
#9552=CARTESIAN_POINT('Origin',(108.86375899596,62.6089852863007,3.));
#9553=CARTESIAN_POINT('',(106.716007700129,4.54477101564407,3.));
#9554=CARTESIAN_POINT('Origin',(108.716007700129,4.54477101564407,3.));
#9555=CARTESIAN_POINT('',(1.95676187778258,4.47481468015746,3.));
#9556=CARTESIAN_POINT('Origin',(3.95676187778258,4.47481468015746,3.));
#9557=CARTESIAN_POINT('',(21.2819907571443,20.8039492759051,3.));
#9558=CARTESIAN_POINT('',(21.2819907571443,35.8039492759051,3.));
#9559=CARTESIAN_POINT('',(21.2819907571443,35.8039492759051,3.));
#9560=CARTESIAN_POINT('',(36.2819907571443,35.8039492759051,3.));
#9561=CARTESIAN_POINT('',(36.2819907571443,35.8039492759051,3.));
#9562=CARTESIAN_POINT('',(36.2819907571443,20.8039492759051,3.));
#9563=CARTESIAN_POINT('',(36.2819907571443,20.8039492759051,3.));
#9564=CARTESIAN_POINT('',(21.2819907571443,20.8039492759051,3.));
#9565=CARTESIAN_POINT('',(78.2856196624736,21.3534701201081,3.));
#9566=CARTESIAN_POINT('',(78.2856196624736,36.3534701201081,3.));
#9567=CARTESIAN_POINT('',(78.2856196624736,36.3534701201081,3.));
#9568=CARTESIAN_POINT('',(93.2856196624736,36.3534701201081,3.));
#9569=CARTESIAN_POINT('',(93.2856196624736,36.3534701201081,3.));
#9570=CARTESIAN_POINT('',(93.2856196624736,21.3534701201081,3.));
#9571=CARTESIAN_POINT('',(93.2856196624736,21.3534701201081,3.));
#9572=CARTESIAN_POINT('',(78.2856196624736,21.3534701201081,3.));
#9573=CARTESIAN_POINT('',(59.0000008791685,21.0000003129244,3.));
#9574=CARTESIAN_POINT('',(59.0000008791685,36.0000005364418,3.));
#9575=CARTESIAN_POINT('',(59.0000008791685,36.0000005364418,3.));
#9576=CARTESIAN_POINT('',(74.0000011026859,36.0000005364418,3.));
#9577=CARTESIAN_POINT('',(74.0000011026859,36.0000005364418,3.));
#9578=CARTESIAN_POINT('',(74.0000011026859,21.0000003129244,3.));
#9579=CARTESIAN_POINT('',(74.0000011026859,21.0000003129244,3.));
#9580=CARTESIAN_POINT('',(59.0000008791685,21.0000003129244,3.));
#9581=CARTESIAN_POINT('',(40.3686814124635,21.0970270594801,3.));
#9582=CARTESIAN_POINT('',(40.3686814124635,36.0970270594801,3.));
#9583=CARTESIAN_POINT('',(40.3686814124635,36.0970270594801,3.));
#9584=CARTESIAN_POINT('',(55.3686814124635,36.0970270594801,3.));
#9585=CARTESIAN_POINT('',(55.3686814124635,36.0970270594801,3.));
#9586=CARTESIAN_POINT('',(55.3686814124635,21.0970270594801,3.));
#9587=CARTESIAN_POINT('',(55.3686814124635,21.0970270594801,3.));
#9588=CARTESIAN_POINT('',(40.3686814124635,21.0970270594801,3.));
#9589=CARTESIAN_POINT('Origin',(5.,60.5000009909272,0.));
#9590=CARTESIAN_POINT('',(5.,65.5000009909272,0.));
#9591=CARTESIAN_POINT('Origin',(5.,60.5000009909272,0.));
#9592=CARTESIAN_POINT('',(5.,65.5000009909272,0.));
#9593=CARTESIAN_POINT('Origin',(113.500001691282,65.5000009909272,0.));
#9594=CARTESIAN_POINT('',(108.500001691282,65.5000009909272,0.));
#9595=CARTESIAN_POINT('',(108.500001691282,65.5000009909272,0.));
#9596=CARTESIAN_POINT('',(85.1250012684615,65.5000009909272,0.));
#9597=CARTESIAN_POINT('Origin',(108.500001691282,60.5000009909272,0.));
#9598=CARTESIAN_POINT('',(113.500001691282,60.5000009909272,0.));
#9599=CARTESIAN_POINT('',(113.500001691282,60.5000009909272,0.));
#9600=CARTESIAN_POINT('Origin',(108.500001691282,60.5000009909272,0.));
#9601=CARTESIAN_POINT('Origin',(56.7500008456409,33.2500004954636,0.));
#9602=CARTESIAN_POINT('',(113.500001691282,5.,0.));
#9603=CARTESIAN_POINT('',(113.500001691282,0.,0.));
#9604=CARTESIAN_POINT('',(108.500001691282,0.,0.));
#9605=CARTESIAN_POINT('Origin',(108.500001691282,5.,0.));
#9606=CARTESIAN_POINT('',(0.,0.,0.));
#9607=CARTESIAN_POINT('',(40.3686814124635,21.0970270594801,0.));
#9608=CARTESIAN_POINT('',(40.3686814124635,36.0970270594801,0.));
#9609=CARTESIAN_POINT('',(40.3686814124635,36.0970270594801,0.));
#9610=CARTESIAN_POINT('',(55.3686814124635,21.0970270594801,0.));
#9611=CARTESIAN_POINT('',(40.3686814124635,21.0970270594801,0.));
#9612=CARTESIAN_POINT('',(55.3686814124635,36.0970270594801,0.));
#9613=CARTESIAN_POINT('',(55.3686814124635,21.0970270594801,0.));
#9614=CARTESIAN_POINT('',(55.3686814124635,36.0970270594801,0.));
#9615=CARTESIAN_POINT('',(59.0000008791685,21.0000003129244,0.));
#9616=CARTESIAN_POINT('',(59.0000008791685,36.0000005364418,0.));
#9617=CARTESIAN_POINT('',(59.0000008791685,36.0000005364418,0.));
#9618=CARTESIAN_POINT('',(74.0000011026859,21.0000003129244,0.));
#9619=CARTESIAN_POINT('',(59.0000008791685,21.0000003129244,0.));
#9620=CARTESIAN_POINT('',(74.0000011026859,36.0000005364418,0.));
#9621=CARTESIAN_POINT('',(74.0000011026859,21.0000003129244,0.));
#9622=CARTESIAN_POINT('',(74.0000011026859,36.0000005364418,0.));
#9623=CARTESIAN_POINT('',(78.2856196624736,21.3534701201081,0.));
#9624=CARTESIAN_POINT('',(78.2856196624736,36.3534701201081,0.));
#9625=CARTESIAN_POINT('',(78.2856196624736,36.3534701201081,0.));
#9626=CARTESIAN_POINT('',(93.2856196624736,21.3534701201081,0.));
#9627=CARTESIAN_POINT('',(78.2856196624736,21.3534701201081,0.));
#9628=CARTESIAN_POINT('',(93.2856196624736,36.3534701201081,0.));
#9629=CARTESIAN_POINT('',(93.2856196624736,21.3534701201081,0.));
#9630=CARTESIAN_POINT('',(93.2856196624736,36.3534701201081,0.));
#9631=CARTESIAN_POINT('',(21.2819907571443,20.8039492759051,0.));
#9632=CARTESIAN_POINT('',(21.2819907571443,35.8039492759051,0.));
#9633=CARTESIAN_POINT('',(21.2819907571443,35.8039492759051,0.));
#9634=CARTESIAN_POINT('',(36.2819907571443,20.8039492759051,0.));
#9635=CARTESIAN_POINT('',(21.2819907571443,20.8039492759051,0.));
#9636=CARTESIAN_POINT('',(36.2819907571443,35.8039492759051,0.));
#9637=CARTESIAN_POINT('',(36.2819907571443,20.8039492759051,0.));
#9638=CARTESIAN_POINT('',(36.2819907571443,35.8039492759051,0.));
#9639=CARTESIAN_POINT('',(1.95676187778258,4.47481468015746,0.));
#9640=CARTESIAN_POINT('Origin',(3.95676187778258,4.47481468015746,0.));
#9641=CARTESIAN_POINT('',(106.716007700129,4.54477101564407,0.));
#9642=CARTESIAN_POINT('Origin',(108.716007700129,4.54477101564407,0.));
#9643=CARTESIAN_POINT('',(106.86375899596,62.6089852863007,0.));
#9644=CARTESIAN_POINT('Origin',(108.86375899596,62.6089852863007,0.));
#9645=CARTESIAN_POINT('',(2.42460614589489,61.5744532958916,0.));
#9646=CARTESIAN_POINT('Origin',(4.42460614589489,61.5744532958916,0.));
#9647=CARTESIAN_POINT('Origin',(108.500001691282,5.,0.));
#9648=CARTESIAN_POINT('',(108.500001691282,0.,0.));
#9649=CARTESIAN_POINT('',(113.500001691282,5.,0.));
#9650=CARTESIAN_POINT('Origin',(0.,0.,0.));
#9651=CARTESIAN_POINT('Origin',(4.42460614589489,61.5744532958916,-7.));
#9652=CARTESIAN_POINT('',(2.42460614589489,61.5744532958916,-7.));
#9653=CARTESIAN_POINT('Origin',(108.86375899596,62.6089852863007,-7.));
#9654=CARTESIAN_POINT('',(106.86375899596,62.6089852863007,-7.));
#9655=CARTESIAN_POINT('Origin',(108.716007700129,4.54477101564407,-7.));
#9656=CARTESIAN_POINT('',(106.716007700129,4.54477101564407,-7.));
#9657=CARTESIAN_POINT('Origin',(3.95676187778258,4.47481468015746,-7.));
#9658=CARTESIAN_POINT('',(1.95676187778258,4.47481468015746,-7.));
#9659=CARTESIAN_POINT('Origin',(55.3686814124635,21.0970270594801,0.));
#9660=CARTESIAN_POINT('',(40.3686814124635,21.0970270594801,0.));
#9661=CARTESIAN_POINT('',(55.3686814124635,21.0970270594801,0.));
#9662=CARTESIAN_POINT('Origin',(55.3686814124635,36.0970270594801,0.));
#9663=CARTESIAN_POINT('',(55.3686814124635,36.0970270594801,0.));
#9664=CARTESIAN_POINT('Origin',(40.3686814124635,36.0970270594801,0.));
#9665=CARTESIAN_POINT('',(40.3686814124635,36.0970270594801,0.));
#9666=CARTESIAN_POINT('Origin',(40.3686814124635,21.0970270594801,0.));
#9667=CARTESIAN_POINT('Origin',(74.0000011026859,21.0000003129244,0.));
#9668=CARTESIAN_POINT('',(59.0000008791685,21.0000003129244,0.));
#9669=CARTESIAN_POINT('',(74.0000011026859,21.0000003129244,0.));
#9670=CARTESIAN_POINT('Origin',(74.0000011026859,36.0000005364418,0.));
#9671=CARTESIAN_POINT('',(74.0000011026859,36.0000005364418,0.));
#9672=CARTESIAN_POINT('Origin',(59.0000008791685,36.0000005364418,0.));
#9673=CARTESIAN_POINT('',(59.0000008791685,36.0000005364418,0.));
#9674=CARTESIAN_POINT('Origin',(59.0000008791685,21.0000003129244,0.));
#9675=CARTESIAN_POINT('Origin',(93.2856196624736,21.3534701201081,0.));
#9676=CARTESIAN_POINT('',(78.2856196624736,21.3534701201081,0.));
#9677=CARTESIAN_POINT('',(93.2856196624736,21.3534701201081,0.));
#9678=CARTESIAN_POINT('Origin',(93.2856196624736,36.3534701201081,0.));
#9679=CARTESIAN_POINT('',(93.2856196624736,36.3534701201081,0.));
#9680=CARTESIAN_POINT('Origin',(78.2856196624736,36.3534701201081,0.));
#9681=CARTESIAN_POINT('',(78.2856196624736,36.3534701201081,0.));
#9682=CARTESIAN_POINT('Origin',(78.2856196624736,21.3534701201081,0.));
#9683=CARTESIAN_POINT('Origin',(36.2819907571443,20.8039492759051,0.));
#9684=CARTESIAN_POINT('',(21.2819907571443,20.8039492759051,0.));
#9685=CARTESIAN_POINT('',(36.2819907571443,20.8039492759051,0.));
#9686=CARTESIAN_POINT('Origin',(36.2819907571443,35.8039492759051,0.));
#9687=CARTESIAN_POINT('',(36.2819907571443,35.8039492759051,0.));
#9688=CARTESIAN_POINT('Origin',(21.2819907571443,35.8039492759051,0.));
#9689=CARTESIAN_POINT('',(21.2819907571443,35.8039492759051,0.));
#9690=CARTESIAN_POINT('Origin',(21.2819907571443,20.8039492759051,0.));
#9691=CARTESIAN_POINT('Origin',(113.500001691282,0.,0.));
#9692=UNCERTAINTY_MEASURE_WITH_UNIT(LENGTH_MEASURE(0.01),#9696,
'DISTANCE_ACCURACY_VALUE',
'Maximum model space distance between geometric entities at asserted c
onnectivities');
#9693=UNCERTAINTY_MEASURE_WITH_UNIT(LENGTH_MEASURE(0.01),#9696,
'DISTANCE_ACCURACY_VALUE',
'Maximum model space distance between geometric entities at asserted c
onnectivities');
#9694=(
GEOMETRIC_REPRESENTATION_CONTEXT(3)
GLOBAL_UNCERTAINTY_ASSIGNED_CONTEXT((#9692))
GLOBAL_UNIT_ASSIGNED_CONTEXT((#9696,#9698,#9699))
REPRESENTATION_CONTEXT('','3D')
);
#9695=(
GEOMETRIC_REPRESENTATION_CONTEXT(3)
GLOBAL_UNCERTAINTY_ASSIGNED_CONTEXT((#9693))
GLOBAL_UNIT_ASSIGNED_CONTEXT((#9696,#9698,#9699))
REPRESENTATION_CONTEXT('','3D')
);
#9696=(
LENGTH_UNIT()
NAMED_UNIT(*)
SI_UNIT(.MILLI.,.METRE.)
);
#9697=(
LENGTH_UNIT()
NAMED_UNIT(*)
SI_UNIT($,.METRE.)
);
#9698=(
NAMED_UNIT(*)
PLANE_ANGLE_UNIT()
SI_UNIT($,.RADIAN.)
);
#9699=(
NAMED_UNIT(*)
SI_UNIT($,.STERADIAN.)
SOLID_ANGLE_UNIT()
);
#9700=SHAPE_DEFINITION_REPRESENTATION(#9701,#9702);
#9701=PRODUCT_DEFINITION_SHAPE('',$,#9704);
#9702=SHAPE_REPRESENTATION('',(#4892),#9694);
#9703=PRODUCT_DEFINITION_CONTEXT('part definition',#9708,'design');
#9704=PRODUCT_DEFINITION('2026-09-17-14-44-47-741','top',#9705,#9703);
#9705=PRODUCT_DEFINITION_FORMATION('',$,#9710);
#9706=PRODUCT_RELATED_PRODUCT_CATEGORY('top','top',(#9710));
#9707=APPLICATION_PROTOCOL_DEFINITION('international standard',
'automotive_design',2009,#9708);
#9708=APPLICATION_CONTEXT(
'Core Data for Automotive Mechanical Design Process');
#9709=PRODUCT_CONTEXT('part definition',#9708,'mechanical');
#9710=PRODUCT('2026-09-17-14-44-47-741','top',$,(#9709));
#9711=PRESENTATION_STYLE_ASSIGNMENT((#9713));
#9712=PRESENTATION_STYLE_ASSIGNMENT((#9714));
#9713=SURFACE_STYLE_USAGE(.BOTH.,#9715);
#9714=SURFACE_STYLE_USAGE(.BOTH.,#9716);
#9715=SURFACE_SIDE_STYLE('',(#9717));
#9716=SURFACE_SIDE_STYLE('',(#9718));
#9717=SURFACE_STYLE_FILL_AREA(#9719);
#9718=SURFACE_STYLE_FILL_AREA(#9720);
#9719=FILL_AREA_STYLE('Opaque(38,37,37)',(#9721));
#9720=FILL_AREA_STYLE('Opaque(76,76,76)',(#9722));
#9721=FILL_AREA_STYLE_COLOUR('Opaque(38,37,37)',#9723);
#9722=FILL_AREA_STYLE_COLOUR('Opaque(76,76,76)',#9724);
#9723=COLOUR_RGB('Opaque(38,37,37)',0.149019607843137,0.145098039215686,
0.145098039215686);
#9724=COLOUR_RGB('Opaque(76,76,76)',0.298039215686275,0.298039215686275,
0.298039215686275);
ENDSEC;
END-ISO-10303-21;
